date,season,stage,round,is_playoff,home_team,away_team,home_goals,away_goals,home_ht_goals,away_ht_goals,source,match_id,home_elo_pre,away_elo_pre,elo_diff_pre,h2h_home_wins_last_5,h2h_draws_last_5,h2h_away_wins_last_5,h2h_home_goals_last_5,h2h_away_goals_last_5,h2h_matches_last_5,h2h_home_wins_last_10,h2h_draws_last_10,h2h_away_wins_last_10,h2h_home_goals_last_10,h2h_away_goals_last_10,h2h_matches_last_10,home_wins_last_3,home_points_last_3,home_goals_for_last_3,home_goals_against_last_3,home_goal_diff_last_3,home_avg_goals_scored_last_3,home_avg_goals_conceded_last_3,home_wins_last_5,home_points_last_5,home_goals_for_last_5,home_goals_against_last_5,home_goal_diff_last_5,home_avg_goals_scored_last_5,home_avg_goals_conceded_last_5,home_wins_last_10,home_points_last_10,home_goals_for_last_10,home_goals_against_last_10,home_goal_diff_last_10,home_avg_goals_scored_last_10,home_avg_goals_conceded_last_10,home_clean_sheet_rate_last_3,home_clean_sheet_rate_last_5,home_clean_sheet_rate_last_10,home_matches_played_so_far,home_days_since_last_match,home_venue_win_rate,home_venue_goals,home_venue_goals_conceded,away_wins_last_3,away_points_last_3,away_goals_for_last_3,away_goals_against_last_3,away_goal_diff_last_3,away_avg_goals_scored_last_3,away_avg_goals_conceded_last_3,away_wins_last_5,away_points_last_5,away_goals_for_last_5,away_goals_against_last_5,away_goal_diff_last_5,away_avg_goals_scored_last_5,away_avg_goals_conceded_last_5,away_wins_last_10,away_points_last_10,away_goals_for_last_10,away_goals_against_last_10,away_goal_diff_last_10,away_avg_goals_scored_last_10,away_avg_goals_conceded_last_10,away_clean_sheet_rate_last_3,away_clean_sheet_rate_last_5,away_clean_sheet_rate_last_10,away_matches_played_so_far,away_days_since_last_match,away_venue_win_rate,away_venue_goals,away_venue_goals_conceded,result,total_goals
2018-07-20,2018-19,Apertura,1,False,Atlas,Querétaro,0.0,0.0,0.0,0.0,footballcsv,0,1500.0,1500.0,0.0,0,0,0,0.0,0.0,0,0,0,0,0.0,0.0,0,,,,,,,,,,,,,,,,,,,,,,,,,0,,,,,,,,,,,,,,,,,,,,,,,,,,,,,0,,,,,D,0.0
2018-07-20,2018-19,Apertura,1,False,Veracruz,Pumas UNAM,0.0,2.0,0.0,2.0,footballcsv,1,1500.0,1500.0,0.0,0,0,0,0.0,0.0,0,0,0,0,0.0,0.0,0,,,,,,,,,,,,,,,,,,,,,,,,,0,,,,,,,,,,,,,,,,,,,,,,,,,,,,,0,,,,,A,2.0
2018-07-21,2018-19,Apertura,1,False,Cruz Azul,Puebla,3.0,0.0,0.0,0.0,footballcsv,2,1500.0,1500.0,0.0,0,0,0,0.0,0.0,0,0,0,0,0.0,0.0,0,,,,,,,,,,,,,,,,,,,,,,,,,0,,,,,,,,,,,,,,,,,,,,,,,,,,,,,0,,,,,H,3.0
2018-07-21,2018-19,Apertura,1,False,Pachuca,Monterrey,0.0,1.0,0.0,0.0,footballcsv,3,1500.0,1500.0,0.0,0,0,0,0.0,0.0,0,0,0,0,0.0,0.0,0,,,,,,,,,,,,,,,,,,,,,,,,,0,,,,,,,,,,,,,,,,,,,,,,,,,,,,,0,,,,,A,1.0
2018-07-21,2018-19,Apertura,1,False,Tigres UANL,León,2.0,0.0,1.0,0.0,footballcsv,4,1500.0,1500.0,0.0,0,0,0,0.0,0.0,0,0,0,0,0.0,0.0,0,,,,,,,,,,,,,,,,,,,,,,,,,0,,,,,,,,,,,,,,,,,,,,,,,,,,,,,0,,,,,H,2.0
2018-07-21,2018-19,Apertura,1,False,Tijuana,Guadalajara,2.0,1.0,0.0,0.0,footballcsv,5,1500.0,1500.0,0.0,0,0,0,0.0,0.0,0,0,0,0,0.0,0.0,0,,,,,,,,,,,,,,,,,,,,,,,,,0,,,,,,,,,,,,,,,,,,,,,,,,,,,,,0,,,,,H,3.0
2018-07-22,2018-19,Apertura,1,False,Santos Laguna,Lobos BUAP,2.0,1.0,0.0,1.0,footballcsv,6,1500.0,1500.0,0.0,0,0,0,0.0,0.0,0,0,0,0,0.0,0.0,0,,,,,,,,,,,,,,,,,,,,,,,,,0,,,,,,,,,,,,,,,,,,,,,,,,,,,,,0,,,,,H,3.0
2018-07-22,2018-19,Apertura,1,False,Necaxa,América,2.0,1.0,1.0,0.0,footballcsv,7,1500.0,1500.0,0.0,0,0,0,0.0,0.0,0,0,0,0,0.0,0.0,0,,,,,,,,,,,,,,,,,,,,,,,,,0,,,,,,,,,,,,,,,,,,,,,,,,,,,,,0,,,,,H,3.0
2018-07-22,2018-19,Apertura,1,False,Toluca,Monarcas Morelia,2.0,0.0,0.0,0.0,footballcsv,8,1500.0,1500.0,0.0,0,0,0,0.0,0.0,0,0,0,0,0.0,0.0,0,,,,,,,,,,,,,,,,,,,,,,,,,0,,,,,,,,,,,,,,,,,,,,,,,,,,,,,0,,,,,H,2.0
2018-07-27,2018-19,Apertura,2,False,Monarcas Morelia,Santos Laguna,3.0,1.0,0.0,0.0,footballcsv,9,1491.798001618346,1505.1748848177303,-13.376883199384338,0,0,0,0.0,0.0,0,0,0,0,0.0,0.0,0,0.0,0.0,0.0,2.0,-2.0,0.0,2.0,0.0,0.0,0.0,2.0,-2.0,0.0,2.0,0.0,0.0,0.0,2.0,-2.0,0.0,2.0,0.0,0.0,0.0,1,5.0,,,,1.0,3.0,2.0,1.0,1.0,2.0,1.0,1.0,3.0,2.0,1.0,1.0,2.0,1.0,1.0,3.0,2.0,1.0,1.0,2.0,1.0,0.0,0.0,0.0,1,5.0,,,,H,4.0
2018-07-27,2018-19,Apertura,2,False,Puebla,Toluca,2.0,1.0,2.0,1.0,footballcsv,10,1489.650230364539,1508.201998381654,-18.55176801711491,0,0,0,0.0,0.0,0,0,0,0,0.0,0.0,0,0.0,0.0,0.0,3.0,-3.0,0.0,3.0,0.0,0.0,0.0,3.0,-3.0,0.0,3.0,0.0,0.0,0.0,3.0,-3.0,0.0,3.0,0.0,0.0,0.0,1,6.0,,,,1.0,3.0,2.0,0.0,2.0,2.0,0.0,1.0,3.0,2.0,0.0,2.0,2.0,0.0,1.0,3.0,2.0,0.0,2.0,2.0,0.0,1.0,1.0,1.0,1,5.0,,,,H,3.0
2018-07-28,2018-19,Apertura,2,False,América,Atlas,3.0,0.0,2.0,0.0,footballcsv,11,1494.8251151822697,1497.737263596937,-2.9121484146673993,0,0,0,0.0,0.0,0,0,0,0,0.0,0.0,0,0.0,0.0,1.0,2.0,-1.0,1.0,2.0,0.0,0.0,1.0,2.0,-1.0,1.0,2.0,0.0,0.0,1.0,2.0,-1.0,1.0,2.0,0.0,0.0,0.0,1,6.0,,,,0.0,1.0,0.0,0.0,0.0,0.0,0.0,0.0,1.0,0.0,0.0,0.0,0.0,0.0,0.0,1.0,0.0,0.0,0.0,0.0,0.0,1.0,1.0,1.0,1,8.0,,,,H,3.0
2018-07-28,2018-19,Apertura,2,False,Guadalajara,Cruz Azul,0.0,1.0,0.0,0.0,footballcsv,12,1494.8251151822697,1510.349769635461,-15.52465445319126,0,0,0,0.0,0.0,0,0,0,0,0.0,0.0,0,0.0,0.0,1.0,2.0,-1.0,1.0,2.0,0.0,0.0,1.0,2.0,-1.0,1.0,2.0,0.0,0.0,1.0,2.0,-1.0,1.0,2.0,0.0,0.0,0.0,1,7.0,,,,1.0,3.0,3.0,0.0,3.0,3.0,0.0,1.0,3.0,3.0,0.0,3.0,3.0,0.0,1.0,3.0,3.0,0.0,3.0,3.0,0.0,1.0,1.0,1.0,1,7.0,,,,A,1.0
2018-07-28,2018-19,Apertura,2,False,Querétaro,Pachuca,1.0,0.0,0.0,0.0,footballcsv,13,1502.262736403063,1491.5001188362671,10.762617566795825,0,0,0,0.0,0.0,0,0,0,0,0.0,0.0,0,0.0,1.0,0.0,0.0,0.0,0.0,0.0,0.0,1.0,0.0,0.0,0.0,0.0,0.0,0.0,1.0,0.0,0.0,0.0,0.0,0.0,1.0,1.0,1.0,1,8.0,,,,0.0,0.0,0.0,1.0,-1.0,0.0,1.0,0.0,0.0,0.0,1.0,-1.0,0.0,1.0,0.0,0.0,0.0,1.0,-1.0,0.0,1.0,0.0,0.0,0.0,1,7.0,,,,H,1.0
2018-07-29,2018-19,Apertura,2,False,Lobos BUAP,Veracruz,2.0,0.0,1.0,0.0,footballcsv,17,1494.8251151822697,1486.5280070948975,8.29710808737218,0,0,0,0.0,0.0,0,0,0,0,0.0,0.0,0,0.0,0.0,1.0,2.0,-1.0,1.0,2.0,0.0,0.0,1.0,2.0,-1.0,1.0,2.0,0.0,0.0,1.0,2.0,-1.0,1.0,2.0,0.0,0.0,0.0,1,7.0,,,,0.0,0.0,0.0,2.0,-2.0,0.0,2.0,0.0,0.0,0.0,2.0,-2.0,0.0,2.0,0.0,0.0,0.0,2.0,-2.0,0.0,2.0,0.0,0.0,0.0,1,9.0,,,,H,2.0
2018-07-29,2018-19,Apertura,2,False,Tigres UANL,Tijuana,1.0,0.0,0.0,0.0,footballcsv,16,1508.201998381654,1505.1748848177303,3.027113563923649,0,0,0,0.0,0.0,0,0,0,0,0.0,0.0,0,1.0,3.0,2.0,0.0,2.0,2.0,0.0,1.0,3.0,2.0,0.0,2.0,2.0,0.0,1.0,3.0,2.0,0.0,2.0,2.0,0.0,1.0,1.0,1.0,1,8.0,1.0,2.0,0.0,1.0,3.0,2.0,1.0,1.0,2.0,1.0,1.0,3.0,2.0,1.0,1.0,2.0,1.0,1.0,3.0,2.0,1.0,1.0,2.0,1.0,0.0,0.0,0.0,1,8.0,,,,H,1.0
2018-07-29,2018-19,Apertura,2,False,León,Monterrey,0.0,2.0,0.0,0.0,footballcsv,14,1491.798001618346,1508.4998811637329,-16.701879545386873,0,0,0,0.0,0.0,0,0,0,0,0.0,0.0,0,0.0,0.0,0.0,2.0,-2.0,0.0,2.0,0.0,0.0,0.0,2.0,-2.0,0.0,2.0,0.0,0.0,0.0,2.0,-2.0,0.0,2.0,0.0,0.0,0.0,1,8.0,,,,1.0,3.0,1.0,0.0,1.0,1.0,0.0,1.0,3.0,1.0,0.0,1.0,1.0,0.0,1.0,3.0,1.0,0.0,1.0,1.0,0.0,1.0,1.0,1.0,1,8.0,1.0,1.0,0.0,A,2.0
2018-07-29,2018-19,Apertura,2,False,Pumas UNAM,Necaxa,5.0,3.0,1.0,1.0,footballcsv,15,1513.4719929051025,1505.1748848177303,8.29710808737218,0,0,0,0.0,0.0,0,0,0,0,0.0,0.0,0,1.0,3.0,2.0,0.0,2.0,2.0,0.0,1.0,3.0,2.0,0.0,2.0,2.0,0.0,1.0,3.0,2.0,0.0,2.0,2.0,0.0,1.0,1.0,1.0,1,9.0,,,,1.0,3.0,2.0,1.0,1.0,2.0,1.0,1.0,3.0,2.0,1.0,1.0,2.0,1.0,1.0,3.0,2.0,1.0,1.0,2.0,1.0,0.0,0.0,0.0,1,7.0,,,,H,8.0
2018-08-03,2018-19,Apertura,3,False,Veracruz,Monarcas Morelia,2.0,2.0,1.0,1.0,footballcsv,18,1478.5937386152334,1500.4411652991594,-21.84742668392596,0,0,0,0.0,0.0,0,0,0,0,0.0,0.0,0,0.0,0.0,0.0,4.0,-4.0,0.0,2.0,0.0,0.0,0.0,4.0,-4.0,0.0,2.0,0.0,0.0,0.0,4.0,-4.0,0.0,2.0,0.0,0.0,0.0,2,5.0,0.0,0.0,2.0,1.0,3.0,3.0,3.0,0.0,1.5,1.5,1.0,3.0,3.0,3.0,0.0,1.5,1.5,1.0,3.0,3.0,3.0,0.0,1.5,1.5,0.0,0.0,0.0,2,7.0,0.0,0.0,2.0,D,4.0
2018-08-03,2018-19,Apertura,3,False,Atlas,Pumas UNAM,0.0,3.0,0.0,2.0,footballcsv,19,1487.2675424471834,1521.4062613847666,-34.138718937583235,0,0,0,0.0,0.0,0,0,0,0,0.0,0.0,0,0.0,1.0,0.0,3.0,-3.0,0.0,1.5,0.0,1.0,0.0,3.0,-3.0,0.0,1.5,0.0,1.0,0.0,3.0,-3.0,0.0,1.5,0.5,0.5,0.5,2,6.0,0.0,0.0,0.0,2.0,6.0,7.0,3.0,4.0,3.5,1.5,2.0,6.0,7.0,3.0,4.0,3.5,1.5,2.0,6.0,7.0,3.0,4.0,3.5,1.5,0.5,0.5,0.5,2,5.0,1.0,2.0,0.0,A,3.0
2018-08-04,2018-19,Apertura,3,False,Pachuca,América,1.0,3.0,0.0,1.0,footballcsv,20,1486.5437764441756,1505.2948363320234,-18.75105988784776,0,0,0,0.0,0.0,0,0,0,0,0.0,0.0,0,0.0,0.0,0.0,2.0,-2.0,0.0,1.0,0.0,0.0,0.0,2.0,-2.0,0.0,1.0,0.0,0.0,0.0,2.0,-2.0,0.0,1.0,0.0,0.0,0.0,2,7.0,0.0,0.0,1.0,1.0,3.0,4.0,2.0,2.0,2.0,1.0,1.0,3.0,4.0,2.0,2.0,2.0,1.0,1.0,3.0,4.0,2.0,2.0,2.0,1.0,0.5,0.5,0.5,2,7.0,0.0,1.0,2.0,A,4.0
2018-08-04,2018-19,Apertura,3,False,Cruz Azul,Tigres UANL,1.0,0.0,0.0,0.0,footballcsv,21,1518.5529836833807,1513.3149155756644,5.2380681077163445,0,0,0,0.0,0.0,0,0,0,0,0.0,0.0,0,2.0,6.0,4.0,0.0,4.0,2.0,0.0,2.0,6.0,4.0,0.0,4.0,2.0,0.0,2.0,6.0,4.0,0.0,4.0,2.0,0.0,1.0,1.0,1.0,2,7.0,1.0,3.0,0.0,2.0,6.0,3.0,0.0,3.0,1.5,0.0,2.0,6.0,3.0,0.0,3.0,1.5,0.0,2.0,6.0,3.0,0.0,3.0,1.5,0.0,1.0,1.0,1.0,2,6.0,,,,H,1.0
2018-08-04,2018-19,Apertura,3,False,Monterrey,Querétaro,2.0,1.0,1.0,1.0,footballcsv,22,1521.465674083426,1507.2190787951545,14.246595288271465,0,0,0,0.0,0.0,0,0,0,0,0.0,0.0,0,2.0,6.0,3.0,0.0,3.0,1.5,0.0,2.0,6.0,3.0,0.0,3.0,1.5,0.0,2.0,6.0,3.0,0.0,3.0,1.5,0.0,1.0,1.0,1.0,2,6.0,,,,1.0,4.0,1.0,0.0,1.0,0.5,0.0,1.0,4.0,1.0,0.0,1.0,0.5,0.0,1.0,4.0,1.0,0.0,1.0,0.5,0.0,1.0,1.0,1.0,2,7.0,0.0,0.0,0.0,H,3.0
2018-08-04,2018-19,Apertura,3,False,Necaxa,Lobos BUAP,1.0,0.0,0.0,0.0,footballcsv,23,1497.2406163380663,1502.7593836619337,-5.518767323867451,0,0,0,0.0,0.0,0,0,0,0,0.0,0.0,0,1.0,3.0,5.0,6.0,-1.0,2.5,3.0,1.0,3.0,5.0,6.0,-1.0,2.5,3.0,1.0,3.0,5.0,6.0,-1.0,2.5,3.0,0.0,0.0,0.0,2,6.0,1.0,2.0,1.0,1.0,3.0,3.0,2.0,1.0,1.5,1.0,1.0,3.0,3.0,2.0,1.0,1.5,1.0,1.0,3.0,3.0,2.0,1.0,1.5,1.0,0.5,0.5,0.5,2,6.0,0.0,1.0,2.0,H,1.0
2018-08-05,2018-19,Apertura,3,False,Toluca,Guadalajara,2.0,2.0,1.0,1.0,footballcsv,24,1502.6391925579155,1486.6219011343499,16.017291423565666,0,0,0,0.0,0.0,0,0,0,0,0.0,0.0,0,1.0,3.0,3.0,2.0,1.0,1.5,1.0,1.0,3.0,3.0,2.0,1.0,1.5,1.0,1.0,3.0,3.0,2.0,1.0,1.5,1.0,0.5,0.5,0.5,2,9.0,1.0,2.0,0.0,0.0,0.0,1.0,3.0,-2.0,0.5,1.5,0.0,0.0,1.0,3.0,-2.0,0.5,1.5,0.0,0.0,1.0,3.0,-2.0,0.5,1.5,0.0,0.0,0.0,2,8.0,0.0,1.0,2.0,D,4.0
2018-08-05,2018-19,Apertura,3,False,Santos Laguna,Puebla,2.0,0.0,1.0,0.0,footballcsv,25,1496.531721136917,1495.2130361882776,1.3186849486394294,0,0,0,0.0,0.0,0,0,0,0,0.0,0.0,0,1.0,3.0,3.0,4.0,-1.0,1.5,2.0,1.0,3.0,3.0,4.0,-1.0,1.5,2.0,1.0,3.0,3.0,4.0,-1.0,1.5,2.0,0.0,0.0,0.0,2,9.0,1.0,2.0,1.0,1.0,3.0,2.0,4.0,-2.0,1.0,2.0,1.0,3.0,2.0,4.0,-2.0,1.0,2.0,1.0,3.0,2.0,4.0,-2.0,1.0,2.0,0.0,0.0,0.0,2,9.0,0.0,0.0,3.0,H,2.0
2018-08-05,2018-19,Apertura,3,False,Tijuana,León,1.0,1.0,0.0,0.0,footballcsv,26,1500.06196762372,1478.832208698653,21.229758925067017,0,0,0,0.0,0.0,0,0,0,0,0.0,0.0,0,1.0,3.0,2.0,2.0,0.0,1.0,1.0,1.0,3.0,2.0,2.0,0.0,1.0,1.0,1.0,3.0,2.0,2.0,0.0,1.0,1.0,0.0,0.0,0.0,2,7.0,1.0,2.0,1.0,0.0,0.0,0.0,4.0,-4.0,0.0,2.0,0.0,0.0,0.0,4.0,-4.0,0.0,2.0,0.0,0.0,0.0,4.0,-4.0,0.0,2.0,0.0,0.0,0.0,2,7.0,0.0,0.0,2.0,D,2.0
2018-08-10,2018-19,Apertura,4,False,Puebla,Veracruz,1.0,2.0,0.0,0.0,footballcsv,28,1487.0538984130749,1476.9354299554732,10.118468457601693,0,0,0,0.0,0.0,0,0,0,0,0.0,0.0,0,1.0,3.0,2.0,6.0,-4.0,0.6666666666666666,2.0,1.0,3.0,2.0,6.0,-4.0,0.6666666666666666,2.0,1.0,3.0,2.0,6.0,-4.0,0.6666666666666666,2.0,0.0,0.0,0.0,3,5.0,1.0,2.0,1.0,0.0,1.0,2.0,6.0,-4.0,0.6666666666666666,2.0,0.0,1.0,2.0,6.0,-4.0,0.6666666666666666,2.0,0.0,1.0,2.0,6.0,-4.0,0.6666666666666666,2.0,0.0,0.0,0.0,3,7.0,0.0,0.0,2.0,A,3.0
2018-08-10,2018-19,Apertura,4,False,Monarcas Morelia,Necaxa,2.0,1.0,1.0,0.0,footballcsv,27,1502.0994739589196,1502.5294568346706,-0.42998287575096583,0,0,0,0.0,0.0,0,0,0,0,0.0,0.0,0,1.0,4.0,5.0,5.0,0.0,1.6666666666666667,1.6666666666666667,1.0,4.0,5.0,5.0,0.0,1.6666666666666667,1.6666666666666667,1.0,4.0,5.0,5.0,0.0,1.6666666666666667,1.6666666666666667,0.0,0.0,0.0,3,7.0,1.0,3.0,1.0,2.0,6.0,6.0,6.0,0.0,2.0,2.0,2.0,6.0,6.0,6.0,0.0,2.0,2.0,2.0,6.0,6.0,6.0,0.0,2.0,2.0,0.3333333333333333,0.3333333333333333,0.3333333333333333,3,6.0,0.0,3.0,5.0,H,3.0
2018-08-11,2018-19,Apertura,4,False,Lobos BUAP,Atlas,0.0,0.0,0.0,0.0,footballcsv,32,1497.4705431653294,1471.5852533122893,25.88528985304015,0,0,0,0.0,0.0,0,0,0,0,0.0,0.0,0,1.0,3.0,3.0,3.0,0.0,1.0,1.0,1.0,3.0,3.0,3.0,0.0,1.0,1.0,1.0,3.0,3.0,3.0,0.0,1.0,1.0,0.3333333333333333,0.3333333333333333,0.3333333333333333,3,7.0,1.0,2.0,0.0,0.0,1.0,0.0,6.0,-6.0,0.0,2.0,0.0,1.0,0.0,6.0,-6.0,0.0,2.0,0.0,1.0,0.0,6.0,-6.0,0.0,2.0,0.3333333333333333,0.3333333333333333,0.3333333333333333,3,8.0,0.0,0.0,3.0,D,0.0
2018-08-11,2018-19,Apertura,4,False,León,Querétaro,4.0,0.0,2.0,0.0,footballcsv,31,1481.6660939870421,1502.3324037257453,-20.66630973870315,0,0,0,0.0,0.0,0,0,0,0,0.0,0.0,0,0.0,1.0,1.0,5.0,-4.0,0.3333333333333333,1.6666666666666667,0.0,1.0,1.0,5.0,-4.0,0.3333333333333333,1.6666666666666667,0.0,1.0,1.0,5.0,-4.0,0.3333333333333333,1.6666666666666667,0.0,0.0,0.0,3,6.0,0.0,0.0,2.0,1.0,4.0,2.0,2.0,0.0,0.6666666666666666,0.6666666666666666,1.0,4.0,2.0,2.0,0.0,0.6666666666666666,0.6666666666666666,1.0,4.0,2.0,2.0,0.0,0.6666666666666666,0.6666666666666666,0.6666666666666666,0.6666666666666666,0.6666666666666666,3,7.0,0.0,0.5,1.0,H,4.0
2018-08-11,2018-19,Apertura,4,False,América,Monterrey,3.0,0.0,1.0,0.0,footballcsv,29,1518.1978709667917,1526.3523491528351,-8.154478186043434,0,0,0,0.0,0.0,0,0,0,0,0.0,0.0,0,2.0,6.0,7.0,3.0,4.0,2.3333333333333335,1.0,2.0,6.0,7.0,3.0,4.0,2.3333333333333335,1.0,2.0,6.0,7.0,3.0,4.0,2.3333333333333335,1.0,0.3333333333333333,0.3333333333333333,0.3333333333333333,3,7.0,1.0,3.0,0.0,3.0,9.0,5.0,1.0,4.0,1.6666666666666667,0.3333333333333333,3.0,9.0,5.0,1.0,4.0,1.6666666666666667,0.3333333333333333,3.0,9.0,5.0,1.0,4.0,1.6666666666666667,0.3333333333333333,0.6666666666666666,0.6666666666666666,0.6666666666666666,3,7.0,1.0,1.5,0.0,H,3.0
2018-08-11,2018-19,Apertura,4,False,Tigres UANL,Toluca,1.0,2.0,1.0,0.0,footballcsv,30,1508.2470133001639,1499.9438643194514,8.303148980712422,0,0,0,0.0,0.0,0,0,0,0,0.0,0.0,0,2.0,6.0,3.0,1.0,2.0,1.0,0.3333333333333333,2.0,6.0,3.0,1.0,2.0,1.0,0.3333333333333333,2.0,6.0,3.0,1.0,2.0,1.0,0.3333333333333333,0.6666666666666666,0.6666666666666666,0.6666666666666666,3,7.0,1.0,1.5,0.0,1.0,4.0,5.0,4.0,1.0,1.6666666666666667,1.3333333333333333,1.0,4.0,5.0,4.0,1.0,1.6666666666666667,1.3333333333333333,1.0,4.0,5.0,4.0,1.0,1.6666666666666667,1.3333333333333333,0.3333333333333333,0.3333333333333333,0.3333333333333333,3,6.0,0.0,1.0,2.0,A,3.0
2018-08-12,2018-19,Apertura,4,False,Pumas UNAM,Pachuca,0.0,0.0,0.0,0.0,footballcsv,33,1537.0885505196607,1473.6407418094072,63.44780871025341,0,0,0,0.0,0.0,0,0,0,0,0.0,0.0,0,3.0,9.0,10.0,3.0,7.0,3.3333333333333335,1.0,3.0,9.0,10.0,3.0,7.0,3.3333333333333335,1.0,3.0,9.0,10.0,3.0,7.0,3.3333333333333335,1.0,0.6666666666666666,0.6666666666666666,0.6666666666666666,3,9.0,1.0,5.0,3.0,0.0,0.0,1.0,5.0,-4.0,0.3333333333333333,1.6666666666666667,0.0,0.0,1.0,5.0,-4.0,0.3333333333333333,1.6666666666666667,0.0,0.0,1.0,5.0,-4.0,0.3333333333333333,1.6666666666666667,0.0,0.0,0.0,3,8.0,0.0,0.0,1.0,D,0.0
2018-08-12,2018-19,Apertura,4,False,Guadalajara,Santos Laguna,1.0,2.0,1.0,1.0,footballcsv,34,1489.317229372814,1504.6908589121197,-15.373629539305739,0,0,0,0.0,0.0,0,0,0,0,0.0,0.0,0,0.0,1.0,3.0,5.0,-2.0,1.0,1.6666666666666667,0.0,1.0,3.0,5.0,-2.0,1.0,1.6666666666666667,0.0,1.0,3.0,5.0,-2.0,1.0,1.6666666666666667,0.0,0.0,0.0,3,7.0,0.0,0.0,1.0,2.0,6.0,5.0,4.0,1.0,1.6666666666666667,1.3333333333333333,2.0,6.0,5.0,4.0,1.0,1.6666666666666667,1.3333333333333333,2.0,6.0,5.0,4.0,1.0,1.6666666666666667,1.3333333333333333,0.3333333333333333,0.3333333333333333,0.3333333333333333,3,7.0,0.0,1.0,3.0,A,3.0
2018-08-12,2018-19,Apertura,4,False,Tijuana,Cruz Azul,1.0,1.0,0.0,0.0,footballcsv,35,1497.2280823353308,1523.6208859588812,-26.392803623550435,0,0,0,0.0,0.0,0,0,0,0,0.0,0.0,0,1.0,4.0,3.0,3.0,0.0,1.0,1.0,1.0,4.0,3.0,3.0,0.0,1.0,1.0,1.0,4.0,3.0,3.0,0.0,1.0,1.0,0.0,0.0,0.0,3,7.0,0.5,1.5,1.0,3.0,9.0,5.0,0.0,5.0,1.6666666666666667,0.0,3.0,9.0,5.0,0.0,5.0,1.6666666666666667,0.0,3.0,9.0,5.0,0.0,5.0,1.6666666666666667,0.0,1.0,1.0,1.0,3,8.0,1.0,1.0,0.0,D,2.0
2018-08-17,2018-19,Apertura,5,False,Atlas,Monarcas Morelia,0.0,1.0,0.0,1.0,footballcsv,36,1474.5419008682213,1507.283192095266,-32.74129122704471,0,0,0,0.0,0.0,0,0,0,0,0.0,0.0,0,0.0,1.0,0.0,6.0,-6.0,0.0,2.0,0.0,2.0,0.0,6.0,-6.0,0.0,1.5,0.0,2.0,0.0,6.0,-6.0,0.0,1.5,0.3333333333333333,0.5,0.5,4,6.0,0.0,0.0,1.5,2.0,7.0,7.0,4.0,3.0,2.3333333333333335,1.3333333333333333,2.0,7.0,7.0,6.0,1.0,1.75,1.5,2.0,7.0,7.0,6.0,1.0,1.75,1.5,0.0,0.0,0.0,4,7.0,0.0,1.0,2.0,A,1.0
2018-08-17,2018-19,Apertura,5,False,Veracruz,Guadalajara,0.0,2.0,0.0,2.0,footballcsv,37,1485.6255355241096,1481.1111039783814,4.514431545728257,0,0,0,0.0,0.0,0,0,0,0,0.0,0.0,0,1.0,4.0,4.0,5.0,-1.0,1.3333333333333333,1.6666666666666667,1.0,4.0,4.0,7.0,-3.0,1.0,1.75,1.0,4.0,4.0,7.0,-3.0,1.0,1.75,0.0,0.0,0.0,4,7.0,0.0,1.0,2.0,0.0,1.0,3.0,5.0,-2.0,1.0,1.6666666666666667,0.0,1.0,4.0,7.0,-3.0,1.0,1.75,0.0,1.0,4.0,7.0,-3.0,1.0,1.75,0.0,0.0,0.0,4,5.0,0.0,1.5,2.0,A,2.0
2018-08-18,2018-19,Apertura,5,False,Cruz Azul,León,3.0,0.0,2.0,0.0,footballcsv,38,1525.1516965314063,1494.6871731158517,30.464523415554595,0,0,0,0.0,0.0,0,0,0,0,0.0,0.0,0,2.0,7.0,3.0,1.0,2.0,1.0,0.3333333333333333,3.0,10.0,6.0,1.0,5.0,1.5,0.25,3.0,10.0,6.0,1.0,5.0,1.5,0.25,0.6666666666666666,0.75,0.75,4,6.0,1.0,2.0,0.0,1.0,4.0,5.0,3.0,2.0,1.6666666666666667,1.0,1.0,4.0,5.0,5.0,0.0,1.25,1.25,1.0,4.0,5.0,5.0,0.0,1.25,1.25,0.3333333333333333,0.25,0.25,4,7.0,0.0,0.5,1.5,H,3.0
2018-08-18,2018-19,Apertura,5,False,Pachuca,Lobos BUAP,3.0,0.0,0.0,0.0,footballcsv,39,1477.5498609421575,1494.5138956093974,-16.964034667239957,0,0,0,0.0,0.0,0,0,0,0,0.0,0.0,0,0.0,1.0,1.0,4.0,-3.0,0.3333333333333333,1.3333333333333333,0.0,1.0,1.0,5.0,-4.0,0.25,1.25,0.0,1.0,1.0,5.0,-4.0,0.25,1.25,0.3333333333333333,0.25,0.25,4,6.0,0.0,0.5,2.0,1.0,4.0,2.0,1.0,1.0,0.6666666666666666,0.3333333333333333,1.0,4.0,3.0,3.0,0.0,0.75,0.75,1.0,4.0,3.0,3.0,0.0,0.75,0.75,0.6666666666666666,0.5,0.5,4,7.0,0.0,0.5,1.5,H,3.0
2018-08-18,2018-19,Apertura,5,False,Necaxa,Puebla,2.0,2.0,0.0,1.0,footballcsv,40,1497.345738698324,1478.3637928444384,18.98194585388569,0,0,0,0.0,0.0,0,0,0,0,0.0,0.0,0,1.0,3.0,5.0,7.0,-2.0,1.6666666666666667,2.3333333333333335,2.0,6.0,7.0,8.0,-1.0,1.75,2.0,2.0,6.0,7.0,8.0,-1.0,1.75,2.0,0.3333333333333333,0.25,0.25,4,8.0,1.0,1.5,0.5,1.0,3.0,3.0,5.0,-2.0,1.0,1.6666666666666667,1.0,3.0,3.0,8.0,-5.0,0.75,2.0,1.0,3.0,3.0,8.0,-5.0,0.75,2.0,0.0,0.0,0.0,4,8.0,0.0,0.0,2.5,D,4.0
2018-08-18,2018-19,Apertura,5,False,Querétaro,América,1.0,1.0,0.0,1.0,footballcsv,41,1489.3113245969357,1528.8852785706695,-39.57395397373375,0,0,0,0.0,0.0,0,0,0,0,0.0,0.0,0,1.0,3.0,2.0,6.0,-4.0,0.6666666666666666,2.0,1.0,4.0,2.0,6.0,-4.0,0.5,1.5,1.0,4.0,2.0,6.0,-4.0,0.5,1.5,0.3333333333333333,0.5,0.5,4,7.0,1.0,1.0,0.0,3.0,9.0,9.0,1.0,8.0,3.0,0.3333333333333333,3.0,9.0,10.0,3.0,7.0,2.5,0.75,3.0,9.0,10.0,3.0,7.0,2.5,0.75,0.6666666666666666,0.5,0.5,4,7.0,0.5,2.0,1.5,D,2.0
2018-08-18,2018-19,Apertura,5,False,Monterrey,Pumas UNAM,1.0,0.0,1.0,0.0,footballcsv,42,1515.6649415489574,1533.1794313869104,-17.51448983795308,0,0,0,0.0,0.0,0,0,0,0,0.0,0.0,0,2.0,6.0,4.0,4.0,0.0,1.3333333333333333,1.3333333333333333,3.0,9.0,5.0,4.0,1.0,1.25,1.0,3.0,9.0,5.0,4.0,1.0,1.25,1.0,0.3333333333333333,0.5,0.5,4,7.0,1.0,2.0,1.0,2.0,7.0,8.0,3.0,5.0,2.6666666666666665,1.0,3.0,10.0,10.0,3.0,7.0,2.5,0.75,3.0,10.0,10.0,3.0,7.0,2.5,0.75,0.6666666666666666,0.75,0.75,4,6.0,1.0,2.5,0.0,H,1.0
2018-08-19,2018-19,Apertura,5,False,Santos Laguna,Tigres UANL,3.0,1.0,1.0,0.0,footballcsv,43,1512.8969843065522,1499.5908373822115,13.306146924340737,0,0,0,0.0,0.0,0,0,0,0,0.0,0.0,0,2.0,6.0,5.0,4.0,1.0,1.6666666666666667,1.3333333333333333,3.0,9.0,7.0,5.0,2.0,1.75,1.25,3.0,9.0,7.0,5.0,2.0,1.75,1.25,0.3333333333333333,0.25,0.25,4,7.0,1.0,2.0,0.5,1.0,3.0,2.0,3.0,-1.0,0.6666666666666666,1.0,2.0,6.0,4.0,3.0,1.0,1.0,0.75,2.0,6.0,4.0,3.0,1.0,1.0,0.75,0.3333333333333333,0.5,0.5,4,8.0,0.0,0.0,1.0,H,4.0
2018-08-19,2018-19,Apertura,5,False,Toluca,Tijuana,3.0,0.0,2.0,0.0,footballcsv,44,1508.6000402374038,1495.6972717628057,12.902768474598133,0,0,0,0.0,0.0,0,0,0,0,0.0,0.0,0,1.0,4.0,5.0,5.0,0.0,1.6666666666666667,1.6666666666666667,2.0,7.0,7.0,5.0,2.0,1.75,1.25,2.0,7.0,7.0,5.0,2.0,1.75,1.25,0.0,0.25,0.25,4,8.0,0.5,2.0,1.0,0.0,2.0,2.0,3.0,-1.0,0.6666666666666666,1.0,1.0,5.0,4.0,4.0,0.0,1.0,1.0,1.0,5.0,4.0,4.0,0.0,1.0,1.0,0.0,0.0,0.0,4,7.0,0.0,0.0,1.0,H,3.0
2018-08-21,2018-19,Apertura,6,False,Guadalajara,Necaxa,1.0,0.0,1.0,0.0,footballcsv,47,1494.718132597722,1494.5714633546322,0.1466692430897183,0,0,0,0.0,0.0,0,0,0,0,0.0,0.0,0,1.0,4.0,5.0,4.0,1.0,1.6666666666666667,1.3333333333333333,1.0,4.0,6.0,7.0,-1.0,1.2,1.4,1.0,4.0,6.0,7.0,-1.0,1.2,1.4,0.3333333333333333,0.2,0.2,5,4.0,0.0,0.5,1.5,1.0,4.0,4.0,4.0,0.0,1.3333333333333333,1.3333333333333333,2.0,7.0,9.0,10.0,-1.0,1.8,2.0,2.0,7.0,9.0,10.0,-1.0,1.8,2.0,0.3333333333333333,0.2,0.2,5,3.0,0.0,2.0,3.5,H,1.0
2018-08-21,2018-19,Apertura,6,False,Monarcas Morelia,Pachuca,1.0,1.0,1.0,0.0,footballcsv,48,1515.1517210977938,1488.6080149146294,26.54370618316443,0,0,0,0.0,0.0,0,0,0,0,0.0,0.0,0,2.0,7.0,5.0,3.0,2.0,1.6666666666666667,1.0,3.0,10.0,8.0,6.0,2.0,1.6,1.2,3.0,10.0,8.0,6.0,2.0,1.6,1.2,0.3333333333333333,0.2,0.2,5,4.0,1.0,2.5,1.0,1.0,4.0,4.0,3.0,1.0,1.3333333333333333,1.0,1.0,4.0,4.0,5.0,-1.0,0.8,1.0,1.0,4.0,4.0,5.0,-1.0,0.8,1.0,0.6666666666666666,0.4,0.4,5,3.0,0.0,0.0,0.5,D,2.0
2018-08-21,2018-19,Apertura,6,False,Pumas UNAM,Querétaro,0.0,1.0,0.0,1.0,footballcsv,45,1527.6386717083715,1488.1529921500728,39.48567955829867,0,0,0,0.0,0.0,0,0,0,0,0.0,0.0,0,1.0,4.0,3.0,1.0,2.0,1.0,0.3333333333333333,3.0,10.0,10.0,4.0,6.0,2.0,0.8,3.0,10.0,10.0,4.0,6.0,2.0,0.8,0.6666666666666666,0.6,0.6,5,3.0,0.5,2.5,1.5,0.0,1.0,2.0,7.0,-5.0,0.6666666666666666,2.3333333333333335,1.0,5.0,3.0,7.0,-4.0,0.6,1.4,1.0,5.0,3.0,7.0,-4.0,0.6,1.4,0.0,0.4,0.4,5,3.0,0.0,0.3333333333333333,2.0,A,1.0
2018-08-21,2018-19,Apertura,6,False,Puebla,Atlas,2.0,0.0,1.0,0.0,footballcsv,46,1481.1380681881303,1466.6733718656935,14.464696322436794,0,0,0,0.0,0.0,0,0,0,0,0.0,0.0,0,0.0,1.0,3.0,6.0,-3.0,1.0,2.0,1.0,4.0,5.0,10.0,-5.0,1.0,2.0,1.0,4.0,5.0,10.0,-5.0,1.0,2.0,0.0,0.0,0.0,5,3.0,0.5,1.5,1.5,0.0,1.0,0.0,4.0,-4.0,0.0,1.3333333333333333,0.0,2.0,0.0,7.0,-7.0,0.0,1.4,0.0,2.0,0.0,7.0,-7.0,0.0,1.4,0.3333333333333333,0.4,0.4,5,4.0,0.0,0.0,1.5,H,2.0
2018-08-22,2018-19,Apertura,6,False,León,América,2.0,0.0,1.0,0.0,footballcsv,49,1485.5479878682129,1530.0436110175324,-44.4956231493195,0,0,0,0.0,0.0,0,0,0,0,0.0,0.0,0,1.0,4.0,5.0,4.0,1.0,1.6666666666666667,1.3333333333333333,1.0,4.0,5.0,8.0,-3.0,1.0,1.6,1.0,4.0,5.0,8.0,-3.0,1.0,1.6,0.3333333333333333,0.2,0.2,5,4.0,0.5,2.0,1.0,2.0,7.0,7.0,2.0,5.0,2.3333333333333335,0.6666666666666666,3.0,10.0,11.0,4.0,7.0,2.2,0.8,3.0,10.0,11.0,4.0,7.0,2.2,0.8,0.3333333333333333,0.4,0.4,5,4.0,0.3333333333333333,1.6666666666666667,1.3333333333333333,H,2.0
2018-08-22,2018-19,Apertura,6,False,Tijuana,Santos Laguna,2.0,2.0,0.0,0.0,footballcsv,50,1485.8703050984998,1520.671903491087,-34.801598392587266,0,0,0,0.0,0.0,0,0,0,0,0.0,0.0,0,0.0,2.0,2.0,5.0,-3.0,0.6666666666666666,1.6666666666666667,1.0,5.0,4.0,7.0,-3.0,0.8,1.4,1.0,5.0,4.0,7.0,-3.0,0.8,1.4,0.0,0.0,0.0,5,3.0,0.3333333333333333,1.3333333333333333,1.0,3.0,9.0,7.0,2.0,5.0,2.3333333333333335,0.6666666666666666,4.0,12.0,10.0,6.0,4.0,2.0,1.2,4.0,12.0,10.0,6.0,4.0,2.0,1.2,0.3333333333333333,0.2,0.2,5,3.0,0.5,1.5,2.0,D,4.0
2018-08-22,2018-19,Apertura,6,False,Lobos BUAP,Monterrey,1.0,2.0,0.0,1.0,footballcsv,51,1483.4557416369255,1521.2057012274963,-37.749959590570825,0,0,0,0.0,0.0,0,0,0,0,0.0,0.0,0,0.0,1.0,0.0,4.0,-4.0,0.0,1.3333333333333333,1.0,4.0,3.0,6.0,-3.0,0.6,1.2,1.0,4.0,3.0,6.0,-3.0,0.6,1.2,0.3333333333333333,0.4,0.4,5,4.0,0.5,1.0,0.0,2.0,6.0,3.0,4.0,-1.0,1.0,1.3333333333333333,4.0,12.0,6.0,4.0,2.0,1.2,0.8,4.0,12.0,6.0,4.0,2.0,1.2,0.8,0.3333333333333333,0.6,0.6,5,4.0,0.6666666666666666,1.0,1.0,A,3.0
2018-08-22,2018-19,Apertura,6,False,Cruz Azul,Toluca,1.0,0.0,1.0,0.0,footballcsv,52,1534.290881779045,1518.4270069017098,15.86387487733532,0,0,0,0.0,0.0,0,0,0,0,0.0,0.0,0,2.0,7.0,5.0,1.0,4.0,1.6666666666666667,0.3333333333333333,4.0,13.0,9.0,1.0,8.0,1.8,0.2,4.0,13.0,9.0,1.0,8.0,1.8,0.2,0.6666666666666666,0.8,0.8,5,4.0,1.0,2.3333333333333335,0.0,2.0,7.0,7.0,3.0,4.0,2.3333333333333335,1.0,3.0,10.0,10.0,5.0,5.0,2.0,1.0,3.0,10.0,10.0,5.0,5.0,2.0,1.0,0.3333333333333333,0.4,0.4,5,3.0,0.5,1.5,1.5,H,1.0
2018-08-22,2018-19,Apertura,6,False,Tigres UANL,Veracruz,4.0,0.0,1.0,0.0,footballcsv,53,1491.8159181976766,1472.018506904769,19.797411292907555,0,0,0,0.0,0.0,0,0,0,0,0.0,0.0,0,0.0,0.0,2.0,6.0,-4.0,0.6666666666666666,2.0,2.0,6.0,5.0,6.0,-1.0,1.0,1.2,2.0,6.0,5.0,6.0,-1.0,1.0,1.2,0.0,0.4,0.4,5,3.0,0.6666666666666666,1.3333333333333333,0.6666666666666666,1.0,4.0,4.0,5.0,-1.0,1.3333333333333333,1.6666666666666667,1.0,4.0,4.0,9.0,-5.0,0.8,1.8,1.0,4.0,4.0,9.0,-5.0,0.8,1.8,0.0,0.0,0.0,5,5.0,0.5,1.0,1.5,H,4.0
2018-08-24,2018-19,Apertura,7,False,Atlas,Guadalajara,0.0,1.0,0.0,0.0,footballcsv,54,1458.935059213582,1499.8900060946478,-40.95494688106578,0,0,0,0.0,0.0,0,0,0,0,0.0,0.0,0,0.0,1.0,0.0,3.0,-3.0,0.0,1.0,0.0,1.0,0.0,9.0,-9.0,0.0,1.8,0.0,2.0,0.0,9.0,-9.0,0.0,1.5,0.3333333333333333,0.2,0.3333333333333333,6,3.0,0.0,0.0,1.3333333333333333,2.0,6.0,4.0,2.0,2.0,1.3333333333333333,0.6666666666666666,2.0,7.0,6.0,5.0,1.0,1.2,1.0,2.0,7.0,7.0,7.0,0.0,1.1666666666666667,1.1666666666666667,0.6666666666666666,0.4,0.3333333333333333,6,3.0,0.3333333333333333,1.6666666666666667,1.3333333333333333,A,1.0
2018-08-25,2018-19,Apertura,7,False,Veracruz,Tijuana,1.0,0.0,1.0,0.0,footballcsv,59,1460.927128825262,1484.57667998475,-23.649551159488055,0,0,0,0.0,0.0,0,0,0,0,0.0,0.0,0,1.0,3.0,2.0,7.0,-5.0,0.6666666666666666,2.3333333333333335,1.0,4.0,4.0,11.0,-7.0,0.8,2.2,1.0,4.0,4.0,13.0,-9.0,0.6666666666666666,2.1666666666666665,0.0,0.0,0.0,6,3.0,0.0,0.6666666666666666,2.0,0.0,2.0,3.0,6.0,-3.0,1.0,2.0,0.0,3.0,4.0,8.0,-4.0,0.8,1.6,1.0,6.0,6.0,9.0,-3.0,1.0,1.5,0.0,0.0,0.0,6,3.0,0.0,0.0,2.0,H,1.0
2018-08-25,2018-19,Apertura,7,False,Necaxa,Tigres UANL,1.0,1.0,0.0,0.0,footballcsv,55,1489.3995898577064,1502.9072962771838,-13.507706419477472,0,0,0,0.0,0.0,0,0,0,0,0.0,0.0,0,0.0,1.0,3.0,5.0,-2.0,1.0,1.6666666666666667,1.0,4.0,7.0,10.0,-3.0,1.4,2.0,2.0,7.0,9.0,11.0,-2.0,1.5,1.8333333333333333,0.0,0.2,0.16666666666666666,6,4.0,0.6666666666666666,1.6666666666666667,1.0,1.0,3.0,6.0,5.0,1.0,2.0,1.6666666666666667,2.0,6.0,7.0,6.0,1.0,1.4,1.2,3.0,9.0,9.0,6.0,3.0,1.5,1.0,0.3333333333333333,0.4,0.5,6,3.0,0.0,0.5,2.0,D,2.0
2018-08-25,2018-19,Apertura,7,False,Monterrey,Monarcas Morelia,2.0,2.0,2.0,1.0,footballcsv,56,1528.9759468863456,1512.17778913137,16.79815775497559,0,0,0,0.0,0.0,0,0,0,0,0.0,0.0,0,2.0,6.0,3.0,4.0,-1.0,1.0,1.3333333333333333,4.0,12.0,7.0,5.0,2.0,1.4,1.0,5.0,15.0,8.0,5.0,3.0,1.3333333333333333,0.8333333333333334,0.3333333333333333,0.4,0.5,6,3.0,1.0,1.5,0.5,2.0,7.0,4.0,2.0,2.0,1.3333333333333333,0.6666666666666666,3.0,11.0,9.0,5.0,4.0,1.8,1.0,3.0,11.0,9.0,7.0,2.0,1.5,1.1666666666666667,0.3333333333333333,0.2,0.16666666666666666,6,4.0,0.3333333333333333,1.0,1.3333333333333333,D,4.0
2018-08-25,2018-19,Apertura,7,False,Pachuca,Puebla,2.0,0.0,0.0,0.0,footballcsv,57,1491.5819468810532,1488.8763808402418,2.705566040811391,0,0,0,0.0,0.0,0,0,0,0,0.0,0.0,0,1.0,5.0,4.0,1.0,3.0,1.3333333333333333,0.3333333333333333,1.0,5.0,5.0,5.0,0.0,1.0,1.0,1.0,5.0,5.0,6.0,-1.0,0.8333333333333334,1.0,0.6666666666666666,0.4,0.3333333333333333,6,4.0,0.3333333333333333,1.3333333333333333,1.3333333333333333,1.0,4.0,5.0,4.0,1.0,1.6666666666666667,1.3333333333333333,2.0,7.0,7.0,7.0,0.0,1.4,1.4,2.0,7.0,7.0,10.0,-3.0,1.1666666666666667,1.6666666666666667,0.3333333333333333,0.2,0.16666666666666666,6,4.0,0.0,0.6666666666666666,2.3333333333333335,H,2.0
2018-08-25,2018-19,Apertura,7,False,América,Pumas UNAM,2.0,2.0,1.0,1.0,footballcsv,58,1520.3329798797101,1518.4131509048686,1.9198289748414936,0,0,0,0.0,0.0,0,0,0,0,0.0,0.0,0,1.0,4.0,4.0,3.0,1.0,1.3333333333333333,1.0,3.0,10.0,10.0,4.0,6.0,2.0,0.8,3.0,10.0,11.0,6.0,5.0,1.8333333333333333,1.0,0.3333333333333333,0.4,0.3333333333333333,6,3.0,1.0,3.0,0.0,0.0,1.0,0.0,2.0,-2.0,0.0,0.6666666666666666,2.0,7.0,8.0,5.0,3.0,1.6,1.0,3.0,10.0,10.0,5.0,5.0,1.6666666666666667,0.8333333333333334,0.3333333333333333,0.4,0.5,6,4.0,0.6666666666666666,1.6666666666666667,0.3333333333333333,D,4.0
2018-08-26,2018-19,Apertura,7,False,Querétaro,Lobos BUAP,2.0,0.0,1.0,0.0,footballcsv,61,1497.3785129535756,1475.6854959780762,21.693016975499404,0,0,0,0.0,0.0,0,0,0,0,0.0,0.0,0,1.0,4.0,2.0,5.0,-3.0,0.6666666666666666,1.6666666666666667,2.0,7.0,4.0,7.0,-3.0,0.8,1.4,2.0,8.0,4.0,7.0,-3.0,0.6666666666666666,1.1666666666666667,0.3333333333333333,0.4,0.5,6,5.0,0.5,1.0,0.5,0.0,1.0,1.0,5.0,-4.0,0.3333333333333333,1.6666666666666667,1.0,4.0,3.0,6.0,-3.0,0.6,1.2,1.0,4.0,4.0,8.0,-4.0,0.6666666666666666,1.3333333333333333,0.3333333333333333,0.4,0.3333333333333333,6,4.0,0.0,0.3333333333333333,2.0,H,2.0
2018-08-26,2018-19,Apertura,7,False,Toluca,León,1.0,2.0,1.0,2.0,footballcsv,62,1513.5724887116166,1495.2586190060351,18.31386970558151,0,0,0,0.0,0.0,0,0,0,0,0.0,0.0,0,2.0,6.0,5.0,2.0,3.0,1.6666666666666667,0.6666666666666666,2.0,7.0,8.0,6.0,2.0,1.6,1.2,3.0,10.0,10.0,6.0,4.0,1.6666666666666667,1.0,0.3333333333333333,0.2,0.3333333333333333,6,4.0,0.6666666666666666,2.3333333333333335,0.6666666666666666,2.0,6.0,6.0,3.0,3.0,2.0,1.0,2.0,7.0,7.0,6.0,1.0,1.4,1.2,2.0,7.0,7.0,8.0,-1.0,1.1666666666666667,1.3333333333333333,0.6666666666666666,0.4,0.3333333333333333,6,4.0,0.0,0.3333333333333333,2.0,A,3.0
2018-08-26,2018-19,Apertura,7,False,Santos Laguna,Cruz Azul,1.0,1.0,0.0,0.0,footballcsv,60,1521.965528604837,1539.1453999691382,-17.179871364301334,0,0,0,0.0,0.0,0,0,0,0,0.0,0.0,0,2.0,7.0,7.0,4.0,3.0,2.3333333333333335,1.3333333333333333,3.0,10.0,10.0,7.0,3.0,2.0,1.4,4.0,13.0,12.0,8.0,4.0,2.0,1.3333333333333333,0.0,0.2,0.16666666666666666,6,4.0,1.0,2.3333333333333335,0.6666666666666666,2.0,7.0,5.0,1.0,4.0,1.6666666666666667,0.3333333333333333,4.0,13.0,7.0,1.0,6.0,1.4,0.2,5.0,16.0,10.0,1.0,9.0,1.6666666666666667,0.16666666666666666,0.6666666666666666,0.8,0.8333333333333334,6,4.0,0.5,1.0,0.5,D,2.0
2018-08-31,2018-19,Apertura,8,False,Monarcas Morelia,Querétaro,1.0,4.0,0.0,1.0,footballcsv,65,1514.8939470835728,1504.8905887116985,10.003358371874356,0,0,0,0.0,0.0,0,0,0,0,0.0,0.0,0,1.0,5.0,4.0,3.0,1.0,1.3333333333333333,1.0,2.0,9.0,8.0,6.0,2.0,1.6,1.2,3.0,12.0,11.0,9.0,2.0,1.5714285714285714,1.2857142857142858,0.3333333333333333,0.2,0.14285714285714285,7,6.0,0.6666666666666666,2.0,1.0,2.0,7.0,4.0,1.0,3.0,1.3333333333333333,0.3333333333333333,2.0,7.0,5.0,7.0,-2.0,1.0,1.4,3.0,11.0,6.0,7.0,-1.0,0.8571428571428571,1.0,0.6666666666666666,0.4,0.5714285714285714,7,5.0,0.25,0.5,1.5,A,5.0
2018-08-31,2018-19,Apertura,8,False,Tijuana,Necaxa,1.0,0.0,0.0,0.0,footballcsv,64,1478.9049410188072,1487.5088157105065,-8.603874691699275,0,0,0,0.0,0.0,0,0,0,0,0.0,0.0,0,0.0,1.0,2.0,6.0,-4.0,0.6666666666666666,2.0,0.0,3.0,4.0,8.0,-4.0,0.8,1.6,1.0,6.0,6.0,10.0,-4.0,0.8571428571428571,1.4285714285714286,0.0,0.0,0.0,7,6.0,0.25,1.5,1.25,0.0,2.0,3.0,4.0,-1.0,1.0,1.3333333333333333,1.0,5.0,5.0,6.0,-1.0,1.0,1.2,2.0,8.0,10.0,12.0,-2.0,1.4285714285714286,1.7142857142857142,0.0,0.2,0.14285714285714285,7,6.0,0.0,1.3333333333333333,2.6666666666666665,H,1.0
2018-08-31,2018-19,Apertura,8,False,Puebla,Monterrey,2.0,1.0,0.0,1.0,footballcsv,63,1480.7621951155952,1526.2597889341428,-45.49759381854756,0,0,0,0.0,0.0,0,0,0,0,0.0,0.0,0,1.0,4.0,4.0,4.0,0.0,1.3333333333333333,1.3333333333333333,1.0,4.0,5.0,8.0,-3.0,1.0,1.6,2.0,7.0,7.0,12.0,-5.0,1.0,1.7142857142857142,0.3333333333333333,0.2,0.14285714285714285,7,6.0,0.6666666666666666,1.6666666666666667,1.0,2.0,7.0,5.0,3.0,2.0,1.6666666666666667,1.0,3.0,10.0,7.0,7.0,0.0,1.4,1.4,5.0,16.0,10.0,7.0,3.0,1.4285714285714286,1.0,0.3333333333333333,0.2,0.42857142857142855,7,6.0,0.75,1.25,1.0,H,3.0
2018-09-01,2018-19,Apertura,8,False,Guadalajara,Pachuca,1.0,3.0,1.0,2.0,footballcsv,66,1507.5971787255194,1499.6961326056999,7.901046119819512,0,0,0,0.0,0.0,0,0,0,0,0.0,0.0,0,3.0,9.0,4.0,0.0,4.0,1.3333333333333333,0.0,3.0,10.0,7.0,4.0,3.0,1.4,0.8,3.0,10.0,8.0,7.0,1.0,1.1428571428571428,1.0,1.0,0.6,0.42857142857142855,7,8.0,0.3333333333333333,0.6666666666666666,1.0,2.0,7.0,6.0,1.0,5.0,2.0,0.3333333333333333,2.0,8.0,7.0,4.0,3.0,1.4,0.8,2.0,8.0,7.0,6.0,1.0,1.0,0.8571428571428571,0.6666666666666666,0.6,0.42857142857142855,7,7.0,0.0,0.3333333333333333,0.6666666666666666,A,4.0
2018-09-01,2018-19,Apertura,8,False,Cruz Azul,Veracruz,4.0,1.0,1.0,0.0,footballcsv,67,1540.9340590138536,1466.5988677912046,74.33519122264897,0,0,0,0.0,0.0,0,0,0,0,0.0,0.0,0,2.0,7.0,5.0,1.0,4.0,1.6666666666666667,0.3333333333333333,3.0,11.0,7.0,2.0,5.0,1.4,0.4,5.0,17.0,11.0,2.0,9.0,1.5714285714285714,0.2857142857142857,0.6666666666666666,0.6,0.7142857142857143,7,6.0,1.0,2.0,0.0,1.0,3.0,1.0,6.0,-5.0,0.3333333333333333,2.0,2.0,7.0,5.0,9.0,-4.0,1.0,1.8,2.0,7.0,5.0,13.0,-8.0,0.7142857142857143,1.8571428571428572,0.3333333333333333,0.2,0.14285714285714285,7,7.0,0.3333333333333333,0.6666666666666666,2.3333333333333335,H,5.0
2018-09-01,2018-19,Apertura,8,False,León,Pumas UNAM,1.0,2.0,1.0,1.0,footballcsv,68,1504.1007628522736,1520.7282492740796,-16.627486421805997,0,0,0,0.0,0.0,0,0,0,0,0.0,0.0,0,2.0,6.0,4.0,4.0,0.0,1.3333333333333333,1.3333333333333333,3.0,10.0,9.0,5.0,4.0,1.8,1.0,3.0,10.0,9.0,9.0,0.0,1.2857142857142858,1.2857142857142858,0.3333333333333333,0.4,0.2857142857142857,7,6.0,0.6666666666666666,2.0,0.6666666666666666,0.0,1.0,2.0,4.0,-2.0,0.6666666666666666,1.3333333333333333,1.0,5.0,5.0,4.0,1.0,1.0,0.8,3.0,11.0,12.0,7.0,5.0,1.7142857142857142,1.0,0.0,0.4,0.42857142857142855,7,7.0,0.5,1.75,0.75,A,3.0
2018-09-01,2018-19,Apertura,8,False,Tigres UANL,Atlas,3.0,1.0,0.0,1.0,footballcsv,69,1504.7980704243837,1451.2278865827104,53.57018384167327,0,0,0,0.0,0.0,0,0,0,0,0.0,0.0,0,1.0,4.0,6.0,4.0,2.0,2.0,1.3333333333333333,1.0,4.0,7.0,7.0,0.0,1.4,1.4,3.0,10.0,10.0,7.0,3.0,1.4285714285714286,1.0,0.3333333333333333,0.2,0.42857142857142855,7,7.0,0.75,2.0,0.5,0.0,0.0,0.0,4.0,-4.0,0.0,1.3333333333333333,0.0,1.0,0.0,7.0,-7.0,0.0,1.4,0.0,2.0,0.0,10.0,-10.0,0.0,1.4285714285714286,0.0,0.2,0.2857142857142857,7,8.0,0.0,0.0,1.6666666666666667,H,4.0
2018-09-02,2018-19,Apertura,8,False,Lobos BUAP,América,0.0,2.0,0.0,1.0,footballcsv,70,1468.1734202199534,1518.0178815104991,-49.84446129054572,0,0,0,0.0,0.0,0,0,0,0,0.0,0.0,0,0.0,0.0,1.0,7.0,-6.0,0.3333333333333333,2.3333333333333335,0.0,1.0,1.0,8.0,-7.0,0.2,1.6,1.0,4.0,4.0,10.0,-6.0,0.5714285714285714,1.4285714285714286,0.0,0.2,0.2857142857142857,7,7.0,0.3333333333333333,1.0,0.6666666666666666,0.0,2.0,3.0,5.0,-2.0,1.0,1.6666666666666667,2.0,8.0,9.0,6.0,3.0,1.8,1.2,3.0,11.0,13.0,8.0,5.0,1.8571428571428572,1.1428571428571428,0.0,0.2,0.2857142857142857,7,8.0,0.25,1.25,1.5,A,2.0
2018-09-02,2018-19,Apertura,8,False,Toluca,Santos Laguna,2.0,1.0,1.0,1.0,footballcsv,71,1504.7303448653781,1520.1768695601215,-15.446524694743403,0,0,0,0.0,0.0,0,0,0,0,0.0,0.0,0,1.0,3.0,4.0,3.0,1.0,1.3333333333333333,1.0,2.0,7.0,8.0,6.0,2.0,1.6,1.2,3.0,10.0,11.0,8.0,3.0,1.5714285714285714,1.1428571428571428,0.3333333333333333,0.2,0.2857142857142857,7,7.0,0.5,2.0,1.0,1.0,5.0,6.0,4.0,2.0,2.0,1.3333333333333333,3.0,11.0,10.0,5.0,5.0,2.0,1.0,4.0,14.0,13.0,9.0,4.0,1.8571428571428572,1.2857142857142858,0.0,0.2,0.14285714285714285,7,7.0,0.3333333333333333,1.6666666666666667,2.0,H,3.0
2018-09-14,2018-19,Apertura,9,False,Veracruz,Toluca,2.0,3.0,0.0,2.0,footballcsv,72,1459.0482662217196,1510.2272746426672,-51.17900842094764,0,0,0,0.0,0.0,0,0,0,0,0.0,0.0,0,1.0,3.0,2.0,8.0,-6.0,0.6666666666666666,2.6666666666666665,2.0,6.0,4.0,11.0,-7.0,0.8,2.2,2.0,7.0,6.0,17.0,-11.0,0.75,2.125,0.3333333333333333,0.2,0.125,8,13.0,0.25,0.75,1.5,1.0,3.0,3.0,4.0,-1.0,1.0,1.3333333333333333,3.0,9.0,8.0,5.0,3.0,1.6,1.0,4.0,13.0,13.0,9.0,4.0,1.625,1.125,0.0,0.2,0.25,8,12.0,0.3333333333333333,1.0,1.3333333333333333,A,5.0
2018-09-15,2018-19,Apertura,9,False,Querétaro,Puebla,0.0,1.0,0.0,0.0,footballcsv,73,1522.2665021693244,1486.91115110962,35.35535105970439,0,0,0,0.0,0.0,0,0,0,0,0.0,0.0,0,3.0,9.0,7.0,1.0,6.0,2.3333333333333335,0.3333333333333333,3.0,10.0,8.0,6.0,2.0,1.6,1.2,4.0,14.0,10.0,8.0,2.0,1.25,1.0,0.6666666666666666,0.4,0.5,8,15.0,0.6666666666666666,1.3333333333333333,0.3333333333333333,2.0,6.0,4.0,3.0,1.0,1.3333333333333333,1.0,2.0,7.0,7.0,7.0,0.0,1.4,1.4,3.0,10.0,9.0,13.0,-4.0,1.125,1.625,0.3333333333333333,0.2,0.125,8,15.0,0.0,0.5,2.25,A,1.0
2018-09-15,2018-19,Apertura,9,False,Pachuca,Tigres UANL,1.0,1.0,1.0,0.0,footballcsv,74,1513.4039158706248,1511.3587710460674,2.045144824557383,0,0,0,0.0,0.0,0,0,0,0,0.0,0.0,0,2.0,7.0,6.0,2.0,4.0,2.0,0.6666666666666666,3.0,11.0,9.0,2.0,7.0,1.8,0.4,3.0,11.0,10.0,7.0,3.0,1.25,0.875,0.3333333333333333,0.6,0.375,8,14.0,0.5,1.5,1.0,2.0,7.0,8.0,2.0,6.0,2.6666666666666665,0.6666666666666666,2.0,7.0,10.0,7.0,3.0,2.0,1.4,4.0,13.0,13.0,8.0,5.0,1.625,1.0,0.3333333333333333,0.2,0.375,8,14.0,0.0,0.6666666666666666,1.6666666666666667,D,2.0
2018-09-15,2018-19,Apertura,9,False,América,Monarcas Morelia,2.0,1.0,1.0,0.0,footballcsv,75,1529.9551534959937,1497.5180336259468,32.4371198700469,0,0,0,0.0,0.0,0,0,0,0,0.0,0.0,0,1.0,4.0,4.0,4.0,0.0,1.3333333333333333,1.3333333333333333,2.0,8.0,8.0,5.0,3.0,1.6,1.0,4.0,14.0,15.0,8.0,7.0,1.875,1.0,0.3333333333333333,0.4,0.375,8,13.0,0.6666666666666666,2.6666666666666665,0.6666666666666666,0.0,2.0,4.0,7.0,-3.0,1.3333333333333333,2.3333333333333335,2.0,8.0,7.0,8.0,-1.0,1.4,1.6,3.0,12.0,12.0,13.0,-1.0,1.5,1.625,0.0,0.2,0.125,8,15.0,0.25,1.25,1.5,H,3.0
2018-09-15,2018-19,Apertura,9,False,Necaxa,Cruz Azul,2.0,0.0,1.0,0.0,footballcsv,76,1482.1557296436251,1548.4846605833386,-66.32893093971347,0,0,0,0.0,0.0,0,0,0,0,0.0,0.0,0,0.0,1.0,1.0,3.0,-2.0,0.3333333333333333,1.0,0.0,2.0,4.0,7.0,-3.0,0.8,1.4,2.0,8.0,10.0,13.0,-3.0,1.25,1.625,0.0,0.0,0.125,8,15.0,0.5,1.5,1.0,2.0,7.0,6.0,2.0,4.0,2.0,0.6666666666666666,3.0,11.0,10.0,3.0,7.0,2.0,0.6,6.0,20.0,15.0,3.0,12.0,1.875,0.375,0.3333333333333333,0.4,0.625,8,14.0,0.3333333333333333,1.0,0.6666666666666666,H,2.0
2018-09-15,2018-19,Apertura,9,False,Monterrey,Guadalajara,2.0,4.0,0.0,1.0,footballcsv,77,1520.110832940118,1493.8893954605944,26.2214374795235,0,0,0,0.0,0.0,0,0,0,0,0.0,0.0,0,1.0,4.0,5.0,5.0,0.0,1.6666666666666667,1.6666666666666667,2.0,7.0,6.0,8.0,-2.0,1.2,1.6,5.0,16.0,11.0,9.0,2.0,1.375,1.125,0.0,0.2,0.375,8,15.0,0.6666666666666666,1.6666666666666667,1.0,2.0,6.0,3.0,3.0,0.0,1.0,1.0,3.0,9.0,6.0,5.0,1.0,1.2,1.0,3.0,10.0,9.0,10.0,-1.0,1.125,1.25,0.6666666666666666,0.6,0.375,8,14.0,0.5,1.5,1.0,A,6.0
2018-09-16,2018-19,Apertura,9,False,Santos Laguna,León,3.0,0.0,1.0,0.0,footballcsv,79,1514.6799397828324,1495.918822397601,18.7611173852315,0,0,0,0.0,0.0,0,0,0,0,0.0,0.0,0,0.0,2.0,4.0,5.0,-1.0,1.3333333333333333,1.6666666666666667,2.0,8.0,9.0,7.0,2.0,1.8,1.4,4.0,14.0,14.0,11.0,3.0,1.75,1.375,0.0,0.0,0.125,8,14.0,0.75,2.0,0.75,2.0,6.0,5.0,3.0,2.0,1.6666666666666667,1.0,3.0,9.0,9.0,6.0,3.0,1.8,1.2,3.0,10.0,10.0,11.0,-1.0,1.25,1.375,0.3333333333333333,0.4,0.25,8,15.0,0.25,0.75,1.75,H,3.0
2018-09-16,2018-19,Apertura,9,False,Atlas,Tijuana,0.0,1.0,0.0,0.0,footballcsv,80,1444.6671859610267,1484.2580270856886,-39.59084112466189,0,0,0,0.0,0.0,0,0,0,0,0.0,0.0,0,0.0,0.0,1.0,6.0,-5.0,0.3333333333333333,2.0,0.0,1.0,1.0,7.0,-6.0,0.2,1.4,0.0,2.0,1.0,13.0,-12.0,0.125,1.625,0.0,0.2,0.25,8,15.0,0.0,0.0,1.25,1.0,4.0,3.0,3.0,0.0,1.0,1.0,1.0,5.0,4.0,7.0,-3.0,0.8,1.4,2.0,9.0,7.0,10.0,-3.0,0.875,1.25,0.3333333333333333,0.2,0.125,8,16.0,0.0,0.0,1.6666666666666667,A,1.0
2018-09-16,2018-19,Apertura,9,False,Pumas UNAM,Lobos BUAP,4.0,2.0,1.0,0.0,footballcsv,78,1528.9101897287524,1456.2361482344588,72.67404149429353,0,0,0,0.0,0.0,0,0,0,0,0.0,0.0,0,1.0,4.0,4.0,4.0,0.0,1.3333333333333333,1.3333333333333333,1.0,5.0,4.0,5.0,-1.0,0.8,1.0,4.0,14.0,14.0,8.0,6.0,1.75,1.0,0.0,0.2,0.375,8,15.0,0.3333333333333333,1.6666666666666667,1.3333333333333333,0.0,0.0,1.0,6.0,-5.0,0.3333333333333333,2.0,0.0,1.0,1.0,9.0,-8.0,0.2,1.8,1.0,4.0,4.0,12.0,-8.0,0.5,1.5,0.0,0.2,0.25,8,14.0,0.0,0.25,2.0,H,6.0
2018-09-21,2018-19,Apertura,10,False,Puebla,América,2.0,3.0,1.0,2.0,footballcsv,81,1496.063009833512,1534.4870105902698,-38.42400075675778,0,0,0,0.0,0.0,0,0,0,0,0.0,0.0,0,2.0,6.0,3.0,3.0,0.0,1.0,1.0,3.0,10.0,7.0,5.0,2.0,1.4,1.0,4.0,13.0,10.0,13.0,-3.0,1.1111111111111112,1.4444444444444444,0.3333333333333333,0.4,0.2222222222222222,9,6.0,0.75,1.75,1.0,2.0,7.0,6.0,3.0,3.0,2.0,1.0,2.0,8.0,7.0,6.0,1.0,1.4,1.2,5.0,17.0,17.0,9.0,8.0,1.8888888888888888,1.0,0.3333333333333333,0.2,0.3333333333333333,9,6.0,0.4,1.4,1.2,A,5.0
2018-09-21,2018-19,Apertura,10,False,Monarcas Morelia,Pumas UNAM,0.0,0.0,0.0,0.0,footballcsv,82,1492.9861765316707,1534.9387770961487,-41.95260056447796,0,0,0,0.0,0.0,0,0,0,0,0.0,0.0,0,0.0,1.0,4.0,8.0,-4.0,1.3333333333333333,2.6666666666666665,1.0,5.0,6.0,9.0,-3.0,1.2,1.8,3.0,12.0,13.0,15.0,-2.0,1.4444444444444444,1.6666666666666667,0.0,0.2,0.1111111111111111,9,6.0,0.5,1.75,1.75,2.0,7.0,8.0,5.0,3.0,2.6666666666666665,1.6666666666666667,2.0,7.0,8.0,7.0,1.0,1.6,1.4,5.0,17.0,18.0,10.0,8.0,2.0,1.1111111111111112,0.0,0.0,0.3333333333333333,9,5.0,0.6,1.8,0.8,D,0.0
2018-09-22,2018-19,Apertura,10,False,León,Lobos BUAP,0.0,1.0,0.0,0.0,footballcsv,83,1486.3244131844913,1450.2075608670625,36.116852317428766,0,0,0,0.0,0.0,0,0,0,0,0.0,0.0,0,1.0,3.0,3.0,6.0,-3.0,1.0,2.0,2.0,6.0,5.0,9.0,-4.0,1.0,1.8,3.0,10.0,10.0,14.0,-4.0,1.1111111111111112,1.5555555555555556,0.0,0.2,0.2222222222222222,9,6.0,0.5,1.75,1.0,0.0,0.0,2.0,8.0,-6.0,0.6666666666666666,2.6666666666666665,0.0,0.0,3.0,13.0,-10.0,0.6,2.6,1.0,4.0,6.0,16.0,-10.0,0.6666666666666666,1.7777777777777777,0.0,0.0,0.2222222222222222,9,6.0,0.0,0.6,2.4,A,1.0
2018-09-22,2018-19,Apertura,10,False,Tijuana,Pachuca,1.0,0.0,0.0,0.0,footballcsv,84,1491.9920613744102,1511.0854042237343,-19.093342849324017,0,0,0,0.0,0.0,0,0,0,0,0.0,0.0,0,2.0,6.0,2.0,1.0,1.0,0.6666666666666666,0.3333333333333333,2.0,7.0,4.0,6.0,-2.0,0.8,1.2,3.0,12.0,8.0,10.0,-2.0,0.8888888888888888,1.1111111111111112,0.6666666666666666,0.4,0.2222222222222222,9,6.0,0.4,1.4,1.0,2.0,7.0,6.0,2.0,4.0,2.0,0.6666666666666666,3.0,11.0,10.0,3.0,7.0,2.0,0.6,3.0,12.0,11.0,8.0,3.0,1.2222222222222223,0.8888888888888888,0.3333333333333333,0.4,0.3333333333333333,9,7.0,0.25,1.0,0.75,H,1.0
2018-09-22,2018-19,Apertura,10,False,Cruz Azul,Atlas,2.0,0.0,1.0,0.0,footballcsv,85,1537.9957813628007,1436.933151672305,101.06262969049567,0,0,0,0.0,0.0,0,0,0,0,0.0,0.0,0,1.0,4.0,5.0,4.0,1.0,1.6666666666666667,1.3333333333333333,3.0,10.0,9.0,4.0,5.0,1.8,0.8,6.0,20.0,15.0,5.0,10.0,1.6666666666666667,0.5555555555555556,0.0,0.4,0.5555555555555556,9,7.0,1.0,2.4,0.2,0.0,0.0,1.0,5.0,-4.0,0.3333333333333333,1.6666666666666667,0.0,0.0,1.0,8.0,-7.0,0.2,1.6,0.0,2.0,1.0,14.0,-13.0,0.1111111111111111,1.5555555555555556,0.0,0.0,0.2222222222222222,9,6.0,0.0,0.25,2.0,H,2.0
2018-09-22,2018-19,Apertura,10,False,Toluca,Necaxa,3.0,2.0,0.0,1.0,footballcsv,86,1517.7324209014284,1492.644608864163,25.087812037265394,0,0,0,0.0,0.0,0,0,0,0,0.0,0.0,0,2.0,6.0,6.0,5.0,1.0,2.0,1.6666666666666667,3.0,9.0,9.0,6.0,3.0,1.8,1.2,5.0,16.0,16.0,11.0,5.0,1.7777777777777777,1.2222222222222223,0.0,0.2,0.2222222222222222,9,8.0,0.6,2.0,1.0,1.0,4.0,3.0,2.0,1.0,1.0,0.6666666666666666,1.0,5.0,5.0,5.0,0.0,1.0,1.0,3.0,11.0,12.0,13.0,-1.0,1.3333333333333333,1.4444444444444444,0.3333333333333333,0.2,0.2222222222222222,9,7.0,0.0,1.0,2.25,H,5.0
2018-09-23,2018-19,Apertura,10,False,Tigres UANL,Monterrey,0.0,0.0,0.0,0.0,footballcsv,88,1513.677282692958,1505.8668034802822,7.810479212675773,0,0,0,0.0,0.0,0,0,0,0,0.0,0.0,0,1.0,5.0,5.0,3.0,2.0,1.6666666666666667,1.0,2.0,8.0,10.0,6.0,4.0,2.0,1.2,4.0,14.0,14.0,9.0,5.0,1.5555555555555556,1.0,0.0,0.2,0.3333333333333333,9,8.0,0.8,2.2,0.6,0.0,1.0,5.0,8.0,-3.0,1.6666666666666667,2.6666666666666665,2.0,7.0,8.0,9.0,-1.0,1.6,1.8,5.0,16.0,13.0,13.0,0.0,1.4444444444444444,1.4444444444444444,0.0,0.2,0.3333333333333333,9,8.0,0.6,1.2,1.2,D,0.0
2018-09-23,2018-19,Apertura,10,False,Santos Laguna,Veracruz,1.0,1.0,0.0,0.0,footballcsv,87,1524.274348995942,1451.5431199629584,72.73122903298372,0,0,0,0.0,0.0,0,0,0,0,0.0,0.0,0,1.0,4.0,5.0,3.0,2.0,1.6666666666666667,1.0,2.0,8.0,10.0,6.0,4.0,2.0,1.2,5.0,17.0,17.0,11.0,6.0,1.8888888888888888,1.2222222222222223,0.3333333333333333,0.2,0.2222222222222222,9,7.0,0.8,2.2,0.6,1.0,3.0,4.0,7.0,-3.0,1.3333333333333333,2.3333333333333335,1.0,3.0,4.0,13.0,-9.0,0.8,2.6,2.0,7.0,8.0,20.0,-12.0,0.8888888888888888,2.2222222222222223,0.3333333333333333,0.2,0.1111111111111111,9,9.0,0.25,0.75,2.75,D,2.0
2018-09-23,2018-19,Apertura,10,False,Guadalajara,Querétaro,1.0,1.0,0.0,0.0,footballcsv,89,1508.1334249204301,1513.1146434454324,-4.981218525002305,0,0,0,0.0,0.0,0,0,0,0,0.0,0.0,0,2.0,6.0,6.0,5.0,1.0,2.0,1.6666666666666667,4.0,12.0,9.0,5.0,4.0,1.8,1.0,4.0,13.0,13.0,12.0,1.0,1.4444444444444444,1.3333333333333333,0.3333333333333333,0.6,0.3333333333333333,9,8.0,0.25,0.75,1.5,2.0,6.0,6.0,2.0,4.0,2.0,0.6666666666666666,3.0,10.0,8.0,3.0,5.0,1.6,0.6,4.0,14.0,10.0,9.0,1.0,1.1111111111111112,1.0,0.3333333333333333,0.4,0.4444444444444444,9,8.0,0.4,1.2,1.4,D,2.0
2018-09-28,2018-19,Apertura,11,False,Veracruz,León,0.0,4.0,0.0,1.0,footballcsv,90,1455.6762135340646,1477.1589307441463,-21.482717210081773,0,0,0,0.0,0.0,0,0,0,0,0.0,0.0,0,0.0,1.0,4.0,8.0,-4.0,1.3333333333333333,2.6666666666666665,1.0,4.0,5.0,12.0,-7.0,1.0,2.4,2.0,8.0,9.0,21.0,-12.0,0.9,2.1,0.0,0.2,0.1,10,5.0,0.2,1.0,1.8,0.0,0.0,1.0,6.0,-5.0,0.3333333333333333,2.0,2.0,6.0,5.0,7.0,-2.0,1.0,1.4,3.0,10.0,10.0,15.0,-5.0,1.0,1.5,0.0,0.2,0.2,10,6.0,0.2,0.6,2.0,A,4.0
2018-09-28,2018-19,Apertura,11,False,Atlas,Toluca,2.0,0.0,1.0,0.0,footballcsv,91,1431.640364638414,1522.4057958208673,-90.76543118245331,0,0,0,0.0,0.0,0,0,0,0,0.0,0.0,0,0.0,0.0,1.0,6.0,-5.0,0.3333333333333333,2.0,0.0,0.0,1.0,9.0,-8.0,0.2,1.8,0.0,2.0,1.0,16.0,-15.0,0.1,1.6,0.0,0.0,0.2,10,6.0,0.0,0.0,1.2,3.0,9.0,8.0,5.0,3.0,2.6666666666666665,1.6666666666666667,3.0,9.0,9.0,8.0,1.0,1.8,1.6,6.0,19.0,19.0,13.0,6.0,1.9,1.3,0.0,0.0,0.2,10,6.0,0.5,1.5,1.5,H,2.0
2018-09-29,2018-19,Apertura,11,False,Necaxa,Santos Laguna,0.0,1.0,0.0,1.0,footballcsv,94,1487.9712339447242,1520.141255424836,-32.1700214801117,0,0,0,0.0,0.0,0,0,0,0,0.0,0.0,0,1.0,3.0,4.0,4.0,0.0,1.3333333333333333,1.3333333333333333,1.0,4.0,5.0,6.0,-1.0,1.0,1.2,3.0,11.0,14.0,16.0,-2.0,1.4,1.6,0.3333333333333333,0.2,0.2,10,7.0,0.6,1.6,0.8,1.0,4.0,5.0,3.0,2.0,1.6666666666666667,1.0,1.0,6.0,8.0,6.0,2.0,1.6,1.2,5.0,18.0,18.0,12.0,6.0,1.8,1.2,0.3333333333333333,0.2,0.2,10,6.0,0.25,1.5,2.0,A,1.0
2018-09-29,2018-19,Apertura,11,False,Pachuca,Cruz Azul,3.0,1.0,3.0,1.0,footballcsv,95,1505.511071690018,1543.2885683966917,-37.77749670667367,0,0,0,0.0,0.0,0,0,0,0,0.0,0.0,0,1.0,4.0,4.0,3.0,1.0,1.3333333333333333,1.0,2.0,8.0,7.0,4.0,3.0,1.4,0.8,3.0,12.0,11.0,9.0,2.0,1.1,0.9,0.0,0.2,0.3,10,7.0,0.4,1.4,1.0,2.0,6.0,6.0,3.0,3.0,2.0,1.0,3.0,10.0,8.0,4.0,4.0,1.6,0.8,7.0,23.0,17.0,5.0,12.0,1.7,0.5,0.3333333333333333,0.4,0.6,10,7.0,0.25,0.75,1.0,H,4.0
2018-09-29,2018-19,Apertura,11,False,Querétaro,Tigres UANL,0.0,2.0,0.0,0.0,footballcsv,92,1515.2409160618226,1511.2023675550815,4.038548506741108,0,0,0,0.0,0.0,0,0,0,0,0.0,0.0,0,1.0,4.0,5.0,3.0,2.0,1.6666666666666667,1.0,3.0,10.0,8.0,3.0,5.0,1.6,0.6,4.0,15.0,11.0,10.0,1.0,1.1,1.0,0.0,0.4,0.4,10,6.0,0.5,1.0,0.5,1.0,5.0,4.0,2.0,2.0,1.3333333333333333,0.6666666666666666,2.0,9.0,9.0,3.0,6.0,1.8,0.6,4.0,15.0,14.0,9.0,5.0,1.4,0.9,0.3333333333333333,0.4,0.4,10,6.0,0.0,0.75,1.5,A,2.0
2018-09-29,2018-19,Apertura,11,False,Monterrey,Tijuana,3.0,0.0,1.0,0.0,footballcsv,93,1508.3417186181587,1497.5663939081264,10.775324710032237,0,0,0,0.0,0.0,0,0,0,0,0.0,0.0,0,0.0,1.0,3.0,6.0,-3.0,1.0,2.0,1.0,5.0,7.0,9.0,-2.0,1.4,1.8,5.0,17.0,13.0,13.0,0.0,1.3,1.3,0.3333333333333333,0.2,0.4,10,6.0,0.5,1.75,1.75,3.0,9.0,3.0,0.0,3.0,1.0,0.0,3.0,10.0,5.0,3.0,2.0,1.0,0.6,4.0,15.0,9.0,10.0,-1.0,0.9,1.0,1.0,0.6,0.3,10,7.0,0.25,0.25,1.25,H,3.0
2018-09-30,2018-19,Apertura,11,False,América,Guadalajara,1.0,1.0,0.0,0.0,footballcsv,98,1542.2440026911058,1506.00715230404,36.23685038706594,0,0,0,0.0,0.0,0,0,0,0,0.0,0.0,0,3.0,9.0,7.0,3.0,4.0,2.3333333333333335,1.0,3.0,10.0,9.0,7.0,2.0,1.8,1.4,6.0,20.0,20.0,11.0,9.0,2.0,1.1,0.3333333333333333,0.2,0.3,10,9.0,0.75,2.5,0.75,1.0,4.0,6.0,6.0,0.0,2.0,2.0,3.0,10.0,8.0,6.0,2.0,1.6,1.2,4.0,14.0,14.0,13.0,1.0,1.4,1.3,0.0,0.4,0.3,10,7.0,0.6,2.0,1.2,D,2.0
2018-09-30,2018-19,Apertura,11,False,Lobos BUAP,Monarcas Morelia,3.0,1.0,1.0,0.0,footballcsv,97,1459.3730433074074,1491.8954409964856,-32.52239768907816,0,0,0,0.0,0.0,0,0,0,0,0.0,0.0,0,1.0,3.0,3.0,6.0,-3.0,1.0,2.0,1.0,3.0,4.0,10.0,-6.0,0.8,2.0,2.0,7.0,7.0,16.0,-9.0,0.7,1.6,0.3333333333333333,0.2,0.3,10,8.0,0.25,0.75,1.0,0.0,1.0,2.0,6.0,-4.0,0.6666666666666666,2.0,0.0,3.0,5.0,9.0,-4.0,1.0,1.8,3.0,13.0,13.0,15.0,-2.0,1.3,1.5,0.3333333333333333,0.2,0.2,10,9.0,0.2,1.2,1.6,H,4.0
2018-09-30,2018-19,Apertura,11,False,Pumas UNAM,Puebla,2.0,2.0,2.0,0.0,footballcsv,96,1536.0295126313338,1488.306017732676,47.72349489865769,0,0,0,0.0,0.0,0,0,0,0,0.0,0.0,0,2.0,7.0,6.0,3.0,3.0,2.0,1.0,2.0,8.0,8.0,6.0,2.0,1.6,1.2,5.0,18.0,18.0,10.0,8.0,1.8,1.0,0.3333333333333333,0.2,0.4,10,9.0,0.5,2.25,1.5,2.0,6.0,5.0,4.0,1.0,1.6666666666666667,1.3333333333333333,3.0,9.0,7.0,6.0,1.0,1.4,1.2,4.0,13.0,12.0,16.0,-4.0,1.2,1.6,0.3333333333333333,0.4,0.2,10,9.0,0.2,0.6,1.8,D,4.0
2018-10-05,2018-19,Apertura,12,False,Veracruz,Necaxa,0.0,0.0,0.0,0.0,footballcsv,99,1436.8964624827377,1480.0915186830314,-43.19505620029372,0,0,0,0.0,0.0,0,0,0,0,0.0,0.0,0,0.0,1.0,3.0,8.0,-5.0,1.0,2.6666666666666665,1.0,4.0,5.0,12.0,-7.0,1.0,2.4,2.0,8.0,9.0,23.0,-14.0,0.9,2.3,0.0,0.2,0.1,11,7.0,0.2,1.0,2.2,1.0,3.0,4.0,4.0,0.0,1.3333333333333333,1.3333333333333333,1.0,4.0,5.0,6.0,-1.0,1.0,1.2,2.0,8.0,12.0,16.0,-4.0,1.2,1.6,0.3333333333333333,0.2,0.2,11,6.0,0.0,1.2,2.4,D,0.0
2018-10-05,2018-19,Apertura,12,False,Santos Laguna,Atlas,3.0,1.0,1.0,0.0,footballcsv,100,1528.0209706865287,1442.9667880558802,85.05418263064848,0,0,0,0.0,0.0,0,0,0,0,0.0,0.0,0,2.0,7.0,5.0,1.0,4.0,1.6666666666666667,0.3333333333333333,2.0,8.0,7.0,4.0,3.0,1.4,0.8,5.0,18.0,17.0,11.0,6.0,1.7,1.1,0.6666666666666666,0.4,0.3,11,6.0,0.6,2.0,0.6,1.0,3.0,2.0,3.0,-1.0,0.6666666666666666,1.0,1.0,3.0,3.0,7.0,-4.0,0.6,1.4,1.0,4.0,3.0,16.0,-13.0,0.3,1.6,0.3333333333333333,0.2,0.2,11,7.0,0.0,0.2,2.0,H,4.0
2018-10-06,2018-19,Apertura,12,False,Cruz Azul,Monterrey,2.0,1.0,1.0,1.0,footballcsv,101,1533.8128706520606,1518.2538932618827,15.558977390177915,0,0,0,0.0,0.0,0,0,0,0,0.0,0.0,0,1.0,3.0,3.0,5.0,-2.0,1.0,1.6666666666666667,2.0,7.0,8.0,7.0,1.0,1.6,1.4,6.0,20.0,15.0,8.0,7.0,1.5,0.8,0.3333333333333333,0.2,0.5,11,7.0,1.0,2.2,0.2,1.0,4.0,5.0,4.0,1.0,1.6666666666666667,1.3333333333333333,1.0,5.0,8.0,8.0,0.0,1.6,1.6,5.0,17.0,15.0,13.0,2.0,1.5,1.3,0.6666666666666666,0.4,0.4,11,7.0,0.4,1.0,1.2,H,3.0
2018-10-06,2018-19,Apertura,12,False,Tijuana,Querétaro,1.0,1.0,1.0,0.0,footballcsv,102,1487.6542192644024,1501.6480833661656,-13.993864101763165,0,0,0,0.0,0.0,0,0,0,0,0.0,0.0,0,2.0,6.0,2.0,3.0,-1.0,0.6666666666666666,1.0,3.0,9.0,3.0,4.0,-1.0,0.6,0.8,3.0,12.0,7.0,12.0,-5.0,0.7,1.2,0.6666666666666666,0.6,0.3,11,7.0,0.4,1.2,0.8,0.0,1.0,1.0,4.0,-3.0,0.3333333333333333,1.3333333333333333,2.0,7.0,7.0,5.0,2.0,1.4,1.0,4.0,14.0,11.0,12.0,-1.0,1.1,1.2,0.0,0.2,0.3,11,7.0,0.4,1.4,1.6,D,2.0
2018-10-06,2018-19,Apertura,12,False,Guadalajara,Pumas UNAM,1.0,2.0,1.0,1.0,footballcsv,103,1509.2332430727433,1532.5104501848768,-23.27720711213351,0,0,0,0.0,0.0,0,0,0,0,0.0,0.0,0,1.0,5.0,6.0,4.0,2.0,2.0,1.3333333333333333,2.0,8.0,8.0,7.0,1.0,1.6,1.4,4.0,15.0,14.0,12.0,2.0,1.4,1.2,0.0,0.2,0.3,11,6.0,0.2,0.8,1.4,1.0,5.0,6.0,4.0,2.0,2.0,1.3333333333333333,2.0,9.0,10.0,7.0,3.0,2.0,1.4,4.0,16.0,18.0,12.0,6.0,1.8,1.2,0.3333333333333333,0.2,0.3,11,6.0,0.4,1.4,0.8,A,3.0
2018-10-06,2018-19,Apertura,12,False,León,Monarcas Morelia,1.0,2.0,0.0,0.0,footballcsv,104,1495.9386817954733,1482.6018750184526,13.336806777020684,0,0,0,0.0,0.0,0,0,0,0,0.0,0.0,0,1.0,3.0,4.0,4.0,0.0,1.3333333333333333,1.3333333333333333,2.0,6.0,7.0,7.0,0.0,1.4,1.4,4.0,13.0,14.0,13.0,1.0,1.4,1.3,0.3333333333333333,0.2,0.3,11,8.0,0.4,1.4,1.0,0.0,1.0,2.0,5.0,-3.0,0.6666666666666666,1.6666666666666667,0.0,2.0,5.0,11.0,-6.0,1.0,2.2,3.0,13.0,14.0,16.0,-2.0,1.4,1.6,0.3333333333333333,0.2,0.2,11,6.0,0.2,1.4,1.8,A,3.0
2018-10-06,2018-19,Apertura,12,False,Tigres UANL,América,2.0,3.0,1.0,1.0,footballcsv,105,1524.7952002507386,1539.0179119224024,-14.222711671663774,0,0,0,0.0,0.0,0,0,0,0,0.0,0.0,0,1.0,5.0,3.0,1.0,2.0,1.0,0.3333333333333333,2.0,9.0,7.0,3.0,4.0,1.4,0.6,4.0,15.0,14.0,9.0,5.0,1.4,0.9,0.6666666666666666,0.4,0.4,11,7.0,0.6,1.8,0.6,2.0,7.0,6.0,4.0,2.0,2.0,1.3333333333333333,3.0,11.0,10.0,6.0,4.0,2.0,1.2,6.0,21.0,20.0,10.0,10.0,2.0,1.0,0.0,0.2,0.3,11,6.0,0.6,1.8,1.2,A,5.0
2018-10-07,2018-19,Apertura,12,False,Toluca,Pachuca,2.0,1.0,1.0,1.0,footballcsv,106,1511.079372403401,1514.9867694346492,-3.907397031248138,0,0,0,0.0,0.0,0,0,0,0,0.0,0.0,0,2.0,6.0,6.0,6.0,0.0,2.0,2.0,3.0,9.0,9.0,9.0,0.0,1.8,1.8,5.0,16.0,17.0,15.0,2.0,1.7,1.5,0.0,0.0,0.1,11,9.0,0.6,2.2,1.4,1.0,4.0,4.0,3.0,1.0,1.3333333333333333,1.0,3.0,10.0,9.0,4.0,5.0,1.8,0.8,4.0,15.0,14.0,9.0,5.0,1.4,0.9,0.0,0.2,0.3,11,8.0,0.2,0.8,0.8,H,3.0
2018-10-07,2018-19,Apertura,12,False,Puebla,Lobos BUAP,2.0,2.0,0.0,1.0,footballcsv,107,1491.825080179133,1468.6666092854405,23.158470893692538,0,0,0,0.0,0.0,0,0,0,0,0.0,0.0,0,1.0,4.0,5.0,5.0,0.0,1.6666666666666667,1.6666666666666667,2.0,7.0,7.0,8.0,-1.0,1.4,1.6,4.0,14.0,14.0,15.0,-1.0,1.4,1.5,0.3333333333333333,0.2,0.2,11,7.0,0.6,1.8,1.4,2.0,6.0,6.0,5.0,1.0,2.0,1.6666666666666667,2.0,6.0,6.0,9.0,-3.0,1.2,1.8,3.0,10.0,9.0,15.0,-6.0,0.9,1.5,0.3333333333333333,0.2,0.3,11,7.0,0.2,0.6,2.0,D,4.0
2018-10-19,2018-19,Apertura,13,False,Atlas,Veracruz,4.0,3.0,2.0,2.0,footballcsv,108,1437.2672357023305,1435.8410758856764,1.4261598166540352,0,0,0,0.0,0.0,0,0,0,0,0.0,0.0,0,1.0,3.0,3.0,5.0,-2.0,1.0,1.6666666666666667,1.0,3.0,4.0,9.0,-5.0,0.8,1.8,1.0,4.0,4.0,16.0,-12.0,0.4,1.6,0.3333333333333333,0.2,0.2,12,14.0,0.2,0.4,1.2,0.0,2.0,1.0,5.0,-4.0,0.3333333333333333,1.6666666666666667,0.0,2.0,4.0,12.0,-8.0,0.8,2.4,2.0,9.0,9.0,21.0,-12.0,0.9,2.1,0.3333333333333333,0.2,0.2,12,14.0,0.2,0.8,2.4,H,7.0
2018-10-20,2018-19,Apertura,13,False,Monterrey,Toluca,2.0,1.0,0.0,0.0,footballcsv,112,1513.3933216323483,1516.334810527695,-2.9414888953467653,0,0,0,0.0,0.0,0,0,0,0,0.0,0.0,0,1.0,4.0,4.0,2.0,2.0,1.3333333333333333,0.6666666666666666,1.0,4.0,7.0,8.0,-1.0,1.4,1.6,4.0,14.0,14.0,15.0,-1.0,1.4,1.5,0.6666666666666666,0.4,0.3,12,14.0,0.6,2.0,1.4,2.0,6.0,5.0,5.0,0.0,1.6666666666666667,1.6666666666666667,4.0,12.0,10.0,8.0,2.0,2.0,1.6,6.0,19.0,18.0,14.0,4.0,1.8,1.4,0.0,0.0,0.1,12,13.0,0.4,1.2,1.6,H,3.0
2018-10-20,2018-19,Apertura,13,False,Pachuca,Santos Laguna,1.0,1.0,1.0,0.0,footballcsv,111,1509.7313313103552,1533.7205230400784,-23.98919172972319,0,0,0,0.0,0.0,0,0,0,0,0.0,0.0,0,1.0,3.0,4.0,4.0,0.0,1.3333333333333333,1.3333333333333333,2.0,7.0,8.0,6.0,2.0,1.6,1.2,4.0,15.0,15.0,10.0,5.0,1.5,1.0,0.0,0.0,0.3,12,13.0,0.6,2.0,1.0,2.0,7.0,5.0,2.0,3.0,1.6666666666666667,0.6666666666666666,3.0,10.0,9.0,4.0,5.0,1.8,0.8,6.0,21.0,19.0,9.0,10.0,1.9,0.9,0.3333333333333333,0.4,0.3,12,15.0,0.4,1.4,1.6,D,2.0
2018-10-20,2018-19,Apertura,13,False,América,Tijuana,3.0,0.0,2.0,0.0,footballcsv,113,1547.246208500502,1485.7769411776444,61.469267322857604,0,0,0,0.0,0.0,0,0,0,0,0.0,0.0,0,2.0,7.0,7.0,5.0,2.0,2.3333333333333335,1.6666666666666667,4.0,13.0,11.0,6.0,5.0,2.2,1.2,6.0,21.0,20.0,12.0,8.0,2.0,1.2,0.0,0.2,0.2,12,14.0,0.6,2.2,0.8,1.0,4.0,2.0,4.0,-2.0,0.6666666666666666,1.3333333333333333,3.0,10.0,4.0,4.0,0.0,0.8,0.8,3.0,13.0,8.0,12.0,-4.0,0.8,1.2,0.3333333333333333,0.6,0.3,12,14.0,0.2,0.2,1.6,H,3.0
2018-10-20,2018-19,Apertura,13,False,Querétaro,Cruz Azul,2.0,0.0,0.0,0.0,footballcsv,109,1503.5253614529236,1538.673442281595,-35.14808082867148,0,0,0,0.0,0.0,0,0,0,0,0.0,0.0,0,0.0,2.0,2.0,4.0,-2.0,0.6666666666666666,1.3333333333333333,1.0,5.0,6.0,6.0,0.0,1.2,1.2,3.0,12.0,11.0,13.0,-2.0,1.1,1.3,0.0,0.0,0.2,12,14.0,0.4,0.8,0.8,2.0,6.0,5.0,4.0,1.0,1.6666666666666667,1.3333333333333333,3.0,9.0,9.0,7.0,2.0,1.8,1.4,6.0,20.0,16.0,9.0,7.0,1.6,0.9,0.3333333333333333,0.2,0.4,12,14.0,0.2,0.8,1.4,H,2.0
2018-10-20,2018-19,Apertura,13,False,Necaxa,León,0.0,2.0,0.0,1.0,footballcsv,110,1481.1469052800926,1487.188644886453,-6.041739606360352,0,0,0,0.0,0.0,0,0,0,0,0.0,0.0,0,0.0,1.0,2.0,4.0,-2.0,0.6666666666666666,1.3333333333333333,1.0,4.0,4.0,5.0,-1.0,0.8,1.0,2.0,9.0,9.0,11.0,-2.0,0.9,1.1,0.3333333333333333,0.4,0.3,12,15.0,0.4,1.2,0.8,1.0,3.0,5.0,3.0,2.0,1.6666666666666667,1.0,1.0,3.0,6.0,8.0,-2.0,1.2,1.6,4.0,13.0,15.0,13.0,2.0,1.5,1.3,0.3333333333333333,0.2,0.3,12,14.0,0.4,1.4,1.6,A,2.0
2018-10-21,2018-19,Apertura,13,False,Pumas UNAM,Tigres UANL,3.0,3.0,2.0,2.0,footballcsv,114,1540.5636149379368,1516.566903672639,23.99671126529779,0,0,0,0.0,0.0,0,0,0,0,0.0,0.0,0,1.0,5.0,4.0,3.0,1.0,1.3333333333333333,1.0,3.0,11.0,10.0,6.0,4.0,2.0,1.2,4.0,16.0,15.0,10.0,5.0,1.5,1.0,0.3333333333333333,0.2,0.3,12,15.0,0.4,2.2,1.6,1.0,4.0,4.0,3.0,1.0,1.3333333333333333,1.0,2.0,8.0,8.0,5.0,3.0,1.6,1.0,3.0,12.0,15.0,12.0,3.0,1.5,1.2,0.6666666666666666,0.4,0.3,12,15.0,0.2,1.0,1.2,D,6.0
2018-10-21,2018-19,Apertura,13,False,Monarcas Morelia,Puebla,2.0,0.0,0.0,0.0,footballcsv,115,1491.3519119274729,1488.9402209921793,2.4116909352935636,0,0,0,0.0,0.0,0,0,0,0,0.0,0.0,0,1.0,4.0,3.0,4.0,-1.0,1.0,1.3333333333333333,1.0,4.0,5.0,10.0,-5.0,1.0,2.0,3.0,13.0,13.0,16.0,-3.0,1.3,1.6,0.3333333333333333,0.2,0.2,12,15.0,0.4,1.4,1.4,0.0,2.0,6.0,7.0,-1.0,2.0,2.3333333333333335,2.0,8.0,9.0,8.0,1.0,1.8,1.6,3.0,12.0,14.0,16.0,-2.0,1.4,1.6,0.0,0.2,0.2,12,14.0,0.2,1.0,1.6,H,2.0
2018-10-21,2018-19,Apertura,13,False,Lobos BUAP,Guadalajara,1.0,1.0,1.0,0.0,footballcsv,116,1471.5514684723942,1501.1800783196834,-29.628609847289226,0,0,0,0.0,0.0,0,0,0,0,0.0,0.0,0,2.0,7.0,6.0,3.0,3.0,2.0,1.0,2.0,7.0,8.0,9.0,-1.0,1.6,1.8,2.0,8.0,9.0,17.0,-8.0,0.9,1.7,0.3333333333333333,0.2,0.2,12,14.0,0.4,1.2,1.0,0.0,2.0,3.0,4.0,-1.0,1.0,1.3333333333333333,1.0,5.0,8.0,9.0,-1.0,1.6,1.8,4.0,15.0,15.0,13.0,2.0,1.5,1.3,0.0,0.0,0.3,12,15.0,0.6,2.0,1.0,D,2.0
2018-10-26,2018-19,Apertura,14,False,Santos Laguna,Monterrey,1.0,0.0,1.0,0.0,footballcsv,117,1535.3188213888711,1518.6287882618376,16.69003312703353,0,0,0,0.0,0.0,0,0,0,0,0.0,0.0,0,2.0,7.0,5.0,2.0,3.0,1.6666666666666667,0.6666666666666666,3.0,11.0,9.0,3.0,6.0,1.8,0.6,5.0,19.0,18.0,10.0,8.0,1.8,1.0,0.3333333333333333,0.4,0.2,13,6.0,0.6,2.2,0.8,2.0,6.0,6.0,3.0,3.0,2.0,1.0,2.0,7.0,8.0,7.0,1.0,1.6,1.4,4.0,14.0,14.0,15.0,-1.0,1.4,1.5,0.3333333333333333,0.4,0.3,13,6.0,0.2,0.8,1.6,H,1.0
2018-10-26,2018-19,Apertura,14,False,Veracruz,Pachuca,2.0,3.0,0.0,1.0,footballcsv,118,1430.695433849584,1508.1330329615625,-77.43759911197844,0,0,0,0.0,0.0,0,0,0,0,0.0,0.0,0,0.0,1.0,3.0,8.0,-5.0,1.0,2.6666666666666665,0.0,2.0,6.0,12.0,-6.0,1.2,2.4,2.0,8.0,10.0,23.0,-13.0,1.0,2.3,0.3333333333333333,0.2,0.2,13,7.0,0.2,0.6,1.8,1.0,4.0,5.0,4.0,1.0,1.6666666666666667,1.3333333333333333,1.0,5.0,6.0,6.0,0.0,1.2,1.2,4.0,16.0,15.0,8.0,7.0,1.5,0.8,0.0,0.0,0.3,13,6.0,0.2,1.0,1.0,A,5.0
2018-10-27,2018-19,Apertura,14,False,Necaxa,Atlas,2.0,2.0,0.0,1.0,footballcsv,123,1467.8568720809892,1442.4128777384228,25.443994342566384,0,0,0,0.0,0.0,0,0,0,0,0.0,0.0,0,0.0,1.0,0.0,3.0,-3.0,0.0,1.0,1.0,4.0,4.0,6.0,-2.0,0.8,1.2,1.0,6.0,8.0,13.0,-5.0,0.8,1.3,0.3333333333333333,0.4,0.2,13,7.0,0.2,1.0,1.2,2.0,6.0,7.0,6.0,1.0,2.3333333333333335,2.0,2.0,6.0,7.0,9.0,-2.0,1.4,1.8,2.0,7.0,8.0,16.0,-8.0,0.8,1.6,0.3333333333333333,0.2,0.2,13,8.0,0.0,0.4,2.0,D,4.0
2018-10-27,2018-19,Apertura,14,False,Guadalajara,Monarcas Morelia,1.0,2.0,1.0,0.0,footballcsv,122,1502.6198101687212,1499.4756120798613,3.1441980888598664,0,0,0,0.0,0.0,0,0,0,0,0.0,0.0,0,0.0,2.0,3.0,4.0,-1.0,1.0,1.3333333333333333,1.0,6.0,8.0,7.0,1.0,1.6,1.4,4.0,15.0,14.0,12.0,2.0,1.4,1.2,0.0,0.0,0.3,13,6.0,0.2,1.0,1.6,2.0,6.0,5.0,4.0,1.0,1.6666666666666667,1.3333333333333333,2.0,7.0,6.0,6.0,0.0,1.2,1.2,4.0,15.0,13.0,14.0,-1.0,1.3,1.4,0.3333333333333333,0.4,0.3,13,6.0,0.4,1.4,1.6,A,3.0
2018-10-27,2018-19,Apertura,14,False,Tijuana,Pumas UNAM,0.0,1.0,0.0,0.0,footballcsv,120,1477.7803705564866,1537.6566525873475,-59.87628203086092,0,0,0,0.0,0.0,0,0,0,0,0.0,0.0,0,0.0,1.0,1.0,7.0,-6.0,0.3333333333333333,2.3333333333333335,2.0,7.0,3.0,7.0,-4.0,0.6,1.4,3.0,12.0,7.0,14.0,-7.0,0.7,1.4,0.0,0.4,0.3,13,7.0,0.4,1.2,0.8,1.0,5.0,7.0,6.0,1.0,2.3333333333333335,2.0,2.0,9.0,11.0,8.0,3.0,2.2,1.6,3.0,14.0,15.0,13.0,2.0,1.5,1.3,0.0,0.2,0.2,13,6.0,0.4,1.2,1.0,A,1.0
2018-10-27,2018-19,Apertura,14,False,Cruz Azul,América,0.0,0.0,0.0,0.0,footballcsv,119,1529.2890594438832,1555.2427791216599,-25.95371967777669,0,0,0,0.0,0.0,0,0,0,0,0.0,0.0,0,1.0,3.0,3.0,6.0,-3.0,1.0,2.0,2.0,6.0,5.0,8.0,-3.0,1.0,1.6,5.0,17.0,15.0,11.0,4.0,1.5,1.1,0.0,0.2,0.3,13,7.0,1.0,2.4,0.4,2.0,7.0,7.0,3.0,4.0,2.3333333333333335,1.0,4.0,13.0,12.0,6.0,6.0,2.4,1.2,6.0,21.0,20.0,11.0,9.0,2.0,1.1,0.3333333333333333,0.2,0.3,13,7.0,0.6,1.8,1.4,D,0.0
2018-10-27,2018-19,Apertura,14,False,Tigres UANL,Lobos BUAP,2.0,2.0,0.0,1.0,footballcsv,121,1519.4738660232283,1470.1117366233564,49.36212939987195,0,0,0,0.0,0.0,0,0,0,0,0.0,0.0,0,1.0,4.0,7.0,6.0,1.0,2.3333333333333335,2.0,1.0,6.0,8.0,7.0,1.0,1.6,1.4,3.0,13.0,18.0,14.0,4.0,1.8,1.4,0.3333333333333333,0.4,0.3,13,6.0,0.4,2.0,1.2,1.0,5.0,6.0,4.0,2.0,2.0,1.3333333333333333,2.0,8.0,9.0,8.0,1.0,1.8,1.6,2.0,9.0,10.0,17.0,-7.0,1.0,1.7,0.0,0.2,0.2,13,6.0,0.2,1.0,2.2,D,4.0
2018-10-28,2018-19,Apertura,14,False,León,Puebla,0.0,4.0,0.0,2.0,footballcsv,124,1500.4786780855563,1480.8165208397909,19.662157245765457,0,0,0,0.0,0.0,0,0,0,0,0.0,0.0,0,2.0,6.0,7.0,2.0,5.0,2.3333333333333335,0.6666666666666666,2.0,6.0,7.0,6.0,1.0,1.4,1.2,5.0,15.0,16.0,12.0,4.0,1.6,1.2,0.6666666666666666,0.4,0.4,13,8.0,0.4,1.6,1.0,0.0,2.0,4.0,6.0,-2.0,1.3333333333333333,2.0,1.0,5.0,7.0,9.0,-2.0,1.4,1.8,3.0,12.0,14.0,16.0,-2.0,1.4,1.6,0.0,0.2,0.2,13,7.0,0.2,1.0,1.6,A,4.0
2018-10-28,2018-19,Apertura,14,False,Toluca,Querétaro,4.0,0.0,1.0,0.0,footballcsv,125,1511.0993438982057,1512.9097442906354,-1.8104003924297558,0,0,0,0.0,0.0,0,0,0,0,0.0,0.0,0,1.0,3.0,3.0,5.0,-2.0,1.0,1.6666666666666667,3.0,9.0,9.0,9.0,0.0,1.8,1.8,6.0,18.0,17.0,14.0,3.0,1.7,1.4,0.0,0.0,0.1,13,8.0,0.8,2.2,1.2,1.0,4.0,3.0,3.0,0.0,1.0,1.0,1.0,5.0,4.0,5.0,-1.0,0.8,1.0,4.0,15.0,12.0,11.0,1.0,1.2,1.1,0.3333333333333333,0.2,0.3,13,8.0,0.4,1.4,1.4,H,4.0
2018-11-02,2018-19,Apertura,15,False,Monarcas Morelia,Tigres UANL,0.0,2.0,0.0,0.0,footballcsv,126,1508.034886291707,1515.9135493185263,-7.878663026819368,0,0,0,0.0,0.0,0,0,0,0,0.0,0.0,0,3.0,9.0,6.0,2.0,4.0,2.0,0.6666666666666666,3.0,10.0,7.0,5.0,2.0,1.4,1.0,4.0,15.0,13.0,14.0,-1.0,1.3,1.4,0.3333333333333333,0.4,0.3,14,6.0,0.4,1.2,1.2,0.0,2.0,7.0,8.0,-1.0,2.3333333333333335,2.6666666666666665,1.0,6.0,9.0,8.0,1.0,1.8,1.6,3.0,14.0,19.0,14.0,5.0,1.9,1.4,0.0,0.4,0.3,14,6.0,0.2,1.6,1.6,A,2.0
2018-11-02,2018-19,Apertura,15,False,Puebla,Guadalajara,2.0,2.0,0.0,2.0,footballcsv,127,1501.4049925499662,1494.0605359568756,7.3444565930906265,0,0,0,0.0,0.0,0,0,0,0,0.0,0.0,0,1.0,4.0,6.0,4.0,2.0,2.0,1.3333333333333333,1.0,5.0,10.0,9.0,1.0,2.0,1.8,4.0,15.0,17.0,14.0,3.0,1.7,1.4,0.3333333333333333,0.2,0.3,14,5.0,0.4,1.8,1.6,0.0,1.0,3.0,5.0,-2.0,1.0,1.6666666666666667,0.0,3.0,5.0,7.0,-2.0,1.0,1.4,4.0,15.0,14.0,12.0,2.0,1.4,1.2,0.0,0.0,0.3,14,6.0,0.6,1.8,0.8,D,4.0
2018-11-03,2018-19,Apertura,15,False,América,Toluca,1.0,1.0,1.0,1.0,footballcsv,131,1556.7859289992655,1523.2015319130105,33.58439708625497,0,0,0,0.0,0.0,0,0,0,0,0.0,0.0,0,2.0,7.0,6.0,2.0,4.0,2.0,0.6666666666666666,3.0,11.0,10.0,5.0,5.0,2.0,1.0,5.0,19.0,17.0,11.0,6.0,1.7,1.1,0.6666666666666666,0.4,0.3,14,7.0,0.6,2.2,0.8,2.0,6.0,7.0,3.0,4.0,2.3333333333333335,1.0,3.0,9.0,10.0,7.0,3.0,2.0,1.4,6.0,18.0,19.0,13.0,6.0,1.9,1.3,0.3333333333333333,0.2,0.2,14,6.0,0.4,1.2,1.6,D,2.0
2018-11-03,2018-19,Apertura,15,False,Monterrey,Veracruz,2.0,0.0,1.0,0.0,footballcsv,130,1513.7906517035212,1423.7128421005284,90.07780960299283,0,0,0,0.0,0.0,0,0,0,0,0.0,0.0,0,1.0,3.0,3.0,4.0,-1.0,1.0,1.3333333333333333,2.0,7.0,6.0,4.0,2.0,1.2,0.8,4.0,14.0,14.0,13.0,1.0,1.4,1.3,0.0,0.4,0.3,14,8.0,0.6,2.0,1.4,0.0,1.0,5.0,7.0,-2.0,1.6666666666666667,2.3333333333333335,0.0,2.0,6.0,12.0,-6.0,1.2,2.4,1.0,5.0,10.0,25.0,-15.0,1.0,2.5,0.3333333333333333,0.2,0.2,14,8.0,0.2,1.4,2.8,H,2.0
2018-11-03,2018-19,Apertura,15,False,Lobos BUAP,Tijuana,3.0,1.0,1.0,0.0,footballcsv,128,1473.6720533280584,1470.447871295763,3.2241820322954027,0,0,0,0.0,0.0,0,0,0,0,0.0,0.0,0,0.0,3.0,5.0,5.0,0.0,1.6666666666666667,1.6666666666666667,2.0,9.0,9.0,6.0,3.0,1.8,1.2,2.0,9.0,12.0,19.0,-7.0,1.2,1.9,0.0,0.2,0.1,14,7.0,0.2,1.0,1.2,0.0,1.0,1.0,5.0,-4.0,0.3333333333333333,1.6666666666666667,1.0,4.0,2.0,8.0,-6.0,0.4,1.6,3.0,11.0,6.0,14.0,-8.0,0.6,1.4,0.0,0.2,0.3,14,7.0,0.2,0.2,2.0,H,4.0
2018-11-03,2018-19,Apertura,15,False,Pachuca,Necaxa,6.0,2.0,3.0,0.0,footballcsv,129,1515.1156247106182,1464.911820043429,50.20380466718916,0,0,0,0.0,0.0,0,0,0,0,0.0,0.0,0,1.0,4.0,5.0,5.0,0.0,1.6666666666666667,1.6666666666666667,2.0,7.0,8.0,7.0,1.0,1.6,1.4,5.0,18.0,18.0,10.0,8.0,1.8,1.0,0.0,0.0,0.2,14,8.0,0.6,2.0,0.6,0.0,2.0,2.0,4.0,-2.0,0.6666666666666666,1.3333333333333333,0.0,2.0,4.0,8.0,-4.0,0.8,1.6,1.0,7.0,9.0,13.0,-4.0,0.9,1.3,0.3333333333333333,0.2,0.2,14,7.0,0.0,0.6,1.4,H,8.0
2018-11-04,2018-19,Apertura,15,False,Pumas UNAM,Cruz Azul,1.0,2.0,0.0,1.0,footballcsv,132,1544.989151848071,1527.7459095662775,17.243242281793528,0,0,0,0.0,0.0,0,0,0,0,0.0,0.0,0,2.0,7.0,6.0,4.0,2.0,2.0,1.3333333333333333,2.0,9.0,8.0,6.0,2.0,1.6,1.2,4.0,16.0,16.0,13.0,3.0,1.6,1.3,0.3333333333333333,0.4,0.2,14,8.0,0.2,1.8,1.6,1.0,4.0,2.0,3.0,-1.0,0.6666666666666666,1.0,2.0,7.0,5.0,6.0,-1.0,1.0,1.2,5.0,17.0,14.0,10.0,4.0,1.4,1.0,0.3333333333333333,0.4,0.4,14,8.0,0.0,0.6,1.8,A,3.0
2018-11-04,2018-19,Apertura,15,False,Querétaro,Santos Laguna,2.0,1.0,1.0,0.0,footballcsv,133,1500.8075562758306,1540.1569579471875,-39.34940167135687,0,0,0,0.0,0.0,0,0,0,0,0.0,0.0,0,1.0,4.0,3.0,5.0,-2.0,1.0,1.6666666666666667,1.0,5.0,4.0,8.0,-4.0,0.8,1.6,4.0,15.0,12.0,11.0,1.0,1.2,1.1,0.3333333333333333,0.2,0.3,14,7.0,0.4,1.0,0.8,2.0,7.0,5.0,2.0,3.0,1.6666666666666667,0.6666666666666666,3.0,11.0,7.0,3.0,4.0,1.4,0.6,5.0,19.0,17.0,9.0,8.0,1.7,0.9,0.3333333333333333,0.4,0.3,14,9.0,0.4,1.4,1.2,H,3.0
2018-11-04,2018-19,Apertura,15,False,Atlas,León,0.0,0.0,0.0,0.0,footballcsv,134,1445.357929775983,1479.890206375381,-34.532276599398074,0,0,0,0.0,0.0,0,0,0,0,0.0,0.0,0,1.0,4.0,7.0,8.0,-1.0,2.3333333333333335,2.6666666666666665,2.0,7.0,9.0,10.0,-1.0,1.8,2.0,2.0,7.0,10.0,18.0,-8.0,1.0,1.8,0.0,0.2,0.1,14,8.0,0.4,1.2,1.2,1.0,3.0,3.0,6.0,-3.0,1.0,2.0,2.0,6.0,7.0,7.0,0.0,1.4,1.4,4.0,12.0,12.0,16.0,-4.0,1.2,1.6,0.3333333333333333,0.4,0.3,14,7.0,0.6,1.6,1.4,D,0.0
2018-11-09,2018-19,Apertura,16,False,Atlas,Pachuca,0.0,0.0,0.0,0.0,footballcsv,135,1444.0566834458036,1524.868658423205,-80.8119749774014,0,0,0,0.0,0.0,0,0,0,0,0.0,0.0,0,1.0,5.0,6.0,5.0,1.0,2.0,1.6666666666666667,2.0,8.0,9.0,8.0,1.0,1.8,1.6,2.0,8.0,10.0,17.0,-7.0,1.0,1.7,0.3333333333333333,0.4,0.2,15,5.0,0.4,1.2,1.0,2.0,7.0,10.0,5.0,5.0,3.3333333333333335,1.6666666666666667,3.0,10.0,14.0,8.0,6.0,2.8,1.6,5.0,18.0,21.0,12.0,9.0,2.1,1.2,0.0,0.0,0.1,15,6.0,0.4,1.6,1.4,D,0.0
2018-11-09,2018-19,Apertura,16,False,Veracruz,Querétaro,2.0,2.0,2.0,0.0,footballcsv,136,1418.1432162950916,1506.8206073283657,-88.67739103327403,0,0,0,0.0,0.0,0,0,0,0,0.0,0.0,0,0.0,0.0,5.0,9.0,-4.0,1.6666666666666667,3.0,0.0,1.0,5.0,13.0,-8.0,1.0,2.6,1.0,5.0,10.0,25.0,-15.0,1.0,2.5,0.0,0.2,0.2,15,6.0,0.2,1.0,2.0,2.0,6.0,4.0,5.0,-1.0,1.3333333333333333,1.6666666666666667,2.0,7.0,5.0,8.0,-3.0,1.0,1.6,5.0,17.0,13.0,11.0,2.0,1.3,1.1,0.3333333333333333,0.2,0.3,15,5.0,0.4,1.4,1.4,D,4.0
2018-11-10,2018-19,Apertura,16,False,Tijuana,Monarcas Morelia,2.0,3.0,0.0,1.0,footballcsv,137,1462.3504620105432,1494.800444353665,-32.44998234312175,0,0,0,0.0,0.0,0,0,0,0,0.0,0.0,0,0.0,0.0,1.0,7.0,-6.0,0.3333333333333333,2.3333333333333335,0.0,1.0,2.0,11.0,-9.0,0.4,2.2,3.0,11.0,7.0,14.0,-7.0,0.7,1.4,0.0,0.0,0.3,15,7.0,0.4,1.0,0.8,2.0,6.0,4.0,3.0,1.0,1.3333333333333333,1.0,3.0,9.0,7.0,7.0,0.0,1.4,1.4,3.0,12.0,12.0,16.0,-4.0,1.2,1.6,0.3333333333333333,0.2,0.2,15,8.0,0.4,1.6,1.8,A,5.0
2018-11-10,2018-19,Apertura,16,False,Tigres UANL,Puebla,6.0,1.0,4.0,1.0,footballcsv,138,1529.1479912565683,1498.942673208564,30.2053180480043,0,0,0,0.0,0.0,0,0,0,0,0.0,0.0,0,1.0,5.0,7.0,5.0,2.0,2.3333333333333335,1.6666666666666667,2.0,8.0,11.0,8.0,3.0,2.2,1.6,4.0,17.0,20.0,11.0,9.0,2.0,1.1,0.3333333333333333,0.4,0.4,15,8.0,0.4,2.2,1.2,1.0,4.0,6.0,4.0,2.0,2.0,1.3333333333333333,1.0,6.0,10.0,8.0,2.0,2.0,1.6,4.0,15.0,17.0,14.0,3.0,1.7,1.4,0.3333333333333333,0.2,0.3,15,8.0,0.4,1.4,1.2,H,7.0
2018-11-10,2018-19,Apertura,16,False,Necaxa,Monterrey,1.0,1.0,0.0,1.0,footballcsv,139,1455.1587863308423,1519.360277508958,-64.2014911781157,0,0,0,0.0,0.0,0,0,0,0,0.0,0.0,0,0.0,1.0,4.0,10.0,-6.0,1.3333333333333333,3.3333333333333335,0.0,2.0,4.0,11.0,-7.0,0.8,2.2,1.0,6.0,9.0,17.0,-8.0,0.9,1.7,0.0,0.2,0.2,15,7.0,0.2,1.0,1.2,2.0,6.0,4.0,2.0,2.0,1.3333333333333333,0.6666666666666666,3.0,9.0,8.0,4.0,4.0,1.6,0.8,4.0,14.0,15.0,13.0,2.0,1.5,1.3,0.3333333333333333,0.4,0.3,15,7.0,0.2,0.8,1.2,D,2.0
2018-11-10,2018-19,Apertura,16,False,León,Guadalajara,0.0,1.0,0.0,0.0,footballcsv,140,1481.1914527055603,1496.5228552982778,-15.331402592717495,0,0,0,0.0,0.0,0,0,0,0,0.0,0.0,0,1.0,4.0,2.0,4.0,-2.0,0.6666666666666666,1.3333333333333333,2.0,7.0,7.0,6.0,1.0,1.4,1.2,4.0,13.0,12.0,13.0,-1.0,1.2,1.3,0.6666666666666666,0.6,0.4,15,6.0,0.2,0.8,1.8,0.0,2.0,4.0,5.0,-1.0,1.3333333333333333,1.6666666666666667,0.0,3.0,6.0,8.0,-2.0,1.2,1.6,3.0,13.0,14.0,14.0,0.0,1.4,1.4,0.0,0.0,0.2,15,8.0,0.4,1.8,1.2,A,1.0
2018-11-10,2018-19,Apertura,16,False,Cruz Azul,Lobos BUAP,2.0,1.0,2.0,1.0,footballcsv,141,1536.568300244267,1481.7694626132782,54.79883763098883,0,0,0,0.0,0.0,0,0,0,0,0.0,0.0,0,1.0,4.0,2.0,3.0,-1.0,0.6666666666666666,1.0,2.0,7.0,5.0,7.0,-2.0,1.0,1.4,5.0,17.0,13.0,11.0,2.0,1.3,1.1,0.3333333333333333,0.2,0.3,15,6.0,0.8,1.8,0.4,1.0,5.0,6.0,4.0,2.0,2.0,1.3333333333333333,2.0,9.0,11.0,7.0,4.0,2.2,1.4,3.0,12.0,15.0,17.0,-2.0,1.5,1.7,0.0,0.0,0.1,15,7.0,0.2,1.4,2.0,H,3.0
2018-11-11,2018-19,Apertura,16,False,Santos Laguna,América,1.0,1.0,0.0,0.0,footballcsv,142,1534.1439068946524,1553.6284039145992,-19.48449701994673,0,0,0,0.0,0.0,0,0,0,0,0.0,0.0,0,1.0,4.0,3.0,3.0,0.0,1.0,1.0,3.0,10.0,7.0,4.0,3.0,1.4,0.8,4.0,16.0,15.0,10.0,5.0,1.5,1.0,0.3333333333333333,0.4,0.3,15,7.0,0.6,1.8,0.6,1.0,5.0,4.0,1.0,3.0,1.3333333333333333,0.3333333333333333,2.0,9.0,8.0,4.0,4.0,1.6,0.8,5.0,19.0,17.0,11.0,6.0,1.7,1.1,0.6666666666666666,0.4,0.3,15,8.0,0.6,1.6,1.2,D,2.0
2018-11-11,2018-19,Apertura,16,False,Toluca,Pumas UNAM,0.0,1.0,0.0,1.0,footballcsv,143,1526.3590569976768,1536.1667611700816,-9.807704172404783,0,0,0,0.0,0.0,0,0,0,0,0.0,0.0,0,1.0,4.0,6.0,3.0,3.0,2.0,1.0,2.0,7.0,8.0,6.0,2.0,1.6,1.2,5.0,16.0,17.0,14.0,3.0,1.7,1.4,0.3333333333333333,0.2,0.1,15,8.0,0.8,2.4,1.2,1.0,4.0,5.0,5.0,0.0,1.6666666666666667,1.6666666666666667,2.0,8.0,9.0,8.0,1.0,1.8,1.6,4.0,16.0,17.0,14.0,3.0,1.7,1.4,0.3333333333333333,0.2,0.2,15,7.0,0.6,1.4,0.8,A,1.0
2018-11-23,2018-19,Apertura,17,False,Monarcas Morelia,Cruz Azul,0.0,2.0,0.0,0.0,footballcsv,145,1502.6746782159394,1540.6854957415892,-38.01081752564983,0,0,0,0.0,0.0,0,0,0,0,0.0,0.0,0,2.0,6.0,5.0,5.0,0.0,1.6666666666666667,1.6666666666666667,4.0,12.0,9.0,6.0,3.0,1.8,1.2,4.0,14.0,14.0,17.0,-3.0,1.4,1.7,0.0,0.2,0.2,16,13.0,0.2,0.8,1.4,2.0,7.0,4.0,2.0,2.0,1.3333333333333333,0.6666666666666666,3.0,10.0,6.0,5.0,1.0,1.2,1.0,5.0,17.0,14.0,12.0,2.0,1.4,1.2,0.3333333333333333,0.2,0.2,16,13.0,0.2,0.8,1.8,A,2.0
2018-11-23,2018-19,Apertura,17,False,Puebla,Tijuana,0.0,0.0,0.0,0.0,footballcsv,144,1487.117594677334,1454.4762281482688,32.64136652906518,0,0,0,0.0,0.0,0,0,0,0,0.0,0.0,0,1.0,4.0,7.0,8.0,-1.0,2.3333333333333335,2.6666666666666665,1.0,5.0,9.0,12.0,-3.0,1.8,2.4,3.0,12.0,16.0,20.0,-4.0,1.6,2.0,0.3333333333333333,0.2,0.2,16,13.0,0.4,2.0,1.6,0.0,0.0,3.0,7.0,-4.0,1.0,2.3333333333333335,0.0,1.0,4.0,11.0,-7.0,0.8,2.2,3.0,10.0,7.0,15.0,-8.0,0.7,1.5,0.0,0.0,0.3,16,13.0,0.2,0.4,2.0,D,0.0
2018-11-24,2018-19,Apertura,17,False,Querétaro,Necaxa,1.0,0.0,1.0,0.0,footballcsv,146,1506.5709038555224,1454.7043818392574,51.86652201626498,0,0,0,0.0,0.0,0,0,0,0,0.0,0.0,0,1.0,4.0,4.0,7.0,-3.0,1.3333333333333333,2.3333333333333335,2.0,8.0,7.0,8.0,-1.0,1.4,1.6,4.0,15.0,14.0,13.0,1.0,1.4,1.3,0.0,0.2,0.2,16,15.0,0.6,1.2,0.8,0.0,2.0,5.0,9.0,-4.0,1.6666666666666667,3.0,0.0,3.0,5.0,11.0,-6.0,1.0,2.2,1.0,7.0,10.0,17.0,-7.0,1.0,1.7,0.0,0.2,0.2,16,14.0,0.0,0.8,2.2,H,1.0
2018-11-24,2018-19,Apertura,17,False,Pachuca,León,1.0,1.0,1.0,1.0,footballcsv,147,1524.8452879472677,1472.9845133745184,51.86077457274928,0,0,0,0.0,0.0,0,0,0,0,0.0,0.0,0,2.0,7.0,9.0,4.0,5.0,3.0,1.3333333333333333,2.0,8.0,11.0,7.0,4.0,2.2,1.4,5.0,18.0,20.0,11.0,9.0,2.0,1.1,0.3333333333333333,0.2,0.2,16,15.0,0.6,2.6,1.0,0.0,1.0,0.0,5.0,-5.0,0.0,1.6666666666666667,1.0,4.0,3.0,7.0,-4.0,0.6,1.4,3.0,10.0,10.0,14.0,-4.0,1.0,1.4,0.3333333333333333,0.4,0.3,16,14.0,0.6,1.6,0.8,D,2.0
2018-11-24,2018-19,Apertura,17,False,América,Veracruz,4.0,1.0,3.0,1.0,footballcsv,148,1555.3527773463913,1418.392919767935,136.95985757845642,0,0,0,0.0,0.0,0,0,0,0,0.0,0.0,0,0.0,3.0,2.0,2.0,0.0,0.6666666666666666,0.6666666666666666,2.0,9.0,8.0,4.0,4.0,1.6,0.8,5.0,20.0,18.0,10.0,8.0,1.8,1.0,0.3333333333333333,0.4,0.3,16,13.0,0.4,1.8,1.0,0.0,1.0,4.0,7.0,-3.0,1.3333333333333333,2.3333333333333335,0.0,2.0,7.0,11.0,-4.0,1.4,2.2,1.0,6.0,12.0,23.0,-11.0,1.2,2.3,0.0,0.2,0.2,16,15.0,0.0,1.0,3.0,H,5.0
2018-11-24,2018-19,Apertura,17,False,Guadalajara,Tigres UANL,0.0,1.0,0.0,0.0,footballcsv,149,1504.7297946293197,1540.9730697877983,-36.24327515847858,0,0,0,0.0,0.0,0,0,0,0,0.0,0.0,0,1.0,4.0,4.0,4.0,0.0,1.3333333333333333,1.3333333333333333,1.0,5.0,6.0,7.0,-1.0,1.2,1.4,3.0,13.0,14.0,14.0,0.0,1.4,1.4,0.3333333333333333,0.2,0.2,16,14.0,0.2,1.0,1.6,2.0,7.0,10.0,3.0,7.0,3.3333333333333335,1.0,2.0,8.0,15.0,9.0,6.0,3.0,1.8,4.0,17.0,22.0,12.0,10.0,2.2,1.2,0.3333333333333333,0.2,0.3,16,14.0,0.4,1.8,1.0,A,1.0
2018-11-24,2018-19,Apertura,17,False,Monterrey,Atlas,3.0,1.0,1.0,0.0,footballcsv,150,1519.814682000543,1444.080053921741,75.73462807880196,0,0,0,0.0,0.0,0,0,0,0,0.0,0.0,0,1.0,4.0,3.0,2.0,1.0,1.0,0.6666666666666666,2.0,7.0,6.0,5.0,1.0,1.2,1.0,3.0,12.0,14.0,13.0,1.0,1.4,1.3,0.3333333333333333,0.2,0.3,16,14.0,0.6,2.2,1.4,0.0,3.0,2.0,2.0,0.0,0.6666666666666666,0.6666666666666666,1.0,6.0,7.0,8.0,-1.0,1.4,1.6,2.0,9.0,10.0,15.0,-5.0,1.0,1.5,0.6666666666666666,0.4,0.3,16,15.0,0.0,0.8,2.4,H,4.0
2018-11-25,2018-19,Apertura,17,False,Lobos BUAP,Toluca,2.0,0.0,1.0,0.0,footballcsv,151,1477.652267115956,1518.0459686444503,-40.393701528494375,0,0,0,0.0,0.0,0,0,0,0,0.0,0.0,0,1.0,4.0,6.0,5.0,1.0,2.0,1.6666666666666667,1.0,6.0,9.0,8.0,1.0,1.8,1.6,3.0,12.0,15.0,17.0,-2.0,1.5,1.7,0.0,0.0,0.1,16,15.0,0.4,1.6,1.4,1.0,4.0,5.0,2.0,3.0,1.6666666666666667,0.6666666666666666,2.0,7.0,8.0,5.0,3.0,1.6,1.0,5.0,16.0,17.0,14.0,3.0,1.7,1.4,0.3333333333333333,0.2,0.1,16,14.0,0.2,1.0,1.6,H,2.0
2018-11-25,2018-19,Apertura,17,False,Pumas UNAM,Santos Laguna,1.0,1.0,0.0,1.0,footballcsv,152,1544.479849523308,1532.4195334628603,12.060316060447803,0,0,0,0.0,0.0,0,0,0,0,0.0,0.0,0,2.0,6.0,3.0,2.0,1.0,1.0,0.6666666666666666,3.0,10.0,8.0,6.0,2.0,1.6,1.2,5.0,19.0,18.0,13.0,5.0,1.8,1.3,0.6666666666666666,0.4,0.3,16,14.0,0.2,2.0,2.0,1.0,4.0,3.0,3.0,0.0,1.0,1.0,2.0,8.0,7.0,5.0,2.0,1.4,1.0,4.0,16.0,14.0,9.0,5.0,1.4,0.9,0.3333333333333333,0.2,0.3,16,14.0,0.2,1.2,1.4,D,2.0
2018-11-28,2018-19,Apertura - Liguilla,Quarterfinals,True,Monterrey,Santos Laguna,1.0,0.0,0.0,0.0,footballcsv,153,1525.7607598584568,1535.0089241155497,-9.248164257092867,0,0,1,0.0,1.0,1,0,0,1,0.0,1.0,1,2.0,7.0,6.0,2.0,4.0,2.0,0.6666666666666666,3.0,10.0,8.0,4.0,4.0,1.6,0.8,4.0,14.0,15.0,12.0,3.0,1.5,1.2,0.3333333333333333,0.2,0.3,17,4.0,0.8,2.4,1.2,0.0,2.0,3.0,4.0,-1.0,1.0,1.3333333333333333,1.0,6.0,5.0,5.0,0.0,1.0,1.0,4.0,16.0,14.0,9.0,5.0,1.4,0.9,0.0,0.2,0.3,17,3.0,0.2,1.0,1.2,H,1.0
2018-11-28,2018-19,Apertura - Liguilla,Quarterfinals,True,Querétaro,Cruz Azul,0.0,2.0,0.0,1.0,footballcsv,154,1510.7410769647897,1552.9929152949564,-42.25183833016672,1,0,0,2.0,0.0,1,1,0,0,2.0,0.0,1,2.0,7.0,5.0,3.0,2.0,1.6666666666666667,1.0,3.0,10.0,7.0,7.0,0.0,1.4,1.4,4.0,15.0,13.0,13.0,0.0,1.3,1.3,0.3333333333333333,0.4,0.2,17,4.0,0.6,1.0,0.8,3.0,9.0,6.0,2.0,4.0,2.0,0.6666666666666666,3.0,10.0,6.0,4.0,2.0,1.2,0.8,6.0,19.0,15.0,11.0,4.0,1.5,1.1,0.3333333333333333,0.4,0.3,17,5.0,0.4,1.0,1.6,A,2.0
2018-11-29,2018-19,Apertura - Liguilla,Quarterfinals,True,Toluca,América,2.0,2.0,1.0,2.0,footballcsv,155,1508.479055773217,1560.977787004453,-52.49873123123598,0,1,0,1.0,1.0,1,0,1,0,1.0,1.0,1,0.0,1.0,1.0,4.0,-3.0,0.3333333333333333,1.3333333333333333,1.0,4.0,6.0,6.0,0.0,1.2,1.2,5.0,16.0,16.0,14.0,2.0,1.6,1.4,0.0,0.2,0.1,17,4.0,0.8,2.2,1.0,1.0,5.0,6.0,3.0,3.0,2.0,1.0,2.0,9.0,9.0,3.0,6.0,1.8,0.6,6.0,22.0,20.0,9.0,11.0,2.0,0.9,0.0,0.4,0.3,17,5.0,0.6,1.8,1.0,D,4.0
2018-11-29,2018-19,Apertura - Liguilla,Quarterfinals,True,Tigres UANL,Pumas UNAM,2.0,1.0,0.0,1.0,footballcsv,156,1548.7729184908883,1541.8904588706187,6.882459620269628,0,1,0,3.0,3.0,1,0,1,0,3.0,3.0,1,3.0,9.0,9.0,1.0,8.0,3.0,0.3333333333333333,3.0,11.0,14.0,6.0,8.0,2.8,1.2,5.0,19.0,22.0,11.0,11.0,2.2,1.1,0.6666666666666666,0.4,0.4,17,5.0,0.4,2.6,1.4,1.0,4.0,3.0,3.0,0.0,1.0,1.0,2.0,8.0,7.0,6.0,1.0,1.4,1.2,5.0,19.0,17.0,12.0,5.0,1.7,1.2,0.3333333333333333,0.4,0.3,17,4.0,0.8,1.2,0.4,H,3.0
2018-12-01,2018-19,Apertura - Liguilla,Quarterfinals,True,Santos Laguna,Monterrey,0.0,2.0,0.0,0.0,footballcsv,157,1529.6423728180725,1531.127311155934,-1.484938337861422,1,0,1,1.0,1.0,2,1,0,1,1.0,1.0,2,0.0,2.0,2.0,3.0,-1.0,0.6666666666666666,1.0,1.0,5.0,4.0,5.0,-1.0,0.8,1.0,4.0,16.0,13.0,8.0,5.0,1.3,0.8,0.0,0.2,0.3,18,3.0,0.6,1.8,0.6,2.0,7.0,5.0,2.0,3.0,1.6666666666666667,0.6666666666666666,3.0,10.0,7.0,3.0,4.0,1.4,0.6,5.0,17.0,15.0,10.0,5.0,1.5,1.0,0.3333333333333333,0.4,0.4,18,3.0,0.0,0.6,1.2,A,2.0
2018-12-01,2018-19,Apertura - Liguilla,Quarterfinals,True,Cruz Azul,Querétaro,1.0,1.0,1.0,0.0,footballcsv,158,1565.1679832601867,1498.5660089995595,66.60197426062723,1,0,1,2.0,2.0,2,1,0,1,2.0,2.0,2,3.0,9.0,6.0,1.0,5.0,2.0,0.3333333333333333,4.0,13.0,8.0,2.0,6.0,1.6,0.4,6.0,19.0,13.0,10.0,3.0,1.3,1.0,0.6666666666666666,0.6,0.4,18,3.0,0.8,2.0,0.6,1.0,4.0,3.0,4.0,-1.0,1.0,1.3333333333333333,2.0,7.0,5.0,9.0,-4.0,1.0,1.8,3.0,12.0,9.0,14.0,-5.0,0.9,1.4,0.3333333333333333,0.2,0.2,18,3.0,0.2,1.6,1.8,D,2.0
2018-12-02,2018-19,Apertura - Liguilla,Quarterfinals,True,Pumas UNAM,Tigres UANL,3.0,1.0,0.0,0.0,footballcsv,159,1536.8559006666435,1553.8074766948635,-16.95157602821996,0,1,1,4.0,5.0,2,0,1,1,4.0,5.0,2,1.0,4.0,3.0,3.0,0.0,1.0,1.0,2.0,7.0,5.0,5.0,0.0,1.0,1.0,4.0,16.0,16.0,13.0,3.0,1.6,1.3,0.3333333333333333,0.4,0.3,18,3.0,0.2,2.2,2.0,3.0,9.0,9.0,2.0,7.0,3.0,0.6666666666666666,4.0,13.0,13.0,4.0,9.0,2.6,0.8,5.0,19.0,21.0,11.0,10.0,2.1,1.1,0.3333333333333333,0.4,0.4,18,3.0,0.6,1.8,0.8,H,4.0
2018-12-02,2018-19,Apertura - Liguilla,Quarterfinals,True,América,Toluca,3.0,2.0,2.0,0.0,footballcsv,160,1561.7676881241653,1507.6891546535046,54.07853347066066,0,2,0,3.0,3.0,2,0,2,0,3.0,3.0,2,1.0,5.0,7.0,4.0,3.0,2.3333333333333335,1.3333333333333333,1.0,7.0,8.0,5.0,3.0,1.6,1.0,5.0,20.0,20.0,11.0,9.0,2.0,1.1,0.0,0.2,0.2,18,3.0,0.6,2.2,0.8,0.0,1.0,2.0,5.0,-3.0,0.6666666666666666,1.6666666666666667,1.0,5.0,7.0,6.0,1.0,1.4,1.2,4.0,14.0,16.0,15.0,1.0,1.6,1.5,0.0,0.2,0.1,18,3.0,0.2,1.0,1.8,H,5.0
2018-12-05,2018-19,Apertura - Liguilla,Semifinals,True,Monterrey,Cruz Azul,1.0,0.0,1.0,0.0,footballcsv,161,1544.5547106268407,1561.1822269490922,-16.627516322251495,0,0,1,1.0,2.0,1,0,0,1,1.0,2.0,1,3.0,9.0,6.0,1.0,5.0,2.0,0.3333333333333333,4.0,13.0,9.0,2.0,7.0,1.8,0.4,6.0,20.0,15.0,6.0,9.0,1.5,0.6,0.6666666666666666,0.6,0.5,19,4.0,1.0,2.2,0.4,2.0,7.0,5.0,1.0,4.0,1.6666666666666667,0.3333333333333333,4.0,13.0,9.0,3.0,6.0,1.8,0.6,6.0,20.0,14.0,9.0,5.0,1.4,0.9,0.6666666666666666,0.4,0.4,19,4.0,0.6,1.4,1.2,H,1.0
2018-12-06,2018-19,Apertura - Liguilla,Semifinals,True,Pumas UNAM,América,1.0,1.0,0.0,1.0,footballcsv,162,1545.618861472001,1565.897857528049,-20.278996056047845,0,1,0,2.0,2.0,1,0,1,0,2.0,2.0,1,1.0,4.0,5.0,4.0,1.0,1.6666666666666667,1.3333333333333333,2.0,7.0,7.0,6.0,1.0,1.4,1.2,4.0,16.0,15.0,12.0,3.0,1.5,1.2,0.0,0.2,0.3,19,4.0,0.2,2.0,1.8,2.0,7.0,9.0,5.0,4.0,3.0,1.6666666666666667,2.0,9.0,11.0,7.0,4.0,2.2,1.4,5.0,20.0,21.0,12.0,9.0,2.1,1.2,0.0,0.0,0.2,19,4.0,0.4,1.8,1.4,D,2.0
2018-12-08,2018-19,Apertura - Liguilla,Semifinals,True,Cruz Azul,Monterrey,1.0,0.0,0.0,0.0,footballcsv,163,1555.660286435928,1550.076651140005,5.583635295922932,1,0,1,2.0,2.0,2,1,0,1,2.0,2.0,2,1.0,4.0,3.0,2.0,1.0,1.0,0.6666666666666666,3.0,10.0,7.0,3.0,4.0,1.4,0.6,5.0,17.0,12.0,10.0,2.0,1.2,1.0,0.3333333333333333,0.4,0.3,20,3.0,0.6,1.4,0.6,3.0,9.0,4.0,0.0,4.0,1.3333333333333333,0.0,4.0,13.0,8.0,2.0,6.0,1.6,0.4,7.0,22.0,16.0,6.0,10.0,1.6,0.6,1.0,0.6,0.5,20,3.0,0.2,0.8,0.8,H,1.0
2018-12-09,2018-19,Apertura - Liguilla,Semifinals,True,América,Pumas UNAM,6.0,1.0,3.0,1.0,footballcsv,164,1567.6000346830288,1543.9166843170212,23.683350366007517,0,2,0,3.0,3.0,2,0,2,0,3.0,3.0,2,1.0,5.0,6.0,5.0,1.0,2.0,1.6666666666666667,2.0,9.0,11.0,7.0,4.0,2.2,1.4,4.0,18.0,19.0,11.0,8.0,1.9,1.1,0.0,0.0,0.2,20,3.0,0.6,2.4,1.0,1.0,4.0,5.0,4.0,1.0,1.6666666666666667,1.3333333333333333,2.0,8.0,7.0,5.0,2.0,1.4,1.0,4.0,16.0,16.0,13.0,3.0,1.6,1.3,0.0,0.2,0.2,20,3.0,0.6,1.0,0.6,H,7.0
2018-12-13,2018-19,Apertura - Liguilla,Final,True,América,Cruz Azul,0.0,0.0,0.0,0.0,footballcsv,165,1579.7511817199293,1560.7211718485369,19.030009871392394,0,1,0,0.0,0.0,1,0,1,0,0.0,0.0,1,2.0,7.0,10.0,4.0,6.0,3.3333333333333335,1.3333333333333333,3.0,11.0,16.0,7.0,9.0,3.2,1.4,5.0,20.0,24.0,11.0,13.0,2.4,1.1,0.0,0.0,0.2,21,4.0,0.8,3.4,1.0,1.0,4.0,2.0,2.0,0.0,0.6666666666666666,0.6666666666666666,3.0,10.0,6.0,2.0,4.0,1.2,0.4,6.0,20.0,12.0,7.0,5.0,1.2,0.7,0.3333333333333333,0.6,0.4,21,5.0,0.6,1.2,0.8,D,0.0
2018-12-16,2018-19,Apertura - Liguilla,Final,True,Cruz Azul,América,0.0,2.0,0.0,0.0,footballcsv,166,1563.4967240625183,1576.9756295059478,-13.47890544342954,0,2,0,0.0,0.0,2,0,2,0,0.0,0.0,2,1.0,4.0,1.0,1.0,0.0,0.3333333333333333,0.3333333333333333,2.0,8.0,4.0,2.0,2.0,0.8,0.4,5.0,18.0,10.0,6.0,4.0,1.0,0.6,0.6666666666666666,0.6,0.5,22,3.0,0.6,1.2,0.6,1.0,5.0,7.0,2.0,5.0,2.3333333333333335,0.6666666666666666,2.0,9.0,12.0,6.0,6.0,2.4,1.2,4.0,18.0,21.0,9.0,12.0,2.1,0.9,0.3333333333333333,0.2,0.3,22,3.0,0.2,1.4,1.2,A,2.0
2019-01-04,2018-19,Clausura,1,False,Monarcas Morelia,Toluca,1.0,3.0,1.0,2.0,footballcsv,167,1490.367258662572,1503.558985249621,-13.191726587048834,0,0,1,0.0,2.0,1,0,0,1,0.0,2.0,1,1.0,3.0,3.0,6.0,-3.0,1.0,2.0,3.0,9.0,7.0,7.0,0.0,1.4,1.4,4.0,13.0,12.0,17.0,-5.0,1.2,1.7,0.0,0.2,0.2,17,42.0,0.2,0.6,1.6,0.0,1.0,4.0,7.0,-3.0,1.3333333333333333,2.3333333333333335,0.0,2.0,5.0,9.0,-4.0,1.0,1.8,3.0,11.0,15.0,16.0,-1.0,1.5,1.6,0.0,0.0,0.1,19,33.0,0.0,0.8,2.0,A,4.0
2019-01-04,2018-19,Clausura,1,False,Puebla,Cruz Azul,1.0,1.0,1.0,1.0,footballcsv,168,1483.9845269869697,1550.432495330071,-66.44796834310137,0,0,1,0.0,3.0,1,0,0,1,0.0,3.0,1,0.0,2.0,3.0,8.0,-5.0,1.0,2.6666666666666665,1.0,5.0,7.0,10.0,-3.0,1.4,2.0,3.0,13.0,16.0,18.0,-2.0,1.6,1.8,0.3333333333333333,0.4,0.3,17,42.0,0.2,1.6,1.6,1.0,4.0,1.0,2.0,-1.0,0.3333333333333333,0.6666666666666666,1.0,5.0,2.0,4.0,-2.0,0.4,0.8,5.0,18.0,10.0,6.0,4.0,1.0,0.6,0.6666666666666666,0.4,0.5,23,19.0,0.6,1.2,0.4,D,2.0
2019-01-05,2018-19,Clausura,1,False,León,Tigres UANL,2.0,2.0,1.0,1.0,footballcsv,172,1476.6074693348314,1545.0445158895059,-68.43704655467445,0,0,1,0.0,2.0,1,0,0,1,0.0,2.0,1,0.0,2.0,1.0,2.0,-1.0,0.3333333333333333,0.6666666666666666,1.0,5.0,3.0,6.0,-3.0,0.6,1.2,2.0,8.0,9.0,14.0,-5.0,0.9,1.4,0.3333333333333333,0.4,0.3,17,42.0,0.0,0.4,2.0,2.0,6.0,4.0,4.0,0.0,1.3333333333333333,1.3333333333333333,4.0,12.0,12.0,5.0,7.0,2.4,1.0,5.0,18.0,21.0,13.0,8.0,2.1,1.3,0.3333333333333333,0.4,0.4,19,34.0,0.6,1.8,1.2,D,4.0
2019-01-05,2018-19,Clausura,1,False,Monterrey,Pachuca,5.0,0.0,1.0,0.0,footballcsv,171,1545.015765727396,1521.2223319869547,23.793433740441287,1,0,0,1.0,0.0,1,1,0,0,1.0,0.0,1,2.0,6.0,3.0,1.0,2.0,1.0,0.3333333333333333,4.0,12.0,7.0,2.0,5.0,1.4,0.4,6.0,19.0,13.0,7.0,6.0,1.3,0.7,0.6666666666666666,0.6,0.4,21,28.0,1.0,1.8,0.4,1.0,5.0,7.0,3.0,4.0,2.3333333333333335,1.0,2.0,9.0,11.0,6.0,5.0,2.2,1.2,4.0,16.0,19.0,12.0,7.0,1.9,1.2,0.3333333333333333,0.2,0.1,17,42.0,0.4,1.4,1.2,H,5.0
2019-01-05,2018-19,Clausura,1,False,Querétaro,Atlas,1.0,2.0,1.0,1.0,footballcsv,170,1502.551765310654,1438.133976063827,64.41778924682694,0,1,0,0.0,0.0,1,0,1,0,0.0,0.0,1,1.0,4.0,2.0,3.0,-1.0,0.6666666666666666,1.0,2.0,8.0,6.0,6.0,0.0,1.2,1.2,3.0,13.0,10.0,14.0,-4.0,1.0,1.4,0.3333333333333333,0.2,0.2,19,35.0,0.6,1.0,1.0,0.0,2.0,1.0,3.0,-2.0,0.3333333333333333,1.0,1.0,6.0,7.0,8.0,-1.0,1.4,1.6,2.0,9.0,11.0,17.0,-6.0,1.1,1.7,0.6666666666666666,0.4,0.3,17,42.0,0.0,1.0,2.6,A,3.0
2019-01-05,2018-19,Clausura,1,False,Guadalajara,Tijuana,2.0,0.0,0.0,0.0,footballcsv,169,1496.9299459262297,1457.609295838633,39.32065008759673,0,0,1,1.0,2.0,1,0,0,1,1.0,2.0,1,1.0,4.0,3.0,3.0,0.0,1.0,1.0,1.0,5.0,5.0,6.0,-1.0,1.0,1.2,2.0,10.0,13.0,15.0,-2.0,1.3,1.5,0.3333333333333333,0.2,0.1,17,42.0,0.0,0.8,1.8,0.0,1.0,3.0,6.0,-3.0,1.0,2.0,0.0,1.0,3.0,10.0,-7.0,0.6,2.0,3.0,11.0,7.0,14.0,-7.0,0.7,1.4,0.3333333333333333,0.2,0.4,17,43.0,0.2,0.4,1.8,H,2.0
2019-01-06,2018-19,Clausura,1,False,Lobos BUAP,Santos Laguna,2.0,0.0,0.0,0.0,footballcsv,173,1487.2191799871894,1516.2149733471658,-28.99579335997646,0,0,1,1.0,2.0,1,0,0,1,1.0,2.0,1,2.0,6.0,6.0,3.0,3.0,2.0,1.0,2.0,8.0,9.0,6.0,3.0,1.8,1.2,4.0,15.0,17.0,15.0,2.0,1.7,1.5,0.3333333333333333,0.2,0.2,17,42.0,0.6,1.8,1.0,0.0,1.0,1.0,4.0,-3.0,0.3333333333333333,1.3333333333333333,0.0,2.0,3.0,7.0,-4.0,0.6,1.4,3.0,13.0,10.0,10.0,0.0,1.0,1.0,0.0,0.0,0.2,19,36.0,0.2,0.8,1.0,H,2.0
2019-01-06,2018-19,Clausura,1,False,Pumas UNAM,Veracruz,0.0,0.0,0.0,0.0,footballcsv,174,1531.7655372801207,1412.7679101098734,118.99762717024737,1,0,0,2.0,0.0,1,1,0,0,2.0,0.0,1,1.0,4.0,5.0,8.0,-3.0,1.6666666666666667,2.6666666666666665,1.0,5.0,7.0,11.0,-4.0,1.4,2.2,4.0,15.0,15.0,17.0,-2.0,1.5,1.7,0.0,0.0,0.2,21,28.0,0.2,1.8,1.6,0.0,1.0,3.0,8.0,-5.0,1.0,2.6666666666666665,0.0,1.0,8.0,15.0,-7.0,1.6,3.0,0.0,3.0,12.0,27.0,-15.0,1.2,2.7,0.0,0.0,0.1,17,43.0,0.0,1.2,3.0,D,0.0
2019-01-11,2018-19,Clausura,2,False,Veracruz,Lobos BUAP,0.0,1.0,0.0,0.0,footballcsv,175,1417.941752499245,1496.3913603105734,-78.4496078113284,0,0,1,0.0,2.0,1,0,0,1,0.0,2.0,1,0.0,2.0,3.0,6.0,-3.0,1.0,2.0,0.0,2.0,5.0,11.0,-6.0,1.0,2.2,0.0,4.0,11.0,23.0,-12.0,1.1,2.3,0.3333333333333333,0.2,0.2,18,5.0,0.0,1.2,2.4,2.0,6.0,5.0,2.0,3.0,1.6666666666666667,0.6666666666666666,3.0,10.0,10.0,5.0,5.0,2.0,1.0,5.0,18.0,19.0,13.0,6.0,1.9,1.3,0.6666666666666666,0.4,0.3,18,5.0,0.2,1.6,2.0,A,1.0
2019-01-11,2018-19,Clausura,2,False,Atlas,América,1.0,2.0,0.0,0.0,footballcsv,176,1447.7914191987943,1590.039858238395,-142.24843903960073,0,0,1,0.0,3.0,1,0,0,1,0.0,3.0,1,1.0,4.0,3.0,4.0,-1.0,1.0,1.3333333333333333,1.0,6.0,5.0,6.0,-1.0,1.0,1.2,3.0,12.0,12.0,15.0,-3.0,1.2,1.5,0.3333333333333333,0.4,0.3,18,6.0,0.4,1.2,0.8,2.0,7.0,8.0,1.0,7.0,2.6666666666666665,0.3333333333333333,3.0,11.0,12.0,4.0,8.0,2.4,0.8,4.0,18.0,20.0,9.0,11.0,2.0,0.9,0.6666666666666666,0.4,0.3,23,26.0,0.2,1.2,0.8,A,3.0
2019-01-12,2018-19,Clausura,2,False,Tijuana,Tigres UANL,0.0,3.0,0.0,0.0,footballcsv,181,1450.6328843695117,1545.3772016222297,-94.74431725271802,0,0,1,0.0,1.0,1,0,0,1,0.0,1.0,1,0.0,1.0,2.0,5.0,-3.0,0.6666666666666666,1.6666666666666667,0.0,1.0,3.0,9.0,-6.0,0.6,1.8,2.0,8.0,6.0,16.0,-10.0,0.6,1.6,0.3333333333333333,0.2,0.3,18,7.0,0.4,1.0,1.0,1.0,4.0,5.0,6.0,-1.0,1.6666666666666667,2.0,3.0,10.0,12.0,7.0,5.0,2.4,1.4,5.0,18.0,23.0,15.0,8.0,2.3,1.5,0.0,0.2,0.3,20,7.0,0.4,1.8,1.6,A,3.0
2019-01-12,2018-19,Clausura,2,False,Pachuca,Querétaro,3.0,0.0,0.0,0.0,footballcsv,180,1509.0767309274377,1492.8943221756867,16.182408751750927,0,0,1,0.0,1.0,1,0,0,1,0.0,1.0,1,0.0,2.0,1.0,6.0,-5.0,0.3333333333333333,2.0,2.0,8.0,10.0,10.0,0.0,2.0,2.0,3.0,13.0,16.0,16.0,0.0,1.6,1.6,0.3333333333333333,0.2,0.1,18,7.0,0.4,2.4,1.2,0.0,1.0,2.0,5.0,-3.0,0.6666666666666666,1.6666666666666667,1.0,5.0,5.0,7.0,-2.0,1.0,1.4,3.0,12.0,10.0,15.0,-5.0,1.0,1.5,0.0,0.2,0.2,20,7.0,0.0,1.0,1.8,H,3.0
2019-01-12,2018-19,Clausura,2,False,Cruz Azul,Guadalajara,0.0,1.0,0.0,0.0,footballcsv,177,1550.822356456811,1503.906357395351,46.91599906145984,1,0,0,1.0,0.0,1,1,0,0,1.0,0.0,1,0.0,2.0,1.0,3.0,-2.0,0.3333333333333333,1.0,1.0,5.0,2.0,4.0,-2.0,0.4,0.8,5.0,18.0,11.0,7.0,4.0,1.1,0.7,0.3333333333333333,0.4,0.4,24,8.0,0.4,0.8,0.8,2.0,6.0,3.0,1.0,2.0,1.0,0.3333333333333333,2.0,7.0,6.0,5.0,1.0,1.2,1.0,3.0,13.0,14.0,12.0,2.0,1.4,1.2,0.6666666666666666,0.4,0.2,18,7.0,0.4,1.8,1.2,A,1.0
2019-01-12,2018-19,Clausura,2,False,Monterrey,León,2.0,2.0,0.0,0.0,footballcsv,178,1557.161366786913,1476.2747836021076,80.88658318480543,1,0,0,2.0,0.0,1,1,0,0,2.0,0.0,1,2.0,6.0,6.0,1.0,5.0,2.0,0.3333333333333333,4.0,12.0,9.0,1.0,8.0,1.8,0.2,7.0,22.0,17.0,5.0,12.0,1.7,0.5,0.6666666666666666,0.8,0.5,22,7.0,1.0,2.4,0.2,0.0,2.0,3.0,4.0,-1.0,1.0,1.3333333333333333,0.0,3.0,3.0,8.0,-5.0,0.6,1.6,2.0,9.0,10.0,14.0,-4.0,1.0,1.4,0.0,0.2,0.3,18,7.0,0.4,1.4,0.8,D,4.0
2019-01-12,2018-19,Clausura,2,False,Necaxa,Pumas UNAM,2.0,1.0,1.0,0.0,footballcsv,179,1450.53420872999,1526.591694890749,-76.05748616075903,0,0,1,3.0,5.0,1,0,0,1,3.0,5.0,1,0.0,1.0,3.0,8.0,-5.0,1.0,2.6666666666666665,0.0,2.0,5.0,12.0,-7.0,1.0,2.4,1.0,6.0,9.0,17.0,-8.0,0.9,1.7,0.0,0.0,0.2,17,49.0,0.2,1.0,1.2,0.0,2.0,2.0,7.0,-5.0,0.6666666666666666,2.3333333333333335,1.0,5.0,6.0,10.0,-4.0,1.2,2.0,3.0,13.0,13.0,16.0,-3.0,1.3,1.6,0.3333333333333333,0.2,0.3,22,6.0,0.6,1.2,1.8,H,3.0
2019-01-13,2018-19,Clausura,2,False,Toluca,Puebla,2.0,0.0,1.0,0.0,footballcsv,182,1516.6319684655878,1483.59466586023,33.03730260535781,0,0,1,1.0,2.0,1,0,0,1,1.0,2.0,1,1.0,4.0,7.0,6.0,1.0,2.3333333333333335,2.0,1.0,4.0,7.0,9.0,-2.0,1.4,1.8,3.0,11.0,15.0,15.0,0.0,1.5,1.5,0.0,0.0,0.1,20,9.0,0.6,2.2,1.2,0.0,2.0,2.0,7.0,-5.0,0.6666666666666666,2.3333333333333335,1.0,6.0,8.0,9.0,-1.0,1.6,1.8,2.0,11.0,15.0,18.0,-3.0,1.5,1.8,0.3333333333333333,0.4,0.3,18,9.0,0.4,1.6,2.0,H,2.0
2019-01-13,2018-19,Clausura,2,False,Santos Laguna,Monarcas Morelia,1.0,0.0,0.0,0.0,footballcsv,183,1507.0427930237818,1477.2942754466053,29.74851757717647,0,0,1,1.0,3.0,1,0,0,1,1.0,3.0,1,0.0,0.0,0.0,5.0,-5.0,0.0,1.6666666666666667,0.0,2.0,2.0,7.0,-5.0,0.4,1.4,3.0,12.0,9.0,11.0,-2.0,0.9,1.1,0.0,0.0,0.2,20,7.0,0.4,1.2,1.0,1.0,3.0,4.0,7.0,-3.0,1.3333333333333333,2.3333333333333335,2.0,6.0,6.0,10.0,-4.0,1.2,2.0,4.0,13.0,12.0,16.0,-4.0,1.2,1.6,0.0,0.0,0.2,18,9.0,0.6,1.8,1.8,H,1.0
2019-01-18,2018-19,Clausura,3,False,Monarcas Morelia,Veracruz,2.0,0.0,0.0,0.0,footballcsv,184,1472.710940367215,1410.9793499863133,61.73159038090171,0,1,0,2.0,2.0,1,0,1,0,2.0,2.0,1,0.0,0.0,1.0,6.0,-5.0,0.3333333333333333,2.0,1.0,3.0,4.0,10.0,-6.0,0.8,2.0,4.0,13.0,11.0,15.0,-4.0,1.1,1.5,0.0,0.0,0.2,19,5.0,0.2,0.6,1.4,0.0,1.0,1.0,5.0,-4.0,0.3333333333333333,1.6666666666666667,0.0,2.0,3.0,9.0,-6.0,0.6,1.8,0.0,4.0,9.0,21.0,-12.0,0.9,2.1,0.3333333333333333,0.2,0.2,19,7.0,0.0,1.0,2.2,H,2.0
2019-01-18,2018-19,Clausura,3,False,Puebla,Santos Laguna,1.0,1.0,1.0,1.0,footballcsv,185,1476.429982085248,1511.626128103172,-35.19614601792409,0,0,1,0.0,2.0,1,0,0,1,0.0,2.0,1,0.0,2.0,1.0,3.0,-2.0,0.3333333333333333,1.0,0.0,3.0,4.0,11.0,-7.0,0.8,2.2,1.0,8.0,14.0,20.0,-6.0,1.4,2.0,0.3333333333333333,0.2,0.2,19,5.0,0.0,1.4,1.6,1.0,3.0,1.0,4.0,-3.0,0.3333333333333333,1.3333333333333333,1.0,4.0,2.0,6.0,-4.0,0.4,1.2,3.0,12.0,9.0,11.0,-2.0,0.9,1.1,0.3333333333333333,0.2,0.2,21,5.0,0.0,0.6,1.4,D,2.0
2019-01-19,2018-19,Clausura,3,False,Tigres UANL,Cruz Azul,0.0,1.0,0.0,1.0,footballcsv,186,1558.5638125288629,1541.4657828035176,17.098029725345214,0,0,1,0.0,1.0,1,0,0,1,0.0,1.0,1,1.0,4.0,6.0,5.0,1.0,2.0,1.6666666666666667,3.0,10.0,9.0,6.0,3.0,1.8,1.2,5.0,18.0,24.0,15.0,9.0,2.4,1.5,0.3333333333333333,0.4,0.3,21,7.0,0.4,2.4,1.4,0.0,1.0,1.0,4.0,-3.0,0.3333333333333333,1.3333333333333333,1.0,5.0,2.0,4.0,-2.0,0.4,0.8,4.0,15.0,9.0,7.0,2.0,0.9,0.7,0.0,0.4,0.4,25,7.0,0.4,1.0,0.4,A,1.0
2019-01-19,2018-19,Clausura,3,False,Querétaro,Monterrey,1.0,2.0,1.0,0.0,footballcsv,187,1483.1979252594933,1552.8355460705689,-69.63762081107552,0,0,1,1.0,2.0,1,0,0,1,1.0,2.0,1,0.0,1.0,2.0,6.0,-4.0,0.6666666666666666,2.0,1.0,4.0,3.0,8.0,-5.0,0.6,1.6,3.0,12.0,10.0,16.0,-6.0,1.0,1.6,0.0,0.2,0.2,21,7.0,0.6,1.2,1.0,1.0,4.0,7.0,3.0,4.0,2.3333333333333335,1.0,3.0,10.0,10.0,3.0,7.0,2.0,0.6,6.0,20.0,17.0,6.0,11.0,1.7,0.6,0.3333333333333333,0.6,0.5,23,7.0,0.2,0.8,1.0,A,3.0
2019-01-19,2018-19,Clausura,3,False,América,Pachuca,3.0,0.0,1.0,0.0,footballcsv,188,1595.5856529926202,1518.773127843631,76.81252514898915,1,0,0,3.0,1.0,1,1,0,0,3.0,1.0,1,2.0,7.0,4.0,1.0,3.0,1.3333333333333333,0.3333333333333333,3.0,11.0,11.0,3.0,8.0,2.2,0.6,5.0,20.0,22.0,10.0,12.0,2.2,1.0,0.6666666666666666,0.4,0.2,24,8.0,0.6,2.8,1.0,1.0,4.0,4.0,6.0,-2.0,1.3333333333333333,2.0,2.0,8.0,10.0,8.0,2.0,2.0,1.6,4.0,15.0,18.0,15.0,3.0,1.8,1.5,0.3333333333333333,0.4,0.2,19,7.0,0.2,0.8,2.0,H,3.0
2019-01-20,2018-19,Clausura,3,False,León,Tijuana,0.0,1.0,0.0,1.0,footballcsv,191,1480.6006043184518,1437.4462734628785,43.154330855573335,0,1,0,1.0,1.0,1,0,1,0,1.0,1.0,1,0.0,3.0,5.0,5.0,0.0,1.6666666666666667,1.6666666666666667,0.0,4.0,5.0,6.0,-1.0,1.0,1.2,2.0,10.0,12.0,13.0,-1.0,1.2,1.3,0.0,0.2,0.3,19,8.0,0.0,0.6,2.0,0.0,1.0,0.0,5.0,-5.0,0.0,1.6666666666666667,0.0,1.0,3.0,11.0,-8.0,0.6,2.2,1.0,5.0,5.0,19.0,-14.0,0.5,1.9,0.3333333333333333,0.2,0.2,19,8.0,0.0,0.2,2.2,A,1.0
2019-01-20,2018-19,Clausura,3,False,Guadalajara,Toluca,1.0,0.0,0.0,0.0,footballcsv,189,1513.2629310486443,1523.7966522405698,-10.533721191925451,0,1,0,2.0,2.0,1,0,1,0,2.0,2.0,1,2.0,6.0,3.0,1.0,2.0,1.0,0.3333333333333333,3.0,10.0,6.0,3.0,3.0,1.2,0.6,3.0,13.0,11.0,10.0,1.0,1.1,1.0,0.6666666666666666,0.6,0.3,19,8.0,0.2,1.0,1.2,2.0,6.0,7.0,4.0,3.0,2.3333333333333335,1.3333333333333333,2.0,7.0,9.0,8.0,1.0,1.8,1.6,4.0,14.0,17.0,13.0,4.0,1.7,1.3,0.3333333333333333,0.2,0.2,21,7.0,0.2,1.4,1.8,H,1.0
2019-01-20,2018-19,Clausura,3,False,Pumas UNAM,Atlas,2.0,2.0,2.0,0.0,footballcsv,190,1519.7511329977463,1442.245624444569,77.50550855317715,1,0,0,3.0,0.0,1,1,0,0,3.0,0.0,1,0.0,1.0,2.0,8.0,-6.0,0.6666666666666666,2.6666666666666665,1.0,5.0,6.0,10.0,-4.0,1.2,2.0,3.0,12.0,11.0,15.0,-4.0,1.1,1.5,0.3333333333333333,0.2,0.3,23,8.0,0.2,1.2,1.0,1.0,3.0,4.0,6.0,-2.0,1.3333333333333333,2.0,1.0,5.0,4.0,6.0,-2.0,0.8,1.2,3.0,12.0,13.0,16.0,-3.0,1.3,1.6,0.0,0.4,0.3,19,9.0,0.2,1.2,2.2,D,4.0
2019-01-20,2018-19,Clausura,3,False,Lobos BUAP,Necaxa,2.0,3.0,2.0,1.0,footballcsv,192,1503.3537628235051,1457.3747706229929,45.978992200512266,0,0,1,0.0,1.0,1,0,0,1,0.0,1.0,1,3.0,9.0,5.0,0.0,5.0,1.6666666666666667,0.0,4.0,12.0,9.0,3.0,6.0,1.8,0.6,6.0,21.0,18.0,9.0,9.0,1.8,0.9,1.0,0.6,0.4,19,9.0,0.8,2.2,0.6,1.0,4.0,3.0,3.0,0.0,1.0,1.0,1.0,5.0,7.0,11.0,-4.0,1.4,2.2,2.0,9.0,11.0,17.0,-6.0,1.1,1.7,0.0,0.0,0.2,18,8.0,0.0,0.8,2.2,A,5.0
2019-01-25,2018-19,Clausura,4,False,Atlas,Lobos BUAP,3.0,1.0,1.0,0.0,footballcsv,194,1446.4920084312032,1494.013610019717,-47.521601588513704,0,1,0,0.0,0.0,1,0,1,0,0.0,0.0,1,1.0,4.0,5.0,5.0,0.0,1.6666666666666667,1.6666666666666667,1.0,5.0,6.0,8.0,-2.0,1.2,1.6,3.0,13.0,15.0,16.0,-1.0,1.5,1.6,0.0,0.2,0.3,20,5.0,0.4,1.4,1.0,2.0,6.0,5.0,3.0,2.0,1.6666666666666667,1.0,3.0,9.0,8.0,5.0,3.0,1.6,1.0,5.0,18.0,19.0,12.0,7.0,1.9,1.2,0.6666666666666666,0.6,0.3,20,5.0,0.4,1.4,1.2,H,4.0
2019-01-25,2018-19,Clausura,4,False,Veracruz,Puebla,0.0,1.0,0.0,1.0,footballcsv,193,1404.6495568817747,1475.1475245620854,-70.4979676803107,1,0,0,2.0,1.0,1,1,0,0,2.0,1.0,1,0.0,1.0,0.0,3.0,-3.0,0.0,1.0,0.0,2.0,3.0,9.0,-6.0,0.6,1.8,0.0,3.0,8.0,22.0,-14.0,0.8,2.2,0.3333333333333333,0.2,0.2,20,7.0,0.0,0.8,2.0,0.0,2.0,2.0,4.0,-2.0,0.6666666666666666,1.3333333333333333,0.0,3.0,3.0,10.0,-7.0,0.6,2.0,1.0,9.0,13.0,18.0,-5.0,1.3,1.8,0.0,0.2,0.2,20,7.0,0.2,1.4,2.4,A,1.0
2019-01-26,2018-19,Clausura,4,False,Necaxa,Monarcas Morelia,0.0,0.0,0.0,0.0,footballcsv,195,1466.714923426781,1479.0407334717536,-12.325810044972513,0,0,1,1.0,2.0,1,0,0,1,1.0,2.0,1,2.0,6.0,5.0,4.0,1.0,1.6666666666666667,1.3333333333333333,2.0,7.0,8.0,11.0,-3.0,1.6,2.2,2.0,9.0,12.0,19.0,-7.0,1.2,1.9,0.0,0.0,0.1,19,6.0,0.2,1.0,1.4,1.0,3.0,3.0,4.0,-1.0,1.0,1.3333333333333333,2.0,6.0,6.0,8.0,-2.0,1.2,1.6,5.0,15.0,13.0,15.0,-2.0,1.3,1.5,0.3333333333333333,0.2,0.2,20,8.0,0.6,1.6,1.6,D,0.0
2019-01-26,2018-19,Clausura,4,False,Cruz Azul,Tijuana,1.0,0.0,1.0,0.0,footballcsv,196,1550.2854917309928,1446.7367388737662,103.54875285722665,0,1,0,1.0,1.0,1,0,1,0,1.0,1.0,1,1.0,4.0,2.0,2.0,0.0,0.6666666666666666,0.6666666666666666,1.0,5.0,2.0,4.0,-2.0,0.4,0.8,4.0,15.0,8.0,6.0,2.0,0.8,0.6,0.3333333333333333,0.4,0.5,26,7.0,0.4,0.8,1.0,1.0,3.0,1.0,5.0,-4.0,0.3333333333333333,1.6666666666666667,1.0,4.0,3.0,8.0,-5.0,0.6,1.6,1.0,5.0,5.0,19.0,-14.0,0.5,1.9,0.3333333333333333,0.4,0.2,20,6.0,0.2,0.4,1.6,H,1.0
2019-01-26,2018-19,Clausura,4,False,Monterrey,América,3.0,2.0,1.0,1.0,footballcsv,197,1559.9736899960906,1603.0523293864348,-43.07863939034428,0,0,1,0.0,3.0,1,0,0,1,0.0,3.0,1,2.0,7.0,9.0,3.0,6.0,3.0,1.0,3.0,10.0,10.0,4.0,6.0,2.0,0.8,7.0,23.0,19.0,6.0,13.0,1.9,0.6,0.3333333333333333,0.4,0.5,24,7.0,0.8,2.4,0.6,3.0,9.0,7.0,1.0,6.0,2.3333333333333335,0.3333333333333333,4.0,13.0,13.0,2.0,11.0,2.6,0.4,6.0,22.0,24.0,9.0,15.0,2.4,0.9,0.6666666666666666,0.6,0.3,25,7.0,0.4,1.6,1.0,H,5.0
2019-01-26,2018-19,Clausura,4,False,Pachuca,Pumas UNAM,1.0,0.0,0.0,0.0,footballcsv,198,1511.3064514498164,1515.5047490111122,-4.198297561295703,0,1,0,0.0,0.0,1,0,1,0,0.0,0.0,1,1.0,3.0,3.0,8.0,-5.0,1.0,2.6666666666666665,1.0,5.0,4.0,9.0,-5.0,0.8,1.8,4.0,15.0,18.0,17.0,1.0,1.8,1.7,0.3333333333333333,0.4,0.2,20,7.0,0.6,2.8,1.0,0.0,2.0,3.0,4.0,-1.0,1.0,1.3333333333333333,0.0,3.0,5.0,11.0,-6.0,1.0,2.2,2.0,10.0,12.0,17.0,-5.0,1.2,1.7,0.3333333333333333,0.2,0.2,24,6.0,0.4,1.0,2.0,H,1.0
2019-01-27,2018-19,Clausura,4,False,Toluca,Tigres UANL,0.0,1.0,0.0,1.0,footballcsv,199,1518.4031842482077,1549.7441036013877,-31.34091935317997,1,0,0,2.0,1.0,1,1,0,0,2.0,1.0,1,2.0,6.0,5.0,2.0,3.0,1.6666666666666667,0.6666666666666666,2.0,7.0,9.0,7.0,2.0,1.8,1.4,3.0,11.0,15.0,13.0,2.0,1.5,1.3,0.3333333333333333,0.2,0.2,22,7.0,0.6,2.0,0.8,1.0,4.0,5.0,3.0,2.0,1.6666666666666667,1.0,2.0,7.0,8.0,7.0,1.0,1.6,1.4,5.0,18.0,22.0,13.0,9.0,2.2,1.3,0.3333333333333333,0.2,0.3,22,8.0,0.6,1.8,1.0,A,1.0
2019-01-27,2018-19,Clausura,4,False,Querétaro,León,0.0,4.0,0.0,3.0,footballcsv,200,1476.0597813339716,1471.3101389075641,4.74964242640749,0,0,1,0.0,4.0,1,0,0,1,0.0,4.0,1,0.0,0.0,2.0,7.0,-5.0,0.6666666666666666,2.3333333333333335,0.0,1.0,3.0,10.0,-7.0,0.6,2.0,3.0,11.0,10.0,17.0,-7.0,1.0,1.7,0.0,0.0,0.2,22,8.0,0.4,1.0,1.4,0.0,2.0,4.0,5.0,-1.0,1.3333333333333333,1.6666666666666667,0.0,3.0,5.0,7.0,-2.0,1.0,1.4,2.0,10.0,12.0,13.0,-1.0,1.2,1.3,0.0,0.0,0.3,20,7.0,0.4,1.8,0.6,A,4.0
2019-01-27,2018-19,Clausura,4,False,Santos Laguna,Guadalajara,1.0,0.0,1.0,0.0,footballcsv,201,1512.9085856263346,1518.6563990410064,-5.747813414671782,1,0,0,2.0,1.0,1,1,0,0,2.0,1.0,1,1.0,4.0,2.0,3.0,-1.0,0.6666666666666666,1.0,1.0,4.0,2.0,6.0,-4.0,0.4,1.2,2.0,10.0,7.0,11.0,-4.0,0.7,1.1,0.3333333333333333,0.2,0.2,22,9.0,0.6,1.2,0.8,3.0,9.0,4.0,0.0,4.0,1.3333333333333333,0.0,4.0,12.0,5.0,1.0,4.0,1.0,0.2,4.0,15.0,11.0,9.0,2.0,1.1,0.9,1.0,0.8,0.4,20,7.0,0.4,1.2,0.8,H,1.0
2019-02-01,2018-19,Clausura,5,False,Monarcas Morelia,Atlas,1.0,2.0,0.0,0.0,footballcsv,202,1480.9642879780583,1456.30919557237,24.655092405688265,1,0,0,1.0,0.0,1,1,0,0,1.0,0.0,1,1.0,4.0,2.0,1.0,1.0,0.6666666666666666,0.3333333333333333,1.0,4.0,3.0,6.0,-3.0,0.6,1.2,5.0,16.0,12.0,12.0,0.0,1.2,1.2,0.6666666666666666,0.4,0.3,21,6.0,0.4,1.0,1.4,1.0,4.0,6.0,5.0,1.0,2.0,1.6666666666666667,2.0,7.0,9.0,9.0,0.0,1.8,1.8,3.0,13.0,16.0,17.0,-1.0,1.6,1.7,0.0,0.0,0.2,21,7.0,0.2,1.6,2.2,A,3.0
2019-02-01,2018-19,Clausura,5,False,Puebla,Necaxa,1.0,4.0,1.0,2.0,footballcsv,203,1482.2685182692012,1464.7913689204763,17.47714934872488,0,1,0,2.0,2.0,1,0,1,0,2.0,2.0,1,1.0,4.0,2.0,3.0,-1.0,0.6666666666666666,1.0,1.0,6.0,3.0,4.0,-1.0,0.6,0.8,2.0,11.0,12.0,16.0,-4.0,1.2,1.6,0.3333333333333333,0.4,0.3,21,7.0,0.0,1.2,1.2,2.0,7.0,5.0,3.0,2.0,1.6666666666666667,1.0,2.0,8.0,6.0,5.0,1.0,1.2,1.0,2.0,10.0,10.0,16.0,-6.0,1.0,1.6,0.3333333333333333,0.2,0.2,20,6.0,0.2,1.4,2.4,A,5.0
2019-02-02,2018-19,Clausura,5,False,América,Querétaro,2.0,0.0,1.0,0.0,footballcsv,204,1596.9569871288577,1456.1155707302385,140.84141639861923,0,1,0,1.0,1.0,1,0,1,0,1.0,1.0,1,2.0,6.0,7.0,4.0,3.0,2.3333333333333335,1.3333333333333333,3.0,10.0,9.0,4.0,5.0,1.8,0.8,6.0,21.0,25.0,11.0,14.0,2.5,1.1,0.3333333333333333,0.6,0.3,26,7.0,0.8,3.2,0.8,0.0,0.0,1.0,9.0,-8.0,0.3333333333333333,3.0,0.0,1.0,3.0,12.0,-9.0,0.6,2.4,2.0,8.0,8.0,21.0,-13.0,0.8,2.1,0.0,0.0,0.1,23,6.0,0.0,0.8,2.2,H,2.0
2019-02-02,2018-19,Clausura,5,False,León,Cruz Azul,2.0,0.0,2.0,0.0,footballcsv,205,1491.2543495112973,1553.5862121647529,-62.33186265345557,0,0,1,0.0,3.0,1,0,0,1,0.0,3.0,1,1.0,4.0,6.0,3.0,3.0,2.0,1.0,1.0,6.0,9.0,6.0,3.0,1.8,1.2,2.0,10.0,12.0,13.0,-1.0,1.2,1.3,0.3333333333333333,0.2,0.3,21,6.0,0.0,0.6,2.0,2.0,6.0,2.0,1.0,1.0,0.6666666666666666,0.3333333333333333,2.0,7.0,3.0,4.0,-1.0,0.6,0.8,4.0,15.0,7.0,6.0,1.0,0.7,0.6,0.6666666666666666,0.4,0.5,27,7.0,0.4,0.8,0.4,H,2.0
2019-02-02,2018-19,Clausura,5,False,Tijuana,Toluca,2.0,0.0,1.0,0.0,footballcsv,206,1443.4360184400061,1510.5072429745446,-67.07122453453849,0,0,1,0.0,3.0,1,0,0,1,0.0,3.0,1,1.0,3.0,1.0,4.0,-3.0,0.3333333333333333,1.3333333333333333,1.0,4.0,1.0,6.0,-5.0,0.2,1.2,1.0,5.0,5.0,17.0,-12.0,0.5,1.7,0.3333333333333333,0.4,0.2,21,7.0,0.2,0.8,1.6,1.0,3.0,2.0,2.0,0.0,0.6666666666666666,0.6666666666666666,2.0,6.0,7.0,6.0,1.0,1.4,1.2,3.0,11.0,14.0,12.0,2.0,1.4,1.2,0.3333333333333333,0.2,0.2,23,6.0,0.2,1.2,1.6,H,2.0
2019-02-02,2018-19,Clausura,5,False,Tigres UANL,Santos Laguna,2.0,1.0,1.0,1.0,footballcsv,207,1557.6400448750508,1518.2021826503699,39.437862224680885,0,0,1,1.0,3.0,1,0,0,1,1.0,3.0,1,2.0,6.0,4.0,1.0,3.0,1.3333333333333333,0.3333333333333333,2.0,7.0,7.0,6.0,1.0,1.4,1.2,6.0,20.0,20.0,10.0,10.0,2.0,1.0,0.6666666666666666,0.4,0.4,23,6.0,0.4,2.4,1.6,2.0,7.0,3.0,1.0,2.0,1.0,0.3333333333333333,2.0,7.0,3.0,5.0,-2.0,0.6,1.0,3.0,12.0,7.0,10.0,-3.0,0.7,1.0,0.6666666666666666,0.4,0.3,23,6.0,0.0,0.6,1.4,H,3.0
2019-02-03,2018-19,Clausura,5,False,Pumas UNAM,Monterrey,1.0,1.0,0.0,1.0,footballcsv,209,1510.2432886094443,1566.0690322536677,-55.825743644223394,0,0,1,0.0,1.0,1,0,0,1,0.0,1.0,1,0.0,1.0,3.0,5.0,-2.0,1.0,1.6666666666666667,0.0,2.0,4.0,11.0,-7.0,0.8,2.2,2.0,10.0,11.0,16.0,-5.0,1.1,1.6,0.0,0.2,0.2,25,8.0,0.2,1.4,1.0,2.0,7.0,7.0,5.0,2.0,2.3333333333333335,1.6666666666666667,3.0,10.0,12.0,6.0,6.0,2.4,1.2,7.0,23.0,20.0,8.0,12.0,2.0,0.8,0.0,0.2,0.4,25,8.0,0.4,1.0,0.8,D,2.0
2019-02-03,2018-19,Clausura,5,False,Lobos BUAP,Pachuca,1.0,1.0,0.0,0.0,footballcsv,208,1484.19642287855,1516.5679118514843,-32.37148897293423,0,0,1,0.0,3.0,1,0,0,1,0.0,3.0,1,1.0,3.0,4.0,6.0,-2.0,1.3333333333333333,2.0,3.0,9.0,8.0,6.0,2.0,1.6,1.2,4.0,15.0,17.0,14.0,3.0,1.7,1.4,0.3333333333333333,0.6,0.3,21,9.0,0.6,2.0,1.0,2.0,6.0,4.0,3.0,1.0,1.3333333333333333,1.0,2.0,7.0,5.0,9.0,-4.0,1.0,1.8,4.0,15.0,16.0,16.0,0.0,1.6,1.6,0.6666666666666666,0.4,0.3,21,8.0,0.2,0.8,2.4,D,2.0
2019-02-04,2018-19,Clausura,5,False,Guadalajara,Veracruz,0.0,0.0,0.0,0.0,footballcsv,210,1513.362802016971,1397.528563174659,115.83423884231206,1,0,0,2.0,0.0,1,1,0,0,2.0,0.0,1,2.0,6.0,2.0,1.0,1.0,0.6666666666666666,0.3333333333333333,3.0,9.0,4.0,2.0,2.0,0.8,0.4,4.0,14.0,10.0,9.0,1.0,1.0,0.9,0.6666666666666666,0.6,0.4,21,8.0,0.4,1.0,1.0,0.0,0.0,0.0,4.0,-4.0,0.0,1.3333333333333333,0.0,1.0,1.0,8.0,-7.0,0.2,1.6,0.0,3.0,8.0,19.0,-11.0,0.8,1.9,0.0,0.2,0.2,21,10.0,0.0,0.8,2.4,D,0.0
2019-02-08,2018-19,Clausura,6,False,Veracruz,Tigres UANL,0.0,2.0,0.0,0.0,footballcsv,211,1402.6354149567844,1562.0394725486015,-159.40405759181704,0,0,1,0.0,4.0,1,0,0,1,0.0,4.0,1,0.0,1.0,0.0,3.0,-3.0,0.0,1.0,0.0,2.0,0.0,4.0,-4.0,0.0,0.8,0.0,3.0,8.0,19.0,-11.0,0.8,1.9,0.3333333333333333,0.4,0.2,22,4.0,0.0,0.8,1.4,2.0,6.0,3.0,2.0,1.0,1.0,0.6666666666666666,3.0,10.0,8.0,4.0,4.0,1.6,0.8,7.0,22.0,20.0,9.0,11.0,2.0,0.9,0.3333333333333333,0.4,0.4,24,6.0,0.6,1.6,1.0,A,2.0
2019-02-08,2018-19,Clausura,6,False,Atlas,Puebla,1.0,2.0,1.0,1.0,footballcsv,212,1465.267638494008,1464.6151000066113,0.6525384873966686,0,0,1,0.0,2.0,1,0,0,1,0.0,2.0,1,2.0,7.0,7.0,4.0,3.0,2.3333333333333335,1.3333333333333333,3.0,10.0,10.0,7.0,3.0,2.0,1.4,4.0,16.0,17.0,15.0,2.0,1.7,1.5,0.0,0.0,0.2,22,7.0,0.4,1.6,1.2,1.0,4.0,3.0,5.0,-2.0,1.0,1.6666666666666667,1.0,5.0,4.0,8.0,-4.0,0.8,1.6,2.0,10.0,11.0,18.0,-7.0,1.1,1.8,0.3333333333333333,0.2,0.3,22,7.0,0.4,1.2,2.0,A,3.0
2019-02-09,2018-19,Clausura,6,False,Pachuca,Monarcas Morelia,2.0,0.0,0.0,0.0,footballcsv,213,1517.9302473542075,1472.0058450564204,45.92440229778708,0,1,0,1.0,1.0,1,0,1,0,1.0,1.0,1,1.0,4.0,2.0,4.0,-2.0,0.6666666666666666,1.3333333333333333,2.0,7.0,5.0,9.0,-4.0,1.0,1.8,4.0,16.0,16.0,15.0,1.0,1.6,1.5,0.3333333333333333,0.4,0.3,22,6.0,0.6,2.4,0.8,1.0,4.0,3.0,2.0,1.0,1.0,0.6666666666666666,1.0,4.0,4.0,6.0,-2.0,0.8,1.2,4.0,13.0,11.0,13.0,-2.0,1.1,1.3,0.6666666666666666,0.4,0.3,22,8.0,0.6,1.4,1.0,H,2.0
2019-02-09,2018-19,Clausura,6,False,Monterrey,Lobos BUAP,4.0,0.0,2.0,0.0,footballcsv,214,1566.7637026196353,1482.8340873758268,83.92961524380848,1,0,0,2.0,1.0,1,1,0,0,2.0,1.0,1,2.0,7.0,6.0,4.0,2.0,2.0,1.3333333333333333,3.0,11.0,13.0,6.0,7.0,2.6,1.2,7.0,23.0,20.0,8.0,12.0,2.0,0.8,0.0,0.2,0.4,26,6.0,0.8,2.4,0.8,0.0,1.0,4.0,7.0,-3.0,1.3333333333333333,2.3333333333333335,2.0,7.0,7.0,7.0,0.0,1.4,1.4,4.0,15.0,16.0,13.0,3.0,1.6,1.3,0.0,0.4,0.3,22,6.0,0.2,1.4,1.8,H,4.0
2019-02-09,2018-19,Clausura,6,False,Querétaro,Pumas UNAM,0.0,2.0,0.0,1.0,footballcsv,215,1451.7418037729592,1509.5486182434768,-57.806814470517565,1,0,0,1.0,0.0,1,1,0,0,1.0,0.0,1,0.0,0.0,1.0,8.0,-7.0,0.3333333333333333,2.6666666666666665,0.0,0.0,2.0,13.0,-11.0,0.4,2.6,2.0,8.0,8.0,19.0,-11.0,0.8,1.9,0.0,0.0,0.1,24,7.0,0.2,0.6,2.0,0.0,2.0,3.0,4.0,-1.0,1.0,1.3333333333333333,0.0,3.0,4.0,6.0,-2.0,0.8,1.2,1.0,8.0,11.0,17.0,-6.0,1.1,1.7,0.0,0.2,0.1,26,6.0,0.2,0.8,2.2,A,2.0
2019-02-09,2018-19,Clausura,6,False,América,León,0.0,3.0,0.0,1.0,footballcsv,216,1601.330754086137,1501.5991971428684,99.73155694326852,0,0,1,0.0,2.0,1,0,0,1,0.0,2.0,1,2.0,6.0,7.0,3.0,4.0,2.3333333333333335,1.0,4.0,12.0,11.0,4.0,7.0,2.2,0.8,6.0,21.0,23.0,10.0,13.0,2.3,1.0,0.6666666666666666,0.6,0.4,27,7.0,0.8,2.8,0.6,2.0,6.0,6.0,1.0,5.0,2.0,0.3333333333333333,2.0,8.0,10.0,5.0,5.0,2.0,1.0,3.0,13.0,13.0,11.0,2.0,1.3,1.1,0.6666666666666666,0.4,0.4,22,7.0,0.4,1.8,0.6,A,3.0
2019-02-09,2018-19,Clausura,6,False,Necaxa,Guadalajara,3.0,3.0,0.0,1.0,footballcsv,217,1482.4447871830662,1508.2559502348456,-25.81116305177943,0,0,1,0.0,1.0,1,0,0,1,0.0,1.0,1,2.0,7.0,7.0,3.0,4.0,2.3333333333333335,1.0,3.0,10.0,9.0,5.0,4.0,1.8,1.0,3.0,13.0,14.0,16.0,-2.0,1.4,1.6,0.3333333333333333,0.2,0.2,21,8.0,0.2,1.0,1.2,1.0,4.0,1.0,1.0,0.0,0.3333333333333333,0.3333333333333333,3.0,10.0,4.0,1.0,3.0,0.8,0.2,4.0,15.0,9.0,7.0,2.0,0.9,0.7,0.6666666666666666,0.8,0.5,22,5.0,0.4,1.0,0.8,D,6.0
2019-02-10,2018-19,Clausura,6,False,Santos Laguna,Tijuana,1.0,1.0,0.0,1.0,footballcsv,218,1513.8027549768192,1453.951716467808,59.85103850901123,0,1,0,2.0,2.0,1,0,1,0,2.0,2.0,1,1.0,4.0,3.0,3.0,0.0,1.0,1.0,2.0,7.0,4.0,5.0,-1.0,0.8,1.0,2.0,9.0,7.0,12.0,-5.0,0.7,1.2,0.3333333333333333,0.4,0.2,24,8.0,0.6,0.8,0.6,2.0,6.0,3.0,1.0,2.0,1.0,0.3333333333333333,2.0,6.0,3.0,6.0,-3.0,0.6,1.2,2.0,7.0,6.0,16.0,-10.0,0.6,1.6,0.6666666666666666,0.4,0.3,22,8.0,0.2,0.4,1.2,D,2.0
2019-02-10,2018-19,Clausura,6,False,Toluca,Cruz Azul,1.0,1.0,0.0,1.0,footballcsv,219,1499.9915449467428,1543.2413645331817,-43.24981958643889,0,0,1,0.0,1.0,1,0,0,1,0.0,1.0,1,0.0,0.0,0.0,4.0,-4.0,0.0,1.3333333333333333,2.0,6.0,5.0,5.0,0.0,1.0,1.0,2.0,8.0,10.0,14.0,-4.0,1.0,1.4,0.0,0.2,0.1,24,8.0,0.4,1.6,0.8,2.0,6.0,2.0,2.0,0.0,0.6666666666666666,0.6666666666666666,2.0,7.0,3.0,4.0,-1.0,0.6,0.8,3.0,12.0,5.0,8.0,-3.0,0.5,0.8,0.6666666666666666,0.4,0.4,28,8.0,0.2,0.4,0.8,D,2.0
2019-02-15,2018-19,Clausura,7,False,Monarcas Morelia,Monterrey,2.0,3.0,1.0,1.0,footballcsv,220,1465.2240521589447,1575.1564214294497,-109.93236927050498,0,1,0,2.0,2.0,1,0,1,0,2.0,2.0,1,0.0,1.0,1.0,4.0,-3.0,0.3333333333333333,1.3333333333333333,1.0,4.0,3.0,5.0,-2.0,0.6,1.0,3.0,10.0,9.0,15.0,-6.0,0.9,1.5,0.3333333333333333,0.4,0.2,23,6.0,0.2,0.8,1.8,2.0,7.0,8.0,3.0,5.0,2.6666666666666665,1.0,3.0,11.0,12.0,6.0,6.0,2.4,1.2,7.0,23.0,21.0,7.0,14.0,2.1,0.7,0.3333333333333333,0.2,0.5,27,6.0,0.4,1.2,0.8,A,5.0
2019-02-15,2018-19,Clausura,7,False,Puebla,Pachuca,1.0,1.0,0.0,1.0,footballcsv,221,1473.1273277608364,1524.7120402516832,-51.58471249084687,0,0,1,0.0,2.0,1,0,0,1,0.0,2.0,1,2.0,6.0,4.0,5.0,-1.0,1.3333333333333333,1.6666666666666667,2.0,7.0,5.0,8.0,-3.0,1.0,1.6,3.0,13.0,13.0,17.0,-4.0,1.3,1.7,0.3333333333333333,0.2,0.3,23,7.0,0.0,1.0,1.6,2.0,7.0,4.0,1.0,3.0,1.3333333333333333,0.3333333333333333,3.0,10.0,7.0,4.0,3.0,1.4,0.8,5.0,18.0,17.0,14.0,3.0,1.7,1.4,0.6666666666666666,0.6,0.4,23,6.0,0.2,0.8,2.2,D,2.0
2019-02-15,2018-19,Clausura,7,False,Tijuana,Veracruz,3.0,0.0,2.0,0.0,footballcsv,222,1457.7727786504768,1394.4140090917183,63.35876955875847,0,0,1,0.0,1.0,1,0,0,1,0.0,1.0,1,1.0,4.0,3.0,2.0,1.0,1.0,0.6666666666666666,2.0,7.0,4.0,5.0,-1.0,0.8,1.0,2.0,8.0,7.0,14.0,-7.0,0.7,1.4,0.3333333333333333,0.4,0.3,23,5.0,0.2,1.0,1.6,0.0,1.0,0.0,3.0,-3.0,0.0,1.0,0.0,1.0,0.0,6.0,-6.0,0.0,1.2,0.0,3.0,5.0,17.0,-12.0,0.5,1.7,0.3333333333333333,0.2,0.2,23,7.0,0.0,0.2,1.6,H,3.0
2019-02-16,2018-19,Clausura,7,False,León,Toluca,3.0,0.0,0.0,0.0,footballcsv,225,1522.0556399065435,1498.9377170360062,23.117922870537313,1,0,0,2.0,1.0,1,1,0,0,2.0,1.0,1,3.0,9.0,9.0,0.0,9.0,3.0,0.0,3.0,10.0,11.0,3.0,8.0,2.2,0.6,3.0,13.0,14.0,11.0,3.0,1.4,1.1,1.0,0.6,0.4,23,7.0,0.2,0.8,1.6,0.0,1.0,1.0,4.0,-3.0,0.3333333333333333,1.3333333333333333,1.0,4.0,3.0,5.0,-2.0,0.6,1.0,2.0,8.0,10.0,14.0,-4.0,1.0,1.4,0.0,0.2,0.1,25,6.0,0.2,1.0,1.8,H,3.0
2019-02-16,2018-19,Clausura,7,False,Cruz Azul,Santos Laguna,1.0,2.0,1.0,1.0,footballcsv,226,1544.2951924439183,1509.9816927941504,34.31349964976789,0,1,0,1.0,1.0,1,0,1,0,1.0,1.0,1,1.0,4.0,2.0,3.0,-1.0,0.6666666666666666,1.0,2.0,7.0,3.0,4.0,-1.0,0.6,0.8,3.0,12.0,5.0,8.0,-3.0,0.5,0.8,0.3333333333333333,0.4,0.4,29,6.0,0.4,0.6,0.8,1.0,4.0,3.0,3.0,0.0,1.0,1.0,2.0,8.0,5.0,4.0,1.0,1.0,0.8,2.0,10.0,7.0,11.0,-4.0,0.7,1.1,0.3333333333333333,0.4,0.2,25,6.0,0.0,0.6,1.4,A,3.0
2019-02-16,2018-19,Clausura,7,False,Tigres UANL,Necaxa,3.0,2.0,1.0,0.0,footballcsv,224,1570.2608784136676,1480.8976321575765,89.36324625609109,0,1,0,1.0,1.0,1,0,1,0,1.0,1.0,1,3.0,9.0,5.0,1.0,4.0,1.6666666666666667,0.3333333333333333,4.0,12.0,8.0,2.0,6.0,1.6,0.4,7.0,22.0,20.0,9.0,11.0,2.0,0.9,0.6666666666666666,0.6,0.4,25,8.0,0.6,2.4,1.2,1.0,5.0,7.0,4.0,3.0,2.3333333333333335,1.3333333333333333,3.0,11.0,12.0,7.0,5.0,2.4,1.4,3.0,13.0,17.0,19.0,-2.0,1.7,1.9,0.3333333333333333,0.2,0.1,22,7.0,0.4,1.8,2.0,H,5.0
2019-02-16,2018-19,Clausura,7,False,Guadalajara,Atlas,3.0,0.0,2.0,0.0,footballcsv,223,1509.8031052603353,1456.755410739783,53.04769452055234,1,0,0,1.0,0.0,1,1,0,0,1.0,0.0,1,0.0,2.0,3.0,4.0,-1.0,1.0,1.3333333333333333,2.0,8.0,5.0,4.0,1.0,1.0,0.8,4.0,15.0,11.0,9.0,2.0,1.1,0.9,0.3333333333333333,0.6,0.5,23,7.0,0.4,0.8,0.6,2.0,6.0,6.0,4.0,2.0,2.0,1.3333333333333333,2.0,7.0,9.0,8.0,1.0,1.8,1.6,3.0,13.0,14.0,14.0,0.0,1.4,1.4,0.0,0.0,0.2,23,8.0,0.4,1.8,1.8,H,3.0
2019-02-17,2018-19,Clausura,7,False,Pumas UNAM,América,1.0,0.0,0.0,0.0,footballcsv,227,1521.2355501417978,1580.8743113224618,-59.638761180664005,0,2,1,4.0,9.0,3,0,2,1,4.0,9.0,3,1.0,4.0,3.0,2.0,1.0,1.0,0.6666666666666666,1.0,5.0,6.0,6.0,0.0,1.2,1.2,2.0,10.0,12.0,16.0,-4.0,1.2,1.6,0.3333333333333333,0.2,0.2,27,8.0,0.2,1.4,1.0,1.0,3.0,4.0,6.0,-2.0,1.3333333333333333,2.0,3.0,9.0,9.0,7.0,2.0,1.8,1.4,6.0,20.0,21.0,11.0,10.0,2.1,1.1,0.3333333333333333,0.4,0.4,28,8.0,0.4,1.8,1.4,H,1.0
2019-02-17,2018-19,Clausura,7,False,Lobos BUAP,Querétaro,3.0,1.0,1.0,1.0,footballcsv,228,1474.4413685660124,1440.0548718746381,34.386496691374305,0,0,1,0.0,2.0,1,0,0,1,0.0,2.0,1,0.0,1.0,2.0,8.0,-6.0,0.6666666666666666,2.6666666666666665,1.0,4.0,5.0,11.0,-6.0,1.0,2.2,4.0,14.0,15.0,16.0,-1.0,1.5,1.6,0.0,0.2,0.3,23,8.0,0.6,2.0,1.0,0.0,0.0,0.0,8.0,-8.0,0.0,2.6666666666666665,0.0,0.0,1.0,13.0,-12.0,0.2,2.6,1.0,5.0,6.0,20.0,-14.0,0.6,2.0,0.0,0.0,0.1,25,8.0,0.0,0.6,2.4,H,4.0
2019-02-22,2018-19,Clausura,8,False,Veracruz,Cruz Azul,1.0,1.0,1.0,0.0,footballcsv,229,1386.483989629542,1535.1620040646637,-148.67801443512167,0,0,1,1.0,4.0,1,0,0,1,1.0,4.0,1,0.0,1.0,0.0,5.0,-5.0,0.0,1.6666666666666667,0.0,1.0,0.0,8.0,-8.0,0.0,1.6,0.0,3.0,3.0,17.0,-14.0,0.3,1.7,0.3333333333333333,0.2,0.2,24,7.0,0.0,0.8,1.8,0.0,1.0,2.0,5.0,-3.0,0.6666666666666666,1.6666666666666667,2.0,7.0,4.0,5.0,-1.0,0.8,1.0,3.0,12.0,6.0,9.0,-3.0,0.6,0.9,0.0,0.4,0.4,30,6.0,0.2,0.6,0.8,D,2.0
2019-02-22,2018-19,Clausura,8,False,Atlas,Tigres UANL,0.0,1.0,0.0,0.0,footballcsv,230,1448.4578475771582,1573.7865010650582,-125.32865348790006,0,0,1,1.0,3.0,1,0,0,1,1.0,3.0,1,1.0,3.0,3.0,6.0,-3.0,1.0,2.0,2.0,7.0,8.0,9.0,-1.0,1.6,1.8,3.0,12.0,12.0,15.0,-3.0,1.2,1.5,0.0,0.0,0.2,24,6.0,0.2,1.0,1.0,3.0,9.0,7.0,3.0,4.0,2.3333333333333335,1.0,4.0,12.0,8.0,4.0,4.0,1.6,0.8,7.0,22.0,17.0,10.0,7.0,1.7,1.0,0.3333333333333333,0.4,0.4,26,6.0,0.6,1.8,1.0,A,1.0
2019-02-23,2018-19,Clausura,8,False,Querétaro,Monarcas Morelia,3.0,0.0,0.0,0.0,footballcsv,231,1432.930866910243,1458.9733146074434,-26.042447697200487,1,0,0,4.0,1.0,1,1,0,0,4.0,1.0,1,0.0,0.0,1.0,7.0,-6.0,0.3333333333333333,2.3333333333333335,0.0,0.0,2.0,13.0,-11.0,0.4,2.6,1.0,4.0,5.0,21.0,-16.0,0.5,2.1,0.0,0.0,0.1,26,6.0,0.0,0.4,2.4,0.0,0.0,3.0,7.0,-4.0,1.0,2.3333333333333335,1.0,4.0,5.0,7.0,-2.0,1.0,1.4,2.0,7.0,9.0,17.0,-8.0,0.9,1.7,0.0,0.4,0.2,24,8.0,0.4,1.0,1.2,H,3.0
2019-02-23,2018-19,Clausura,8,False,América,Lobos BUAP,3.0,0.0,1.0,0.0,footballcsv,232,1574.4084319691726,1481.5653735304077,92.84305843876496,1,0,0,2.0,0.0,1,1,0,0,2.0,0.0,1,1.0,3.0,2.0,4.0,-2.0,0.6666666666666666,1.3333333333333333,2.0,6.0,7.0,7.0,0.0,1.4,1.4,5.0,17.0,18.0,10.0,8.0,1.8,1.0,0.3333333333333333,0.4,0.4,29,6.0,0.6,2.2,0.8,1.0,4.0,4.0,6.0,-2.0,1.3333333333333333,2.0,1.0,4.0,7.0,12.0,-5.0,1.4,2.4,5.0,16.0,16.0,15.0,1.0,1.6,1.5,0.0,0.0,0.3,24,6.0,0.2,1.0,2.2,H,3.0
2019-02-23,2018-19,Clausura,8,False,Monterrey,Puebla,0.0,0.0,0.0,0.0,footballcsv,233,1581.407158980951,1472.3112887033792,109.09587027757175,0,0,1,1.0,2.0,1,0,0,1,1.0,2.0,1,2.0,7.0,8.0,3.0,5.0,2.6666666666666665,1.0,4.0,13.0,13.0,6.0,7.0,2.6,1.2,7.0,23.0,23.0,9.0,14.0,2.3,0.9,0.3333333333333333,0.2,0.4,28,8.0,0.8,3.0,0.8,1.0,4.0,4.0,6.0,-2.0,1.3333333333333333,2.0,2.0,8.0,6.0,7.0,-1.0,1.2,1.4,2.0,11.0,10.0,18.0,-8.0,1.0,1.8,0.0,0.2,0.2,24,8.0,0.6,1.6,1.8,D,0.0
2019-02-23,2018-19,Clausura,8,False,Necaxa,Tijuana,1.0,2.0,0.0,0.0,footballcsv,234,1477.3720095061858,1465.702798112653,11.669211393532805,0,0,1,0.0,1.0,1,0,0,1,0.0,1.0,1,1.0,4.0,9.0,7.0,2.0,3.0,2.3333333333333335,2.0,8.0,12.0,9.0,3.0,2.4,1.8,3.0,13.0,19.0,20.0,-1.0,1.9,2.0,0.0,0.2,0.1,23,7.0,0.2,1.6,1.4,2.0,7.0,6.0,1.0,5.0,2.0,0.3333333333333333,3.0,10.0,7.0,2.0,5.0,1.4,0.4,3.0,11.0,10.0,13.0,-3.0,1.0,1.3,0.6666666666666666,0.6,0.4,24,8.0,0.2,0.4,0.8,A,3.0
2019-02-23,2018-19,Clausura,8,False,Pachuca,Guadalajara,3.0,1.0,1.0,1.0,footballcsv,235,1525.5280793091404,1518.10066842296,7.427410886180269,1,0,0,3.0,1.0,1,1,0,0,3.0,1.0,1,1.0,5.0,4.0,2.0,2.0,1.3333333333333333,0.6666666666666666,2.0,8.0,5.0,5.0,0.0,1.0,1.0,4.0,16.0,15.0,13.0,2.0,1.5,1.3,0.3333333333333333,0.4,0.4,24,8.0,0.8,2.6,0.6,1.0,5.0,6.0,3.0,3.0,2.0,1.0,2.0,8.0,7.0,4.0,3.0,1.4,0.8,5.0,18.0,13.0,7.0,6.0,1.3,0.7,0.6666666666666666,0.6,0.6,24,7.0,0.4,1.4,1.2,H,4.0
2019-02-24,2018-19,Clausura,8,False,Pumas UNAM,León,1.0,3.0,0.0,2.0,footballcsv,236,1527.701429495087,1531.479108038481,-3.777678543393904,1,0,0,2.0,1.0,1,1,0,0,2.0,1.0,1,2.0,7.0,4.0,1.0,3.0,1.3333333333333333,0.3333333333333333,2.0,8.0,6.0,4.0,2.0,1.2,0.8,3.0,13.0,12.0,14.0,-2.0,1.2,1.4,0.6666666666666666,0.4,0.3,28,7.0,0.2,1.0,0.8,3.0,9.0,8.0,0.0,8.0,2.6666666666666665,0.0,4.0,12.0,12.0,1.0,11.0,2.4,0.2,4.0,16.0,17.0,7.0,10.0,1.7,0.7,1.0,0.8,0.5,24,8.0,0.4,2.0,0.6,A,4.0
2019-02-24,2018-19,Clausura,8,False,Santos Laguna,Toluca,4.0,0.0,3.0,0.0,footballcsv,237,1519.114881173405,1489.5142489040688,29.600632269336074,0,0,1,1.0,2.0,1,0,0,1,1.0,2.0,1,1.0,4.0,4.0,4.0,0.0,1.3333333333333333,1.3333333333333333,2.0,8.0,6.0,5.0,1.0,1.2,1.0,3.0,12.0,8.0,11.0,-3.0,0.8,1.1,0.0,0.2,0.2,26,8.0,0.4,0.8,0.8,0.0,1.0,1.0,6.0,-5.0,0.3333333333333333,2.0,0.0,1.0,1.0,8.0,-7.0,0.2,1.6,2.0,8.0,10.0,16.0,-6.0,1.0,1.6,0.0,0.0,0.1,26,8.0,0.2,1.0,2.0,H,4.0
2019-03-01,2018-19,Clausura,9,False,Tijuana,Atlas,3.0,1.0,2.0,0.0,footballcsv,239,1474.4218171083246,1442.5473821716237,31.874434936700936,1,0,0,1.0,0.0,1,1,0,0,1.0,0.0,1,2.0,7.0,6.0,2.0,4.0,2.0,0.6666666666666666,3.0,10.0,8.0,3.0,5.0,1.6,0.6,4.0,14.0,11.0,11.0,0.0,1.1,1.1,0.3333333333333333,0.4,0.4,25,6.0,0.4,1.4,1.4,0.0,0.0,1.0,6.0,-5.0,0.3333333333333333,2.0,2.0,6.0,6.0,8.0,-2.0,1.2,1.6,3.0,11.0,12.0,16.0,-4.0,1.2,1.6,0.0,0.0,0.1,25,7.0,0.4,1.4,2.0,H,4.0
2019-03-01,2018-19,Clausura,9,False,Monarcas Morelia,América,2.0,2.0,1.0,0.0,footballcsv,238,1447.5269111486414,1581.3473928023852,-133.82048165374385,0,0,1,1.0,2.0,1,0,0,1,1.0,2.0,1,0.0,0.0,2.0,8.0,-6.0,0.6666666666666666,2.6666666666666665,0.0,1.0,3.0,10.0,-7.0,0.6,2.0,2.0,7.0,9.0,18.0,-9.0,0.9,1.8,0.0,0.2,0.2,25,6.0,0.2,1.2,2.0,1.0,3.0,3.0,4.0,-1.0,1.0,1.3333333333333333,2.0,6.0,7.0,7.0,0.0,1.4,1.4,6.0,19.0,20.0,9.0,11.0,2.0,0.9,0.3333333333333333,0.4,0.5,30,6.0,0.4,1.4,1.2,D,4.0
2019-03-02,2018-19,Clausura,9,False,Cruz Azul,Necaxa,2.0,1.0,0.0,1.0,footballcsv,240,1533.2106417355528,1468.6529905105142,64.55765122503863,0,0,1,0.0,2.0,1,0,0,1,0.0,2.0,1,0.0,2.0,3.0,4.0,-1.0,1.0,1.3333333333333333,1.0,5.0,4.0,6.0,-2.0,0.8,1.2,2.0,10.0,6.0,10.0,-4.0,0.6,1.0,0.0,0.2,0.3,31,8.0,0.4,0.6,1.0,0.0,1.0,6.0,8.0,-2.0,2.0,2.6666666666666665,1.0,5.0,10.0,9.0,1.0,2.0,1.8,3.0,12.0,18.0,20.0,-2.0,1.8,2.0,0.0,0.2,0.1,24,7.0,0.4,2.2,2.6,H,3.0
2019-03-02,2018-19,Clausura,9,False,León,Santos Laguna,3.0,0.0,0.0,0.0,footballcsv,241,1544.8374893671228,1529.7636531796295,15.07383618749327,0,0,1,0.0,3.0,1,0,0,1,0.0,3.0,1,3.0,9.0,9.0,1.0,8.0,3.0,0.3333333333333333,5.0,15.0,15.0,1.0,14.0,3.0,0.2,5.0,18.0,20.0,8.0,12.0,2.0,0.8,0.6666666666666666,0.8,0.4,25,6.0,0.4,1.4,0.8,2.0,7.0,7.0,2.0,5.0,2.3333333333333335,0.6666666666666666,3.0,10.0,9.0,4.0,5.0,1.8,0.8,4.0,14.0,11.0,10.0,1.0,1.1,1.0,0.3333333333333333,0.4,0.3,27,6.0,0.2,0.8,1.4,H,3.0
2019-03-02,2018-19,Clausura,9,False,Tigres UANL,Pachuca,3.0,0.0,3.0,0.0,footballcsv,242,1579.6969664705928,1533.490191807094,46.20677466349866,0,1,0,1.0,1.0,1,0,1,0,1.0,1.0,1,3.0,9.0,6.0,2.0,4.0,2.0,0.6666666666666666,5.0,15.0,9.0,3.0,6.0,1.8,0.6,7.0,22.0,17.0,10.0,7.0,1.7,1.0,0.6666666666666666,0.6,0.4,27,8.0,0.8,2.6,1.2,2.0,7.0,6.0,2.0,4.0,2.0,0.6666666666666666,3.0,11.0,8.0,3.0,5.0,1.6,0.6,4.0,16.0,12.0,12.0,0.0,1.2,1.2,0.3333333333333333,0.4,0.4,25,7.0,0.0,0.4,2.0,H,3.0
2019-03-02,2018-19,Clausura,9,False,Guadalajara,Monterrey,0.0,2.0,0.0,1.0,footballcsv,243,1510.1385559250064,1576.4450879196577,-66.30653199465132,1,0,0,4.0,2.0,1,1,0,0,4.0,2.0,1,1.0,4.0,7.0,6.0,1.0,2.3333333333333335,2.0,1.0,5.0,7.0,7.0,0.0,1.4,1.4,5.0,17.0,12.0,8.0,4.0,1.2,0.8,0.3333333333333333,0.4,0.6,25,7.0,0.6,1.2,0.2,2.0,7.0,7.0,2.0,5.0,2.3333333333333335,0.6666666666666666,3.0,11.0,11.0,5.0,6.0,2.2,1.0,6.0,21.0,21.0,9.0,12.0,2.1,0.9,0.6666666666666666,0.4,0.4,29,7.0,0.6,1.6,1.0,A,2.0
2019-03-03,2018-19,Clausura,9,False,Toluca,Veracruz,3.0,1.0,1.0,1.0,footballcsv,244,1478.8654768978442,1388.435351958653,90.43012493919127,1,0,0,3.0,2.0,1,1,0,0,3.0,2.0,1,0.0,1.0,1.0,8.0,-7.0,0.3333333333333333,2.6666666666666665,0.0,1.0,1.0,11.0,-10.0,0.2,2.2,2.0,8.0,10.0,18.0,-8.0,1.0,1.8,0.0,0.0,0.1,27,7.0,0.2,1.0,1.0,0.0,1.0,1.0,6.0,-5.0,0.3333333333333333,2.0,0.0,2.0,1.0,7.0,-6.0,0.2,1.4,0.0,4.0,4.0,16.0,-12.0,0.4,1.6,0.0,0.2,0.2,25,9.0,0.0,0.2,1.8,H,4.0
2019-03-03,2018-19,Clausura,9,False,Lobos BUAP,Pumas UNAM,2.0,1.0,1.0,0.0,footballcsv,245,1474.626412697195,1514.3430481664452,-39.71663546925015,0,0,1,2.0,4.0,1,0,0,1,2.0,4.0,1,1.0,3.0,3.0,8.0,-5.0,1.0,2.6666666666666665,1.0,4.0,5.0,12.0,-7.0,1.0,2.4,4.0,13.0,13.0,17.0,-4.0,1.3,1.7,0.0,0.0,0.3,25,8.0,0.6,2.0,1.0,2.0,6.0,4.0,3.0,1.0,1.3333333333333333,1.0,2.0,7.0,5.0,5.0,0.0,1.0,1.0,2.0,10.0,10.0,16.0,-6.0,1.0,1.6,0.6666666666666666,0.4,0.3,29,7.0,0.2,1.0,2.2,H,3.0
2019-03-04,2018-19,Clausura,9,False,Puebla,Querétaro,1.0,0.0,1.0,0.0,footballcsv,246,1477.2733597646725,1444.377270369045,32.89608939562754,1,0,0,1.0,0.0,1,1,0,0,1.0,0.0,1,1.0,5.0,3.0,2.0,1.0,1.0,0.6666666666666666,2.0,8.0,5.0,6.0,-1.0,1.0,1.2,2.0,11.0,8.0,16.0,-8.0,0.8,1.6,0.3333333333333333,0.4,0.3,25,9.0,0.0,0.8,1.4,1.0,3.0,4.0,5.0,-1.0,1.3333333333333333,1.6666666666666667,1.0,3.0,4.0,11.0,-7.0,0.8,2.2,1.0,4.0,7.0,21.0,-14.0,0.7,2.1,0.3333333333333333,0.2,0.1,27,9.0,0.0,0.8,2.2,H,1.0
2019-03-05,2018-19,Clausura,1,False,América,Necaxa,1.0,3.0,1.0,0.0,footballcsv,247,1579.8105878066815,1464.7090002058335,115.101587600848,0,0,1,1.0,2.0,1,0,0,1,1.0,2.0,1,1.0,4.0,5.0,3.0,2.0,1.6666666666666667,1.0,2.0,7.0,7.0,6.0,1.0,1.4,1.2,5.0,17.0,16.0,10.0,6.0,1.6,1.0,0.3333333333333333,0.4,0.5,31,4.0,0.6,1.6,0.6,0.0,0.0,4.0,7.0,-3.0,1.3333333333333333,2.3333333333333335,1.0,4.0,11.0,11.0,0.0,2.2,2.2,3.0,12.0,17.0,16.0,1.0,1.7,1.6,0.0,0.0,0.1,25,3.0,0.4,2.0,1.8,A,4.0
2019-03-08,2018-19,Clausura,10,False,Veracruz,Santos Laguna,2.0,2.0,1.0,1.0,footballcsv,249,1382.8747600240229,1520.0232287866495,-137.14846876262663,0,1,0,1.0,1.0,1,0,1,0,1.0,1.0,1,0.0,1.0,2.0,7.0,-5.0,0.6666666666666666,2.3333333333333335,0.0,2.0,2.0,9.0,-7.0,0.4,1.8,0.0,3.0,3.0,17.0,-14.0,0.3,1.7,0.0,0.2,0.2,26,5.0,0.0,0.6,1.4,2.0,6.0,6.0,4.0,2.0,2.0,1.3333333333333333,2.0,7.0,8.0,7.0,1.0,1.6,1.4,4.0,14.0,11.0,12.0,-1.0,1.1,1.2,0.3333333333333333,0.2,0.3,28,6.0,0.2,0.8,1.8,D,4.0
2019-03-08,2018-19,Clausura,10,False,Atlas,Cruz Azul,0.0,2.0,0.0,1.0,footballcsv,248,1435.3475276186305,1537.1546320402335,-101.80710442160307,0,0,1,0.0,2.0,1,0,0,1,0.0,2.0,1,0.0,0.0,1.0,7.0,-6.0,0.3333333333333333,2.3333333333333335,1.0,3.0,4.0,10.0,-6.0,0.8,2.0,3.0,10.0,13.0,19.0,-6.0,1.3,1.9,0.0,0.0,0.0,26,7.0,0.2,1.0,1.2,1.0,4.0,4.0,4.0,0.0,1.3333333333333333,1.3333333333333333,1.0,5.0,5.0,7.0,-2.0,1.0,1.4,3.0,12.0,8.0,11.0,-3.0,0.8,1.1,0.0,0.0,0.2,32,6.0,0.2,0.8,1.0,A,2.0
2019-03-09,2018-19,Clausura,10,False,Monterrey,Tigres UANL,1.0,1.0,1.0,0.0,footballcsv,252,1587.8639824650968,1588.2442302720824,-0.3802478069856079,0,1,0,0.0,0.0,1,0,1,0,0.0,0.0,1,2.0,7.0,5.0,2.0,3.0,1.6666666666666667,0.6666666666666666,3.0,11.0,10.0,3.0,7.0,2.0,0.6,6.0,21.0,22.0,9.0,13.0,2.2,0.9,0.6666666666666666,0.6,0.4,30,7.0,0.6,2.8,0.8,3.0,9.0,7.0,2.0,5.0,2.3333333333333335,0.6666666666666666,5.0,15.0,11.0,3.0,8.0,2.2,0.6,7.0,22.0,18.0,9.0,9.0,1.8,0.9,0.6666666666666666,0.6,0.5,28,7.0,0.8,1.8,0.4,D,2.0
2019-03-09,2018-19,Clausura,10,False,Necaxa,Toluca,1.0,1.0,0.0,0.0,footballcsv,253,1481.2884298118197,1484.4260688324744,-3.1376390206546603,0,0,1,2.0,3.0,1,0,0,1,2.0,3.0,1,1.0,3.0,5.0,5.0,0.0,1.6666666666666667,1.6666666666666667,1.0,4.0,10.0,11.0,-1.0,2.0,2.2,4.0,14.0,19.0,16.0,3.0,1.9,1.6,0.0,0.0,0.1,26,4.0,0.2,1.4,1.4,1.0,3.0,3.0,8.0,-5.0,1.0,2.6666666666666665,1.0,4.0,4.0,11.0,-7.0,0.8,2.2,3.0,10.0,11.0,17.0,-6.0,1.1,1.7,0.0,0.0,0.1,28,6.0,0.2,0.6,2.2,D,2.0
2019-03-09,2018-19,Clausura,10,False,Pachuca,Tijuana,4.0,0.0,2.0,0.0,footballcsv,250,1524.9429280056045,1481.6216716613178,43.32125634428667,0,0,1,0.0,1.0,1,0,0,1,0.0,1.0,1,1.0,4.0,4.0,5.0,-1.0,1.3333333333333333,1.6666666666666667,2.0,8.0,7.0,6.0,1.0,1.4,1.2,4.0,15.0,12.0,15.0,-3.0,1.2,1.5,0.0,0.2,0.3,26,7.0,0.8,2.0,0.4,3.0,9.0,8.0,2.0,6.0,2.6666666666666665,0.6666666666666666,4.0,13.0,11.0,3.0,8.0,2.2,0.6,5.0,17.0,12.0,9.0,3.0,1.2,0.9,0.3333333333333333,0.4,0.4,26,8.0,0.4,0.8,1.0,H,4.0
2019-03-09,2018-19,Clausura,10,False,América,Puebla,1.0,0.0,0.0,0.0,footballcsv,251,1563.2311582006953,1481.7964632020576,81.43469499863772,1,0,0,3.0,2.0,1,1,0,0,3.0,2.0,1,1.0,4.0,6.0,5.0,1.0,2.0,1.6666666666666667,1.0,4.0,6.0,9.0,-3.0,1.2,1.8,5.0,16.0,17.0,13.0,4.0,1.7,1.3,0.3333333333333333,0.2,0.4,32,4.0,0.6,1.8,1.2,1.0,5.0,2.0,1.0,1.0,0.6666666666666666,0.3333333333333333,2.0,8.0,5.0,6.0,-1.0,1.0,1.2,3.0,14.0,8.0,10.0,-2.0,0.8,1.0,0.6666666666666666,0.4,0.4,26,5.0,0.4,0.8,1.8,H,1.0
2019-03-09,2018-19,Clausura,10,False,Querétaro,Guadalajara,0.0,0.0,0.0,0.0,footballcsv,254,1439.8541669316598,1498.7196613795672,-58.865494447907395,0,1,0,1.0,1.0,1,0,1,0,1.0,1.0,1,1.0,3.0,4.0,4.0,0.0,1.3333333333333333,1.3333333333333333,1.0,3.0,4.0,8.0,-4.0,0.8,1.6,1.0,4.0,7.0,20.0,-13.0,0.7,2.0,0.3333333333333333,0.2,0.1,28,5.0,0.2,1.0,2.0,1.0,3.0,4.0,5.0,-1.0,1.3333333333333333,1.6666666666666667,1.0,5.0,7.0,8.0,-1.0,1.4,1.6,4.0,14.0,11.0,10.0,1.0,1.1,1.0,0.3333333333333333,0.4,0.5,26,7.0,0.4,1.2,1.4,D,0.0
2019-03-10,2018-19,Clausura,10,False,Pumas UNAM,Monarcas Morelia,2.0,2.0,0.0,1.0,footballcsv,256,1508.3219134514263,1449.063716144345,59.25819730708122,0,1,0,0.0,0.0,1,0,1,0,0.0,0.0,1,1.0,3.0,3.0,5.0,-2.0,1.0,1.6666666666666667,2.0,7.0,6.0,6.0,0.0,1.2,1.2,2.0,9.0,10.0,17.0,-7.0,1.0,1.7,0.3333333333333333,0.4,0.3,30,7.0,0.2,1.0,1.2,0.0,1.0,4.0,8.0,-4.0,1.3333333333333333,2.6666666666666665,0.0,1.0,5.0,12.0,-7.0,1.0,2.4,1.0,5.0,8.0,18.0,-10.0,0.8,1.8,0.0,0.0,0.2,26,9.0,0.2,0.6,1.6,D,4.0
2019-03-10,2018-19,Clausura,10,False,Lobos BUAP,León,0.0,1.0,0.0,1.0,footballcsv,255,1480.647547412214,1554.5779137601028,-73.93036634788882,1,0,0,1.0,0.0,1,1,0,0,1.0,0.0,1,2.0,6.0,5.0,5.0,0.0,1.6666666666666667,1.6666666666666667,2.0,7.0,6.0,10.0,-4.0,1.2,2.0,5.0,16.0,14.0,16.0,-2.0,1.4,1.6,0.0,0.0,0.3,26,7.0,0.6,2.0,1.2,3.0,9.0,9.0,1.0,8.0,3.0,0.3333333333333333,5.0,15.0,14.0,1.0,13.0,2.8,0.2,6.0,21.0,23.0,7.0,16.0,2.3,0.7,0.6666666666666666,0.8,0.5,26,8.0,0.6,2.6,0.8,A,1.0
2019-03-15,2018-19,Clausura,11,False,Monarcas Morelia,Lobos BUAP,1.0,1.0,1.0,1.0,footballcsv,258,1452.8701968285195,1473.59499642874,-20.724799600220422,0,0,1,1.0,3.0,1,0,0,1,1.0,3.0,1,0.0,2.0,4.0,7.0,-3.0,1.3333333333333333,2.3333333333333335,0.0,2.0,6.0,12.0,-6.0,1.2,2.4,1.0,6.0,10.0,18.0,-8.0,1.0,1.8,0.0,0.0,0.2,27,5.0,0.2,1.6,2.0,1.0,3.0,2.0,5.0,-3.0,0.6666666666666666,1.6666666666666667,2.0,6.0,5.0,10.0,-5.0,1.0,2.0,4.0,13.0,12.0,17.0,-5.0,1.2,1.7,0.0,0.0,0.2,27,5.0,0.2,0.6,2.4,D,2.0
2019-03-15,2018-19,Clausura,11,False,Puebla,Pumas UNAM,1.0,0.0,0.0,0.0,footballcsv,257,1478.1405717047953,1504.515432767252,-26.374861062456603,0,1,0,2.0,2.0,1,0,1,0,2.0,2.0,1,1.0,4.0,1.0,1.0,0.0,0.3333333333333333,0.3333333333333333,2.0,8.0,4.0,3.0,1.0,0.8,0.6,3.0,13.0,8.0,11.0,-3.0,0.8,1.1,0.6666666666666666,0.4,0.3,27,6.0,0.2,1.0,1.4,0.0,1.0,4.0,7.0,-3.0,1.3333333333333333,2.3333333333333335,2.0,7.0,7.0,7.0,0.0,1.4,1.4,2.0,10.0,11.0,13.0,-2.0,1.1,1.3,0.0,0.4,0.3,31,5.0,0.2,1.0,2.2,H,1.0
2019-03-16,2018-19,Clausura,11,False,Cruz Azul,Pachuca,4.0,1.0,2.0,0.0,footballcsv,259,1547.351035199466,1534.9898750109687,12.361160188497252,0,0,1,1.0,3.0,1,0,0,1,1.0,3.0,1,2.0,7.0,5.0,2.0,3.0,1.6666666666666667,0.6666666666666666,2.0,8.0,7.0,5.0,2.0,1.4,1.0,4.0,15.0,10.0,9.0,1.0,1.0,0.9,0.3333333333333333,0.2,0.3,33,8.0,0.4,0.8,1.2,2.0,6.0,7.0,4.0,3.0,2.3333333333333335,1.3333333333333333,3.0,10.0,10.0,5.0,5.0,2.0,1.0,5.0,17.0,15.0,14.0,1.0,1.5,1.4,0.3333333333333333,0.4,0.4,27,7.0,0.0,0.4,2.6,H,5.0
2019-03-16,2018-19,Clausura,11,False,Tijuana,Monterrey,1.0,0.0,0.0,0.0,footballcsv,260,1471.5747246559536,1585.6116326904616,-114.03690803450809,0,0,1,0.0,3.0,1,0,0,1,0.0,3.0,1,2.0,6.0,5.0,6.0,-1.0,1.6666666666666667,2.0,3.0,10.0,9.0,7.0,2.0,1.8,1.4,5.0,16.0,12.0,13.0,-1.0,1.2,1.3,0.0,0.2,0.3,27,7.0,0.6,2.0,1.4,1.0,5.0,3.0,1.0,2.0,1.0,0.3333333333333333,3.0,11.0,10.0,3.0,7.0,2.0,0.6,6.0,22.0,23.0,9.0,14.0,2.3,0.9,0.6666666666666666,0.6,0.4,31,7.0,0.6,1.6,1.0,H,1.0
2019-03-16,2018-19,Clausura,11,False,Guadalajara,América,0.0,2.0,0.0,1.0,footballcsv,261,1499.3272121612033,1566.8870496979575,-67.55983753675423,0,1,0,1.0,1.0,1,0,1,0,1.0,1.0,1,0.0,1.0,1.0,5.0,-4.0,0.3333333333333333,1.6666666666666667,1.0,5.0,7.0,8.0,-1.0,1.4,1.6,4.0,15.0,11.0,9.0,2.0,1.1,0.9,0.3333333333333333,0.4,0.6,27,7.0,0.6,1.2,0.4,1.0,4.0,4.0,5.0,-1.0,1.3333333333333333,1.6666666666666667,2.0,7.0,7.0,6.0,1.0,1.4,1.2,5.0,16.0,16.0,13.0,3.0,1.6,1.3,0.3333333333333333,0.4,0.4,33,7.0,0.4,1.6,1.4,A,2.0
2019-03-16,2018-19,Clausura,11,False,Tigres UANL,Querétaro,4.0,1.0,2.0,0.0,footballcsv,262,1590.4965800467176,1439.2466161500238,151.24996389669377,1,0,0,2.0,0.0,1,1,0,0,2.0,0.0,1,2.0,7.0,5.0,1.0,4.0,1.6666666666666667,0.3333333333333333,4.0,13.0,10.0,3.0,7.0,2.0,0.6,7.0,23.0,18.0,7.0,11.0,1.8,0.7,0.6666666666666666,0.6,0.5,29,7.0,0.8,2.0,1.0,1.0,4.0,3.0,1.0,2.0,1.0,0.3333333333333333,1.0,4.0,4.0,6.0,-2.0,0.8,1.2,1.0,4.0,6.0,19.0,-13.0,0.6,1.9,0.6666666666666666,0.4,0.2,29,7.0,0.0,0.4,2.0,H,5.0
2019-03-17,2018-19,Clausura,11,False,Toluca,Atlas,2.0,0.0,1.0,0.0,footballcsv,263,1486.6029473875776,1425.151124459398,61.45182292817958,0,0,1,0.0,2.0,1,0,0,1,0.0,2.0,1,1.0,4.0,4.0,6.0,-2.0,1.3333333333333333,2.0,1.0,5.0,5.0,10.0,-5.0,1.0,2.0,3.0,11.0,10.0,15.0,-5.0,1.0,1.5,0.0,0.0,0.1,29,8.0,0.4,1.6,1.0,0.0,0.0,1.0,6.0,-5.0,0.3333333333333333,2.0,0.0,0.0,2.0,11.0,-9.0,0.4,2.2,3.0,10.0,12.0,18.0,-6.0,1.2,1.8,0.0,0.0,0.0,27,9.0,0.4,1.4,2.0,H,2.0
2019-03-17,2018-19,Clausura,11,False,Santos Laguna,Necaxa,1.0,2.0,0.0,1.0,footballcsv,264,1518.3930392182735,1479.1115512567164,39.281487961557104,1,0,0,1.0,0.0,1,1,0,0,1.0,0.0,1,1.0,4.0,6.0,5.0,1.0,2.0,1.6666666666666667,2.0,8.0,9.0,7.0,2.0,1.8,1.4,4.0,15.0,13.0,12.0,1.0,1.3,1.2,0.3333333333333333,0.2,0.3,29,9.0,0.6,1.4,0.6,1.0,4.0,5.0,4.0,1.0,1.6666666666666667,1.3333333333333333,1.0,4.0,8.0,9.0,-1.0,1.6,1.8,4.0,15.0,20.0,16.0,4.0,2.0,1.6,0.0,0.0,0.1,27,8.0,0.6,2.6,1.8,A,3.0
2019-03-17,2018-19,Clausura,11,False,León,Veracruz,2.0,0.0,2.0,0.0,footballcsv,265,1561.6304647435768,1384.5049495923988,177.12551515117798,1,0,0,4.0,0.0,1,1,0,0,4.0,0.0,1,3.0,9.0,7.0,1.0,6.0,2.3333333333333335,0.3333333333333333,5.0,15.0,13.0,1.0,12.0,2.6,0.2,7.0,23.0,23.0,6.0,17.0,2.3,0.6,0.6666666666666666,0.8,0.6,27,7.0,0.6,2.0,0.6,0.0,2.0,4.0,6.0,-2.0,1.3333333333333333,2.0,0.0,2.0,4.0,11.0,-7.0,0.8,2.2,0.0,4.0,4.0,15.0,-11.0,0.4,1.5,0.0,0.0,0.2,27,9.0,0.0,0.2,1.6,H,2.0
2019-03-29,2018-19,Clausura,12,False,Atlas,Santos Laguna,1.0,0.0,0.0,0.0,footballcsv,266,1418.8135039264946,1509.1711466056286,-90.35764267913396,0,0,1,1.0,3.0,1,0,0,1,1.0,3.0,1,0.0,0.0,1.0,7.0,-6.0,0.3333333333333333,2.3333333333333335,0.0,0.0,1.0,11.0,-10.0,0.2,2.2,2.0,7.0,10.0,19.0,-9.0,1.0,1.9,0.0,0.0,0.0,28,12.0,0.2,1.0,1.6,0.0,1.0,3.0,7.0,-4.0,1.0,2.3333333333333335,2.0,7.0,9.0,8.0,1.0,1.8,1.6,4.0,15.0,14.0,12.0,2.0,1.4,1.2,0.0,0.2,0.3,30,12.0,0.2,1.2,1.8,H,1.0
2019-03-29,2018-19,Clausura,12,False,Monarcas Morelia,León,2.0,3.0,2.0,0.0,footballcsv,267,1451.1804818722585,1565.2779750900454,-114.0974932177869,1,0,0,2.0,1.0,1,1,0,0,2.0,1.0,1,0.0,3.0,5.0,5.0,0.0,1.6666666666666667,1.6666666666666667,0.0,3.0,7.0,11.0,-4.0,1.4,2.2,1.0,7.0,10.0,16.0,-6.0,1.0,1.6,0.0,0.0,0.2,28,14.0,0.2,1.6,1.6,3.0,9.0,6.0,0.0,6.0,2.0,0.0,5.0,15.0,12.0,1.0,11.0,2.4,0.2,8.0,25.0,23.0,4.0,19.0,2.3,0.4,1.0,0.8,0.7,28,12.0,0.8,2.6,0.6,A,5.0
2019-03-30,2018-19,Clausura,12,False,Pachuca,Toluca,3.0,2.0,2.0,1.0,footballcsv,268,1525.1412538187953,1492.940567920481,32.200685898314305,0,0,1,1.0,2.0,1,0,0,1,1.0,2.0,1,1.0,3.0,5.0,7.0,-2.0,1.6666666666666667,2.3333333333333335,2.0,7.0,9.0,9.0,0.0,1.8,1.8,5.0,17.0,16.0,13.0,3.0,1.6,1.3,0.3333333333333333,0.2,0.4,28,14.0,1.0,2.6,0.2,2.0,7.0,6.0,2.0,4.0,2.0,0.6666666666666666,2.0,7.0,6.0,9.0,-3.0,1.2,1.8,3.0,11.0,9.0,14.0,-5.0,0.9,1.4,0.3333333333333333,0.2,0.2,30,13.0,0.0,0.2,2.2,H,5.0
2019-03-30,2018-19,Clausura,12,False,América,Tigres UANL,3.0,0.0,1.0,0.0,footballcsv,269,1578.2663700111912,1595.7392182500812,-17.472848238890037,1,0,0,3.0,2.0,1,1,0,0,3.0,2.0,1,2.0,6.0,4.0,3.0,1.0,1.3333333333333333,1.0,3.0,10.0,9.0,5.0,4.0,1.8,1.0,5.0,16.0,16.0,12.0,4.0,1.6,1.2,0.6666666666666666,0.6,0.5,34,14.0,0.6,1.4,1.2,2.0,7.0,8.0,2.0,6.0,2.6666666666666665,0.6666666666666666,4.0,13.0,12.0,4.0,8.0,2.4,0.8,8.0,25.0,20.0,6.0,14.0,2.0,0.6,0.3333333333333333,0.4,0.5,30,14.0,0.8,1.6,0.2,H,3.0
2019-03-30,2018-19,Clausura,12,False,Monterrey,Cruz Azul,2.0,2.0,1.0,0.0,footballcsv,270,1578.0032757021484,1557.1996563916393,20.80361931050902,1,0,2,2.0,3.0,3,1,0,2,2.0,3.0,3,1.0,4.0,3.0,2.0,1.0,1.0,0.6666666666666666,2.0,8.0,6.0,4.0,2.0,1.2,0.8,5.0,19.0,18.0,10.0,8.0,1.8,1.0,0.3333333333333333,0.4,0.3,32,14.0,0.4,2.0,1.0,3.0,9.0,8.0,2.0,6.0,2.6666666666666665,0.6666666666666666,3.0,10.0,10.0,5.0,5.0,2.0,1.0,5.0,17.0,13.0,9.0,4.0,1.3,0.9,0.3333333333333333,0.2,0.3,34,14.0,0.4,1.0,0.8,D,4.0
2019-03-30,2018-19,Clausura,12,False,Necaxa,Veracruz,2.0,0.0,1.0,0.0,footballcsv,271,1488.3334438693614,1380.8574392459302,107.47600462343121,0,1,0,0.0,0.0,1,0,1,0,0.0,0.0,1,2.0,7.0,6.0,3.0,3.0,2.0,1.0,2.0,7.0,8.0,7.0,1.0,1.6,1.4,4.0,15.0,20.0,16.0,4.0,2.0,1.6,0.0,0.0,0.1,28,13.0,0.2,1.4,1.4,0.0,1.0,3.0,7.0,-4.0,1.0,2.3333333333333335,0.0,2.0,4.0,11.0,-7.0,0.8,2.2,0.0,3.0,4.0,17.0,-13.0,0.4,1.7,0.0,0.0,0.1,28,13.0,0.0,0.2,2.0,H,2.0
2019-03-30,2018-19,Clausura,12,False,Querétaro,Tijuana,1.0,0.0,0.0,0.0,footballcsv,272,1434.0039779466601,1479.1830816442668,-45.179103697606706,0,1,0,1.0,1.0,1,0,1,0,1.0,1.0,1,0.0,1.0,1.0,5.0,-4.0,0.3333333333333333,1.6666666666666667,1.0,4.0,5.0,8.0,-3.0,1.0,1.6,1.0,4.0,6.0,21.0,-15.0,0.6,2.1,0.3333333333333333,0.4,0.2,30,14.0,0.2,0.8,1.6,2.0,6.0,4.0,5.0,-1.0,1.3333333333333333,1.6666666666666667,4.0,12.0,9.0,6.0,3.0,1.8,1.2,6.0,19.0,13.0,11.0,2.0,1.3,1.1,0.3333333333333333,0.4,0.4,28,14.0,0.4,0.8,1.4,H,1.0
2019-03-31,2018-19,Clausura,12,False,Lobos BUAP,Puebla,0.0,4.0,0.0,3.0,footballcsv,274,1475.284711385001,1483.8709388473335,-8.586227462332545,0,1,0,2.0,2.0,1,0,1,0,2.0,2.0,1,1.0,4.0,3.0,3.0,0.0,1.0,1.0,2.0,7.0,6.0,7.0,-1.0,1.2,1.4,3.0,11.0,11.0,18.0,-7.0,1.1,1.8,0.0,0.0,0.1,28,16.0,0.4,1.6,1.4,2.0,6.0,2.0,1.0,1.0,0.6666666666666666,0.3333333333333333,2.0,8.0,3.0,2.0,1.0,0.6,0.4,4.0,15.0,8.0,10.0,-2.0,0.8,1.0,0.6666666666666666,0.6,0.4,28,16.0,0.4,0.6,0.8,A,4.0
2019-03-31,2018-19,Clausura,12,False,Pumas UNAM,Guadalajara,2.0,1.0,2.0,1.0,footballcsv,273,1498.7850656247138,1487.9478918479697,10.837173776744066,1,0,0,2.0,1.0,1,1,0,0,2.0,1.0,1,0.0,1.0,3.0,5.0,-2.0,1.0,1.6666666666666667,1.0,4.0,5.0,8.0,-3.0,1.0,1.6,2.0,9.0,11.0,14.0,-3.0,1.1,1.4,0.0,0.2,0.2,32,16.0,0.2,1.4,1.6,0.0,1.0,0.0,4.0,-4.0,0.0,1.3333333333333333,1.0,4.0,4.0,7.0,-3.0,0.8,1.4,3.0,12.0,9.0,11.0,-2.0,0.9,1.1,0.3333333333333333,0.4,0.5,28,15.0,0.2,1.0,1.4,H,3.0
2019-04-05,2018-19,Clausura,13,False,Veracruz,Atlas,0.0,1.0,0.0,0.0,footballcsv,275,1375.721662222494,1425.9515534408183,-50.22989121832438,0,0,1,3.0,4.0,1,0,0,1,3.0,4.0,1,0.0,1.0,2.0,6.0,-4.0,0.6666666666666666,2.0,0.0,2.0,4.0,10.0,-6.0,0.8,2.0,0.0,3.0,4.0,18.0,-14.0,0.4,1.8,0.0,0.0,0.1,29,6.0,0.0,0.6,1.4,1.0,3.0,1.0,4.0,-3.0,0.3333333333333333,1.3333333333333333,1.0,3.0,2.0,8.0,-6.0,0.4,1.6,3.0,10.0,10.0,17.0,-7.0,1.0,1.7,0.3333333333333333,0.2,0.1,29,7.0,0.2,1.0,2.2,A,1.0
2019-04-05,2018-19,Clausura,13,False,Puebla,Monarcas Morelia,1.0,1.0,0.0,1.0,footballcsv,276,1503.2276287993684,1445.0225335817481,58.20509521762028,0,0,1,0.0,2.0,1,0,0,1,0.0,2.0,1,2.0,6.0,5.0,1.0,4.0,1.6666666666666667,0.3333333333333333,3.0,10.0,6.0,1.0,5.0,1.2,0.2,5.0,18.0,12.0,8.0,4.0,1.2,0.8,0.6666666666666666,0.8,0.5,29,5.0,0.4,1.0,1.2,0.0,2.0,5.0,6.0,-1.0,1.6666666666666667,2.0,0.0,3.0,7.0,11.0,-4.0,1.4,2.2,1.0,7.0,12.0,18.0,-6.0,1.2,1.8,0.0,0.0,0.2,29,7.0,0.0,0.4,1.6,D,2.0
2019-04-06,2018-19,Clausura,13,False,Tigres UANL,Pumas UNAM,2.0,0.0,1.0,0.0,footballcsv,277,1584.659467276497,1503.7399115526487,80.91955572384836,1,1,1,6.0,7.0,3,1,1,1,6.0,7.0,3,1.0,4.0,5.0,5.0,0.0,1.6666666666666667,1.6666666666666667,3.0,10.0,9.0,5.0,4.0,1.8,1.0,7.0,22.0,17.0,9.0,8.0,1.7,0.9,0.0,0.4,0.4,31,7.0,0.8,2.4,1.0,1.0,4.0,4.0,4.0,0.0,1.3333333333333333,1.3333333333333333,1.0,4.0,6.0,9.0,-3.0,1.2,1.8,3.0,12.0,12.0,13.0,-1.0,1.2,1.3,0.0,0.0,0.2,33,6.0,0.2,0.8,1.2,H,2.0
2019-04-06,2018-19,Clausura,13,False,Guadalajara,Lobos BUAP,0.0,1.0,0.0,0.0,footballcsv,278,1482.9930459200348,1455.928021432966,27.06502448706874,0,1,0,1.0,1.0,1,0,1,0,1.0,1.0,1,0.0,1.0,1.0,4.0,-3.0,0.3333333333333333,1.3333333333333333,0.0,1.0,2.0,9.0,-7.0,0.4,1.8,2.0,9.0,9.0,13.0,-4.0,0.9,1.3,0.3333333333333333,0.2,0.4,29,6.0,0.4,0.8,0.8,0.0,1.0,1.0,6.0,-5.0,0.3333333333333333,2.0,1.0,4.0,3.0,10.0,-7.0,0.6,2.0,2.0,8.0,10.0,22.0,-12.0,1.0,2.2,0.0,0.0,0.0,29,6.0,0.2,0.6,2.2,A,1.0
2019-04-06,2018-19,Clausura,13,False,Cruz Azul,Querétaro,3.0,0.0,1.0,0.0,footballcsv,279,1560.0222574928446,1440.1458644853597,119.87639300748492,1,1,1,3.0,3.0,3,1,1,1,3.0,3.0,3,2.0,7.0,8.0,3.0,5.0,2.6666666666666665,1.0,3.0,11.0,11.0,5.0,6.0,2.2,1.0,5.0,18.0,15.0,10.0,5.0,1.5,1.0,0.3333333333333333,0.2,0.3,35,7.0,0.6,1.6,1.0,1.0,4.0,2.0,4.0,-2.0,0.6666666666666666,1.3333333333333333,2.0,7.0,5.0,5.0,0.0,1.0,1.0,2.0,7.0,7.0,18.0,-11.0,0.7,1.8,0.6666666666666666,0.6,0.3,31,7.0,0.0,0.4,2.6,H,3.0
2019-04-06,2018-19,Clausura,13,False,León,Necaxa,2.0,1.0,2.0,0.0,footballcsv,280,1571.4359233805558,1493.4692208927977,77.96670248775808,1,0,0,2.0,0.0,1,1,0,0,2.0,0.0,1,3.0,9.0,6.0,2.0,4.0,2.0,0.6666666666666666,5.0,15.0,12.0,3.0,9.0,2.4,0.6,9.0,27.0,24.0,4.0,20.0,2.4,0.4,0.6666666666666666,0.6,0.7,29,8.0,0.8,2.0,0.2,2.0,7.0,5.0,2.0,3.0,1.6666666666666667,0.6666666666666666,3.0,10.0,9.0,5.0,4.0,1.8,1.0,4.0,15.0,19.0,14.0,5.0,1.9,1.4,0.3333333333333333,0.2,0.2,29,7.0,0.6,2.4,1.6,H,3.0
2019-04-06,2018-19,Clausura,13,False,Tijuana,América,3.0,2.0,1.0,2.0,footballcsv,281,1473.0411951055673,1589.3461209847753,-116.30492587920799,0,0,1,0.0,3.0,1,0,0,1,0.0,3.0,1,1.0,3.0,1.0,5.0,-4.0,0.3333333333333333,1.6666666666666667,3.0,9.0,6.0,7.0,-1.0,1.2,1.4,6.0,19.0,13.0,9.0,4.0,1.3,0.9,0.3333333333333333,0.2,0.4,29,7.0,0.8,1.8,0.8,3.0,9.0,6.0,0.0,6.0,2.0,0.0,3.0,10.0,9.0,5.0,4.0,1.8,1.0,5.0,16.0,16.0,12.0,4.0,1.6,1.2,1.0,0.6,0.5,35,7.0,0.4,1.6,1.4,H,5.0
2019-04-07,2018-19,Clausura,13,False,Toluca,Monterrey,5.0,1.0,1.0,0.0,footballcsv,282,1488.4041975673379,1575.1806746009431,-86.77647703360526,0,0,1,1.0,2.0,1,0,0,1,1.0,2.0,1,1.0,4.0,5.0,4.0,1.0,1.6666666666666667,1.3333333333333333,2.0,7.0,8.0,9.0,-1.0,1.6,1.8,2.0,8.0,9.0,17.0,-8.0,0.9,1.7,0.3333333333333333,0.2,0.1,31,8.0,0.6,1.6,0.6,0.0,2.0,3.0,4.0,-1.0,1.0,1.3333333333333333,1.0,6.0,5.0,4.0,1.0,1.0,0.8,5.0,19.0,18.0,10.0,8.0,1.8,1.0,0.0,0.4,0.3,33,8.0,0.6,1.6,1.0,H,6.0
2019-04-07,2018-19,Clausura,13,False,Santos Laguna,Pachuca,0.0,0.0,0.0,0.0,footballcsv,283,1502.0330970913049,1529.6776241719385,-27.64452708063368,0,1,0,1.0,1.0,1,0,1,0,1.0,1.0,1,0.0,1.0,3.0,5.0,-2.0,1.0,1.6666666666666667,1.0,4.0,7.0,8.0,-1.0,1.4,1.6,3.0,12.0,13.0,13.0,0.0,1.3,1.3,0.0,0.2,0.2,31,9.0,0.6,1.6,0.6,2.0,6.0,8.0,6.0,2.0,2.6666666666666665,2.0,3.0,9.0,11.0,10.0,1.0,2.2,2.0,5.0,17.0,16.0,15.0,1.0,1.6,1.5,0.3333333333333333,0.2,0.3,29,8.0,0.0,0.6,2.4,D,0.0
2019-04-12,2018-19,Clausura,14,False,Puebla,León,0.0,3.0,0.0,2.0,footballcsv,284,1499.4470968804064,1575.1498194104756,-75.7027225300692,1,0,0,4.0,0.0,1,1,0,0,4.0,0.0,1,2.0,7.0,6.0,1.0,5.0,2.0,0.3333333333333333,3.0,10.0,7.0,2.0,5.0,1.4,0.4,5.0,18.0,12.0,8.0,4.0,1.2,0.8,0.6666666666666666,0.6,0.5,30,7.0,0.4,1.0,1.2,3.0,9.0,7.0,3.0,4.0,2.3333333333333335,1.0,5.0,15.0,11.0,3.0,8.0,2.2,0.6,10.0,30.0,26.0,4.0,22.0,2.6,0.4,0.3333333333333333,0.6,0.7,30,6.0,1.0,2.8,0.6,A,3.0
2019-04-12,2018-19,Clausura,14,False,Atlas,Necaxa,1.0,2.0,0.0,1.0,footballcsv,285,1433.4755009471153,1489.7553248628778,-56.27982391576256,0,1,0,2.0,2.0,1,0,1,0,2.0,2.0,1,2.0,6.0,2.0,2.0,0.0,0.6666666666666666,0.6666666666666666,2.0,6.0,3.0,7.0,-4.0,0.6,1.4,4.0,12.0,9.0,15.0,-6.0,0.9,1.5,0.6666666666666666,0.4,0.2,30,7.0,0.4,1.0,1.2,2.0,6.0,5.0,3.0,2.0,1.6666666666666667,1.0,3.0,10.0,9.0,5.0,4.0,1.8,1.0,4.0,14.0,20.0,16.0,4.0,2.0,1.6,0.3333333333333333,0.2,0.1,30,6.0,0.4,1.8,1.8,A,3.0
2019-04-13,2018-19,Clausura,14,False,Pachuca,Veracruz,9.0,2.0,6.0,1.0,footballcsv,286,1531.173232246511,1368.197714716197,162.97551753031394,1,0,0,3.0,2.0,1,1,0,0,3.0,2.0,1,1.0,4.0,4.0,6.0,-2.0,1.3333333333333333,2.0,2.0,7.0,8.0,9.0,-1.0,1.6,1.8,5.0,18.0,16.0,12.0,4.0,1.6,1.2,0.3333333333333333,0.4,0.4,30,6.0,1.0,2.6,0.6,0.0,0.0,0.0,5.0,-5.0,0.0,1.6666666666666667,0.0,1.0,3.0,10.0,-7.0,0.6,2.0,0.0,3.0,4.0,17.0,-13.0,0.4,1.7,0.0,0.0,0.1,30,8.0,0.0,0.2,2.0,H,11.0
2019-04-13,2018-19,Clausura,14,False,Monarcas Morelia,Guadalajara,1.0,0.0,1.0,0.0,footballcsv,287,1448.80306550071,1473.9907251427428,-25.187659642032713,1,0,0,2.0,1.0,1,1,0,0,2.0,1.0,1,0.0,2.0,4.0,5.0,-1.0,1.3333333333333333,1.6666666666666667,0.0,4.0,8.0,9.0,-1.0,1.6,1.8,0.0,5.0,11.0,19.0,-8.0,1.1,1.9,0.0,0.0,0.1,30,8.0,0.0,1.6,2.2,0.0,0.0,1.0,5.0,-4.0,0.3333333333333333,1.6666666666666667,0.0,1.0,1.0,7.0,-6.0,0.2,1.4,1.0,6.0,8.0,14.0,-6.0,0.8,1.4,0.0,0.2,0.3,30,7.0,0.0,1.0,1.8,H,1.0
2019-04-13,2018-19,Clausura,14,False,Querétaro,Toluca,0.0,0.0,0.0,0.0,footballcsv,288,1434.0361211483323,1504.8124459881526,-70.77632483982029,0,0,1,0.0,4.0,1,0,0,1,0.0,4.0,1,1.0,3.0,2.0,7.0,-5.0,0.6666666666666666,2.3333333333333335,1.0,4.0,2.0,8.0,-6.0,0.4,1.6,2.0,7.0,6.0,19.0,-13.0,0.6,1.9,0.3333333333333333,0.4,0.3,32,7.0,0.4,0.8,1.2,2.0,6.0,9.0,4.0,5.0,3.0,1.3333333333333333,3.0,10.0,13.0,6.0,7.0,2.6,1.2,3.0,11.0,14.0,17.0,-3.0,1.4,1.7,0.3333333333333333,0.2,0.1,32,6.0,0.0,0.6,2.6,D,0.0
2019-04-14,2018-19,Clausura,14,False,América,Cruz Azul,0.0,0.0,0.0,0.0,footballcsv,292,1581.692976862305,1566.132000829872,15.560976032433018,1,2,0,2.0,0.0,3,1,2,0,2.0,0.0,3,2.0,6.0,7.0,3.0,4.0,2.3333333333333335,1.0,3.0,9.0,9.0,6.0,3.0,1.8,1.2,5.0,16.0,16.0,12.0,4.0,1.6,1.2,0.6666666666666666,0.6,0.5,36,8.0,0.6,1.6,1.2,2.0,7.0,9.0,3.0,6.0,3.0,1.0,4.0,13.0,13.0,4.0,9.0,2.6,0.8,5.0,18.0,17.0,10.0,7.0,1.7,1.0,0.3333333333333333,0.4,0.3,36,8.0,0.2,1.2,1.2,D,0.0
2019-04-14,2018-19,Clausura,14,False,Lobos BUAP,Tigres UANL,0.0,3.0,0.0,0.0,footballcsv,291,1464.930342210258,1590.467511992035,-125.53716978177704,0,1,0,2.0,2.0,1,0,1,0,2.0,2.0,1,1.0,4.0,2.0,5.0,-3.0,0.6666666666666666,1.6666666666666667,2.0,7.0,4.0,7.0,-3.0,0.8,1.4,3.0,11.0,9.0,19.0,-10.0,0.9,1.9,0.3333333333333333,0.2,0.1,30,8.0,0.4,1.2,1.6,2.0,6.0,6.0,4.0,2.0,2.0,1.3333333333333333,3.0,10.0,10.0,5.0,5.0,2.0,1.0,8.0,25.0,19.0,8.0,11.0,1.9,0.8,0.3333333333333333,0.4,0.5,32,8.0,0.6,1.0,0.8,A,3.0
2019-04-14,2018-19,Clausura,14,False,Monterrey,Santos Laguna,4.0,0.0,1.0,0.0,footballcsv,290,1558.7724261801284,1500.5374890167325,58.2349371633959,2,0,1,3.0,1.0,3,2,0,1,3.0,1.0,3,0.0,1.0,3.0,8.0,-5.0,1.0,2.6666666666666665,1.0,5.0,6.0,9.0,-3.0,1.2,1.8,4.0,16.0,17.0,14.0,3.0,1.7,1.4,0.0,0.2,0.3,34,7.0,0.4,2.0,1.0,0.0,1.0,1.0,3.0,-2.0,0.3333333333333333,1.0,0.0,2.0,3.0,8.0,-5.0,0.6,1.6,3.0,12.0,12.0,12.0,0.0,1.2,1.2,0.3333333333333333,0.2,0.3,32,7.0,0.2,1.0,1.8,H,4.0
2019-04-14,2018-19,Clausura,14,False,Pumas UNAM,Tijuana,1.0,0.0,0.0,0.0,footballcsv,289,1497.9318668371106,1480.6943392280377,17.237527609072913,1,0,0,1.0,0.0,1,1,0,0,1.0,0.0,1,1.0,3.0,2.0,4.0,-2.0,0.6666666666666666,1.3333333333333333,1.0,4.0,5.0,8.0,-3.0,1.0,1.6,3.0,11.0,10.0,13.0,-3.0,1.0,1.3,0.0,0.0,0.2,34,8.0,0.4,1.4,1.4,2.0,6.0,4.0,3.0,1.0,1.3333333333333333,1.0,3.0,9.0,7.0,8.0,-1.0,1.4,1.6,6.0,19.0,15.0,11.0,4.0,1.5,1.1,0.3333333333333333,0.2,0.3,30,8.0,0.2,0.6,1.6,H,1.0
2019-04-19,2018-19,Clausura,15,False,Veracruz,Monterrey,0.0,1.0,0.0,0.0,footballcsv,293,1360.7811649534256,1568.189383459209,-207.40821850578345,0,0,1,0.0,2.0,1,0,0,1,0.0,2.0,1,0.0,0.0,2.0,12.0,-10.0,0.6666666666666666,4.0,0.0,1.0,4.0,16.0,-12.0,0.8,3.2,0.0,3.0,6.0,25.0,-19.0,0.6,2.5,0.0,0.0,0.1,31,6.0,0.0,0.6,1.4,1.0,4.0,7.0,7.0,0.0,2.3333333333333335,2.3333333333333335,1.0,5.0,8.0,9.0,-1.0,1.6,1.8,4.0,16.0,18.0,12.0,6.0,1.8,1.2,0.3333333333333333,0.2,0.4,35,5.0,0.4,1.4,1.8,A,1.0
2019-04-19,2018-19,Clausura,15,False,Tijuana,Lobos BUAP,1.0,2.0,1.0,1.0,footballcsv,294,1475.8670418866857,1453.1185224949807,22.74851939170503,0,0,1,1.0,3.0,1,0,0,1,1.0,3.0,1,1.0,3.0,3.0,4.0,-1.0,1.0,1.3333333333333333,2.0,6.0,4.0,8.0,-4.0,0.8,1.6,6.0,19.0,15.0,11.0,4.0,1.5,1.1,0.0,0.2,0.3,31,5.0,1.0,2.4,0.6,1.0,3.0,1.0,7.0,-6.0,0.3333333333333333,2.3333333333333335,1.0,4.0,2.0,9.0,-7.0,0.4,1.8,3.0,11.0,8.0,19.0,-11.0,0.8,1.9,0.3333333333333333,0.2,0.1,31,5.0,0.2,0.6,2.2,A,3.0
2019-04-20,2018-19,Clausura,15,False,Necaxa,Pachuca,2.0,2.0,1.0,1.0,footballcsv,295,1497.1592893029463,1538.5897820092823,-41.430492706336054,0,0,1,2.0,6.0,1,0,0,1,2.0,6.0,1,2.0,6.0,5.0,3.0,2.0,1.6666666666666667,1.0,3.0,10.0,8.0,5.0,3.0,1.6,1.0,4.0,14.0,18.0,16.0,2.0,1.8,1.6,0.3333333333333333,0.2,0.1,31,8.0,0.2,1.4,1.2,2.0,7.0,12.0,4.0,8.0,4.0,1.3333333333333333,3.0,10.0,17.0,8.0,9.0,3.4,1.6,5.0,18.0,24.0,14.0,10.0,2.4,1.4,0.3333333333333333,0.4,0.3,31,7.0,0.0,0.6,1.8,D,4.0
2019-04-20,2018-19,Clausura,15,False,León,Atlas,5.0,2.0,1.0,0.0,footballcsv,296,1589.1842189118283,1426.0715365070469,163.11268240478148,0,1,0,0.0,0.0,1,0,1,0,0.0,0.0,1,3.0,9.0,8.0,3.0,5.0,2.6666666666666665,1.0,5.0,15.0,11.0,3.0,8.0,2.2,0.6,10.0,30.0,25.0,4.0,21.0,2.5,0.4,0.3333333333333333,0.6,0.7,31,8.0,1.0,2.4,0.2,2.0,6.0,3.0,2.0,1.0,1.0,0.6666666666666666,2.0,6.0,3.0,6.0,-3.0,0.6,1.2,3.0,9.0,7.0,16.0,-9.0,0.7,1.6,0.6666666666666666,0.4,0.2,31,8.0,0.4,0.8,1.8,H,7.0
2019-04-20,2018-19,Clausura,15,False,Cruz Azul,Pumas UNAM,2.0,1.0,1.0,0.0,footballcsv,297,1568.8151450939854,1502.7591641784627,66.0559809155227,1,0,0,2.0,1.0,1,1,0,0,2.0,1.0,1,1.0,5.0,5.0,2.0,3.0,1.6666666666666667,0.6666666666666666,3.0,11.0,11.0,3.0,8.0,2.2,0.6,4.0,16.0,16.0,10.0,6.0,1.6,1.0,0.6666666666666666,0.6,0.3,37,6.0,0.8,2.2,0.8,2.0,6.0,3.0,3.0,0.0,1.0,1.0,2.0,7.0,5.0,6.0,-1.0,1.0,1.2,4.0,14.0,11.0,12.0,-1.0,1.1,1.2,0.3333333333333333,0.2,0.3,35,6.0,0.2,0.6,1.2,H,3.0
2019-04-20,2018-19,Clausura,15,False,Tigres UANL,Monarcas Morelia,3.0,3.0,0.0,2.0,footballcsv,298,1602.2793317073124,1454.507859927375,147.77147177993743,1,0,0,2.0,0.0,1,1,0,0,2.0,0.0,1,2.0,6.0,5.0,3.0,2.0,1.6666666666666667,1.0,3.0,10.0,10.0,5.0,5.0,2.0,1.0,8.0,25.0,21.0,8.0,13.0,2.1,0.8,0.6666666666666666,0.4,0.5,33,6.0,1.0,2.8,0.8,1.0,4.0,4.0,4.0,0.0,1.3333333333333333,1.3333333333333333,1.0,6.0,7.0,7.0,0.0,1.4,1.4,1.0,7.0,12.0,19.0,-7.0,1.2,1.9,0.3333333333333333,0.2,0.1,31,7.0,0.0,0.6,1.6,D,6.0
2019-04-20,2018-19,Clausura,15,False,Guadalajara,Puebla,1.0,3.0,1.0,2.0,footballcsv,299,1468.285930716078,1485.4126973790537,-17.126766662975797,0,1,0,2.0,2.0,1,0,1,0,2.0,2.0,1,0.0,0.0,1.0,4.0,-3.0,0.3333333333333333,1.3333333333333333,0.0,1.0,1.0,6.0,-5.0,0.2,1.2,1.0,6.0,8.0,14.0,-6.0,0.8,1.4,0.0,0.2,0.3,31,7.0,0.2,0.6,1.0,1.0,4.0,5.0,4.0,1.0,1.6666666666666667,1.3333333333333333,2.0,7.0,6.0,5.0,1.0,1.2,1.0,4.0,15.0,11.0,11.0,0.0,1.1,1.1,0.3333333333333333,0.4,0.4,31,8.0,0.6,1.4,0.4,A,4.0
2019-04-21,2018-19,Clausura,15,False,Toluca,América,3.0,2.0,1.0,1.0,footballcsv,300,1505.0778623484448,1579.0098325981915,-73.93197024974666,0,2,1,5.0,6.0,3,0,2,1,5.0,6.0,3,1.0,4.0,7.0,4.0,3.0,2.3333333333333335,1.3333333333333333,2.0,8.0,10.0,5.0,5.0,2.0,1.0,3.0,12.0,14.0,16.0,-2.0,1.4,1.6,0.3333333333333333,0.4,0.2,33,8.0,0.6,2.2,0.8,1.0,4.0,5.0,3.0,2.0,1.6666666666666667,1.0,3.0,10.0,8.0,3.0,5.0,1.6,0.6,4.0,14.0,14.0,12.0,2.0,1.4,1.2,0.6666666666666666,0.8,0.5,37,7.0,0.2,1.6,1.8,H,5.0
2019-04-21,2018-19,Clausura,15,False,Santos Laguna,Querétaro,2.0,1.0,2.0,0.0,footballcsv,301,1491.1205317376518,1433.7707047880401,57.349826949611725,0,0,1,1.0,2.0,1,0,0,1,1.0,2.0,1,0.0,1.0,0.0,5.0,-5.0,0.0,1.6666666666666667,0.0,2.0,3.0,9.0,-6.0,0.6,1.8,2.0,9.0,11.0,16.0,-5.0,1.1,1.6,0.3333333333333333,0.2,0.2,33,7.0,0.4,1.4,0.6,1.0,4.0,1.0,3.0,-2.0,0.3333333333333333,1.0,1.0,5.0,2.0,7.0,-5.0,0.4,1.4,2.0,8.0,6.0,15.0,-9.0,0.6,1.5,0.6666666666666666,0.6,0.4,33,8.0,0.0,0.4,2.6,H,3.0
2019-04-26,2018-19,Clausura,16,False,Puebla,Tigres UANL,1.0,1.0,0.0,1.0,footballcsv,302,1498.3654885079977,1596.5251944114057,-98.15970590340794,0,0,1,1.0,6.0,1,0,0,1,1.0,6.0,1,1.0,4.0,4.0,5.0,-1.0,1.3333333333333333,1.6666666666666667,3.0,10.0,9.0,5.0,4.0,1.8,1.0,5.0,18.0,13.0,8.0,5.0,1.3,0.8,0.0,0.4,0.4,32,6.0,0.4,0.8,1.0,2.0,7.0,8.0,3.0,5.0,2.6666666666666665,1.0,3.0,10.0,12.0,7.0,5.0,2.4,1.4,7.0,23.0,22.0,10.0,12.0,2.2,1.0,0.6666666666666666,0.4,0.5,34,6.0,0.6,1.4,0.8,D,2.0
2019-04-26,2018-19,Clausura,16,False,Monarcas Morelia,Tijuana,1.0,4.0,1.0,1.0,footballcsv,303,1460.2619972232817,1466.943438642919,-6.681441419637395,1,0,0,3.0,2.0,1,1,0,0,3.0,2.0,1,1.0,5.0,5.0,4.0,1.0,1.6666666666666667,1.3333333333333333,1.0,6.0,8.0,8.0,0.0,1.6,1.6,1.0,8.0,14.0,20.0,-6.0,1.4,2.0,0.3333333333333333,0.2,0.1,32,6.0,0.2,1.6,1.8,1.0,3.0,4.0,5.0,-1.0,1.3333333333333333,1.6666666666666667,2.0,6.0,5.0,6.0,-1.0,1.0,1.2,5.0,16.0,14.0,13.0,1.0,1.4,1.3,0.0,0.2,0.2,32,7.0,0.2,0.6,1.6,A,5.0
2019-04-27,2018-19,Clausura,16,False,Guadalajara,León,2.0,1.0,0.0,0.0,footballcsv,306,1455.333139587134,1594.1251778449907,-138.7920382578568,1,0,0,1.0,0.0,1,1,0,0,1.0,0.0,1,0.0,0.0,1.0,5.0,-4.0,0.3333333333333333,1.6666666666666667,0.0,0.0,2.0,9.0,-7.0,0.4,1.8,1.0,5.0,9.0,17.0,-8.0,0.9,1.7,0.0,0.0,0.2,32,7.0,0.2,0.8,1.6,3.0,9.0,10.0,3.0,7.0,3.3333333333333335,1.0,5.0,15.0,15.0,5.0,10.0,3.0,1.0,10.0,30.0,28.0,6.0,22.0,2.8,0.6,0.3333333333333333,0.4,0.6,32,7.0,1.0,2.6,0.6,H,3.0
2019-04-27,2018-19,Clausura,16,False,Pachuca,Atlas,1.0,0.0,0.0,0.0,footballcsv,307,1539.6953637895447,1421.1305775738845,118.5647862156602,0,1,0,0.0,0.0,1,0,1,0,0.0,0.0,1,1.0,5.0,11.0,4.0,7.0,3.6666666666666665,1.3333333333333333,2.0,8.0,15.0,10.0,5.0,3.0,2.0,5.0,18.0,25.0,15.0,10.0,2.5,1.5,0.3333333333333333,0.2,0.3,32,7.0,1.0,4.2,1.0,1.0,3.0,4.0,7.0,-3.0,1.3333333333333333,2.3333333333333335,2.0,6.0,5.0,9.0,-4.0,1.0,1.8,2.0,6.0,7.0,20.0,-13.0,0.7,2.0,0.3333333333333333,0.4,0.2,32,7.0,0.2,0.8,2.6,H,1.0
2019-04-27,2018-19,Clausura,16,False,América,Santos Laguna,1.0,0.0,1.0,0.0,footballcsv,304,1572.2181407944677,1495.1919882069562,77.02615258751143,0,1,0,1.0,1.0,1,0,1,0,1.0,1.0,1,0.0,1.0,4.0,6.0,-2.0,1.3333333333333333,2.0,2.0,7.0,9.0,6.0,3.0,1.8,1.2,4.0,14.0,16.0,12.0,4.0,1.6,1.2,0.3333333333333333,0.6,0.5,38,6.0,0.6,1.6,0.6,1.0,4.0,2.0,5.0,-3.0,0.6666666666666666,1.6666666666666667,1.0,4.0,3.0,8.0,-5.0,0.6,1.6,3.0,12.0,12.0,15.0,-3.0,1.2,1.5,0.3333333333333333,0.2,0.2,34,6.0,0.2,0.8,2.2,H,1.0
2019-04-27,2018-19,Clausura,16,False,Monterrey,Necaxa,2.0,2.0,2.0,1.0,footballcsv,305,1572.4409211998395,1496.053707522684,76.38721367715561,0,1,0,1.0,1.0,1,0,1,0,1.0,1.0,1,2.0,6.0,6.0,5.0,1.0,2.0,1.6666666666666667,2.0,7.0,8.0,8.0,0.0,1.6,1.6,5.0,18.0,18.0,11.0,7.0,1.8,1.1,0.6666666666666666,0.4,0.5,36,8.0,0.4,2.2,0.6,1.0,4.0,5.0,5.0,0.0,1.6666666666666667,1.6666666666666667,3.0,10.0,9.0,6.0,3.0,1.8,1.2,4.0,14.0,17.0,15.0,2.0,1.7,1.5,0.0,0.2,0.1,32,7.0,0.6,1.8,1.4,D,4.0
2019-04-28,2018-19,Clausura,16,False,Lobos BUAP,Cruz Azul,1.0,4.0,1.0,2.0,footballcsv,308,1462.0421257387472,1572.7329685051998,-110.69084276645253,0,0,1,1.0,2.0,1,0,0,1,1.0,2.0,1,2.0,6.0,3.0,4.0,-1.0,1.0,1.3333333333333333,2.0,7.0,4.0,9.0,-5.0,0.8,1.8,4.0,13.0,9.0,19.0,-10.0,0.9,1.9,0.3333333333333333,0.2,0.1,32,9.0,0.4,1.0,2.0,2.0,7.0,5.0,1.0,4.0,1.6666666666666667,0.3333333333333333,3.0,11.0,11.0,4.0,7.0,2.2,0.8,5.0,19.0,18.0,9.0,9.0,1.8,0.9,0.6666666666666666,0.4,0.3,38,8.0,0.2,1.2,0.8,A,5.0
2019-04-28,2018-19,Clausura,16,False,Querétaro,Veracruz,2.0,1.0,1.0,0.0,footballcsv,309,1429.6992483187357,1356.529627212795,73.16962110594068,0,1,0,2.0,2.0,1,0,1,0,2.0,2.0,1,0.0,1.0,1.0,5.0,-4.0,0.3333333333333333,1.6666666666666667,1.0,4.0,3.0,9.0,-6.0,0.6,1.8,2.0,8.0,7.0,15.0,-8.0,0.7,1.5,0.3333333333333333,0.4,0.4,34,7.0,0.4,0.8,0.4,0.0,0.0,2.0,11.0,-9.0,0.6666666666666666,3.6666666666666665,0.0,0.0,2.0,15.0,-13.0,0.4,3.0,0.0,2.0,6.0,26.0,-20.0,0.6,2.6,0.0,0.0,0.0,32,9.0,0.0,0.6,3.8,H,3.0
2019-04-28,2018-19,Clausura,16,False,Pumas UNAM,Toluca,2.0,2.0,1.0,0.0,footballcsv,310,1498.8413407672483,1511.8695541521686,-13.028213384920264,1,0,0,1.0,0.0,1,1,0,0,1.0,0.0,1,1.0,3.0,2.0,4.0,-2.0,0.6666666666666666,1.3333333333333333,2.0,6.0,4.0,6.0,-2.0,0.8,1.2,4.0,13.0,11.0,13.0,-2.0,1.1,1.3,0.3333333333333333,0.2,0.3,36,8.0,0.6,1.4,1.2,2.0,7.0,8.0,3.0,5.0,2.6666666666666665,1.0,3.0,10.0,12.0,6.0,6.0,2.4,1.2,4.0,15.0,17.0,16.0,1.0,1.7,1.6,0.3333333333333333,0.4,0.2,34,7.0,0.0,0.6,2.2,D,4.0
2019-05-03,2018-19,Clausura,17,False,Veracruz,América,0.0,2.0,0.0,1.0,footballcsv,311,1352.734474078148,1575.947875246434,-223.21340116828605,0,0,1,1.0,4.0,1,0,0,1,1.0,4.0,1,0.0,0.0,3.0,12.0,-9.0,1.0,4.0,0.0,0.0,3.0,15.0,-12.0,0.6,3.0,0.0,2.0,7.0,26.0,-19.0,0.7,2.6,0.0,0.0,0.0,33,5.0,0.0,0.6,1.4,1.0,4.0,3.0,3.0,0.0,1.0,1.0,2.0,7.0,8.0,6.0,2.0,1.6,1.2,5.0,17.0,17.0,11.0,6.0,1.7,1.1,0.6666666666666666,0.6,0.6,39,6.0,0.2,1.6,1.8,A,2.0
2019-05-04,2018-19,Clausura,17,False,Necaxa,Querétaro,1.0,0.0,0.0,0.0,footballcsv,316,1500.2736722857617,1433.4944014533828,66.77927083237887,0,0,1,0.0,1.0,1,0,0,1,0.0,1.0,1,1.0,5.0,6.0,5.0,1.0,2.0,1.6666666666666667,2.0,8.0,9.0,7.0,2.0,1.8,1.4,4.0,15.0,17.0,14.0,3.0,1.7,1.4,0.0,0.2,0.1,33,7.0,0.2,1.8,1.6,1.0,4.0,3.0,3.0,0.0,1.0,1.0,2.0,7.0,4.0,6.0,-2.0,0.8,1.2,3.0,11.0,9.0,14.0,-5.0,0.9,1.4,0.3333333333333333,0.4,0.4,35,6.0,0.0,0.6,2.6,H,1.0
2019-05-04,2018-19,Clausura,17,False,Tijuana,Puebla,4.0,0.0,0.0,0.0,footballcsv,315,1483.6891819370726,1498.88769140592,-15.198509468847305,0,1,0,0.0,0.0,1,0,1,0,0.0,0.0,1,1.0,3.0,5.0,4.0,1.0,1.6666666666666667,1.3333333333333333,2.0,6.0,8.0,7.0,1.0,1.6,1.4,6.0,18.0,17.0,13.0,4.0,1.7,1.3,0.0,0.0,0.2,33,8.0,0.8,2.2,1.0,1.0,4.0,4.0,5.0,-1.0,1.3333333333333333,1.6666666666666667,2.0,8.0,9.0,6.0,3.0,1.8,1.2,4.0,16.0,12.0,8.0,4.0,1.2,0.8,0.0,0.2,0.4,33,8.0,0.6,1.8,0.6,H,4.0
2019-05-04,2018-19,Clausura,17,False,Tigres UANL,Guadalajara,2.0,1.0,1.0,0.0,footballcsv,314,1596.0029915134835,1463.426466301919,132.57652521156456,1,0,0,1.0,0.0,1,1,0,0,1.0,0.0,1,1.0,5.0,7.0,4.0,3.0,2.3333333333333335,1.3333333333333333,2.0,8.0,9.0,7.0,2.0,1.8,1.4,6.0,21.0,21.0,11.0,10.0,2.1,1.1,0.3333333333333333,0.4,0.4,35,8.0,0.8,3.0,1.2,1.0,3.0,3.0,5.0,-2.0,1.0,1.6666666666666667,1.0,3.0,4.0,8.0,-4.0,0.8,1.6,2.0,7.0,8.0,15.0,-7.0,0.8,1.5,0.0,0.0,0.2,33,7.0,0.0,1.0,1.8,H,3.0
2019-05-04,2018-19,Clausura,17,False,León,Pachuca,2.0,1.0,1.0,0.0,footballcsv,312,1586.0318511302057,1542.7694704004678,43.26238072973797,0,1,0,1.0,1.0,1,0,1,0,1.0,1.0,1,2.0,6.0,9.0,4.0,5.0,3.0,1.3333333333333333,4.0,12.0,14.0,7.0,7.0,2.8,1.4,9.0,27.0,26.0,8.0,18.0,2.6,0.8,0.3333333333333333,0.2,0.5,33,7.0,1.0,3.0,0.6,2.0,7.0,12.0,4.0,8.0,4.0,1.3333333333333333,3.0,11.0,15.0,6.0,9.0,3.0,1.2,5.0,18.0,24.0,15.0,9.0,2.4,1.5,0.3333333333333333,0.4,0.3,33,7.0,0.0,0.8,2.0,H,3.0
2019-05-04,2018-19,Clausura,17,False,Cruz Azul,Monarcas Morelia,1.0,1.0,0.0,1.0,footballcsv,313,1585.2005716488916,1443.5162539291282,141.68431771976338,1,0,0,2.0,0.0,1,1,0,0,2.0,0.0,1,2.0,7.0,6.0,2.0,4.0,2.0,0.6666666666666666,3.0,11.0,11.0,4.0,7.0,2.2,0.8,6.0,21.0,21.0,9.0,12.0,2.1,0.9,0.3333333333333333,0.4,0.3,39,6.0,0.8,2.4,1.0,1.0,4.0,5.0,7.0,-2.0,1.6666666666666667,2.3333333333333335,1.0,5.0,8.0,11.0,-3.0,1.6,2.2,1.0,8.0,15.0,22.0,-7.0,1.5,2.2,0.3333333333333333,0.2,0.1,33,8.0,0.0,1.2,2.2,D,2.0
2019-05-05,2018-19,Clausura,17,False,Santos Laguna,Pumas UNAM,5.0,2.0,3.0,1.0,footballcsv,317,1491.46225375499,1496.9372625677513,-5.475008812761416,0,1,0,1.0,1.0,1,0,1,0,1.0,1.0,1,1.0,3.0,2.0,6.0,-4.0,0.6666666666666666,2.0,1.0,4.0,2.0,7.0,-5.0,0.4,1.4,3.0,11.0,11.0,15.0,-4.0,1.1,1.5,0.0,0.2,0.2,35,8.0,0.4,1.6,0.8,1.0,4.0,4.0,4.0,0.0,1.3333333333333333,1.3333333333333333,2.0,7.0,6.0,7.0,-1.0,1.2,1.4,3.0,11.0,11.0,15.0,-4.0,1.1,1.5,0.3333333333333333,0.2,0.2,37,7.0,0.2,0.8,1.4,H,7.0
2019-05-05,2018-19,Clausura,17,False,Toluca,Lobos BUAP,4.0,0.0,1.0,0.0,footballcsv,318,1513.7736323516656,1449.5745225950554,64.19910975661014,0,0,1,0.0,2.0,1,0,0,1,0.0,2.0,1,1.0,5.0,5.0,4.0,1.0,1.6666666666666667,1.3333333333333333,2.0,8.0,12.0,8.0,4.0,2.4,1.6,4.0,15.0,18.0,17.0,1.0,1.8,1.7,0.3333333333333333,0.2,0.2,35,7.0,0.8,2.8,1.0,1.0,3.0,3.0,8.0,-5.0,1.0,2.6666666666666665,2.0,6.0,4.0,12.0,-8.0,0.8,2.4,4.0,13.0,10.0,19.0,-9.0,1.0,1.9,0.0,0.2,0.1,33,7.0,0.4,0.8,1.8,H,4.0
2019-05-05,2018-19,Clausura,17,False,Atlas,Monterrey,2.0,0.0,1.0,0.0,footballcsv,319,1418.0564709629614,1568.2209564367618,-150.16448547380037,0,0,1,1.0,3.0,1,0,0,1,1.0,3.0,1,0.0,0.0,3.0,8.0,-5.0,1.0,2.6666666666666665,2.0,6.0,5.0,8.0,-3.0,1.0,1.6,2.0,6.0,6.0,19.0,-13.0,0.6,1.9,0.0,0.4,0.2,33,8.0,0.2,0.6,1.4,2.0,7.0,7.0,2.0,5.0,2.3333333333333335,0.6666666666666666,2.0,8.0,10.0,9.0,1.0,2.0,1.8,4.0,16.0,16.0,13.0,3.0,1.6,1.3,0.6666666666666666,0.4,0.4,37,8.0,0.6,1.4,1.6,H,2.0
2019-05-08,2018-19,Clausura - Liguilla,Quarterfinals,True,Pachuca,Tigres UANL,1.0,1.0,1.0,1.0,footballcsv,321,1538.4413930134558,1598.8762415484466,-60.434848534990806,0,1,1,1.0,4.0,2,0,1,1,1.0,4.0,2,1.0,4.0,4.0,4.0,0.0,1.3333333333333333,1.3333333333333333,2.0,8.0,13.0,6.0,7.0,2.6,1.2,5.0,17.0,24.0,16.0,8.0,2.4,1.6,0.3333333333333333,0.4,0.3,34,4.0,1.0,4.0,1.0,1.0,5.0,6.0,5.0,1.0,2.0,1.6666666666666667,3.0,11.0,11.0,5.0,6.0,2.2,1.0,6.0,21.0,20.0,10.0,10.0,2.0,1.0,0.0,0.4,0.4,36,4.0,0.4,1.2,1.0,D,2.0
2019-05-08,2018-19,Clausura - Liguilla,Quarterfinals,True,Tijuana,León,1.0,3.0,0.0,1.0,footballcsv,320,1496.4404777283553,1590.3599285172177,-93.91945078886238,1,1,0,2.0,1.0,2,1,1,0,2.0,1.0,2,2.0,6.0,9.0,3.0,6.0,3.0,1.0,3.0,9.0,12.0,6.0,6.0,2.4,1.2,6.0,18.0,18.0,13.0,5.0,1.8,1.3,0.3333333333333333,0.2,0.2,34,4.0,0.8,2.4,1.0,2.0,6.0,8.0,5.0,3.0,2.6666666666666665,1.6666666666666667,4.0,12.0,13.0,6.0,7.0,2.6,1.2,9.0,27.0,25.0,9.0,16.0,2.5,0.9,0.0,0.2,0.4,34,4.0,0.8,2.2,1.0,A,4.0
2019-05-09,2018-19,Clausura - Liguilla,Quarterfinals,True,Necaxa,Monterrey,1.0,0.0,1.0,0.0,footballcsv,323,1504.1789049994672,1555.0458675871355,-50.86696258766824,0,2,0,3.0,3.0,2,0,2,0,3.0,3.0,2,1.0,5.0,5.0,4.0,1.0,1.6666666666666667,1.3333333333333333,2.0,8.0,8.0,7.0,1.0,1.6,1.4,5.0,18.0,17.0,12.0,5.0,1.7,1.2,0.3333333333333333,0.2,0.2,34,5.0,0.4,1.4,1.0,1.0,4.0,3.0,4.0,-1.0,1.0,1.3333333333333333,2.0,7.0,8.0,9.0,-1.0,1.6,1.8,3.0,13.0,13.0,13.0,0.0,1.3,1.3,0.3333333333333333,0.4,0.4,38,4.0,0.4,0.8,1.6,H,1.0
2019-05-09,2018-19,Clausura - Liguilla,Quarterfinals,True,América,Cruz Azul,3.0,1.0,2.0,1.0,footballcsv,322,1582.236314393143,1579.5648083168646,2.6715060762783196,1,3,0,2.0,0.0,4,1,3,0,2.0,0.0,4,2.0,6.0,5.0,3.0,2.0,1.6666666666666667,1.0,2.0,7.0,7.0,6.0,1.0,1.4,1.2,5.0,17.0,16.0,11.0,5.0,1.6,1.1,0.6666666666666666,0.6,0.6,40,6.0,0.6,1.2,0.6,2.0,7.0,7.0,3.0,4.0,2.3333333333333335,1.0,3.0,11.0,10.0,3.0,7.0,2.0,0.6,6.0,22.0,21.0,8.0,13.0,2.1,0.8,0.0,0.4,0.3,40,5.0,0.4,1.8,0.8,H,4.0
2019-05-11,2018-19,Clausura - Liguilla,Quarterfinals,True,Tigres UANL,Pachuca,1.0,1.0,0.0,0.0,footballcsv,324,1599.4387773705143,1537.878857191388,61.559920179126266,1,2,0,5.0,2.0,3,1,2,0,5.0,2.0,3,1.0,5.0,4.0,3.0,1.0,1.3333333333333333,1.0,2.0,9.0,10.0,6.0,4.0,2.0,1.2,5.0,19.0,20.0,11.0,9.0,2.0,1.1,0.0,0.2,0.3,37,3.0,0.8,2.8,1.0,1.0,4.0,3.0,3.0,0.0,1.0,1.0,2.0,8.0,14.0,7.0,7.0,2.8,1.4,4.0,15.0,22.0,16.0,6.0,2.2,1.6,0.3333333333333333,0.2,0.3,35,3.0,0.0,0.8,2.2,D,2.0
2019-05-11,2018-19,Clausura - Liguilla,Quarterfinals,True,León,Tijuana,2.0,1.0,2.0,1.0,footballcsv,325,1600.8398386720037,1485.9605675735693,114.8792710984344,1,1,1,4.0,3.0,3,1,1,1,4.0,3.0,3,2.0,6.0,6.0,4.0,2.0,2.0,1.3333333333333333,4.0,12.0,14.0,6.0,8.0,2.8,1.2,9.0,27.0,25.0,9.0,16.0,2.5,0.9,0.0,0.2,0.4,35,3.0,1.0,2.8,0.8,2.0,6.0,9.0,4.0,5.0,3.0,1.3333333333333333,2.0,6.0,10.0,7.0,3.0,2.0,1.4,5.0,15.0,17.0,15.0,2.0,1.7,1.5,0.3333333333333333,0.2,0.2,35,3.0,0.4,1.2,1.6,H,3.0
2019-05-12,2018-19,Clausura - Liguilla,Quarterfinals,True,Cruz Azul,América,1.0,0.0,0.0,0.0,footballcsv,326,1571.4495201720097,1590.351602537998,-18.902082365988235,0,3,2,1.0,5.0,5,0,3,2,1.0,5.0,5,1.0,4.0,6.0,5.0,1.0,2.0,1.6666666666666667,2.0,8.0,8.0,6.0,2.0,1.6,1.2,6.0,21.0,21.0,10.0,11.0,2.1,1.0,0.0,0.2,0.3,41,3.0,0.8,2.4,0.8,3.0,9.0,6.0,1.0,5.0,2.0,0.3333333333333333,3.0,10.0,8.0,4.0,4.0,1.6,0.8,6.0,19.0,17.0,10.0,7.0,1.7,1.0,0.6666666666666666,0.6,0.6,41,3.0,0.4,2.0,1.6,H,1.0
2019-05-12,2018-19,Clausura - Liguilla,Quarterfinals,True,Monterrey,Necaxa,1.0,0.0,1.0,0.0,footballcsv,327,1548.7772632381213,1510.4475093484814,38.32975388963996,0,2,1,3.0,4.0,3,0,2,1,3.0,4.0,3,0.0,1.0,2.0,5.0,-3.0,0.6666666666666666,1.6666666666666667,2.0,7.0,7.0,5.0,2.0,1.4,1.0,3.0,12.0,13.0,14.0,-1.0,1.3,1.4,0.0,0.4,0.3,39,3.0,0.2,1.8,1.0,2.0,7.0,4.0,2.0,2.0,1.3333333333333333,0.6666666666666666,3.0,11.0,8.0,5.0,3.0,1.6,1.0,6.0,21.0,17.0,10.0,7.0,1.7,1.0,0.6666666666666666,0.4,0.3,35,3.0,0.6,2.0,1.4,H,1.0
2019-05-15,2018-19,Clausura - Liguilla,Semifinals,True,Monterrey,Tigres UANL,1.0,0.0,1.0,0.0,footballcsv,328,1553.1974959974536,1595.5757900990307,-42.37829410157701,0,2,0,1.0,1.0,2,0,2,0,1.0,1.0,2,1.0,3.0,1.0,3.0,-2.0,0.3333333333333333,1.0,2.0,7.0,4.0,5.0,-1.0,0.8,1.0,3.0,12.0,12.0,14.0,-2.0,1.2,1.4,0.3333333333333333,0.4,0.3,40,3.0,0.4,2.0,1.0,1.0,5.0,4.0,3.0,1.0,1.3333333333333333,1.0,1.0,7.0,8.0,7.0,1.0,1.6,1.4,4.0,17.0,18.0,12.0,6.0,1.8,1.2,0.0,0.0,0.2,38,4.0,0.2,1.2,1.2,H,1.0
2019-05-16,2018-19,Clausura - Liguilla,Semifinals,True,América,León,0.0,1.0,0.0,0.0,footballcsv,329,1584.7813419958418,1603.9684743513226,-19.1871323554808,0,0,2,0.0,5.0,2,0,0,2,0.0,5.0,2,2.0,6.0,5.0,2.0,3.0,1.6666666666666667,0.6666666666666666,3.0,9.0,8.0,5.0,3.0,1.6,1.0,6.0,19.0,16.0,8.0,8.0,1.6,0.8,0.3333333333333333,0.4,0.6,42,4.0,0.8,1.6,0.2,3.0,9.0,7.0,3.0,4.0,2.3333333333333335,1.0,4.0,12.0,13.0,7.0,6.0,2.6,1.4,9.0,27.0,24.0,10.0,14.0,2.4,1.0,0.0,0.0,0.3,36,5.0,0.8,2.2,1.0,A,1.0
2019-05-18,2018-19,Clausura - Liguilla,Semifinals,True,Tigres UANL,Monterrey,1.0,0.0,1.0,0.0,footballcsv,330,1589.4959359482134,1559.277350148271,30.218585799942502,0,2,1,1.0,2.0,3,0,2,1,1.0,2.0,3,0.0,2.0,2.0,3.0,-1.0,0.6666666666666666,1.0,1.0,6.0,5.0,5.0,0.0,1.0,1.0,4.0,16.0,17.0,12.0,5.0,1.7,1.2,0.0,0.0,0.2,39,3.0,0.6,2.4,1.2,2.0,6.0,2.0,1.0,1.0,0.6666666666666666,0.3333333333333333,2.0,7.0,4.0,5.0,-1.0,0.8,1.0,4.0,14.0,12.0,13.0,-1.0,1.2,1.3,0.6666666666666666,0.4,0.4,41,3.0,0.2,0.4,1.8,H,1.0
2019-05-19,2018-19,Clausura - Liguilla,Semifinals,True,León,América,0.0,1.0,0.0,1.0,footballcsv,331,1612.1009460246557,1576.6488703225086,35.45207570214711,3,0,0,6.0,0.0,3,3,0,0,6.0,0.0,3,3.0,9.0,6.0,2.0,4.0,2.0,0.6666666666666666,4.0,12.0,9.0,5.0,4.0,1.8,1.0,9.0,27.0,24.0,10.0,14.0,2.4,1.0,0.3333333333333333,0.2,0.3,37,3.0,1.0,2.6,1.0,1.0,3.0,3.0,3.0,0.0,1.0,1.0,3.0,9.0,6.0,3.0,3.0,1.2,0.6,5.0,16.0,15.0,9.0,6.0,1.5,0.9,0.0,0.4,0.5,43,3.0,0.4,1.6,1.4,A,1.0
2019-05-23,2018-19,Clausura - Liguilla,Final,True,Tigres UANL,León,1.0,0.0,1.0,0.0,footballcsv,332,1594.0702461886679,1602.9473557753468,-8.877109586678898,1,1,0,4.0,2.0,2,1,1,0,4.0,2.0,2,1.0,4.0,2.0,2.0,0.0,0.6666666666666666,0.6666666666666666,2.0,8.0,5.0,4.0,1.0,1.0,0.8,4.0,16.0,14.0,11.0,3.0,1.4,1.1,0.3333333333333333,0.2,0.3,40,5.0,0.6,1.8,1.0,2.0,6.0,3.0,2.0,1.0,1.0,0.6666666666666666,4.0,12.0,8.0,4.0,4.0,1.6,0.8,8.0,24.0,22.0,11.0,11.0,2.2,1.1,0.3333333333333333,0.2,0.2,38,4.0,0.8,2.2,1.0,H,1.0
2019-05-26,2018-19,Clausura - Liguilla,Final,True,León,Tigres UANL,0.0,0.0,0.0,0.0,footballcsv,333,1597.5885613025187,1599.429040661496,-1.8404793589772908,0,1,2,2.0,5.0,3,0,1,2,2.0,5.0,3,1.0,3.0,1.0,2.0,-1.0,0.3333333333333333,0.6666666666666666,3.0,9.0,6.0,4.0,2.0,1.2,0.8,7.0,21.0,19.0,10.0,9.0,1.9,1.0,0.3333333333333333,0.2,0.2,39,3.0,0.8,2.2,1.2,2.0,6.0,2.0,1.0,1.0,0.6666666666666666,0.3333333333333333,2.0,8.0,4.0,3.0,1.0,0.8,0.6,5.0,19.0,15.0,8.0,7.0,1.5,0.8,0.6666666666666666,0.4,0.4,41,3.0,0.2,1.0,1.2,D,0.0
2019-07-19,2019-20,Apertura,1,False,Atlas,FC Juárez,1.0,0.0,0.0,0.0,footballcsv,334,1431.2315598125876,1500.0,-68.76844018741235,0,0,0,0.0,0.0,0,0,0,0,0.0,0.0,0,1.0,3.0,4.0,6.0,-2.0,1.3333333333333333,2.0,2.0,6.0,6.0,8.0,-2.0,1.2,1.6,3.0,9.0,8.0,16.0,-8.0,0.8,1.6,0.3333333333333333,0.4,0.3,34,75.0,0.4,0.8,1.0,,,,,,,,,,,,,,,,,,,,,,,,,0,,,,,H,1.0
2019-07-19,2019-20,Apertura,1,False,Puebla,Tijuana,1.0,3.0,1.0,1.0,footballcsv,335,1486.1363956146372,1482.8319318942504,3.3044637203868206,0,1,1,0.0,4.0,2,0,1,1,0.0,4.0,2,1.0,4.0,4.0,6.0,-2.0,1.3333333333333333,2.0,1.0,5.0,5.0,10.0,-5.0,1.0,2.0,4.0,15.0,11.0,11.0,0.0,1.1,1.1,0.0,0.0,0.4,34,76.0,0.4,0.8,1.0,1.0,3.0,6.0,5.0,1.0,2.0,1.6666666666666667,2.0,6.0,11.0,8.0,3.0,2.2,1.6,4.0,12.0,15.0,16.0,-1.0,1.5,1.6,0.3333333333333333,0.2,0.2,36,69.0,0.2,1.0,1.8,A,4.0
2019-07-20,2019-20,Apertura,1,False,Tigres UANL,Monarcas Morelia,4.0,2.0,3.0,0.0,footballcsv,340,1601.641456182092,1449.1520172611552,152.4894389209369,1,1,0,5.0,3.0,2,1,1,0,5.0,3.0,2,2.0,7.0,2.0,0.0,2.0,0.6666666666666666,0.0,2.0,8.0,3.0,2.0,1.0,0.6,0.4,4.0,17.0,13.0,8.0,5.0,1.3,0.8,1.0,0.6,0.4,42,55.0,0.6,1.6,1.0,0.0,2.0,5.0,8.0,-3.0,1.6666666666666667,2.6666666666666665,1.0,6.0,7.0,9.0,-2.0,1.4,1.8,1.0,9.0,14.0,20.0,-6.0,1.4,2.0,0.0,0.2,0.1,34,77.0,0.0,1.4,2.0,H,6.0
2019-07-20,2019-20,Apertura,1,False,Pachuca,León,1.0,3.0,0.0,2.0,footballcsv,338,1541.7418444628718,1595.3761457819226,-53.63430131905079,0,1,1,2.0,3.0,2,0,1,1,2.0,3.0,2,0.0,2.0,3.0,4.0,-1.0,1.0,1.3333333333333333,1.0,6.0,6.0,6.0,0.0,1.2,1.2,4.0,16.0,23.0,14.0,9.0,2.3,1.4,0.0,0.2,0.3,36,70.0,0.8,3.6,1.0,0.0,1.0,0.0,2.0,-2.0,0.0,0.6666666666666666,2.0,7.0,3.0,3.0,0.0,0.6,0.6,6.0,19.0,17.0,9.0,8.0,1.7,0.9,0.3333333333333333,0.4,0.3,40,55.0,0.6,1.6,0.8,A,4.0
2019-07-20,2019-20,Apertura,1,False,América,Monterrey,4.0,2.0,2.0,2.0,footballcsv,339,1585.8024605718176,1554.7030399078164,31.099420664001173,1,0,1,5.0,3.0,2,1,0,1,5.0,3.0,2,1.0,3.0,1.0,2.0,-1.0,0.3333333333333333,0.6666666666666666,3.0,9.0,6.0,3.0,3.0,1.2,0.6,5.0,16.0,14.0,9.0,5.0,1.4,0.9,0.3333333333333333,0.4,0.5,44,62.0,0.6,1.4,0.4,2.0,6.0,2.0,1.0,1.0,0.6666666666666666,0.3333333333333333,2.0,6.0,2.0,4.0,-2.0,0.4,0.8,4.0,14.0,12.0,13.0,-1.0,1.2,1.3,0.6666666666666666,0.4,0.4,42,63.0,0.2,0.4,1.8,H,6.0
2019-07-20,2019-20,Apertura,1,False,Necaxa,Cruz Azul,0.0,0.0,0.0,0.0,footballcsv,336,1506.027276589149,1577.0197807141658,-70.9925041250167,1,0,1,3.0,2.0,2,1,0,1,3.0,2.0,2,2.0,6.0,2.0,1.0,1.0,0.6666666666666666,0.3333333333333333,2.0,8.0,6.0,5.0,1.0,1.2,1.0,5.0,18.0,14.0,10.0,4.0,1.4,1.0,0.6666666666666666,0.4,0.3,36,69.0,0.6,1.4,0.6,1.0,4.0,3.0,4.0,-1.0,1.0,1.3333333333333333,3.0,10.0,9.0,6.0,3.0,1.8,1.2,6.0,21.0,20.0,9.0,11.0,2.0,0.9,0.3333333333333333,0.2,0.4,42,69.0,0.4,1.8,1.2,D,0.0
2019-07-20,2019-20,Apertura,1,False,Atlético San Luis,Pumas UNAM,0.0,2.0,0.0,0.0,footballcsv,337,1500.0,1486.3613985274567,13.638601472543314,0,0,0,0.0,0.0,0,0,0,0,0.0,0.0,0,,,,,,,,,,,,,,,,,,,,,,,,,0,,,,,0.0,1.0,5.0,9.0,-4.0,1.6666666666666667,3.0,1.0,4.0,6.0,11.0,-5.0,1.2,2.2,2.0,8.0,12.0,20.0,-8.0,1.2,2.0,0.0,0.2,0.1,38,76.0,0.0,0.8,2.4,A,2.0
2019-07-21,2019-20,Apertura,1,False,Santos Laguna,Guadalajara,3.0,0.0,1.0,0.0,footballcsv,341,1502.0381177952845,1460.5532162669558,41.48490152832869,2,0,0,3.0,1.0,2,2,0,0,3.0,1.0,2,2.0,6.0,7.0,4.0,3.0,2.3333333333333335,1.3333333333333333,2.0,7.0,7.0,8.0,-1.0,1.4,1.6,3.0,11.0,14.0,16.0,-2.0,1.4,1.6,0.0,0.2,0.2,36,77.0,0.6,2.4,1.0,1.0,3.0,4.0,6.0,-2.0,1.3333333333333333,2.0,1.0,3.0,4.0,8.0,-4.0,0.8,1.6,1.0,4.0,6.0,17.0,-11.0,0.6,1.7,0.0,0.0,0.1,34,78.0,0.0,0.6,1.6,H,3.0
2019-07-21,2019-20,Apertura,1,False,Toluca,Querétaro,0.0,2.0,0.0,0.0,footballcsv,342,1522.9458724601757,1429.5891687396772,93.35670372049844,1,1,0,4.0,0.0,2,1,1,0,4.0,0.0,2,2.0,7.0,9.0,4.0,5.0,3.0,1.3333333333333333,3.0,11.0,14.0,5.0,9.0,2.8,1.0,5.0,18.0,22.0,14.0,8.0,2.2,1.4,0.3333333333333333,0.4,0.3,36,77.0,1.0,3.4,0.8,1.0,3.0,3.0,4.0,-1.0,1.0,1.3333333333333333,1.0,4.0,3.0,7.0,-4.0,0.6,1.4,3.0,11.0,8.0,12.0,-4.0,0.8,1.2,0.0,0.2,0.4,36,78.0,0.0,0.4,2.2,A,2.0
2019-07-26,2019-20,Apertura,2,False,Monarcas Morelia,Atlas,0.0,1.0,0.0,0.0,footballcsv,343,1445.0228304237728,1437.904966321006,7.117864102766816,1,0,1,2.0,2.0,2,1,0,1,2.0,2.0,2,0.0,1.0,4.0,9.0,-5.0,1.3333333333333333,3.0,1.0,5.0,8.0,12.0,-4.0,1.6,2.4,1.0,9.0,16.0,21.0,-5.0,1.6,2.1,0.0,0.2,0.1,35,6.0,0.2,1.4,2.0,2.0,6.0,3.0,1.0,2.0,1.0,0.3333333333333333,2.0,6.0,6.0,8.0,-2.0,1.2,1.6,4.0,12.0,9.0,15.0,-6.0,0.9,1.5,0.6666666666666666,0.4,0.4,35,7.0,0.2,0.8,2.2,A,1.0
2019-07-26,2019-20,Apertura,2,False,Veracruz,Pachuca,3.0,3.0,2.0,1.0,footballcsv,344,1346.446034931439,1529.9236189564242,-183.47758402498516,0,0,2,4.0,12.0,2,0,0,2,4.0,12.0,2,0.0,0.0,1.0,5.0,-4.0,0.3333333333333333,1.6666666666666667,0.0,0.0,3.0,15.0,-12.0,0.6,3.0,0.0,2.0,7.0,25.0,-18.0,0.7,2.5,0.0,0.0,0.0,34,84.0,0.0,0.6,1.4,0.0,2.0,3.0,5.0,-2.0,1.0,1.6666666666666667,1.0,5.0,5.0,7.0,-2.0,1.0,1.4,3.0,13.0,20.0,17.0,3.0,2.0,1.7,0.0,0.2,0.2,37,6.0,0.0,1.0,1.8,D,6.0
2019-07-27,2019-20,Apertura,2,False,Cruz Azul,Toluca,1.0,1.0,0.0,0.0,footballcsv,347,1577.2789792158203,1506.8918575522084,70.38712166361188,1,1,0,2.0,1.0,2,1,1,0,2.0,1.0,2,1.0,4.0,2.0,3.0,-1.0,0.6666666666666666,1.0,2.0,8.0,7.0,5.0,2.0,1.4,1.0,5.0,19.0,18.0,9.0,9.0,1.8,0.9,0.6666666666666666,0.4,0.4,43,7.0,0.8,2.2,0.6,1.0,4.0,6.0,4.0,2.0,2.0,1.3333333333333333,2.0,8.0,9.0,6.0,3.0,1.8,1.2,5.0,18.0,22.0,12.0,10.0,2.2,1.2,0.3333333333333333,0.4,0.3,37,6.0,0.0,1.0,2.0,D,2.0
2019-07-27,2019-20,Apertura,2,False,Tijuana,Querétaro,1.0,1.0,1.0,0.0,footballcsv,345,1496.4028482425244,1445.6431836476445,50.75966459487995,0,1,1,1.0,2.0,2,0,1,1,1.0,2.0,2,1.0,3.0,5.0,6.0,-1.0,1.6666666666666667,2.0,3.0,9.0,13.0,7.0,6.0,2.6,1.4,5.0,15.0,18.0,13.0,5.0,1.8,1.3,0.0,0.2,0.2,37,8.0,0.6,2.0,1.4,2.0,6.0,4.0,2.0,2.0,1.3333333333333333,0.6666666666666666,2.0,7.0,5.0,4.0,1.0,1.0,0.8,3.0,11.0,7.0,12.0,-5.0,0.7,1.2,0.3333333333333333,0.4,0.4,37,6.0,0.2,0.8,2.0,D,2.0
2019-07-27,2019-20,Apertura,2,False,León,América,0.0,0.0,0.0,0.0,footballcsv,346,1607.1943712883701,1593.025811595862,14.168559692508097,3,0,1,6.0,1.0,4,3,0,1,6.0,1.0,4,1.0,4.0,3.0,2.0,1.0,1.0,0.6666666666666666,2.0,7.0,4.0,3.0,1.0,0.8,0.6,6.0,19.0,17.0,10.0,7.0,1.7,1.0,0.3333333333333333,0.4,0.2,41,7.0,0.6,1.8,1.0,2.0,6.0,5.0,3.0,2.0,1.6666666666666667,1.0,3.0,9.0,8.0,5.0,3.0,1.6,1.0,5.0,16.0,15.0,11.0,4.0,1.5,1.1,0.3333333333333333,0.2,0.4,45,7.0,0.4,1.4,1.4,D,0.0
2019-07-28,2019-20,Apertura,2,False,Atlético San Luis,Monterrey,1.0,0.0,1.0,0.0,footballcsv,348,1486.1226355995445,1547.479688883772,-61.357053284227504,0,0,0,0.0,0.0,0,0,0,0,0.0,0.0,0,0.0,0.0,0.0,2.0,-2.0,0.0,2.0,0.0,0.0,0.0,2.0,-2.0,0.0,2.0,0.0,0.0,0.0,2.0,-2.0,0.0,2.0,0.0,0.0,0.0,1,8.0,0.0,0.0,2.0,1.0,3.0,3.0,5.0,-2.0,1.0,1.6666666666666667,2.0,6.0,4.0,6.0,-2.0,0.8,1.2,4.0,13.0,12.0,15.0,-3.0,1.2,1.5,0.3333333333333333,0.4,0.4,43,8.0,0.2,0.6,1.6,H,1.0
2019-07-28,2019-20,Apertura,2,False,Santos Laguna,FC Juárez,3.0,0.0,0.0,0.0,footballcsv,349,1510.760417464853,1493.3265934915817,17.433823973271274,0,0,0,0.0,0.0,0,0,0,0,0.0,0.0,0,2.0,6.0,8.0,3.0,5.0,2.6666666666666665,1.0,3.0,9.0,10.0,8.0,2.0,2.0,1.6,3.0,11.0,13.0,16.0,-3.0,1.3,1.6,0.3333333333333333,0.2,0.2,37,7.0,0.6,2.2,1.0,0.0,0.0,0.0,1.0,-1.0,0.0,1.0,0.0,0.0,0.0,1.0,-1.0,0.0,1.0,0.0,0.0,0.0,1.0,-1.0,0.0,1.0,0.0,0.0,0.0,1,9.0,0.0,0.0,1.0,H,3.0
2019-07-28,2019-20,Apertura,2,False,Guadalajara,Tigres UANL,2.0,0.0,1.0,0.0,footballcsv,350,1451.8309165973874,1605.7706430194744,-153.939726422087,0,0,2,1.0,3.0,2,0,0,2,1.0,3.0,2,1.0,3.0,3.0,6.0,-3.0,1.0,2.0,1.0,3.0,4.0,10.0,-6.0,0.8,2.0,1.0,4.0,5.0,17.0,-12.0,0.5,1.7,0.0,0.0,0.1,35,7.0,0.2,0.6,1.8,2.0,7.0,5.0,2.0,3.0,1.6666666666666667,0.6666666666666666,3.0,10.0,6.0,3.0,3.0,1.2,0.6,4.0,17.0,14.0,10.0,4.0,1.4,1.0,0.6666666666666666,0.6,0.3,43,8.0,0.2,1.0,0.6,H,2.0
2019-07-28,2019-20,Apertura,2,False,Pumas UNAM,Necaxa,2.0,0.0,1.0,0.0,footballcsv,351,1500.2387629279121,1505.7680780874946,-5.529315159582438,1,0,1,6.0,5.0,2,1,0,1,6.0,5.0,2,1.0,4.0,6.0,7.0,-1.0,2.0,2.3333333333333335,2.0,7.0,8.0,9.0,-1.0,1.6,1.8,3.0,11.0,13.0,17.0,-4.0,1.3,1.7,0.3333333333333333,0.4,0.2,39,8.0,0.4,1.6,1.6,1.0,4.0,1.0,1.0,0.0,0.3333333333333333,0.3333333333333333,2.0,8.0,4.0,3.0,1.0,0.8,0.6,5.0,18.0,13.0,9.0,4.0,1.3,0.9,0.6666666666666666,0.6,0.4,37,8.0,0.4,1.4,1.4,H,2.0
2019-08-02,2019-20,Apertura,3,False,Puebla,Guadalajara,1.0,1.0,1.0,1.0,footballcsv,352,1472.5654792663631,1465.1203895088017,7.445089757561391,1,1,0,5.0,3.0,2,1,1,0,5.0,3.0,2,0.0,1.0,2.0,8.0,-6.0,0.6666666666666666,2.6666666666666665,1.0,4.0,5.0,12.0,-7.0,1.0,2.4,4.0,14.0,12.0,14.0,-2.0,1.2,1.4,0.0,0.0,0.3,35,14.0,0.2,0.8,1.6,1.0,3.0,3.0,5.0,-2.0,1.0,1.6666666666666667,2.0,6.0,6.0,9.0,-3.0,1.2,1.8,2.0,7.0,7.0,15.0,-8.0,0.7,1.5,0.3333333333333333,0.2,0.2,36,5.0,0.0,0.4,1.6,D,2.0
2019-08-02,2019-20,Apertura,3,False,Atlas,Santos Laguna,1.0,2.0,0.0,1.0,footballcsv,353,1446.5389406331974,1520.4072462197194,-73.86830558652196,1,0,1,2.0,3.0,2,1,0,1,2.0,3.0,2,3.0,9.0,4.0,0.0,4.0,1.3333333333333333,0.0,3.0,9.0,6.0,6.0,0.0,1.2,1.2,5.0,15.0,9.0,12.0,-3.0,0.9,1.2,1.0,0.6,0.5,36,7.0,0.6,1.0,0.8,3.0,9.0,11.0,2.0,9.0,3.6666666666666665,0.6666666666666666,4.0,12.0,13.0,4.0,9.0,2.6,0.8,4.0,14.0,16.0,13.0,3.0,1.6,1.3,0.6666666666666666,0.4,0.3,38,5.0,0.0,0.4,2.2,A,3.0
2019-08-03,2019-20,Apertura,3,False,Querétaro,Cruz Azul,3.0,0.0,1.0,0.0,footballcsv,358,1449.2385754545323,1573.2019847239803,-123.963409269448,1,1,2,3.0,6.0,4,1,1,2,3.0,6.0,4,1.0,4.0,3.0,2.0,1.0,1.0,0.6666666666666666,2.0,7.0,6.0,5.0,1.0,1.2,1.0,3.0,12.0,8.0,12.0,-4.0,0.8,1.2,0.3333333333333333,0.2,0.4,38,7.0,0.6,1.2,0.2,1.0,5.0,2.0,1.0,1.0,0.6666666666666666,0.3333333333333333,1.0,6.0,4.0,5.0,-1.0,0.8,1.0,4.0,17.0,15.0,9.0,6.0,1.5,0.9,0.6666666666666666,0.4,0.4,44,7.0,0.2,1.4,1.2,H,3.0
2019-08-03,2019-20,Apertura,3,False,Pachuca,Monarcas Morelia,1.0,2.0,0.0,1.0,footballcsv,357,1527.0303415862872,1436.3888561115814,90.64148547470586,1,1,0,3.0,1.0,2,1,1,0,3.0,1.0,2,0.0,2.0,5.0,7.0,-2.0,1.6666666666666667,2.3333333333333335,0.0,3.0,7.0,10.0,-3.0,1.4,2.0,3.0,14.0,22.0,16.0,6.0,2.2,1.6,0.0,0.0,0.2,38,8.0,0.6,3.0,1.6,0.0,1.0,3.0,6.0,-3.0,1.0,2.0,0.0,2.0,7.0,13.0,-6.0,1.4,2.6,1.0,8.0,14.0,20.0,-6.0,1.4,2.0,0.0,0.0,0.1,36,8.0,0.0,1.8,2.2,A,3.0
2019-08-03,2019-20,Apertura,3,False,América,Tijuana,3.0,1.0,0.0,0.0,footballcsv,354,1595.6717243056128,1492.8074564356366,102.86426786997617,1,0,1,5.0,3.0,2,1,0,1,5.0,3.0,2,2.0,7.0,5.0,2.0,3.0,1.6666666666666667,0.6666666666666666,2.0,7.0,5.0,4.0,1.0,1.0,0.8,5.0,17.0,13.0,8.0,5.0,1.3,0.8,0.6666666666666666,0.4,0.5,46,7.0,0.6,1.6,0.8,1.0,4.0,5.0,4.0,1.0,1.6666666666666667,1.3333333333333333,2.0,7.0,10.0,7.0,3.0,2.0,1.4,4.0,13.0,18.0,14.0,4.0,1.8,1.4,0.0,0.2,0.1,38,7.0,0.4,1.6,1.2,H,4.0
2019-08-03,2019-20,Apertura,3,False,Monterrey,León,3.0,2.0,1.0,2.0,footballcsv,355,1540.9749162645091,1604.5484585786194,-63.57354231411023,1,1,0,4.0,2.0,2,1,1,0,4.0,2.0,2,0.0,0.0,2.0,6.0,-4.0,0.6666666666666666,2.0,2.0,6.0,4.0,6.0,-2.0,0.8,1.2,4.0,13.0,11.0,11.0,0.0,1.1,1.1,0.0,0.4,0.4,44,6.0,0.6,2.0,0.8,1.0,5.0,3.0,1.0,2.0,1.0,0.3333333333333333,1.0,5.0,3.0,3.0,0.0,0.6,0.6,5.0,17.0,12.0,8.0,4.0,1.2,0.8,0.6666666666666666,0.4,0.3,42,7.0,0.6,1.6,1.0,H,5.0
2019-08-03,2019-20,Apertura,3,False,Necaxa,Veracruz,7.0,0.0,1.0,0.0,footballcsv,356,1497.3851171265032,1349.339312301576,148.04580482492725,1,1,0,2.0,0.0,2,1,1,0,2.0,0.0,2,0.0,1.0,0.0,3.0,-3.0,0.0,1.0,2.0,7.0,2.0,3.0,-1.0,0.4,0.6,4.0,15.0,11.0,10.0,1.0,1.1,1.0,0.3333333333333333,0.6,0.4,38,6.0,0.6,1.2,0.4,0.0,1.0,4.0,7.0,-3.0,1.3333333333333333,2.3333333333333335,0.0,1.0,6.0,17.0,-11.0,1.2,3.4,0.0,2.0,9.0,27.0,-18.0,0.9,2.7,0.0,0.0,0.0,35,8.0,0.0,0.8,3.6,H,7.0
2019-08-04,2019-20,Apertura,3,False,FC Juárez,Toluca,2.0,0.0,1.0,0.0,footballcsv,359,1483.6797647367152,1510.9688520440484,-27.289087307333148,0,0,0,0.0,0.0,0,0,0,0,0.0,0.0,0,0.0,0.0,0.0,4.0,-4.0,0.0,2.0,0.0,0.0,0.0,4.0,-4.0,0.0,2.0,0.0,0.0,0.0,4.0,-4.0,0.0,2.0,0.0,0.0,0.0,2,7.0,,,,1.0,4.0,5.0,3.0,2.0,1.6666666666666667,1.0,2.0,8.0,10.0,7.0,3.0,2.0,1.4,4.0,16.0,20.0,12.0,8.0,2.0,1.2,0.3333333333333333,0.2,0.3,38,8.0,0.0,1.2,1.4,H,2.0
2019-08-04,2019-20,Apertura,3,False,Pumas UNAM,Tigres UANL,0.0,1.0,0.0,0.0,footballcsv,360,1508.6217238889035,1592.48117010806,-83.85944621915655,1,1,2,7.0,8.0,4,1,1,2,7.0,8.0,4,2.0,6.0,6.0,5.0,1.0,2.0,1.6666666666666667,2.0,7.0,9.0,9.0,0.0,1.8,1.8,4.0,14.0,14.0,15.0,-1.0,1.4,1.5,0.6666666666666666,0.4,0.3,40,7.0,0.6,1.8,1.0,1.0,4.0,4.0,4.0,0.0,1.3333333333333333,1.3333333333333333,3.0,10.0,6.0,4.0,2.0,1.2,0.8,4.0,16.0,11.0,9.0,2.0,1.1,0.9,0.3333333333333333,0.6,0.3,44,7.0,0.0,0.4,1.0,A,1.0
2019-08-09,2019-20,Apertura,4,False,Monarcas Morelia,Monterrey,0.0,1.0,0.0,0.0,footballcsv,361,1446.4750158795378,1547.5299741583078,-101.05495827877007,0,1,1,4.0,5.0,2,0,1,1,4.0,5.0,2,1.0,3.0,4.0,6.0,-2.0,1.3333333333333333,2.0,1.0,4.0,6.0,11.0,-5.0,1.2,2.2,2.0,10.0,14.0,19.0,-5.0,1.4,1.9,0.0,0.0,0.1,37,6.0,0.2,1.0,1.8,1.0,3.0,5.0,7.0,-2.0,1.6666666666666667,2.3333333333333335,2.0,6.0,6.0,8.0,-2.0,1.2,1.6,4.0,13.0,10.0,13.0,-3.0,1.0,1.3,0.0,0.2,0.3,45,6.0,0.0,0.4,1.8,A,1.0
2019-08-09,2019-20,Apertura,4,False,Veracruz,Atlas,1.0,2.0,1.0,0.0,footballcsv,362,1341.3494712037677,1439.4851518956482,-98.13568069188045,0,0,2,3.0,5.0,2,0,0,2,3.0,5.0,2,0.0,1.0,3.0,12.0,-9.0,1.0,4.0,0.0,1.0,4.0,15.0,-11.0,0.8,3.0,0.0,2.0,8.0,31.0,-23.0,0.8,3.1,0.0,0.0,0.0,36,6.0,0.0,1.0,1.8,2.0,6.0,3.0,2.0,1.0,1.0,0.6666666666666666,3.0,9.0,5.0,3.0,2.0,1.0,0.6,5.0,15.0,10.0,12.0,-2.0,1.0,1.2,0.6666666666666666,0.6,0.5,37,7.0,0.4,0.8,1.6,A,3.0
2019-08-09,2019-20,Apertura,4,False,Tijuana,Pumas UNAM,1.0,0.0,1.0,0.0,footballcsv,363,1487.5591207144137,1501.7792500423911,-14.220129327977475,0,0,2,0.0,2.0,2,0,0,2,0.0,2.0,2,1.0,4.0,5.0,5.0,0.0,1.6666666666666667,1.6666666666666667,1.0,4.0,7.0,10.0,-3.0,1.4,2.0,4.0,13.0,19.0,16.0,3.0,1.9,1.6,0.0,0.0,0.1,39,6.0,0.4,2.0,1.6,2.0,6.0,4.0,1.0,3.0,1.3333333333333333,0.3333333333333333,2.0,7.0,8.0,8.0,0.0,1.6,1.6,4.0,13.0,12.0,14.0,-2.0,1.2,1.4,0.6666666666666666,0.4,0.3,41,5.0,0.2,1.0,2.0,H,1.0
2019-08-10,2019-20,Apertura,4,False,Querétaro,Pachuca,2.0,1.0,0.0,1.0,footballcsv,364,1464.8463896845726,1516.944181818331,-52.097792133758276,1,0,1,1.0,3.0,2,1,0,1,1.0,3.0,2,2.0,7.0,6.0,1.0,5.0,2.0,0.3333333333333333,3.0,10.0,8.0,3.0,5.0,1.6,0.6,4.0,14.0,11.0,12.0,-1.0,1.1,1.2,0.6666666666666666,0.4,0.4,39,7.0,0.6,1.2,0.2,0.0,1.0,5.0,8.0,-3.0,1.6666666666666667,2.6666666666666665,0.0,3.0,7.0,10.0,-3.0,1.4,2.0,2.0,11.0,20.0,16.0,4.0,2.0,1.6,0.0,0.0,0.2,39,7.0,0.0,1.4,1.6,H,3.0
2019-08-10,2019-20,Apertura,4,False,Guadalajara,Atlético San Luis,3.0,0.0,1.0,0.0,footballcsv,365,1467.5854294988317,1492.6274082188074,-25.04197871997576,0,0,0,0.0,0.0,0,0,0,0,0.0,0.0,0,1.0,4.0,3.0,4.0,-1.0,1.0,1.3333333333333333,2.0,7.0,6.0,7.0,-1.0,1.2,1.4,2.0,7.0,8.0,16.0,-8.0,0.8,1.6,0.3333333333333333,0.2,0.1,37,8.0,0.4,1.0,1.4,1.0,3.0,1.0,2.0,-1.0,0.5,1.0,1.0,3.0,1.0,2.0,-1.0,0.5,1.0,1.0,3.0,1.0,2.0,-1.0,0.5,1.0,0.5,0.5,0.5,2,13.0,,,,H,3.0
2019-08-10,2019-20,Apertura,4,False,Tigres UANL,Necaxa,3.0,1.0,3.0,1.0,footballcsv,366,1599.3236439545724,1505.3749582243115,93.94868573026088,1,1,0,4.0,3.0,2,1,1,0,4.0,3.0,2,2.0,6.0,5.0,4.0,1.0,1.6666666666666667,1.3333333333333333,3.0,10.0,6.0,4.0,2.0,1.2,0.8,5.0,18.0,11.0,8.0,3.0,1.1,0.8,0.3333333333333333,0.6,0.4,45,6.0,0.8,1.8,0.8,1.0,4.0,7.0,2.0,5.0,2.3333333333333335,0.6666666666666666,2.0,7.0,8.0,3.0,5.0,1.6,0.6,4.0,15.0,16.0,10.0,6.0,1.6,1.0,0.6666666666666666,0.6,0.4,39,7.0,0.2,1.0,1.6,H,4.0
2019-08-10,2019-20,Apertura,4,False,Cruz Azul,FC Juárez,2.0,0.0,0.0,0.0,footballcsv,367,1557.59417049394,1492.7934487181199,64.8007217758202,0,0,0,0.0,0.0,0,0,0,0,0.0,0.0,0,0.0,2.0,1.0,4.0,-3.0,0.3333333333333333,1.3333333333333333,1.0,5.0,3.0,7.0,-4.0,0.6,1.4,4.0,16.0,13.0,10.0,3.0,1.3,1.0,0.3333333333333333,0.4,0.4,45,7.0,0.6,1.6,0.6,1.0,3.0,2.0,4.0,-2.0,0.6666666666666666,1.3333333333333333,1.0,3.0,2.0,4.0,-2.0,0.6666666666666666,1.3333333333333333,1.0,3.0,2.0,4.0,-2.0,0.6666666666666666,1.3333333333333333,0.3333333333333333,0.3333333333333333,0.3333333333333333,3,6.0,0.0,0.0,2.0,H,2.0
2019-08-11,2019-20,Apertura,4,False,Santos Laguna,Puebla,4.0,1.0,2.0,1.0,footballcsv,368,1527.4610349572686,1470.1004392763332,57.360595680935376,1,1,0,3.0,1.0,2,1,1,0,3.0,1.0,2,3.0,9.0,8.0,1.0,7.0,2.6666666666666665,0.3333333333333333,4.0,12.0,13.0,4.0,9.0,2.6,0.8,5.0,16.0,16.0,12.0,4.0,1.6,1.2,0.6666666666666666,0.4,0.3,39,9.0,0.8,2.6,0.6,0.0,1.0,2.0,8.0,-6.0,0.6666666666666666,2.6666666666666665,1.0,5.0,6.0,10.0,-4.0,1.2,2.0,3.0,12.0,12.0,15.0,-3.0,1.2,1.5,0.0,0.0,0.2,36,9.0,0.4,1.4,1.2,H,5.0
2019-08-11,2019-20,Apertura,4,False,Toluca,América,0.0,1.0,0.0,0.0,footballcsv,369,1501.8551680626438,1600.9200600268357,-99.06489196419193,1,2,1,8.0,8.0,4,1,2,1,8.0,8.0,4,0.0,1.0,1.0,5.0,-4.0,0.3333333333333333,1.6666666666666667,1.0,5.0,7.0,7.0,0.0,1.4,1.4,4.0,15.0,19.0,13.0,6.0,1.9,1.3,0.0,0.2,0.3,39,7.0,0.8,2.8,1.0,2.0,7.0,7.0,3.0,4.0,2.3333333333333335,1.0,3.0,10.0,8.0,4.0,4.0,1.6,0.8,6.0,19.0,16.0,9.0,7.0,1.6,0.9,0.3333333333333333,0.4,0.4,47,8.0,0.4,1.0,0.8,A,1.0
2019-08-16,2019-20,Apertura,5,False,Puebla,Pachuca,0.0,4.0,0.0,2.0,footballcsv,371,1461.957911120422,1510.6480289815408,-48.69011786111878,0,1,1,1.0,3.0,2,0,1,1,1.0,3.0,2,0.0,1.0,3.0,8.0,-5.0,1.0,2.6666666666666665,0.0,2.0,4.0,13.0,-9.0,0.8,2.6,3.0,12.0,13.0,18.0,-5.0,1.3,1.8,0.0,0.0,0.2,37,5.0,0.0,0.8,1.8,0.0,1.0,5.0,7.0,-2.0,1.6666666666666667,2.3333333333333335,0.0,2.0,7.0,11.0,-4.0,1.4,2.2,2.0,10.0,21.0,18.0,3.0,2.1,1.8,0.0,0.0,0.1,40,6.0,0.0,1.6,2.0,A,4.0
2019-08-16,2019-20,Apertura,5,False,Atlas,Cruz Azul,1.0,3.0,0.0,2.0,footballcsv,370,1446.0014214308985,1563.8385067851925,-117.837085354294,0,0,2,0.0,4.0,2,0,0,2,0.0,4.0,2,2.0,6.0,4.0,3.0,1.0,1.3333333333333333,1.0,4.0,12.0,7.0,3.0,4.0,1.4,0.6,6.0,18.0,12.0,11.0,1.0,1.2,1.1,0.3333333333333333,0.6,0.5,38,7.0,0.6,1.2,0.8,1.0,4.0,3.0,4.0,-1.0,1.0,1.3333333333333333,2.0,8.0,4.0,4.0,0.0,0.8,0.8,4.0,16.0,12.0,10.0,2.0,1.2,1.0,0.3333333333333333,0.6,0.4,46,6.0,0.2,1.0,1.4,A,4.0
2019-08-17,2019-20,Apertura,5,False,Monterrey,Toluca,2.0,0.0,1.0,0.0,footballcsv,372,1553.980173794829,1495.3599534133791,58.620220381449826,1,0,1,3.0,6.0,2,1,0,1,3.0,6.0,2,2.0,6.0,4.0,3.0,1.0,1.3333333333333333,1.0,2.0,6.0,6.0,8.0,-2.0,1.2,1.6,4.0,13.0,10.0,13.0,-3.0,1.0,1.3,0.3333333333333333,0.2,0.3,46,8.0,0.8,2.2,0.8,0.0,1.0,1.0,4.0,-3.0,0.3333333333333333,1.3333333333333333,1.0,4.0,5.0,6.0,-1.0,1.0,1.2,3.0,12.0,17.0,14.0,3.0,1.7,1.4,0.0,0.2,0.2,40,6.0,0.0,1.0,1.6,H,2.0
2019-08-17,2019-20,Apertura,5,False,América,Monarcas Morelia,1.0,0.0,0.0,0.0,footballcsv,373,1607.4152746761004,1440.0248162430166,167.39045843308372,1,1,0,4.0,3.0,2,1,1,0,4.0,3.0,2,2.0,7.0,4.0,1.0,3.0,1.3333333333333333,0.3333333333333333,4.0,13.0,9.0,3.0,6.0,1.8,0.6,7.0,22.0,15.0,6.0,9.0,1.5,0.6,0.6666666666666666,0.6,0.5,48,6.0,0.8,2.2,1.0,1.0,3.0,2.0,3.0,-1.0,0.6666666666666666,1.0,1.0,4.0,5.0,8.0,-3.0,1.0,1.6,2.0,9.0,13.0,19.0,-6.0,1.3,1.9,0.0,0.0,0.1,38,8.0,0.2,1.8,2.0,H,1.0
2019-08-17,2019-20,Apertura,5,False,Atlético San Luis,Tigres UANL,1.0,1.0,0.0,0.0,footballcsv,374,1481.2240883862744,1604.7945773998954,-123.570489013621,0,0,0,0.0,0.0,0,0,0,0,0.0,0.0,0,1.0,3.0,1.0,5.0,-4.0,0.3333333333333333,1.6666666666666667,1.0,3.0,1.0,5.0,-4.0,0.3333333333333333,1.6666666666666667,1.0,3.0,1.0,5.0,-4.0,0.3333333333333333,1.6666666666666667,0.3333333333333333,0.3333333333333333,0.3333333333333333,3,7.0,0.5,0.5,1.0,2.0,6.0,4.0,3.0,1.0,1.3333333333333333,1.0,3.0,10.0,8.0,5.0,3.0,1.6,1.0,5.0,18.0,12.0,8.0,4.0,1.2,0.8,0.3333333333333333,0.4,0.4,46,7.0,0.2,0.4,0.8,D,2.0
2019-08-17,2019-20,Apertura,5,False,León,Guadalajara,4.0,3.0,2.0,1.0,footballcsv,375,1597.9934006848207,1478.9887493313647,119.00465135345598,0,0,2,1.0,3.0,2,0,0,2,1.0,3.0,2,1.0,4.0,5.0,4.0,1.0,1.6666666666666667,1.3333333333333333,1.0,5.0,5.0,5.0,0.0,1.0,1.0,5.0,17.0,13.0,9.0,4.0,1.3,0.9,0.3333333333333333,0.4,0.3,43,14.0,0.4,0.8,0.6,2.0,7.0,6.0,1.0,5.0,2.0,0.3333333333333333,2.0,7.0,7.0,6.0,1.0,1.4,1.2,3.0,10.0,11.0,14.0,-3.0,1.1,1.4,0.6666666666666666,0.4,0.2,38,7.0,0.0,0.6,1.8,H,7.0
2019-08-18,2019-20,Apertura,5,False,Necaxa,Santos Laguna,3.0,0.0,0.0,0.0,footballcsv,376,1499.9040247789885,1535.6035631131797,-35.699538334191175,1,0,1,2.0,2.0,2,1,0,1,2.0,2.0,2,1.0,3.0,8.0,5.0,3.0,2.6666666666666665,1.6666666666666667,1.0,4.0,8.0,6.0,2.0,1.6,1.2,4.0,15.0,16.0,11.0,5.0,1.6,1.1,0.3333333333333333,0.4,0.4,40,8.0,0.6,2.2,0.4,3.0,9.0,9.0,2.0,7.0,3.0,0.6666666666666666,5.0,15.0,17.0,4.0,13.0,3.4,0.8,6.0,19.0,19.0,11.0,8.0,1.9,1.1,0.3333333333333333,0.4,0.3,40,7.0,0.2,0.8,1.8,H,3.0
2019-08-18,2019-20,Apertura,5,False,FC Juárez,Querétaro,0.0,2.0,0.0,0.0,footballcsv,377,1486.5491124268674,1471.1425425213627,15.406569905504739,0,0,0,0.0,0.0,0,0,0,0,0.0,0.0,0,1.0,3.0,2.0,5.0,-3.0,0.6666666666666666,1.6666666666666667,1.0,3.0,2.0,6.0,-4.0,0.5,1.5,1.0,3.0,2.0,6.0,-4.0,0.5,1.5,0.3333333333333333,0.25,0.25,4,8.0,1.0,2.0,0.0,2.0,7.0,6.0,2.0,4.0,2.0,0.6666666666666666,3.0,10.0,8.0,3.0,5.0,1.6,0.6,5.0,17.0,12.0,9.0,3.0,1.2,0.9,0.3333333333333333,0.4,0.4,40,8.0,0.2,0.8,1.4,A,2.0
2019-08-18,2019-20,Apertura,5,False,Pumas UNAM,Veracruz,2.0,0.0,0.0,0.0,footballcsv,378,1496.3082357309195,1334.8332016685174,161.47503406240207,1,1,0,2.0,0.0,2,1,1,0,2.0,0.0,2,1.0,3.0,2.0,2.0,0.0,0.6666666666666666,0.6666666666666666,2.0,6.0,6.0,7.0,-1.0,1.2,1.4,4.0,13.0,12.0,14.0,-2.0,1.2,1.4,0.3333333333333333,0.4,0.3,42,9.0,0.6,1.4,0.8,0.0,1.0,4.0,12.0,-8.0,1.3333333333333333,4.0,0.0,1.0,5.0,16.0,-11.0,1.0,3.2,0.0,1.0,7.0,31.0,-24.0,0.7,3.1,0.0,0.0,0.0,37,9.0,0.0,0.6,4.4,H,2.0
2019-08-23,2019-20,Apertura,6,False,Monarcas Morelia,Pumas UNAM,2.0,0.0,1.0,0.0,footballcsv,379,1437.6070034010183,1500.2561914635335,-62.64918806251512,0,2,0,2.0,2.0,2,0,2,0,2.0,2.0,2,1.0,3.0,2.0,3.0,-1.0,0.6666666666666666,1.0,1.0,3.0,4.0,8.0,-4.0,0.8,1.6,2.0,9.0,11.0,17.0,-6.0,1.1,1.7,0.0,0.0,0.1,39,6.0,0.2,0.8,1.8,1.0,3.0,2.0,2.0,0.0,0.6666666666666666,0.6666666666666666,3.0,9.0,6.0,2.0,4.0,1.2,0.4,4.0,13.0,12.0,13.0,-1.0,1.2,1.3,0.3333333333333333,0.6,0.4,43,5.0,0.2,1.0,2.0,H,2.0
2019-08-23,2019-20,Apertura,6,False,Santos Laguna,Monterrey,2.0,1.0,2.0,0.0,footballcsv,380,1523.7376626673406,1560.3973701772093,-36.65970750986867,1,0,3,1.0,7.0,4,1,0,3,1.0,7.0,4,2.0,6.0,6.0,5.0,1.0,2.0,1.6666666666666667,4.0,12.0,12.0,5.0,7.0,2.4,1.0,6.0,19.0,19.0,13.0,6.0,1.9,1.3,0.0,0.4,0.3,41,5.0,1.0,3.4,0.8,3.0,9.0,6.0,2.0,4.0,2.0,0.6666666666666666,3.0,9.0,8.0,7.0,1.0,1.6,1.4,5.0,15.0,10.0,11.0,-1.0,1.0,1.1,0.6666666666666666,0.4,0.4,47,6.0,0.2,0.6,1.4,H,3.0
2019-08-23,2019-20,Apertura,6,False,Veracruz,Atlético San Luis,1.0,2.0,1.0,1.0,footballcsv,381,1330.8852459359034,1482.471614908765,-151.5863689728617,0,0,0,0.0,0.0,0,0,0,0,0.0,0.0,0,0.0,0.0,1.0,11.0,-10.0,0.3333333333333333,3.6666666666666665,0.0,1.0,4.0,16.0,-12.0,0.8,3.2,0.0,1.0,7.0,31.0,-24.0,0.7,3.1,0.0,0.0,0.0,38,5.0,0.0,0.8,1.8,1.0,4.0,2.0,4.0,-2.0,0.6666666666666666,1.3333333333333333,1.0,4.0,2.0,6.0,-4.0,0.5,1.5,1.0,4.0,2.0,6.0,-4.0,0.5,1.5,0.3333333333333333,0.25,0.25,4,6.0,0.0,0.0,3.0,A,3.0
2019-08-24,2019-20,Apertura,6,False,Querétaro,León,0.0,4.0,0.0,1.0,footballcsv,384,1485.0718692118023,1601.061046601048,-115.9891773892457,0,0,2,0.0,8.0,2,0,0,2,0.0,8.0,2,3.0,9.0,7.0,1.0,6.0,2.3333333333333335,0.3333333333333333,4.0,13.0,10.0,2.0,8.0,2.0,0.4,5.0,17.0,13.0,9.0,4.0,1.3,0.9,0.6666666666666666,0.6,0.4,41,6.0,0.8,1.6,0.4,1.0,4.0,6.0,6.0,0.0,2.0,2.0,2.0,8.0,9.0,7.0,2.0,1.8,1.4,5.0,17.0,15.0,11.0,4.0,1.5,1.1,0.3333333333333333,0.4,0.3,44,7.0,0.6,1.8,1.2,A,4.0
2019-08-24,2019-20,Apertura,6,False,Pachuca,Atlas,3.0,1.0,2.0,0.0,footballcsv,382,1528.1888731295473,1436.372624976399,91.81624815314831,1,1,0,1.0,0.0,2,1,1,0,1.0,0.0,2,1.0,3.0,6.0,4.0,2.0,2.0,1.3333333333333333,1.0,4.0,10.0,10.0,0.0,2.0,2.0,2.0,10.0,16.0,16.0,0.0,1.6,1.6,0.3333333333333333,0.2,0.2,41,8.0,0.4,2.6,1.6,1.0,3.0,4.0,6.0,-2.0,1.3333333333333333,2.0,3.0,9.0,6.0,6.0,0.0,1.2,1.2,5.0,15.0,12.0,14.0,-2.0,1.2,1.4,0.0,0.4,0.4,39,8.0,0.6,1.2,1.4,H,4.0
2019-08-24,2019-20,Apertura,6,False,Cruz Azul,Puebla,1.0,1.0,0.0,0.0,footballcsv,383,1573.467303239692,1444.4170669724156,129.05023626727643,1,1,0,4.0,1.0,2,1,1,0,4.0,1.0,2,2.0,6.0,5.0,4.0,1.0,1.6666666666666667,1.3333333333333333,2.0,8.0,6.0,5.0,1.0,1.2,1.0,5.0,18.0,15.0,11.0,4.0,1.5,1.1,0.3333333333333333,0.4,0.3,47,8.0,0.6,1.4,0.6,0.0,1.0,2.0,9.0,-7.0,0.6666666666666666,3.0,0.0,1.0,3.0,16.0,-13.0,0.6,3.2,2.0,9.0,12.0,22.0,-10.0,1.2,2.2,0.0,0.0,0.1,38,8.0,0.4,1.6,2.0,D,2.0
2019-08-24,2019-20,Apertura,6,False,Tigres UANL,América,1.0,1.0,1.0,0.0,footballcsv,385,1603.5470508774047,1609.8330875180986,-6.286036640693965,0,0,2,2.0,6.0,2,0,0,2,2.0,6.0,2,2.0,7.0,5.0,2.0,3.0,1.6666666666666667,0.6666666666666666,3.0,10.0,9.0,6.0,3.0,1.8,1.2,5.0,18.0,12.0,8.0,4.0,1.2,0.8,0.3333333333333333,0.2,0.4,47,7.0,0.8,2.0,0.8,3.0,9.0,5.0,1.0,4.0,1.6666666666666667,0.3333333333333333,4.0,13.0,9.0,3.0,6.0,1.8,0.6,7.0,22.0,15.0,6.0,9.0,1.5,0.6,0.6666666666666666,0.6,0.5,49,7.0,0.6,0.8,0.2,D,2.0
2019-08-25,2019-20,Apertura,6,False,Guadalajara,Necaxa,1.0,2.0,0.0,2.0,footballcsv,387,1475.9211034151374,1511.7699252248276,-35.84882180969021,1,1,0,4.0,3.0,2,1,1,0,4.0,3.0,2,1.0,4.0,7.0,5.0,2.0,2.3333333333333335,1.6666666666666667,2.0,7.0,9.0,8.0,1.0,1.8,1.6,3.0,10.0,13.0,16.0,-3.0,1.3,1.6,0.3333333333333333,0.4,0.2,39,8.0,0.6,1.6,1.0,2.0,6.0,11.0,3.0,8.0,3.6666666666666665,1.0,2.0,7.0,11.0,5.0,6.0,2.2,1.0,4.0,15.0,17.0,10.0,7.0,1.7,1.0,0.6666666666666666,0.6,0.5,41,7.0,0.2,1.0,1.8,A,3.0
2019-08-25,2019-20,Apertura,6,False,Toluca,Tijuana,2.0,0.0,1.0,0.0,footballcsv,386,1488.9427570309988,1493.0301350258853,-4.087377994886538,1,0,1,3.0,2.0,2,1,0,1,3.0,2.0,2,0.0,0.0,0.0,5.0,-5.0,0.0,1.6666666666666667,0.0,1.0,1.0,8.0,-7.0,0.2,1.6,3.0,12.0,15.0,13.0,2.0,1.5,1.3,0.0,0.0,0.2,41,8.0,0.6,2.4,1.2,1.0,4.0,3.0,4.0,-1.0,1.0,1.3333333333333333,2.0,7.0,7.0,7.0,0.0,1.4,1.4,4.0,13.0,17.0,14.0,3.0,1.7,1.4,0.3333333333333333,0.2,0.2,40,16.0,0.4,1.8,1.6,H,2.0
2019-08-27,2019-20,Apertura,7,False,Atlas,Tigres UANL,1.0,1.0,0.0,0.0,footballcsv,388,1430.8474757509066,1601.4566645273394,-170.6091887764328,0,0,2,1.0,4.0,2,0,0,2,1.0,4.0,2,1.0,3.0,4.0,7.0,-3.0,1.3333333333333333,2.3333333333333335,2.0,6.0,6.0,9.0,-3.0,1.2,1.8,4.0,12.0,12.0,17.0,-5.0,1.2,1.7,0.0,0.2,0.3,40,3.0,0.4,1.2,1.4,1.0,5.0,5.0,3.0,2.0,1.6666666666666667,1.0,2.0,8.0,6.0,5.0,1.0,1.2,1.0,5.0,18.0,12.0,8.0,4.0,1.2,0.8,0.0,0.2,0.4,48,3.0,0.2,0.4,0.8,D,2.0
2019-08-27,2019-20,Apertura,7,False,América,Pachuca,1.0,1.0,0.0,0.0,footballcsv,389,1611.923473868164,1533.7140223550398,78.20945151312412,2,0,0,6.0,1.0,2,2,0,0,6.0,1.0,2,2.0,7.0,3.0,1.0,2.0,1.0,0.3333333333333333,3.0,11.0,6.0,2.0,4.0,1.2,0.4,6.0,20.0,14.0,7.0,7.0,1.4,0.7,0.6666666666666666,0.6,0.4,50,3.0,0.8,2.2,1.0,2.0,6.0,8.0,3.0,5.0,2.6666666666666665,1.0,2.0,7.0,12.0,8.0,4.0,2.4,1.6,3.0,12.0,17.0,15.0,2.0,1.7,1.5,0.3333333333333333,0.2,0.2,42,3.0,0.2,2.0,1.6,D,2.0
2019-08-27,2019-20,Apertura,7,False,Veracruz,Querétaro,0.0,5.0,0.0,3.0,footballcsv,390,1325.536132663984,1470.8709999758237,-145.33486731183962,0,1,1,3.0,4.0,2,0,1,1,3.0,4.0,2,0.0,0.0,2.0,6.0,-4.0,0.6666666666666666,2.0,0.0,1.0,5.0,16.0,-11.0,1.0,3.2,0.0,1.0,8.0,31.0,-23.0,0.8,3.1,0.0,0.0,0.0,39,4.0,0.0,1.0,2.0,2.0,6.0,4.0,5.0,-1.0,1.3333333333333333,1.6666666666666667,3.0,10.0,8.0,6.0,2.0,1.6,1.2,5.0,17.0,13.0,10.0,3.0,1.3,1.0,0.3333333333333333,0.4,0.4,42,3.0,0.4,1.2,0.8,A,5.0
2019-08-27,2019-20,Apertura,7,False,Atlético San Luis,Monarcas Morelia,1.0,1.0,1.0,0.0,footballcsv,391,1487.8207281806845,1447.9632617470115,39.857466433672926,0,0,0,0.0,0.0,0,0,0,0,0.0,0.0,0,1.0,4.0,3.0,5.0,-2.0,1.0,1.6666666666666667,2.0,7.0,4.0,7.0,-3.0,0.8,1.4,2.0,7.0,4.0,7.0,-3.0,0.8,1.4,0.0,0.2,0.2,5,4.0,0.3333333333333333,0.6666666666666666,1.0,1.0,3.0,2.0,2.0,0.0,0.6666666666666666,0.6666666666666666,2.0,6.0,4.0,4.0,0.0,0.8,0.8,3.0,11.0,12.0,16.0,-4.0,1.2,1.6,0.3333333333333333,0.2,0.2,40,4.0,0.2,1.6,2.0,D,2.0
2019-08-28,2019-20,Apertura,7,False,Necaxa,Toluca,1.0,1.0,1.0,1.0,footballcsv,392,1519.5775188041066,1497.2783343044682,22.299184499638386,0,1,1,3.0,4.0,2,0,1,1,3.0,4.0,2,2.0,6.0,6.0,4.0,2.0,2.0,1.3333333333333333,3.0,9.0,13.0,6.0,7.0,2.6,1.2,5.0,17.0,17.0,9.0,8.0,1.7,0.9,0.3333333333333333,0.4,0.5,42,3.0,0.8,2.4,0.0,1.0,3.0,2.0,3.0,-1.0,0.6666666666666666,1.0,1.0,4.0,3.0,6.0,-3.0,0.6,1.2,3.0,12.0,12.0,12.0,0.0,1.2,1.2,0.3333333333333333,0.2,0.3,42,3.0,0.0,0.6,1.4,D,2.0
2019-08-28,2019-20,Apertura,7,False,Tijuana,Cruz Azul,3.0,2.0,1.0,2.0,footballcsv,393,1484.694557752416,1568.084757682938,-83.39019993052216,0,1,1,1.0,2.0,2,0,1,1,1.0,2.0,2,1.0,3.0,2.0,5.0,-3.0,0.6666666666666666,1.6666666666666667,2.0,7.0,6.0,7.0,-1.0,1.2,1.4,4.0,13.0,17.0,15.0,2.0,1.7,1.5,0.3333333333333333,0.2,0.2,41,3.0,0.4,1.6,1.2,2.0,7.0,6.0,2.0,4.0,2.0,0.6666666666666666,2.0,8.0,7.0,6.0,1.0,1.4,1.2,4.0,16.0,14.0,11.0,3.0,1.4,1.1,0.3333333333333333,0.2,0.3,48,4.0,0.4,1.6,1.6,H,5.0
2019-08-28,2019-20,Apertura,7,False,León,Santos Laguna,2.0,2.0,1.0,1.0,footballcsv,394,1615.2619158370267,1529.6916421996787,85.57027363734801,1,0,1,3.0,3.0,2,1,0,1,3.0,3.0,2,2.0,6.0,10.0,6.0,4.0,3.3333333333333335,2.0,3.0,10.0,13.0,7.0,6.0,2.6,1.4,5.0,17.0,16.0,10.0,6.0,1.6,1.0,0.3333333333333333,0.4,0.4,45,4.0,0.4,1.2,1.0,2.0,6.0,6.0,5.0,1.0,2.0,1.6666666666666667,4.0,12.0,11.0,6.0,5.0,2.2,1.2,7.0,21.0,21.0,14.0,7.0,2.1,1.4,0.0,0.2,0.2,42,5.0,0.2,0.4,2.0,D,4.0
2019-08-29,2019-20,Apertura,7,False,Puebla,FC Juárez,2.0,1.0,0.0,1.0,footballcsv,395,1449.7996125291695,1472.6197857364277,-22.82017320725822,0,0,0,0.0,0.0,0,0,0,0,0.0,0.0,0,0.0,1.0,2.0,9.0,-7.0,0.6666666666666666,3.0,0.0,2.0,4.0,13.0,-9.0,0.8,2.6,1.0,7.0,9.0,23.0,-14.0,0.9,2.3,0.0,0.0,0.0,39,5.0,0.0,0.6,2.4,1.0,3.0,2.0,4.0,-2.0,0.6666666666666666,1.3333333333333333,1.0,3.0,2.0,8.0,-6.0,0.4,1.6,1.0,3.0,2.0,8.0,-6.0,0.4,1.6,0.3333333333333333,0.2,0.2,5,11.0,0.0,0.0,2.0,H,3.0
2019-08-29,2019-20,Apertura,7,False,Monterrey,Pumas UNAM,2.0,0.0,1.0,0.0,footballcsv,396,1554.4433906448712,1489.8999331175403,64.54345752733093,1,1,0,2.0,1.0,2,1,1,0,2.0,1.0,2,2.0,6.0,4.0,2.0,2.0,1.3333333333333333,0.6666666666666666,3.0,9.0,7.0,5.0,2.0,1.4,1.0,5.0,15.0,11.0,11.0,0.0,1.1,1.1,0.6666666666666666,0.4,0.4,48,6.0,0.8,1.8,0.8,1.0,3.0,2.0,3.0,-1.0,0.6666666666666666,1.0,2.0,6.0,4.0,4.0,0.0,0.8,0.8,4.0,13.0,12.0,13.0,-1.0,1.2,1.3,0.3333333333333333,0.4,0.4,44,6.0,0.2,1.0,2.0,H,2.0
2019-08-30,2019-20,Apertura,8,False,Atlas,América,3.0,0.0,1.0,0.0,footballcsv,397,1433.3978580826276,1607.6604965111449,-174.26263842851722,0,0,2,1.0,5.0,2,0,0,2,1.0,5.0,2,0.0,1.0,3.0,7.0,-4.0,1.0,2.3333333333333335,1.0,4.0,6.0,10.0,-4.0,1.2,2.0,4.0,13.0,12.0,16.0,-4.0,1.2,1.6,0.0,0.0,0.3,41,3.0,0.4,1.2,1.2,1.0,5.0,3.0,2.0,1.0,1.0,0.6666666666666666,3.0,11.0,7.0,3.0,4.0,1.4,0.6,5.0,18.0,12.0,7.0,5.0,1.2,0.7,0.3333333333333333,0.4,0.4,51,3.0,0.4,0.6,0.4,H,3.0
2019-08-30,2019-20,Apertura,8,False,Monarcas Morelia,Veracruz,1.0,0.0,0.0,0.0,footballcsv,398,1451.2824002434122,1311.3694753705684,139.91292487284386,1,1,0,4.0,2.0,2,1,1,0,4.0,2.0,2,1.0,4.0,3.0,2.0,1.0,1.0,0.6666666666666666,2.0,7.0,5.0,4.0,1.0,1.0,0.8,2.0,9.0,12.0,17.0,-5.0,1.2,1.7,0.3333333333333333,0.2,0.1,41,3.0,0.4,0.8,1.2,0.0,0.0,1.0,9.0,-8.0,0.3333333333333333,3.0,0.0,0.0,2.0,18.0,-16.0,0.4,3.6,0.0,1.0,8.0,35.0,-27.0,0.8,3.5,0.0,0.0,0.0,40,3.0,0.0,0.6,4.4,H,1.0
2019-08-31,2019-20,Apertura,8,False,Pachuca,Atlético San Luis,0.0,2.0,0.0,0.0,footballcsv,401,1537.9769997120588,1484.5015896842838,53.47541002777507,0,0,0,0.0,0.0,0,0,0,0,0.0,0.0,0,2.0,7.0,8.0,2.0,6.0,2.6666666666666665,0.6666666666666666,2.0,7.0,10.0,6.0,4.0,2.0,1.2,2.0,10.0,17.0,16.0,1.0,1.7,1.6,0.3333333333333333,0.2,0.1,43,4.0,0.4,1.4,1.4,1.0,5.0,4.0,3.0,1.0,1.3333333333333333,1.0,2.0,8.0,5.0,6.0,-1.0,1.0,1.2,2.0,8.0,5.0,8.0,-3.0,0.8333333333333334,1.3333333333333333,0.0,0.2,0.16666666666666666,6,4.0,0.5,1.0,2.0,A,2.0
2019-08-31,2019-20,Apertura,8,False,Cruz Azul,Guadalajara,1.0,1.0,1.0,1.0,footballcsv,402,1561.0856522484717,1468.1135098358584,92.97214241261327,1,0,1,1.0,1.0,2,1,0,1,1.0,1.0,2,1.0,4.0,6.0,5.0,1.0,2.0,1.6666666666666667,2.0,7.0,8.0,8.0,0.0,1.6,1.6,3.0,13.0,12.0,13.0,-1.0,1.2,1.3,0.0,0.2,0.3,49,3.0,0.4,1.2,0.6,1.0,3.0,7.0,6.0,1.0,2.3333333333333335,2.0,2.0,7.0,10.0,7.0,3.0,2.0,1.4,3.0,10.0,14.0,17.0,-3.0,1.4,1.7,0.3333333333333333,0.4,0.2,40,6.0,0.0,1.0,2.2,D,2.0
2019-08-31,2019-20,Apertura,8,False,Necaxa,Tijuana,3.0,2.0,1.0,2.0,footballcsv,399,1516.715349690647,1491.6936631868823,25.021686503764613,0,0,2,1.0,3.0,2,0,0,2,1.0,3.0,2,2.0,7.0,6.0,2.0,4.0,2.0,0.6666666666666666,3.0,10.0,14.0,5.0,9.0,2.8,1.0,5.0,17.0,16.0,8.0,8.0,1.6,0.8,0.3333333333333333,0.4,0.5,43,3.0,0.6,2.4,0.2,2.0,6.0,4.0,4.0,0.0,1.3333333333333333,1.3333333333333333,2.0,7.0,6.0,8.0,-2.0,1.2,1.6,5.0,16.0,19.0,15.0,4.0,1.9,1.5,0.3333333333333333,0.2,0.2,42,3.0,0.4,1.8,1.8,H,5.0
2019-08-31,2019-20,Apertura,8,False,Tigres UANL,León,1.0,1.0,0.0,1.0,footballcsv,400,1598.9062821956184,1610.8271557022204,-11.920873506601993,2,2,0,5.0,2.0,4,2,2,0,5.0,2.0,4,0.0,3.0,3.0,3.0,0.0,1.0,1.0,2.0,9.0,7.0,4.0,3.0,1.4,0.8,5.0,19.0,13.0,8.0,5.0,1.3,0.8,0.0,0.2,0.4,49,4.0,0.8,2.0,0.8,2.0,7.0,10.0,5.0,5.0,3.3333333333333335,1.6666666666666667,2.0,8.0,12.0,8.0,4.0,2.4,1.6,4.0,15.0,16.0,11.0,5.0,1.6,1.1,0.3333333333333333,0.4,0.4,46,3.0,0.6,2.0,1.0,D,2.0
2019-09-01,2019-20,Apertura,8,False,Pumas UNAM,Toluca,2.0,1.0,0.0,0.0,footballcsv,403,1483.6484626374759,1500.140503417928,-16.492040780452044,1,1,0,3.0,2.0,2,1,1,0,3.0,2.0,2,1.0,3.0,2.0,4.0,-2.0,0.6666666666666666,1.3333333333333333,1.0,3.0,2.0,6.0,-4.0,0.4,1.2,3.0,10.0,11.0,15.0,-4.0,1.1,1.5,0.3333333333333333,0.2,0.3,45,3.0,0.6,1.4,0.6,1.0,4.0,3.0,3.0,0.0,1.0,1.0,1.0,4.0,3.0,6.0,-3.0,0.6,1.2,3.0,12.0,13.0,13.0,0.0,1.3,1.3,0.3333333333333333,0.2,0.2,43,4.0,0.0,0.8,1.6,H,3.0
2019-09-01,2019-20,Apertura,8,False,Querétaro,Puebla,1.0,1.0,1.0,0.0,footballcsv,404,1485.0376572692394,1455.453563189116,29.58409408012335,0,0,2,0.0,2.0,2,0,0,2,0.0,2.0,2,2.0,6.0,7.0,4.0,3.0,2.3333333333333335,1.3333333333333333,4.0,12.0,12.0,5.0,7.0,2.4,1.0,6.0,19.0,18.0,10.0,8.0,1.8,1.0,0.6666666666666666,0.6,0.4,43,5.0,0.6,1.4,1.2,1.0,4.0,3.0,6.0,-3.0,1.0,2.0,1.0,5.0,5.0,11.0,-6.0,1.0,2.2,2.0,9.0,10.0,23.0,-13.0,1.0,2.3,0.0,0.0,0.0,40,3.0,0.4,1.8,2.0,D,2.0
2019-09-01,2019-20,Apertura,8,False,FC Juárez,Monterrey,1.0,0.0,1.0,0.0,footballcsv,405,1466.9658350764812,1560.6948611249356,-93.72902604845444,0,0,0,0.0,0.0,0,0,0,0,0.0,0.0,0,0.0,0.0,1.0,6.0,-5.0,0.3333333333333333,2.0,1.0,3.0,3.0,9.0,-6.0,0.6,1.8,1.0,3.0,3.0,10.0,-7.0,0.5,1.6666666666666667,0.0,0.2,0.16666666666666666,6,3.0,0.5,1.0,1.0,2.0,6.0,5.0,2.0,3.0,1.6666666666666667,0.6666666666666666,4.0,12.0,9.0,4.0,5.0,1.8,0.8,6.0,18.0,13.0,10.0,3.0,1.3,1.0,0.6666666666666666,0.6,0.5,49,3.0,0.2,0.8,1.6,H,1.0
2019-09-13,2019-20,Apertura,9,False,Tijuana,Tigres UANL,1.0,1.0,0.0,1.0,footballcsv,406,1487.0190035270837,1596.9715064422367,-109.95250291515299,0,0,2,0.0,4.0,2,0,0,2,0.0,4.0,2,1.0,3.0,5.0,7.0,-2.0,1.6666666666666667,2.3333333333333335,2.0,6.0,7.0,10.0,-3.0,1.4,2.0,4.0,13.0,17.0,17.0,0.0,1.7,1.7,0.0,0.2,0.2,43,13.0,0.6,2.0,1.2,0.0,3.0,3.0,3.0,0.0,1.0,1.0,1.0,7.0,7.0,5.0,2.0,1.4,1.0,4.0,17.0,13.0,9.0,4.0,1.3,0.9,0.0,0.0,0.3,50,13.0,0.2,0.6,0.8,D,2.0
2019-09-13,2019-20,Apertura,9,False,Veracruz,Cruz Azul,0.0,0.0,0.0,0.0,footballcsv,407,1308.5973365648447,1556.4813757872996,-247.88403922245493,0,1,1,2.0,5.0,2,0,1,1,2.0,5.0,2,0.0,0.0,1.0,8.0,-7.0,0.3333333333333333,2.6666666666666665,0.0,0.0,2.0,12.0,-10.0,0.4,2.4,0.0,1.0,6.0,27.0,-21.0,0.6,2.7,0.0,0.0,0.0,41,14.0,0.0,1.0,2.8,0.0,2.0,4.0,5.0,-1.0,1.3333333333333333,1.6666666666666667,2.0,8.0,9.0,6.0,3.0,1.8,1.2,3.0,13.0,12.0,13.0,-1.0,1.2,1.3,0.0,0.2,0.3,50,13.0,0.2,1.2,2.0,D,0.0
2019-09-13,2019-20,Apertura,9,False,Puebla,Atlético San Luis,1.0,3.0,1.0,2.0,footballcsv,408,1458.507055899699,1499.5122159056734,-41.0051600059744,0,0,0,0.0,0.0,0,0,0,0,0.0,0.0,0,1.0,5.0,4.0,3.0,1.0,1.3333333333333333,1.0,1.0,5.0,5.0,11.0,-6.0,1.0,2.2,2.0,10.0,11.0,21.0,-10.0,1.1,2.1,0.0,0.0,0.0,41,12.0,0.2,1.0,2.0,2.0,7.0,5.0,2.0,3.0,1.6666666666666667,0.6666666666666666,2.0,8.0,6.0,6.0,0.0,1.2,1.2,3.0,11.0,7.0,8.0,-1.0,1.0,1.1428571428571428,0.3333333333333333,0.2,0.2857142857142857,7,13.0,0.6666666666666666,1.3333333333333333,1.3333333333333333,A,4.0
2019-09-14,2019-20,Apertura,9,False,América,Pumas UNAM,1.0,1.0,0.0,0.0,footballcsv,412,1590.1260482665723,1489.1675313709466,100.95851689562573,1,2,1,9.0,5.0,4,1,2,1,9.0,5.0,4,0.0,2.0,2.0,5.0,-3.0,0.6666666666666666,1.6666666666666667,2.0,8.0,4.0,5.0,-1.0,0.8,1.0,5.0,18.0,12.0,9.0,3.0,1.2,0.9,0.0,0.4,0.4,52,15.0,0.6,1.8,1.0,1.0,3.0,2.0,5.0,-3.0,0.6666666666666666,1.6666666666666667,2.0,6.0,4.0,6.0,-2.0,0.8,1.2,4.0,13.0,12.0,14.0,-2.0,1.2,1.4,0.0,0.2,0.3,46,13.0,0.2,0.8,2.0,D,2.0
2019-09-14,2019-20,Apertura,9,False,Monterrey,Necaxa,0.0,2.0,0.0,1.0,footballcsv,411,1553.4896325105483,1521.3900093504456,32.09962316010274,1,2,1,4.0,4.0,4,1,2,1,4.0,4.0,4,1.0,3.0,3.0,3.0,0.0,1.0,1.0,3.0,9.0,6.0,3.0,3.0,1.2,0.6,5.0,15.0,12.0,11.0,1.0,1.2,1.1,0.3333333333333333,0.6,0.4,50,13.0,1.0,1.8,0.4,2.0,7.0,6.0,4.0,2.0,2.0,1.3333333333333333,3.0,10.0,10.0,7.0,3.0,2.0,1.4,5.0,17.0,18.0,10.0,8.0,1.8,1.0,0.0,0.2,0.4,44,14.0,0.2,1.0,1.8,A,2.0
2019-09-14,2019-20,Apertura,9,False,Guadalajara,Atlas,1.0,0.0,0.0,0.0,footballcsv,409,1472.7177862970304,1450.9323063272002,21.78547996983025,2,0,0,4.0,0.0,2,2,0,0,4.0,0.0,2,0.0,1.0,5.0,7.0,-2.0,1.6666666666666667,2.3333333333333335,1.0,5.0,9.0,8.0,1.0,1.8,1.6,3.0,11.0,15.0,17.0,-2.0,1.5,1.7,0.0,0.2,0.2,41,14.0,0.6,1.8,1.2,1.0,4.0,5.0,4.0,1.0,1.6666666666666667,1.3333333333333333,2.0,7.0,8.0,8.0,0.0,1.6,1.6,5.0,16.0,13.0,11.0,2.0,1.3,1.1,0.3333333333333333,0.2,0.4,42,15.0,0.4,1.2,2.0,H,1.0
2019-09-14,2019-20,Apertura,9,False,León,FC Juárez,3.0,1.0,0.0,1.0,footballcsv,410,1612.761931455602,1474.1710636908686,138.5908677647335,0,0,0,0.0,0.0,0,0,0,0,0.0,0.0,0,1.0,5.0,7.0,3.0,4.0,2.3333333333333335,1.0,2.0,8.0,13.0,9.0,4.0,2.6,1.8,3.0,13.0,16.0,12.0,4.0,1.6,1.2,0.3333333333333333,0.2,0.3,47,14.0,0.2,1.2,1.2,1.0,3.0,2.0,4.0,-2.0,0.6666666666666666,1.3333333333333333,2.0,6.0,4.0,6.0,-2.0,0.8,1.2,2.0,6.0,4.0,10.0,-6.0,0.5714285714285714,1.4285714285714286,0.3333333333333333,0.4,0.2857142857142857,7,13.0,0.0,0.25,2.0,H,4.0
2019-09-15,2019-20,Apertura,9,False,Santos Laguna,Pachuca,2.0,2.0,1.0,2.0,footballcsv,413,1534.126402334485,1522.9663734906692,11.16002884381578,0,2,0,1.0,1.0,2,0,2,0,1.0,1.0,2,1.0,4.0,4.0,6.0,-2.0,1.3333333333333333,2.0,3.0,10.0,10.0,8.0,2.0,2.0,1.6,7.0,22.0,23.0,12.0,11.0,2.3,1.2,0.0,0.0,0.2,43,18.0,1.0,3.4,0.8,1.0,4.0,4.0,4.0,0.0,1.3333333333333333,1.3333333333333333,2.0,7.0,9.0,6.0,3.0,1.8,1.2,2.0,10.0,16.0,16.0,0.0,1.6,1.6,0.0,0.2,0.1,44,15.0,0.2,2.0,1.4,D,4.0
2019-09-15,2019-20,Apertura,9,False,Toluca,Monarcas Morelia,0.0,2.0,0.0,0.0,footballcsv,414,1494.6214346844572,1454.0545390491359,40.566895635321316,2,0,0,5.0,1.0,2,2,0,0,5.0,1.0,2,1.0,4.0,4.0,3.0,1.0,1.3333333333333333,1.0,1.0,4.0,4.0,6.0,-2.0,0.8,1.2,2.0,9.0,11.0,13.0,-2.0,1.1,1.3,0.3333333333333333,0.2,0.2,44,14.0,0.6,1.8,1.0,2.0,7.0,4.0,1.0,3.0,1.3333333333333333,0.3333333333333333,2.0,7.0,4.0,3.0,1.0,0.8,0.6,3.0,11.0,10.0,14.0,-4.0,1.0,1.4,0.6666666666666666,0.4,0.2,42,16.0,0.2,1.2,1.6,A,2.0
2019-09-20,2019-20,Apertura,10,False,Monarcas Morelia,Guadalajara,1.0,0.0,1.0,0.0,footballcsv,415,1468.7070559826734,1477.4555678571658,-8.748511874492351,2,0,0,3.0,1.0,2,2,0,0,3.0,1.0,2,2.0,7.0,4.0,1.0,3.0,1.3333333333333333,0.3333333333333333,3.0,10.0,6.0,2.0,4.0,1.2,0.4,4.0,14.0,11.0,10.0,1.0,1.1,1.0,0.6666666666666666,0.6,0.3,43,5.0,0.4,0.8,1.2,1.0,4.0,3.0,3.0,0.0,1.0,1.0,2.0,7.0,9.0,7.0,2.0,1.8,1.4,4.0,14.0,15.0,14.0,1.0,1.5,1.4,0.3333333333333333,0.4,0.3,42,6.0,0.0,1.2,2.2,H,1.0
2019-09-20,2019-20,Apertura,10,False,Atlas,Toluca,0.0,1.0,0.0,1.0,footballcsv,416,1446.1945247670649,1479.9689177509197,-33.774392983854796,1,0,1,2.0,2.0,2,1,0,1,2.0,2.0,2,1.0,4.0,4.0,2.0,2.0,1.3333333333333333,0.6666666666666666,1.0,4.0,6.0,8.0,-2.0,1.2,1.6,5.0,16.0,13.0,11.0,2.0,1.3,1.1,0.3333333333333333,0.2,0.4,43,6.0,0.4,1.4,1.2,0.0,1.0,2.0,5.0,-3.0,0.6666666666666666,1.6666666666666667,1.0,4.0,4.0,7.0,-3.0,0.8,1.4,2.0,8.0,9.0,13.0,-4.0,0.9,1.3,0.0,0.2,0.2,45,5.0,0.0,0.6,1.6,A,1.0
2019-09-21,2019-20,Apertura,10,False,América,Querétaro,2.0,2.0,1.0,1.0,footballcsv,421,1585.3425639077623,1481.9841645586564,103.35839934910587,1,1,0,3.0,1.0,2,1,1,0,3.0,1.0,2,0.0,2.0,2.0,5.0,-3.0,0.6666666666666666,1.6666666666666667,1.0,6.0,4.0,6.0,-2.0,0.8,1.2,5.0,19.0,13.0,9.0,4.0,1.3,0.9,0.0,0.2,0.4,53,7.0,0.6,2.0,1.0,1.0,4.0,6.0,5.0,1.0,2.0,1.6666666666666667,3.0,10.0,10.0,6.0,4.0,2.0,1.2,6.0,20.0,18.0,9.0,9.0,1.8,0.9,0.3333333333333333,0.4,0.4,44,20.0,0.6,2.0,0.4,D,4.0
2019-09-21,2019-20,Apertura,10,False,Pachuca,Tijuana,4.0,1.0,3.0,0.0,footballcsv,420,1525.5315730253662,1487.8789764177518,37.65259660761444,1,0,1,4.0,1.0,2,1,0,1,4.0,1.0,2,0.0,2.0,3.0,5.0,-2.0,1.0,1.6666666666666667,2.0,8.0,10.0,6.0,4.0,2.0,1.2,2.0,10.0,17.0,17.0,0.0,1.7,1.7,0.0,0.2,0.1,45,6.0,0.2,1.2,1.8,1.0,4.0,6.0,6.0,0.0,2.0,2.0,2.0,7.0,7.0,8.0,-1.0,1.4,1.6,3.0,11.0,14.0,18.0,-4.0,1.4,1.8,0.0,0.2,0.1,44,8.0,0.2,1.4,2.2,H,5.0
2019-09-21,2019-20,Apertura,10,False,Monterrey,Puebla,3.0,2.0,2.0,0.0,footballcsv,419,1539.0769392236057,1446.2930442028717,92.78389502073401,0,1,1,1.0,2.0,2,0,1,1,1.0,2.0,2,1.0,3.0,2.0,3.0,-1.0,0.6666666666666666,1.0,2.0,6.0,5.0,5.0,0.0,1.0,1.0,4.0,12.0,11.0,13.0,-2.0,1.1,1.3,0.3333333333333333,0.4,0.3,51,7.0,0.8,1.6,0.8,1.0,4.0,4.0,5.0,-1.0,1.3333333333333333,1.6666666666666667,1.0,5.0,5.0,10.0,-5.0,1.0,2.0,1.0,7.0,9.0,23.0,-14.0,0.9,2.3,0.0,0.0,0.0,42,8.0,0.2,1.2,2.2,H,5.0
2019-09-21,2019-20,Apertura,10,False,Necaxa,León,2.0,4.0,0.0,1.0,footballcsv,418,1535.8027026373882,1617.1842221689687,-81.38151953158058,0,0,2,1.0,4.0,2,0,0,2,1.0,4.0,2,2.0,7.0,6.0,3.0,3.0,2.0,1.0,4.0,13.0,11.0,4.0,7.0,2.2,0.8,5.0,17.0,19.0,10.0,9.0,1.9,1.0,0.3333333333333333,0.4,0.4,45,7.0,0.6,2.8,0.6,1.0,5.0,6.0,4.0,2.0,2.0,1.3333333333333333,3.0,11.0,14.0,7.0,7.0,2.8,1.4,4.0,16.0,19.0,12.0,7.0,1.9,1.2,0.0,0.2,0.3,48,7.0,0.4,2.0,1.2,A,6.0
2019-09-21,2019-20,Apertura,10,False,Atlético San Luis,Santos Laguna,2.0,3.0,2.0,2.0,footballcsv,417,1511.7262276025008,1531.561202799788,-19.83497519728712,0,0,0,0.0,0.0,0,0,0,0,0.0,0.0,0,2.0,7.0,6.0,2.0,4.0,2.0,0.6666666666666666,3.0,11.0,9.0,4.0,5.0,1.8,0.8,4.0,14.0,10.0,9.0,1.0,1.25,1.125,0.3333333333333333,0.2,0.25,8,8.0,0.25,0.75,1.0,1.0,5.0,6.0,5.0,1.0,2.0,1.6666666666666667,2.0,8.0,10.0,9.0,1.0,2.0,1.8,6.0,20.0,23.0,13.0,10.0,2.3,1.3,0.0,0.0,0.2,44,6.0,0.2,0.8,2.2,A,5.0
2019-09-22,2019-20,Apertura,10,False,FC Juárez,Veracruz,2.0,0.0,2.0,0.0,footballcsv,422,1469.7487729775019,1313.0854364995757,156.66333647792612,0,0,0,0.0,0.0,0,0,0,0,0.0,0.0,0,1.0,3.0,3.0,5.0,-2.0,1.0,1.6666666666666667,1.0,3.0,3.0,9.0,-6.0,0.6,1.8,2.0,6.0,5.0,13.0,-8.0,0.625,1.625,0.3333333333333333,0.2,0.25,8,8.0,0.6666666666666666,1.0,0.6666666666666666,0.0,1.0,0.0,6.0,-6.0,0.0,2.0,0.0,1.0,1.0,10.0,-9.0,0.2,2.0,0.0,2.0,6.0,26.0,-20.0,0.6,2.6,0.3333333333333333,0.2,0.1,42,9.0,0.0,0.6,4.2,H,2.0
2019-09-22,2019-20,Apertura,10,False,Pumas UNAM,Cruz Azul,1.0,1.0,0.0,0.0,footballcsv,423,1493.9510157297566,1551.9932758525686,-58.04226012281197,0,0,2,2.0,4.0,2,0,0,2,2.0,4.0,2,1.0,4.0,3.0,4.0,-1.0,1.0,1.3333333333333333,2.0,7.0,5.0,6.0,-1.0,1.0,1.2,4.0,13.0,11.0,13.0,-2.0,1.1,1.3,0.0,0.2,0.3,47,8.0,0.6,1.6,0.8,0.0,2.0,3.0,4.0,-1.0,1.0,1.3333333333333333,1.0,6.0,7.0,6.0,1.0,1.4,1.2,3.0,14.0,11.0,10.0,1.0,1.1,1.0,0.3333333333333333,0.2,0.4,51,9.0,0.2,1.0,1.4,D,2.0
2019-09-24,2019-20,Apertura,11,False,Querétaro,Necaxa,1.0,2.0,0.0,0.0,footballcsv,424,1486.8207414569142,1524.867131140704,-38.04638968378981,1,0,1,1.0,1.0,2,1,0,1,1.0,1.0,2,1.0,5.0,8.0,3.0,5.0,2.6666666666666665,1.0,2.0,8.0,10.0,7.0,3.0,2.0,1.4,5.0,18.0,18.0,10.0,8.0,1.8,1.0,0.3333333333333333,0.4,0.4,45,3.0,0.6,1.6,1.4,2.0,6.0,7.0,6.0,1.0,2.3333333333333335,2.0,3.0,10.0,10.0,8.0,2.0,2.0,1.6,5.0,17.0,21.0,13.0,8.0,2.1,1.3,0.3333333333333333,0.2,0.4,46,3.0,0.4,1.0,1.4,A,3.0
2019-09-24,2019-20,Apertura,11,False,Guadalajara,Pachuca,2.0,4.0,1.0,1.0,footballcsv,425,1472.099460411296,1534.397524424775,-62.29806401347901,0,0,2,2.0,6.0,2,0,0,2,2.0,6.0,2,1.0,4.0,2.0,2.0,0.0,0.6666666666666666,0.6666666666666666,1.0,4.0,6.0,8.0,-2.0,1.2,1.6,3.0,11.0,13.0,14.0,-1.0,1.3,1.4,0.3333333333333333,0.2,0.3,43,4.0,0.8,1.8,0.6,1.0,4.0,6.0,5.0,1.0,2.0,1.6666666666666667,2.0,8.0,10.0,7.0,3.0,2.0,1.4,3.0,12.0,20.0,17.0,3.0,2.0,1.7,0.0,0.0,0.1,46,3.0,0.2,2.2,1.6,A,6.0
2019-09-24,2019-20,Apertura,11,False,Tigres UANL,Puebla,0.0,1.0,0.0,0.0,footballcsv,426,1596.1115335515685,1442.8226145350802,153.2889190164883,1,1,0,7.0,2.0,2,1,1,0,7.0,2.0,2,0.0,3.0,3.0,3.0,0.0,1.0,1.0,0.0,5.0,5.0,5.0,0.0,1.0,1.0,3.0,15.0,13.0,10.0,3.0,1.3,1.0,0.0,0.0,0.2,51,11.0,0.6,2.0,1.0,0.0,1.0,4.0,7.0,-3.0,1.3333333333333333,2.3333333333333335,1.0,5.0,7.0,9.0,-2.0,1.4,1.8,1.0,6.0,10.0,25.0,-15.0,1.0,2.5,0.0,0.0,0.0,43,3.0,0.0,1.0,2.6,A,1.0
2019-09-24,2019-20,Apertura,11,False,León,Atlas,1.0,1.0,0.0,1.0,footballcsv,427,1628.1197936656529,1438.3462379315115,189.77355573414138,1,1,0,5.0,2.0,2,1,1,0,5.0,2.0,2,2.0,7.0,8.0,4.0,4.0,2.6666666666666665,1.3333333333333333,3.0,11.0,14.0,6.0,8.0,2.8,1.2,5.0,19.0,23.0,13.0,10.0,2.3,1.3,0.0,0.2,0.3,49,3.0,0.4,1.8,1.2,1.0,3.0,3.0,2.0,1.0,1.0,0.6666666666666666,1.0,4.0,5.0,6.0,-1.0,1.0,1.2,4.0,13.0,11.0,12.0,-1.0,1.1,1.2,0.3333333333333333,0.2,0.3,44,4.0,0.4,0.8,1.2,D,2.0
2019-09-25,2019-20,Apertura,11,False,Cruz Azul,Monterrey,1.0,1.0,0.0,0.0,footballcsv,431,1552.6244303197063,1542.5473688913971,10.077061428309207,2,1,1,5.0,4.0,4,2,1,1,5.0,4.0,4,0.0,3.0,2.0,2.0,0.0,0.6666666666666666,0.6666666666666666,0.0,4.0,5.0,6.0,-1.0,1.0,1.2,2.0,12.0,11.0,11.0,0.0,1.1,1.1,0.3333333333333333,0.2,0.3,52,3.0,0.4,1.2,0.6,1.0,3.0,3.0,5.0,-2.0,1.0,1.6666666666666667,2.0,6.0,6.0,7.0,-1.0,1.2,1.4,5.0,15.0,14.0,14.0,0.0,1.4,1.4,0.0,0.2,0.3,52,4.0,0.2,0.8,1.6,D,2.0
2019-09-25,2019-20,Apertura,11,False,Tijuana,Monarcas Morelia,3.0,2.0,2.0,1.0,footballcsv,430,1479.0130250183431,1474.0631634285432,4.949861589799866,1,0,1,6.0,4.0,2,1,0,1,6.0,4.0,2,0.0,1.0,4.0,8.0,-4.0,1.3333333333333333,2.6666666666666665,1.0,4.0,7.0,12.0,-5.0,1.4,2.4,3.0,11.0,14.0,19.0,-5.0,1.4,1.9,0.0,0.0,0.1,45,4.0,0.4,1.4,1.4,3.0,9.0,4.0,0.0,4.0,1.3333333333333333,0.0,4.0,13.0,7.0,1.0,6.0,1.4,0.2,5.0,16.0,11.0,9.0,2.0,1.1,0.9,1.0,0.8,0.4,44,5.0,0.4,1.4,1.4,H,5.0
2019-09-25,2019-20,Apertura,11,False,Santos Laguna,Veracruz,5.0,0.0,1.0,0.0,footballcsv,428,1539.6811337469094,1309.0412340257778,230.63989972113154,0,2,0,3.0,3.0,2,0,2,0,3.0,3.0,2,1.0,5.0,7.0,6.0,1.0,2.3333333333333335,2.0,2.0,8.0,9.0,10.0,-1.0,1.8,2.0,7.0,23.0,26.0,14.0,12.0,2.6,1.4,0.0,0.0,0.2,45,4.0,0.8,2.8,0.8,0.0,1.0,0.0,3.0,-3.0,0.0,1.0,0.0,1.0,1.0,10.0,-9.0,0.2,2.0,0.0,2.0,5.0,26.0,-21.0,0.5,2.6,0.3333333333333333,0.2,0.1,43,3.0,0.0,0.2,2.8,H,5.0
2019-09-25,2019-20,Apertura,11,False,FC Juárez,América,1.0,1.0,1.0,0.0,footballcsv,429,1473.7929754512998,1580.5059870095045,-106.7130115582047,0,0,0,0.0,0.0,0,0,0,0,0.0,0.0,0,2.0,6.0,4.0,3.0,1.0,1.3333333333333333,1.0,2.0,6.0,5.0,7.0,-2.0,1.0,1.4,3.0,9.0,7.0,13.0,-6.0,0.7777777777777778,1.4444444444444444,0.6666666666666666,0.4,0.3333333333333333,9,3.0,0.75,1.25,0.5,0.0,2.0,3.0,6.0,-3.0,1.0,2.0,0.0,4.0,5.0,8.0,-3.0,1.0,1.6,4.0,17.0,14.0,11.0,3.0,1.4,1.1,0.0,0.0,0.3,54,4.0,0.4,0.6,0.8,D,2.0
2019-09-26,2019-20,Apertura,11,False,Toluca,Atlético San Luis,3.0,1.0,1.0,0.0,footballcsv,432,1487.817204586473,1503.6062966553793,-15.789092068906257,0,0,0,0.0,0.0,0,0,0,0,0.0,0.0,0,1.0,3.0,2.0,4.0,-2.0,0.6666666666666666,1.3333333333333333,2.0,7.0,5.0,5.0,0.0,1.0,1.0,2.0,8.0,6.0,13.0,-7.0,0.6,1.3,0.3333333333333333,0.4,0.2,46,6.0,0.4,1.2,1.0,2.0,6.0,7.0,4.0,3.0,2.3333333333333335,1.3333333333333333,3.0,10.0,10.0,6.0,4.0,2.0,1.2,4.0,14.0,12.0,12.0,0.0,1.3333333333333333,1.3333333333333333,0.3333333333333333,0.2,0.2222222222222222,9,5.0,0.75,1.75,1.25,H,4.0
2019-09-27,2019-20,Apertura,12,False,Atlas,Querétaro,2.0,0.0,1.0,0.0,footballcsv,433,1444.8530010975355,1479.056323692339,-34.20332259480347,1,1,0,2.0,1.0,2,1,1,0,2.0,1.0,2,0.0,1.0,1.0,3.0,-2.0,0.3333333333333333,1.0,1.0,5.0,5.0,4.0,1.0,1.0,0.8,3.0,11.0,11.0,13.0,-2.0,1.1,1.3,0.0,0.2,0.2,45,3.0,0.2,1.2,1.4,0.0,2.0,4.0,5.0,-1.0,1.3333333333333333,1.6666666666666667,1.0,5.0,9.0,9.0,0.0,1.8,1.8,5.0,18.0,19.0,11.0,8.0,1.9,1.1,0.0,0.2,0.4,46,3.0,0.6,2.4,0.6,H,2.0
2019-09-27,2019-20,Apertura,12,False,Puebla,León,2.0,1.0,1.0,0.0,footballcsv,434,1453.8155067597338,1621.6130304996288,-167.79752373989504,1,0,1,4.0,3.0,2,1,0,1,4.0,3.0,2,1.0,3.0,4.0,6.0,-2.0,1.3333333333333333,2.0,2.0,7.0,7.0,8.0,-1.0,1.4,1.6,2.0,9.0,11.0,21.0,-10.0,1.1,2.1,0.3333333333333333,0.2,0.1,44,3.0,0.2,1.0,2.4,2.0,7.0,8.0,4.0,4.0,2.6666666666666665,1.3333333333333333,2.0,9.0,11.0,7.0,4.0,2.2,1.4,5.0,19.0,24.0,14.0,10.0,2.4,1.4,0.0,0.0,0.2,50,3.0,0.6,2.8,1.4,H,3.0
2019-09-28,2019-20,Apertura,12,False,Necaxa,FC Juárez,0.0,0.0,0.0,0.0,footballcsv,438,1532.6315489052793,1474.5603262616737,58.07122264360555,0,0,0,0.0,0.0,0,0,0,0,0.0,0.0,0,2.0,6.0,6.0,5.0,1.0,2.0,1.6666666666666667,3.0,10.0,10.0,8.0,2.0,2.0,1.6,6.0,19.0,23.0,14.0,9.0,2.3,1.4,0.3333333333333333,0.2,0.3,47,4.0,0.6,3.2,1.4,1.0,4.0,4.0,4.0,0.0,1.3333333333333333,1.3333333333333333,2.0,7.0,6.0,6.0,0.0,1.2,1.2,3.0,10.0,8.0,14.0,-6.0,0.8,1.4,0.3333333333333333,0.4,0.3,10,3.0,0.0,0.4,2.2,D,0.0
2019-09-28,2019-20,Apertura,12,False,Monterrey,Tigres UANL,0.0,2.0,0.0,0.0,footballcsv,437,1545.0834259946755,1585.118641326915,-40.03521533223943,1,2,1,2.0,2.0,4,1,2,1,2.0,2.0,4,1.0,4.0,4.0,5.0,-1.0,1.3333333333333333,1.6666666666666667,2.0,7.0,6.0,6.0,0.0,1.2,1.2,5.0,16.0,13.0,11.0,2.0,1.3,1.1,0.0,0.2,0.3,53,3.0,0.8,2.0,1.2,0.0,2.0,2.0,3.0,-1.0,0.6666666666666666,1.0,0.0,4.0,4.0,5.0,-1.0,0.8,1.0,3.0,14.0,13.0,11.0,2.0,1.3,1.1,0.0,0.0,0.1,52,4.0,0.2,0.8,1.0,A,2.0
2019-09-28,2019-20,Apertura,12,False,América,Guadalajara,4.0,1.0,2.0,0.0,footballcsv,435,1579.7386361991305,1460.5540754771187,119.18456072201184,1,1,0,3.0,1.0,2,1,1,0,3.0,1.0,2,0.0,3.0,4.0,4.0,0.0,1.3333333333333333,1.3333333333333333,0.0,4.0,5.0,8.0,-3.0,1.0,1.6,3.0,15.0,11.0,10.0,1.0,1.1,1.0,0.0,0.0,0.3,55,3.0,0.4,1.6,1.0,1.0,3.0,3.0,5.0,-2.0,1.0,1.6666666666666667,1.0,4.0,5.0,8.0,-3.0,1.0,1.6,3.0,11.0,14.0,16.0,-2.0,1.4,1.6,0.3333333333333333,0.2,0.3,44,4.0,0.0,1.0,2.0,H,5.0
2019-09-28,2019-20,Apertura,12,False,Pachuca,Cruz Azul,2.0,0.0,1.0,0.0,footballcsv,436,1545.9429093589522,1550.088373216428,-4.145463857475761,1,0,1,4.0,5.0,2,1,0,1,4.0,5.0,2,2.0,7.0,10.0,5.0,5.0,3.3333333333333335,1.6666666666666667,2.0,8.0,11.0,8.0,3.0,2.2,1.6,4.0,15.0,23.0,16.0,7.0,2.3,1.6,0.0,0.0,0.1,47,4.0,0.4,1.8,1.8,0.0,3.0,2.0,2.0,0.0,0.6666666666666666,0.6666666666666666,0.0,4.0,5.0,6.0,-1.0,1.0,1.2,2.0,12.0,12.0,12.0,0.0,1.2,1.2,0.3333333333333333,0.2,0.2,53,3.0,0.2,1.2,1.6,H,2.0
2019-09-29,2019-20,Apertura,12,False,Pumas UNAM,Santos Laguna,2.0,0.0,0.0,0.0,footballcsv,439,1493.3198612626188,1544.1807910283214,-50.86092976570262,0,1,1,3.0,6.0,2,0,1,1,3.0,6.0,2,1.0,5.0,4.0,3.0,1.0,1.3333333333333333,1.0,1.0,5.0,4.0,7.0,-3.0,0.8,1.4,4.0,14.0,10.0,9.0,1.0,1.0,0.9,0.0,0.0,0.3,48,7.0,0.6,1.4,0.6,2.0,7.0,10.0,4.0,6.0,3.3333333333333335,1.3333333333333333,3.0,11.0,14.0,7.0,7.0,2.8,1.4,7.0,23.0,26.0,12.0,14.0,2.6,1.2,0.3333333333333333,0.2,0.3,46,4.0,0.4,1.4,1.8,H,2.0
2019-09-29,2019-20,Apertura,12,False,Atlético San Luis,Tijuana,2.0,3.0,0.0,0.0,footballcsv,440,1494.8823792315463,1484.0867833403197,10.79559589122664,0,0,0,0.0,0.0,0,0,0,0,0.0,0.0,0,1.0,3.0,6.0,7.0,-1.0,2.0,2.3333333333333335,2.0,7.0,9.0,8.0,1.0,1.8,1.6,4.0,14.0,13.0,15.0,-2.0,1.3,1.5,0.0,0.2,0.2,10,3.0,0.2,1.0,1.4,1.0,4.0,5.0,7.0,-2.0,1.6666666666666667,2.3333333333333335,2.0,7.0,10.0,12.0,-2.0,2.0,2.4,4.0,14.0,16.0,19.0,-3.0,1.6,1.9,0.0,0.0,0.1,46,4.0,0.2,1.4,2.6,A,5.0
2019-09-29,2019-20,Apertura,12,False,Veracruz,Toluca,1.0,1.0,0.0,0.0,footballcsv,441,1304.5415767443658,1496.541122010306,-191.99954526594024,0,0,2,3.0,6.0,2,0,0,2,3.0,6.0,2,0.0,1.0,0.0,7.0,-7.0,0.0,2.3333333333333335,0.0,1.0,0.0,13.0,-13.0,0.0,2.6,0.0,2.0,5.0,29.0,-24.0,0.5,2.9,0.3333333333333333,0.2,0.1,44,4.0,0.0,1.0,2.4,2.0,6.0,4.0,3.0,1.0,1.3333333333333333,1.0,2.0,7.0,6.0,6.0,0.0,1.2,1.2,3.0,11.0,9.0,12.0,-3.0,0.9,1.2,0.3333333333333333,0.2,0.2,47,3.0,0.2,0.6,1.4,D,2.0
2019-10-04,2019-20,Apertura,13,False,Monarcas Morelia,Necaxa,2.0,3.0,2.0,0.0,footballcsv,442,1468.9894051065667,1528.8543199194912,-59.86491481292455,1,1,0,2.0,1.0,2,1,1,0,2.0,1.0,2,2.0,6.0,5.0,3.0,2.0,1.6666666666666667,1.0,3.0,10.0,7.0,4.0,3.0,1.4,0.8,5.0,16.0,11.0,8.0,3.0,1.1,0.8,0.6666666666666666,0.6,0.4,45,9.0,0.6,0.8,0.4,1.0,4.0,4.0,5.0,-1.0,1.3333333333333333,1.6666666666666667,3.0,10.0,9.0,7.0,2.0,1.8,1.4,6.0,20.0,23.0,12.0,11.0,2.3,1.2,0.3333333333333333,0.4,0.4,48,6.0,0.6,1.4,1.4,A,5.0
2019-10-05,2019-20,Apertura,13,False,Tijuana,Atlas,2.0,2.0,1.0,1.0,footballcsv,443,1492.7895219916384,1454.204663946289,38.58485804534939,2,0,0,4.0,1.0,2,2,0,0,4.0,1.0,2,2.0,6.0,7.0,8.0,-1.0,2.3333333333333335,2.6666666666666665,2.0,7.0,10.0,12.0,-2.0,2.0,2.4,4.0,14.0,16.0,20.0,-4.0,1.6,2.0,0.0,0.0,0.1,47,6.0,0.6,1.8,1.2,1.0,4.0,3.0,2.0,1.0,1.0,0.6666666666666666,2.0,7.0,6.0,3.0,3.0,1.2,0.6,3.0,11.0,12.0,13.0,-1.0,1.2,1.3,0.3333333333333333,0.4,0.2,46,8.0,0.4,1.0,1.2,D,4.0
2019-10-05,2019-20,Apertura,13,False,Guadalajara,Pumas UNAM,1.0,1.0,1.0,0.0,footballcsv,444,1454.4240628120385,1503.2551502487167,-48.83108743667822,0,0,2,2.0,4.0,2,0,0,2,2.0,4.0,2,0.0,0.0,3.0,9.0,-6.0,1.0,3.0,1.0,4.0,5.0,10.0,-5.0,1.0,2.0,3.0,11.0,15.0,17.0,-2.0,1.5,1.7,0.0,0.2,0.3,45,7.0,0.6,1.8,1.2,1.0,5.0,4.0,2.0,2.0,1.3333333333333333,0.6666666666666666,2.0,8.0,6.0,5.0,1.0,1.2,1.0,4.0,14.0,10.0,9.0,1.0,1.0,0.9,0.3333333333333333,0.2,0.3,49,6.0,0.2,0.6,1.2,D,2.0
2019-10-05,2019-20,Apertura,13,False,León,Veracruz,1.0,1.0,0.0,0.0,footballcsv,445,1612.966320881315,1307.6579750454475,305.3083458358674,2,0,0,6.0,0.0,2,2,0,0,6.0,0.0,2,1.0,4.0,6.0,5.0,1.0,2.0,1.6666666666666667,2.0,8.0,10.0,7.0,3.0,2.0,1.4,4.0,16.0,22.0,15.0,7.0,2.2,1.5,0.0,0.0,0.2,51,8.0,0.4,2.0,1.4,0.0,1.0,1.0,8.0,-7.0,0.3333333333333333,2.6666666666666665,0.0,2.0,1.0,9.0,-8.0,0.2,1.8,0.0,2.0,3.0,27.0,-24.0,0.3,2.7,0.0,0.2,0.1,45,6.0,0.0,0.0,3.4,D,2.0
2019-10-05,2019-20,Apertura,13,False,Cruz Azul,América,5.0,2.0,1.0,2.0,footballcsv,446,1541.7508897786943,1585.8686488642106,-44.117759085516354,1,2,2,2.0,5.0,5,1,3,2,2.0,5.0,6,0.0,2.0,2.0,4.0,-2.0,0.6666666666666666,1.3333333333333333,0.0,4.0,3.0,5.0,-2.0,0.6,1.0,2.0,11.0,11.0,13.0,-2.0,1.1,1.3,0.0,0.2,0.2,54,7.0,0.2,1.2,0.8,1.0,5.0,7.0,4.0,3.0,2.3333333333333335,1.3333333333333333,1.0,6.0,8.0,8.0,0.0,1.6,1.6,4.0,17.0,15.0,11.0,4.0,1.5,1.1,0.0,0.0,0.2,56,7.0,0.2,0.6,1.0,H,7.0
2019-10-05,2019-20,Apertura,13,False,Tigres UANL,Santos Laguna,4.0,0.0,2.0,0.0,footballcsv,447,1597.3629306035807,1534.2455020422235,63.1174285613572,1,0,1,3.0,4.0,2,1,0,1,3.0,4.0,2,1.0,4.0,3.0,2.0,1.0,1.0,0.6666666666666666,1.0,6.0,5.0,4.0,1.0,1.0,0.8,3.0,14.0,11.0,9.0,2.0,1.1,0.9,0.3333333333333333,0.2,0.2,53,7.0,0.4,1.8,1.2,2.0,6.0,8.0,4.0,4.0,2.6666666666666665,1.3333333333333333,2.0,8.0,12.0,8.0,4.0,2.4,1.6,6.0,20.0,23.0,14.0,9.0,2.3,1.4,0.3333333333333333,0.2,0.2,47,6.0,0.4,1.4,2.0,H,4.0
2019-10-06,2019-20,Apertura,13,False,FC Juárez,Atlético San Luis,1.0,2.0,1.0,1.0,footballcsv,448,1478.3375552474618,1486.1796405802277,-7.842085332765919,0,0,0,0.0,0.0,0,0,0,0,0.0,0.0,0,1.0,5.0,3.0,1.0,2.0,1.0,0.3333333333333333,2.0,8.0,5.0,4.0,1.0,1.0,0.8,3.0,11.0,8.0,13.0,-5.0,0.8,1.3,0.6666666666666666,0.6,0.4,11,8.0,0.6,1.2,0.6,0.0,0.0,5.0,9.0,-4.0,1.6666666666666667,3.0,2.0,6.0,10.0,10.0,0.0,2.0,2.0,4.0,14.0,15.0,16.0,-1.0,1.5,1.6,0.0,0.2,0.2,11,7.0,0.6,1.6,1.6,A,3.0
2019-10-06,2019-20,Apertura,13,False,Querétaro,Monterrey,2.0,1.0,2.0,1.0,footballcsv,449,1469.7046608435855,1532.8391367180097,-63.1344758744242,0,0,2,2.0,4.0,2,0,0,2,2.0,4.0,2,0.0,1.0,3.0,6.0,-3.0,1.0,2.0,1.0,5.0,9.0,7.0,2.0,1.8,1.4,4.0,15.0,17.0,13.0,4.0,1.7,1.3,0.0,0.2,0.3,47,9.0,0.4,1.4,1.6,1.0,4.0,4.0,5.0,-1.0,1.3333333333333333,1.6666666666666667,1.0,4.0,4.0,8.0,-4.0,0.8,1.6,5.0,16.0,13.0,12.0,1.0,1.3,1.2,0.0,0.0,0.3,54,8.0,0.2,0.6,1.0,H,3.0
2019-10-06,2019-20,Apertura,13,False,Toluca,Puebla,1.0,1.0,0.0,0.0,footballcsv,450,1493.4247237092243,1462.4622163780477,30.96250733117654,1,0,1,3.0,2.0,2,1,0,1,3.0,2.0,2,2.0,7.0,5.0,2.0,3.0,1.6666666666666667,0.6666666666666666,2.0,7.0,6.0,6.0,0.0,1.2,1.2,3.0,11.0,9.0,12.0,-3.0,0.9,1.2,0.3333333333333333,0.2,0.2,48,7.0,0.4,1.0,1.2,2.0,6.0,5.0,4.0,1.0,1.6666666666666667,1.3333333333333333,2.0,7.0,7.0,8.0,-1.0,1.4,1.6,3.0,12.0,12.0,19.0,-7.0,1.2,1.9,0.3333333333333333,0.2,0.1,45,9.0,0.2,1.2,1.8,D,2.0
2019-10-18,2019-20,Apertura,14,False,Puebla,Atlas,0.0,1.0,0.0,0.0,footballcsv,453,1465.5516401700709,1457.4911695585567,8.06047061151412,2,0,0,4.0,1.0,2,2,0,0,4.0,1.0,2,2.0,7.0,4.0,2.0,2.0,1.3333333333333333,0.6666666666666666,2.0,7.0,7.0,8.0,-1.0,1.4,1.6,3.0,12.0,12.0,19.0,-7.0,1.2,1.9,0.3333333333333333,0.2,0.1,46,12.0,0.4,1.2,2.0,1.0,5.0,5.0,3.0,2.0,1.6666666666666667,1.0,1.0,5.0,5.0,5.0,0.0,1.0,1.0,3.0,12.0,13.0,13.0,0.0,1.3,1.3,0.3333333333333333,0.2,0.2,47,13.0,0.2,1.2,1.6,A,1.0
2019-10-18,2019-20,Apertura,14,False,Veracruz,Tigres UANL,1.0,3.0,0.0,3.0,footballcsv,451,1315.6950845287502,1606.5792433727913,-290.88415884404117,0,0,2,0.0,6.0,2,0,0,2,0.0,6.0,2,0.0,2.0,2.0,7.0,-5.0,0.6666666666666666,2.3333333333333335,0.0,3.0,2.0,9.0,-7.0,0.4,1.8,0.0,3.0,4.0,21.0,-17.0,0.4,2.1,0.0,0.2,0.1,46,13.0,0.0,0.6,2.0,2.0,6.0,6.0,1.0,5.0,2.0,0.3333333333333333,2.0,8.0,8.0,3.0,5.0,1.6,0.6,4.0,17.0,15.0,7.0,8.0,1.5,0.7,0.6666666666666666,0.4,0.3,54,13.0,0.4,1.2,0.6,A,4.0
2019-10-18,2019-20,Apertura,14,False,Santos Laguna,Tijuana,4.0,1.0,3.0,0.0,footballcsv,452,1525.029189273013,1489.5030163793706,35.5261728936423,0,2,0,3.0,3.0,2,0,2,0,3.0,3.0,2,1.0,3.0,5.0,6.0,-1.0,1.6666666666666667,2.0,2.0,7.0,10.0,10.0,0.0,2.0,2.0,5.0,17.0,20.0,18.0,2.0,2.0,1.8,0.3333333333333333,0.2,0.1,48,13.0,0.8,3.2,0.8,2.0,7.0,8.0,6.0,2.0,2.6666666666666665,2.0,2.0,8.0,10.0,11.0,-1.0,2.0,2.2,4.0,14.0,17.0,21.0,-4.0,1.7,2.1,0.0,0.0,0.1,48,13.0,0.2,1.4,2.8,H,5.0
2019-10-19,2019-20,Apertura,14,False,Pachuca,FC Juárez,0.0,1.0,0.0,0.0,footballcsv,454,1554.2803927966859,1469.9868528959166,84.29353990076925,0,0,0,0.0,0.0,0,0,0,0,0.0,0.0,0,3.0,9.0,10.0,3.0,7.0,3.3333333333333335,1.0,3.0,10.0,12.0,7.0,5.0,2.4,1.4,5.0,17.0,22.0,13.0,9.0,2.2,1.3,0.3333333333333333,0.2,0.2,48,21.0,0.6,2.0,1.2,0.0,2.0,2.0,3.0,-1.0,0.6666666666666666,1.0,1.0,5.0,5.0,6.0,-1.0,1.0,1.2,3.0,11.0,9.0,12.0,-3.0,0.9,1.2,0.3333333333333333,0.4,0.4,12,13.0,0.0,0.4,2.0,A,1.0
2019-10-19,2019-20,Apertura,14,False,Necaxa,América,2.0,2.0,0.0,0.0,footballcsv,455,1536.187045200993,1573.6319470978947,-37.44490189690168,2,0,0,5.0,2.0,2,2,0,0,5.0,2.0,2,2.0,7.0,5.0,3.0,2.0,1.6666666666666667,1.0,3.0,10.0,9.0,7.0,2.0,1.8,1.4,6.0,20.0,19.0,14.0,5.0,1.9,1.4,0.3333333333333333,0.4,0.3,49,15.0,0.4,1.8,1.4,1.0,4.0,7.0,7.0,0.0,2.3333333333333335,2.3333333333333335,1.0,6.0,10.0,10.0,0.0,2.0,2.0,3.0,14.0,14.0,15.0,-1.0,1.4,1.5,0.0,0.0,0.2,57,14.0,0.2,1.0,2.0,D,4.0
2019-10-19,2019-20,Apertura,14,False,Cruz Azul,Monarcas Morelia,2.0,3.0,1.0,1.0,footballcsv,456,1553.9875915450102,1461.6566798250649,92.33091171994533,1,1,0,3.0,1.0,2,1,1,0,3.0,1.0,2,1.0,4.0,6.0,5.0,1.0,2.0,1.6666666666666667,1.0,6.0,7.0,6.0,1.0,1.4,1.2,3.0,14.0,16.0,12.0,4.0,1.6,1.2,0.0,0.2,0.2,55,14.0,0.4,2.0,1.0,1.0,3.0,5.0,6.0,-1.0,1.6666666666666667,2.0,3.0,9.0,8.0,6.0,2.0,1.6,1.2,5.0,16.0,13.0,10.0,3.0,1.3,1.0,0.3333333333333333,0.6,0.4,46,15.0,0.4,1.4,1.2,A,5.0
2019-10-20,2019-20,Apertura,14,False,Pumas UNAM,León,1.0,2.0,1.0,1.0,footballcsv,457,1504.1498646956263,1604.9292113980123,-100.77934670238596,1,0,1,3.0,4.0,2,1,0,1,3.0,4.0,2,1.0,5.0,4.0,2.0,2.0,1.3333333333333333,0.6666666666666666,2.0,9.0,7.0,4.0,3.0,1.4,0.8,3.0,12.0,9.0,10.0,-1.0,0.9,1.0,0.3333333333333333,0.2,0.2,50,15.0,0.6,1.4,0.6,0.0,2.0,3.0,4.0,-1.0,1.0,1.3333333333333333,2.0,8.0,10.0,7.0,3.0,2.0,1.4,4.0,16.0,23.0,16.0,7.0,2.3,1.6,0.0,0.0,0.1,52,15.0,0.4,2.4,1.6,A,3.0
2019-10-20,2019-20,Apertura,14,False,Atlético San Luis,Querétaro,0.0,2.0,0.0,2.0,footballcsv,458,1494.5303429317728,1476.2497474840354,18.28059544773737,0,0,0,0.0,0.0,0,0,0,0,0.0,0.0,0,1.0,3.0,5.0,7.0,-2.0,1.6666666666666667,2.3333333333333335,2.0,6.0,10.0,11.0,-1.0,2.0,2.2,4.0,14.0,16.0,17.0,-1.0,1.6,1.7,0.0,0.0,0.1,12,14.0,0.2,1.4,1.6,1.0,3.0,3.0,5.0,-2.0,1.0,1.6666666666666667,1.0,5.0,6.0,8.0,-2.0,1.2,1.6,5.0,17.0,18.0,13.0,5.0,1.8,1.3,0.0,0.0,0.3,48,14.0,0.4,2.0,1.0,A,2.0
2019-10-20,2019-20,Apertura,14,False,Monterrey,Guadalajara,1.0,1.0,1.0,1.0,footballcsv,459,1526.2940500775599,1453.529348365129,72.7647017124309,1,0,1,4.0,4.0,2,1,0,1,4.0,4.0,2,0.0,1.0,2.0,5.0,-3.0,0.6666666666666666,1.6666666666666667,1.0,4.0,5.0,9.0,-4.0,1.0,1.8,4.0,13.0,11.0,12.0,-1.0,1.1,1.2,0.0,0.0,0.3,55,14.0,0.6,1.4,1.2,0.0,1.0,4.0,9.0,-5.0,1.3333333333333333,3.0,1.0,4.0,5.0,10.0,-5.0,1.0,2.0,2.0,9.0,14.0,18.0,-4.0,1.4,1.8,0.0,0.2,0.2,46,15.0,0.0,1.2,2.2,D,2.0
2019-10-25,2019-20,Apertura,15,False,Atlas,Necaxa,0.0,2.0,0.0,0.0,footballcsv,460,1466.142802913087,1534.9682995496603,-68.82549663657323,0,1,1,3.0,4.0,2,0,1,1,3.0,4.0,2,2.0,7.0,5.0,2.0,3.0,1.6666666666666667,0.6666666666666666,2.0,8.0,6.0,4.0,2.0,1.2,0.8,3.0,12.0,12.0,12.0,0.0,1.2,1.2,0.6666666666666666,0.4,0.3,48,7.0,0.4,1.4,1.0,1.0,5.0,5.0,4.0,1.0,1.6666666666666667,1.3333333333333333,2.0,8.0,9.0,9.0,0.0,1.8,1.8,6.0,21.0,20.0,13.0,7.0,2.0,1.3,0.3333333333333333,0.2,0.3,50,6.0,0.8,2.0,1.4,A,2.0
2019-10-25,2019-20,Apertura,15,False,Tijuana,Veracruz,2.0,0.0,0.0,0.0,footballcsv,461,1480.5567476912124,1311.103497498807,169.45325019240545,1,0,1,3.0,1.0,2,1,0,1,3.0,1.0,2,1.0,4.0,6.0,8.0,-2.0,2.0,2.6666666666666665,2.0,7.0,10.0,14.0,-4.0,2.0,2.8,4.0,14.0,17.0,22.0,-5.0,1.7,2.2,0.0,0.0,0.1,49,7.0,0.6,2.0,1.4,0.0,2.0,3.0,5.0,-2.0,1.0,1.6666666666666667,0.0,2.0,3.0,12.0,-9.0,0.6,2.4,0.0,3.0,4.0,22.0,-18.0,0.4,2.2,0.0,0.0,0.1,47,7.0,0.0,0.2,2.2,H,2.0
2019-10-25,2019-20,Apertura,15,False,Monarcas Morelia,Santos Laguna,2.0,2.0,2.0,1.0,footballcsv,462,1471.7695035113888,1533.975457961171,-62.20595444978221,1,0,1,3.0,2.0,2,1,0,1,3.0,2.0,2,1.0,3.0,7.0,8.0,-1.0,2.3333333333333335,2.6666666666666665,3.0,9.0,10.0,8.0,2.0,2.0,1.6,5.0,16.0,14.0,11.0,3.0,1.4,1.1,0.0,0.4,0.4,47,6.0,0.6,1.2,0.8,1.0,3.0,4.0,7.0,-3.0,1.3333333333333333,2.3333333333333335,3.0,9.0,12.0,9.0,3.0,2.4,1.8,5.0,17.0,22.0,18.0,4.0,2.2,1.8,0.0,0.2,0.1,49,7.0,0.2,1.0,2.6,D,4.0
2019-10-26,2019-20,Apertura,15,False,León,Atlético San Luis,3.0,2.0,1.0,2.0,footballcsv,466,1611.3856389523444,1480.5168487406963,130.86879021164805,0,0,0,0.0,0.0,0,0,0,0,0.0,0.0,0,1.0,4.0,4.0,4.0,0.0,1.3333333333333333,1.3333333333333333,2.0,8.0,9.0,7.0,2.0,1.8,1.4,5.0,19.0,23.0,14.0,9.0,2.3,1.4,0.0,0.0,0.1,53,6.0,0.4,2.2,1.6,1.0,3.0,4.0,6.0,-2.0,1.3333333333333333,2.0,1.0,3.0,7.0,12.0,-5.0,1.4,2.4,4.0,14.0,16.0,16.0,0.0,1.6,1.6,0.0,0.0,0.1,13,6.0,0.8,2.0,1.2,H,5.0
2019-10-26,2019-20,Apertura,15,False,Tigres UANL,Cruz Azul,1.0,1.0,0.0,1.0,footballcsv,463,1611.1708304027345,1543.8747678586863,67.29606254404825,0,0,2,0.0,2.0,2,0,0,2,0.0,2.0,2,3.0,9.0,9.0,1.0,8.0,3.0,0.3333333333333333,3.0,10.0,10.0,3.0,7.0,2.0,0.6,4.0,17.0,17.0,8.0,9.0,1.7,0.8,0.6666666666666666,0.4,0.2,55,8.0,0.4,1.8,0.8,1.0,3.0,7.0,7.0,0.0,2.3333333333333335,2.3333333333333335,1.0,5.0,9.0,9.0,0.0,1.8,1.8,2.0,11.0,16.0,15.0,1.0,1.6,1.5,0.0,0.0,0.1,56,7.0,0.2,1.2,1.4,D,2.0
2019-10-26,2019-20,Apertura,15,False,Querétaro,Pumas UNAM,3.0,0.0,2.0,0.0,footballcsv,464,1490.2632416751119,1497.6934371412942,-7.43019546618234,1,0,1,1.0,2.0,2,1,0,1,1.0,2.0,2,2.0,6.0,4.0,3.0,1.0,1.3333333333333333,1.0,2.0,7.0,7.0,7.0,0.0,1.4,1.4,5.0,17.0,17.0,13.0,4.0,1.7,1.3,0.3333333333333333,0.2,0.3,49,6.0,0.4,1.2,1.8,1.0,4.0,4.0,3.0,1.0,1.3333333333333333,1.0,1.0,6.0,6.0,5.0,1.0,1.2,1.0,3.0,12.0,10.0,11.0,-1.0,1.0,1.1,0.3333333333333333,0.2,0.2,51,6.0,0.0,0.4,1.4,H,3.0
2019-10-26,2019-20,Apertura,15,False,América,Puebla,2.0,0.0,0.0,0.0,footballcsv,465,1574.8506927492274,1456.9000068155406,117.95068593368683,2,0,0,4.0,2.0,2,2,0,0,4.0,2.0,2,1.0,4.0,8.0,8.0,0.0,2.6666666666666665,2.6666666666666665,1.0,6.0,11.0,11.0,0.0,2.2,2.2,2.0,12.0,15.0,17.0,-2.0,1.5,1.7,0.0,0.0,0.1,58,7.0,0.4,1.8,1.0,1.0,4.0,3.0,3.0,0.0,1.0,1.0,2.0,7.0,6.0,6.0,0.0,1.2,1.2,3.0,12.0,11.0,16.0,-5.0,1.1,1.6,0.0,0.2,0.1,47,8.0,0.2,1.2,1.2,H,2.0
2019-10-27,2019-20,Apertura,15,False,Toluca,Pachuca,2.0,0.0,0.0,0.0,footballcsv,468,1490.3352999172012,1544.2954746678122,-53.96017475061103,1,0,1,4.0,4.0,2,1,0,1,4.0,4.0,2,1.0,5.0,5.0,3.0,2.0,1.6666666666666667,1.0,2.0,8.0,6.0,5.0,1.0,1.2,1.0,3.0,12.0,10.0,11.0,-1.0,1.0,1.1,0.0,0.2,0.2,49,21.0,0.4,1.2,1.0,2.0,6.0,6.0,3.0,3.0,2.0,1.0,3.0,10.0,12.0,6.0,6.0,2.4,1.2,5.0,17.0,21.0,12.0,9.0,2.1,1.2,0.3333333333333333,0.2,0.2,49,8.0,0.4,2.4,1.4,H,2.0
2019-10-27,2019-20,Apertura,15,False,FC Juárez,Guadalajara,1.0,2.0,1.0,0.0,footballcsv,467,1479.9717710247903,1457.6632407495256,22.30853027526473,0,0,0,0.0,0.0,0,0,0,0,0.0,0.0,0,1.0,4.0,2.0,2.0,0.0,0.6666666666666666,0.6666666666666666,2.0,8.0,5.0,3.0,2.0,1.0,0.6,3.0,11.0,8.0,12.0,-4.0,0.8,1.2,0.6666666666666666,0.6,0.4,13,8.0,0.4,1.0,1.0,0.0,2.0,3.0,6.0,-3.0,1.0,2.0,0.0,2.0,5.0,11.0,-6.0,1.0,2.2,2.0,9.0,14.0,18.0,-4.0,1.4,1.8,0.0,0.0,0.2,47,7.0,0.0,1.2,2.2,A,3.0
2019-10-29,2019-20,Apertura,16,False,Santos Laguna,Querétaro,1.0,0.0,1.0,0.0,footballcsv,469,1534.4871644351265,1500.9204409961505,33.56672343897594,1,0,1,3.0,3.0,2,1,0,1,3.0,3.0,2,1.0,4.0,6.0,7.0,-1.0,2.0,2.3333333333333335,2.0,7.0,11.0,9.0,2.0,2.2,1.8,4.0,15.0,20.0,19.0,1.0,2.0,1.9,0.0,0.2,0.1,50,4.0,0.8,3.4,1.0,3.0,9.0,7.0,1.0,6.0,2.3333333333333335,0.3333333333333333,3.0,9.0,8.0,5.0,3.0,1.6,1.0,5.0,17.0,18.0,12.0,6.0,1.8,1.2,0.6666666666666666,0.4,0.4,50,3.0,0.6,2.2,0.8,H,1.0
2019-10-29,2019-20,Apertura,16,False,Veracruz,Puebla,1.0,0.0,0.0,0.0,footballcsv,470,1307.311093608357,1452.0133402524361,-144.7022466440792,1,0,1,2.0,2.0,2,1,0,1,2.0,2.0,2,0.0,1.0,2.0,6.0,-4.0,0.6666666666666666,2.0,0.0,2.0,3.0,12.0,-9.0,0.6,2.4,0.0,3.0,4.0,22.0,-18.0,0.4,2.2,0.0,0.0,0.1,48,4.0,0.0,0.6,2.2,0.0,1.0,1.0,4.0,-3.0,0.3333333333333333,1.3333333333333333,2.0,7.0,4.0,5.0,-1.0,0.8,1.0,3.0,12.0,11.0,14.0,-3.0,1.1,1.4,0.0,0.2,0.1,48,3.0,0.2,1.0,1.4,H,1.0
2019-10-29,2019-20,Apertura,16,False,Atlético San Luis,América,0.0,1.0,0.0,0.0,footballcsv,471,1477.6196637938976,1579.7373593123318,-102.11769551843418,0,0,0,0.0,0.0,0,0,0,0,0.0,0.0,0,1.0,3.0,4.0,6.0,-2.0,1.3333333333333333,2.0,1.0,3.0,7.0,12.0,-5.0,1.4,2.4,4.0,13.0,17.0,18.0,-1.0,1.7,1.8,0.0,0.0,0.1,14,3.0,0.0,1.2,2.0,1.0,4.0,6.0,7.0,-1.0,2.0,2.3333333333333335,2.0,8.0,11.0,9.0,2.0,2.2,1.8,2.0,12.0,16.0,17.0,-1.0,1.6,1.7,0.3333333333333333,0.2,0.1,59,3.0,0.0,1.2,2.4,A,1.0
2019-10-29,2019-20,Apertura,16,False,Pumas UNAM,Atlas,5.0,1.0,1.0,1.0,footballcsv,472,1487.0362378202556,1454.8034572746333,32.23278054562229,1,1,0,5.0,2.0,2,1,1,0,5.0,2.0,2,0.0,1.0,2.0,6.0,-4.0,0.6666666666666666,2.0,1.0,5.0,5.0,7.0,-2.0,1.0,1.4,3.0,12.0,10.0,13.0,-3.0,1.0,1.3,0.0,0.2,0.2,52,3.0,0.6,1.6,0.8,1.0,4.0,3.0,4.0,-1.0,1.0,1.3333333333333333,2.0,8.0,6.0,5.0,1.0,1.2,1.0,3.0,12.0,11.0,11.0,0.0,1.1,1.1,0.3333333333333333,0.4,0.3,49,4.0,0.2,1.0,1.4,H,6.0
2019-10-30,2019-20,Apertura,16,False,Guadalajara,Tijuana,0.0,1.0,0.0,1.0,footballcsv,473,1466.578788182707,1484.3491515816625,-17.770363398955396,1,0,1,3.0,2.0,2,1,0,1,3.0,2.0,2,1.0,5.0,4.0,3.0,1.0,1.3333333333333333,1.0,1.0,5.0,7.0,11.0,-4.0,1.4,2.2,2.0,9.0,13.0,19.0,-6.0,1.3,1.9,0.0,0.0,0.1,48,3.0,0.4,1.6,1.4,1.0,4.0,5.0,6.0,-1.0,1.6666666666666667,2.0,3.0,10.0,11.0,10.0,1.0,2.2,2.0,4.0,14.0,18.0,22.0,-4.0,1.8,2.2,0.3333333333333333,0.2,0.1,50,5.0,0.2,1.4,3.0,A,1.0
2019-10-30,2019-20,Apertura,16,False,Tigres UANL,Toluca,1.0,0.0,0.0,0.0,footballcsv,474,1607.16828368768,1500.3806662989903,106.7876173886898,1,0,1,2.0,2.0,2,1,0,1,2.0,2.0,2,2.0,7.0,8.0,2.0,6.0,2.6666666666666665,0.6666666666666666,3.0,10.0,10.0,3.0,7.0,2.0,0.6,3.0,15.0,15.0,8.0,7.0,1.5,0.8,0.3333333333333333,0.4,0.2,56,4.0,0.2,1.4,0.8,1.0,5.0,4.0,2.0,2.0,1.3333333333333333,0.6666666666666666,3.0,11.0,8.0,3.0,5.0,1.6,0.6,4.0,15.0,12.0,10.0,2.0,1.2,1.0,0.3333333333333333,0.4,0.3,50,3.0,0.2,0.8,1.2,H,1.0
2019-10-30,2019-20,Apertura,16,False,Pachuca,Monterrey,2.0,3.0,1.0,2.0,footballcsv,475,1534.250108286023,1522.1601576931632,12.08995059285985,0,0,2,0.0,6.0,2,0,0,2,0.0,6.0,2,1.0,3.0,2.0,3.0,-1.0,0.6666666666666666,1.0,3.0,9.0,10.0,6.0,4.0,2.0,1.2,5.0,17.0,20.0,12.0,8.0,2.0,1.2,0.3333333333333333,0.2,0.2,50,3.0,0.6,1.8,1.0,0.0,1.0,2.0,5.0,-3.0,0.6666666666666666,1.6666666666666667,1.0,5.0,6.0,8.0,-2.0,1.2,1.6,3.0,11.0,11.0,13.0,-2.0,1.1,1.3,0.0,0.0,0.2,56,10.0,0.2,0.8,1.2,A,5.0
2019-10-31,2019-20,Apertura,16,False,Cruz Azul,León,1.0,0.0,0.0,0.0,footballcsv,476,1547.8773145737407,1614.282823899143,-66.40550932540236,1,0,1,3.0,2.0,2,1,0,1,3.0,2.0,2,1.0,4.0,8.0,6.0,2.0,2.6666666666666665,2.0,1.0,5.0,9.0,9.0,0.0,1.8,1.8,1.0,9.0,14.0,15.0,-1.0,1.4,1.5,0.0,0.0,0.1,57,5.0,0.2,2.0,1.6,2.0,7.0,6.0,4.0,2.0,2.0,1.3333333333333333,2.0,8.0,8.0,7.0,1.0,1.6,1.4,5.0,19.0,22.0,13.0,9.0,2.2,1.3,0.0,0.0,0.1,54,5.0,0.6,2.4,1.2,H,1.0
2019-10-31,2019-20,Apertura,16,False,Monarcas Morelia,FC Juárez,6.0,1.0,2.0,0.0,footballcsv,477,1471.2577970374334,1471.0562235916088,0.2015734458245788,0,0,0,0.0,0.0,0,0,0,0,0.0,0.0,0,1.0,4.0,7.0,7.0,0.0,2.3333333333333335,2.3333333333333335,2.0,7.0,10.0,10.0,0.0,2.0,2.0,5.0,17.0,16.0,12.0,4.0,1.6,1.2,0.0,0.2,0.4,48,6.0,0.6,1.6,1.0,1.0,3.0,3.0,4.0,-1.0,1.0,1.3333333333333333,1.0,5.0,4.0,5.0,-1.0,0.8,1.0,3.0,11.0,9.0,12.0,-3.0,0.9,1.2,0.3333333333333333,0.4,0.4,14,4.0,0.2,0.6,1.4,H,7.0
2019-11-01,2019-20,Apertura,17,False,Puebla,Pumas UNAM,1.0,1.0,0.0,0.0,footballcsv,478,1443.805752348685,1497.5679407007806,-53.76218835209556,1,1,0,3.0,2.0,2,1,1,0,3.0,2.0,2,0.0,0.0,0.0,4.0,-4.0,0.0,1.3333333333333333,1.0,4.0,3.0,6.0,-3.0,0.6,1.2,3.0,11.0,10.0,14.0,-4.0,1.0,1.4,0.0,0.0,0.1,49,3.0,0.4,1.0,2.0,1.0,3.0,6.0,6.0,0.0,2.0,2.0,2.0,7.0,9.0,7.0,2.0,1.8,1.4,3.0,12.0,13.0,14.0,-1.0,1.3,1.4,0.0,0.2,0.1,53,3.0,0.0,0.4,1.8,D,2.0
2019-11-01,2019-20,Apertura,17,False,Atlas,Atlético San Luis,1.0,2.0,1.0,0.0,footballcsv,479,1444.2717543941083,1471.1934591340862,-26.92170473997794,0,0,0,0.0,0.0,0,0,0,0,0.0,0.0,0,1.0,3.0,2.0,7.0,-5.0,0.6666666666666666,2.3333333333333335,2.0,7.0,6.0,9.0,-3.0,1.2,1.8,3.0,12.0,11.0,13.0,-2.0,1.1,1.3,0.3333333333333333,0.4,0.3,50,3.0,0.4,1.2,0.8,0.0,0.0,2.0,6.0,-4.0,0.6666666666666666,2.0,1.0,3.0,6.0,10.0,-4.0,1.2,2.0,3.0,10.0,15.0,18.0,-3.0,1.5,1.8,0.0,0.0,0.1,15,3.0,0.6,2.0,1.6,A,3.0
2019-11-02,2019-20,Apertura,17,False,Necaxa,Pachuca,1.0,2.0,0.0,1.0,footballcsv,483,1546.307645188114,1525.5232560831382,20.784389104975844,0,1,1,4.0,8.0,2,0,1,1,4.0,8.0,2,2.0,7.0,7.0,4.0,3.0,2.3333333333333335,1.3333333333333333,3.0,11.0,9.0,5.0,4.0,1.8,1.0,6.0,21.0,19.0,13.0,6.0,1.9,1.3,0.3333333333333333,0.4,0.3,51,8.0,0.2,1.6,1.8,0.0,0.0,2.0,6.0,-4.0,0.6666666666666666,2.0,2.0,6.0,8.0,8.0,0.0,1.6,1.6,4.0,14.0,18.0,15.0,3.0,1.8,1.5,0.0,0.2,0.1,51,3.0,0.4,2.2,1.4,A,3.0
2019-11-02,2019-20,Apertura,17,False,Monterrey,Veracruz,1.0,1.0,0.0,0.0,footballcsv,482,1530.887009896048,1315.518681512108,215.36832838394002,2,0,0,3.0,0.0,2,2,0,0,3.0,0.0,2,1.0,4.0,5.0,5.0,0.0,1.6666666666666667,1.6666666666666667,1.0,5.0,6.0,8.0,-2.0,1.2,1.6,3.0,11.0,12.0,15.0,-3.0,1.2,1.5,0.0,0.0,0.1,57,3.0,0.4,1.2,1.4,1.0,3.0,2.0,5.0,-3.0,0.6666666666666666,1.6666666666666667,1.0,5.0,4.0,7.0,-3.0,0.8,1.4,1.0,6.0,4.0,20.0,-16.0,0.4,2.0,0.3333333333333333,0.2,0.2,49,4.0,0.0,0.2,2.2,D,2.0
2019-11-02,2019-20,Apertura,17,False,América,Santos Laguna,1.0,2.0,1.0,0.0,footballcsv,481,1586.1635639721433,1538.9974952195662,47.166068752577075,1,1,0,2.0,1.0,2,1,1,0,2.0,1.0,2,2.0,7.0,5.0,2.0,3.0,1.6666666666666667,0.6666666666666666,3.0,10.0,11.0,8.0,3.0,2.2,1.6,3.0,14.0,16.0,16.0,0.0,1.6,1.6,0.6666666666666666,0.4,0.2,60,4.0,0.4,2.0,1.0,2.0,7.0,7.0,3.0,4.0,2.3333333333333335,1.0,2.0,7.0,7.0,9.0,-2.0,1.4,1.8,5.0,18.0,21.0,16.0,5.0,2.1,1.6,0.3333333333333333,0.2,0.2,51,4.0,0.2,1.4,2.4,A,3.0
2019-11-02,2019-20,Apertura,17,False,Querétaro,Tigres UANL,0.0,0.0,0.0,0.0,footballcsv,480,1496.4101102117108,1610.4191281657063,-114.00901795399545,0,0,2,1.0,6.0,2,0,0,2,1.0,6.0,2,2.0,6.0,5.0,1.0,4.0,1.6666666666666667,0.3333333333333333,3.0,9.0,7.0,4.0,3.0,1.4,0.8,4.0,14.0,16.0,13.0,3.0,1.6,1.3,0.6666666666666666,0.4,0.3,51,4.0,0.4,1.4,1.6,2.0,7.0,5.0,2.0,3.0,1.6666666666666667,0.6666666666666666,4.0,13.0,11.0,2.0,9.0,2.2,0.4,4.0,17.0,15.0,7.0,8.0,1.5,0.7,0.3333333333333333,0.6,0.3,57,3.0,0.4,1.6,0.8,D,0.0
2019-11-03,2019-20,Apertura,17,False,FC Juárez,Tijuana,3.0,0.0,1.0,0.0,footballcsv,484,1457.6900378665384,1492.5090202591045,-34.81898239256611,0,0,0,0.0,0.0,0,0,0,0,0.0,0.0,0,1.0,3.0,3.0,8.0,-5.0,1.0,2.6666666666666665,1.0,4.0,4.0,10.0,-6.0,0.8,2.0,3.0,11.0,10.0,16.0,-6.0,1.0,1.6,0.3333333333333333,0.4,0.4,15,3.0,0.4,1.2,1.0,2.0,6.0,4.0,4.0,0.0,1.3333333333333333,1.3333333333333333,3.0,10.0,9.0,8.0,1.0,1.8,1.6,5.0,17.0,19.0,20.0,-1.0,1.9,2.0,0.6666666666666666,0.4,0.2,51,4.0,0.4,1.6,2.6,H,3.0
2019-11-03,2019-20,Apertura,17,False,León,Monarcas Morelia,1.0,1.0,1.0,1.0,footballcsv,485,1607.663332929203,1484.6239827625038,123.03935016669925,1,0,1,4.0,4.0,2,1,0,1,4.0,4.0,2,2.0,6.0,5.0,4.0,1.0,1.6666666666666667,1.3333333333333333,2.0,7.0,7.0,7.0,0.0,1.4,1.4,4.0,16.0,18.0,14.0,4.0,1.8,1.4,0.0,0.0,0.0,55,3.0,0.4,2.0,1.4,2.0,7.0,11.0,5.0,6.0,3.6666666666666665,1.6666666666666667,2.0,7.0,15.0,11.0,4.0,3.0,2.2,6.0,20.0,22.0,12.0,10.0,2.2,1.2,0.0,0.0,0.4,49,3.0,0.4,1.6,1.4,D,2.0
2019-11-03,2019-20,Apertura,17,False,Toluca,Guadalajara,1.0,3.0,1.0,2.0,footballcsv,486,1497.129821820964,1458.418919505265,38.71090231569906,0,1,1,2.0,3.0,2,0,1,1,2.0,3.0,2,1.0,4.0,3.0,2.0,1.0,1.0,0.6666666666666666,2.0,8.0,7.0,4.0,3.0,1.4,0.8,4.0,15.0,12.0,9.0,3.0,1.2,0.9,0.3333333333333333,0.2,0.3,51,4.0,0.6,1.6,0.8,1.0,4.0,3.0,3.0,0.0,1.0,1.0,1.0,5.0,5.0,8.0,-3.0,1.0,1.6,2.0,9.0,10.0,16.0,-6.0,1.0,1.6,0.0,0.0,0.1,49,4.0,0.2,1.0,1.6,A,4.0
2019-11-08,2019-20,Apertura,18,False,Veracruz,América,0.0,5.0,0.0,3.0,footballcsv,487,1322.4300991086232,1576.802613127257,-254.37251401863386,0,0,2,1.0,6.0,2,0,0,2,1.0,6.0,2,1.0,4.0,2.0,3.0,-1.0,0.6666666666666666,1.0,1.0,5.0,4.0,7.0,-3.0,0.8,1.4,1.0,7.0,5.0,16.0,-11.0,0.5,1.6,0.3333333333333333,0.2,0.2,50,6.0,0.2,0.6,1.8,2.0,6.0,4.0,2.0,2.0,1.3333333333333333,0.6666666666666666,2.0,7.0,8.0,9.0,-1.0,1.6,1.8,3.0,13.0,16.0,17.0,-1.0,1.6,1.7,0.6666666666666666,0.4,0.2,61,6.0,0.2,1.2,2.2,A,5.0
2019-11-08,2019-20,Apertura,18,False,Tijuana,Monterrey,0.0,4.0,0.0,1.0,footballcsv,488,1480.6816367366582,1523.975592299533,-43.29395556287477,1,0,1,1.0,3.0,2,1,0,1,1.0,3.0,2,2.0,6.0,3.0,3.0,0.0,1.0,1.0,2.0,7.0,6.0,9.0,-3.0,1.2,1.8,4.0,14.0,16.0,21.0,-5.0,1.6,2.1,0.6666666666666666,0.4,0.2,52,5.0,0.6,2.2,1.4,1.0,5.0,5.0,4.0,1.0,1.6666666666666667,1.3333333333333333,1.0,5.0,6.0,8.0,-2.0,1.2,1.6,3.0,12.0,12.0,14.0,-2.0,1.2,1.4,0.0,0.0,0.1,58,6.0,0.2,1.2,1.6,A,4.0
2019-11-08,2019-20,Apertura,18,False,Monarcas Morelia,Puebla,3.0,2.0,1.0,1.0,footballcsv,489,1489.8825018225273,1443.0519997738988,46.83050204862843,1,1,0,3.0,1.0,2,1,1,0,3.0,1.0,2,1.0,5.0,9.0,4.0,5.0,3.0,1.3333333333333333,2.0,8.0,14.0,9.0,5.0,2.8,1.8,5.0,18.0,21.0,13.0,8.0,2.1,1.3,0.0,0.0,0.3,50,5.0,0.6,2.4,1.2,0.0,1.0,1.0,4.0,-3.0,0.3333333333333333,1.3333333333333333,0.0,2.0,2.0,6.0,-4.0,0.4,1.2,2.0,9.0,9.0,14.0,-5.0,0.9,1.4,0.0,0.0,0.1,50,7.0,0.2,0.8,1.4,H,5.0
2019-11-09,2019-20,Apertura,18,False,Atlético San Luis,Necaxa,0.0,2.0,0.0,1.0,footballcsv,490,1479.1757010684298,1537.4200484771013,-58.2443474086715,0,0,0,0.0,0.0,0,0,0,0,0.0,0.0,0,1.0,3.0,4.0,5.0,-1.0,1.3333333333333333,1.6666666666666667,2.0,6.0,6.0,8.0,-2.0,1.2,1.6,4.0,12.0,16.0,18.0,-2.0,1.6,1.8,0.0,0.0,0.1,16,8.0,0.0,1.0,2.0,1.0,4.0,5.0,4.0,1.0,1.6666666666666667,1.3333333333333333,2.0,8.0,8.0,6.0,2.0,1.6,1.2,5.0,18.0,18.0,14.0,4.0,1.8,1.4,0.3333333333333333,0.4,0.3,52,7.0,1.0,2.2,0.8,A,2.0
2019-11-09,2019-20,Apertura,18,False,Tigres UANL,Pachuca,0.0,0.0,0.0,0.0,footballcsv,491,1609.4433843614652,1534.410852794151,75.03253156731421,1,3,0,6.0,3.0,4,1,3,0,6.0,3.0,4,1.0,5.0,2.0,1.0,1.0,0.6666666666666666,0.3333333333333333,3.0,11.0,9.0,2.0,7.0,1.8,0.4,4.0,17.0,14.0,6.0,8.0,1.4,0.6,0.6666666666666666,0.6,0.4,58,7.0,0.4,1.4,0.6,1.0,3.0,4.0,6.0,-2.0,1.3333333333333333,2.0,2.0,6.0,6.0,7.0,-1.0,1.2,1.4,4.0,14.0,17.0,15.0,2.0,1.7,1.5,0.0,0.2,0.1,52,7.0,0.4,1.8,1.6,D,0.0
2019-11-09,2019-20,Apertura,18,False,Guadalajara,Querétaro,3.0,2.0,3.0,0.0,footballcsv,492,1473.019192527315,1497.385854015952,-24.366661488636964,0,2,0,1.0,1.0,2,0,2,0,1.0,1.0,2,2.0,6.0,5.0,3.0,2.0,1.6666666666666667,1.0,2.0,8.0,7.0,5.0,2.0,1.4,1.0,3.0,12.0,12.0,15.0,-3.0,1.2,1.5,0.0,0.0,0.1,50,6.0,0.2,1.0,1.6,1.0,4.0,3.0,1.0,2.0,1.0,0.3333333333333333,3.0,10.0,7.0,2.0,5.0,1.4,0.4,4.0,15.0,16.0,9.0,7.0,1.6,0.9,0.6666666666666666,0.6,0.4,52,7.0,0.4,1.8,1.0,H,5.0
2019-11-09,2019-20,Apertura,18,False,León,Toluca,4.0,0.0,1.0,0.0,footballcsv,493,1602.4048138691796,1482.529548798914,119.87526507026564,2,0,0,5.0,1.0,2,2,0,0,5.0,1.0,2,1.0,4.0,4.0,4.0,0.0,1.3333333333333333,1.3333333333333333,2.0,8.0,7.0,6.0,1.0,1.4,1.2,4.0,16.0,17.0,13.0,4.0,1.7,1.3,0.0,0.0,0.0,56,6.0,0.4,1.8,1.2,1.0,3.0,3.0,4.0,-1.0,1.0,1.3333333333333333,1.0,5.0,5.0,6.0,-1.0,1.0,1.2,3.0,12.0,11.0,12.0,-1.0,1.1,1.2,0.3333333333333333,0.2,0.2,52,6.0,0.2,0.8,1.0,H,4.0
2019-11-10,2019-20,Apertura,18,False,Pumas UNAM,FC Juárez,1.0,1.0,1.0,0.0,footballcsv,494,1498.3216932755668,1469.5174213889848,28.804271886582,0,0,0,0.0,0.0,0,0,0,0,0.0,0.0,0,1.0,4.0,6.0,5.0,1.0,2.0,1.6666666666666667,1.0,5.0,8.0,8.0,0.0,1.6,1.6,3.0,13.0,14.0,13.0,1.0,1.4,1.3,0.0,0.0,0.1,54,9.0,0.6,2.2,1.0,1.0,3.0,5.0,8.0,-3.0,1.6666666666666667,2.6666666666666665,2.0,6.0,7.0,10.0,-3.0,1.4,2.0,4.0,14.0,12.0,14.0,-2.0,1.2,1.4,0.3333333333333333,0.4,0.5,16,7.0,0.2,0.8,2.2,D,2.0
2019-11-10,2019-20,Apertura,18,False,Santos Laguna,Cruz Azul,3.0,1.0,2.0,0.0,footballcsv,495,1548.3584460644524,1554.4968055436807,-6.1383594792282565,1,1,0,3.0,2.0,2,1,1,0,3.0,2.0,2,2.0,7.0,5.0,3.0,2.0,1.6666666666666667,1.0,3.0,10.0,9.0,8.0,1.0,1.8,1.6,5.0,18.0,21.0,16.0,5.0,2.1,1.6,0.3333333333333333,0.2,0.2,52,8.0,0.8,2.8,0.8,1.0,4.0,4.0,4.0,0.0,1.3333333333333333,1.3333333333333333,2.0,7.0,9.0,8.0,1.0,1.8,1.6,2.0,11.0,14.0,14.0,0.0,1.4,1.4,0.3333333333333333,0.2,0.2,58,10.0,0.0,0.8,1.4,H,4.0
2019-11-22,2019-20,Apertura,19,False,Tijuana,León,1.0,2.0,0.0,1.0,footballcsv,497,1462.8932088672443,1609.4980445410517,-146.60483567380743,1,1,2,4.0,6.0,4,1,1,2,4.0,6.0,4,1.0,3.0,1.0,7.0,-6.0,0.3333333333333333,2.3333333333333335,2.0,6.0,4.0,11.0,-7.0,0.8,2.2,4.0,14.0,14.0,22.0,-8.0,1.4,2.2,0.3333333333333333,0.4,0.2,53,14.0,0.4,1.6,1.8,1.0,4.0,5.0,2.0,3.0,1.6666666666666667,0.6666666666666666,3.0,10.0,10.0,5.0,5.0,2.0,1.0,5.0,18.0,20.0,12.0,8.0,2.0,1.2,0.3333333333333333,0.2,0.1,57,13.0,0.4,1.6,1.4,A,3.0
2019-11-22,2019-20,Apertura,19,False,Puebla,Necaxa,3.0,0.0,3.0,0.0,footballcsv,496,1438.7898468676606,1549.0932005179775,-110.30335365031692,0,1,1,3.0,6.0,2,0,1,1,3.0,6.0,2,0.0,1.0,3.0,5.0,-2.0,1.0,1.6666666666666667,0.0,1.0,3.0,8.0,-5.0,0.6,1.6,2.0,8.0,10.0,16.0,-6.0,1.0,1.6,0.0,0.0,0.1,51,14.0,0.4,1.2,1.4,2.0,6.0,5.0,2.0,3.0,1.6666666666666667,0.6666666666666666,3.0,10.0,10.0,6.0,4.0,2.0,1.2,6.0,20.0,19.0,13.0,6.0,1.9,1.3,0.6666666666666666,0.4,0.4,53,13.0,1.0,2.2,0.6,H,3.0
2019-11-23,2019-20,Apertura,19,False,Querétaro,Monarcas Morelia,3.0,1.0,0.0,0.0,footballcsv,498,1491.6987143549056,1494.1446547287655,-2.445940373859912,2,0,0,7.0,1.0,2,2,0,0,7.0,1.0,2,0.0,1.0,2.0,4.0,-2.0,0.6666666666666666,1.3333333333333333,2.0,7.0,7.0,4.0,3.0,1.4,0.8,3.0,12.0,13.0,12.0,1.0,1.3,1.2,0.3333333333333333,0.6,0.3,53,14.0,0.4,1.4,0.8,2.0,7.0,10.0,4.0,6.0,3.3333333333333335,1.3333333333333333,3.0,11.0,15.0,8.0,7.0,3.0,1.6,6.0,20.0,23.0,14.0,9.0,2.3,1.4,0.0,0.0,0.3,51,15.0,0.4,1.8,1.4,H,4.0
2019-11-23,2019-20,Apertura,19,False,Cruz Azul,Atlético San Luis,3.0,1.0,1.0,1.0,footballcsv,499,1546.0937903854287,1467.5025490275536,78.5912413578751,0,0,0,0.0,0.0,0,0,0,0,0.0,0.0,0,1.0,4.0,3.0,4.0,-1.0,1.0,1.3333333333333333,2.0,7.0,10.0,9.0,1.0,2.0,1.8,2.0,11.0,13.0,14.0,-1.0,1.3,1.4,0.3333333333333333,0.2,0.2,59,13.0,0.4,2.0,1.4,1.0,3.0,2.0,4.0,-2.0,0.6666666666666666,1.3333333333333333,1.0,3.0,4.0,9.0,-5.0,0.8,1.8,3.0,9.0,14.0,20.0,-6.0,1.4,2.0,0.0,0.0,0.0,17,14.0,0.6,2.0,1.8,H,4.0
2019-11-23,2019-20,Apertura,19,False,Monterrey,Atlas,2.0,0.0,2.0,0.0,footballcsv,500,1541.764020168947,1436.2895124597646,105.47450770918226,1,0,1,3.0,3.0,2,1,0,1,3.0,3.0,2,2.0,7.0,8.0,3.0,5.0,2.6666666666666665,1.0,2.0,8.0,10.0,6.0,4.0,2.0,1.2,3.0,12.0,14.0,14.0,0.0,1.4,1.4,0.3333333333333333,0.2,0.1,59,15.0,0.2,1.0,1.6,0.0,0.0,2.0,9.0,-7.0,0.6666666666666666,3.0,1.0,4.0,5.0,11.0,-6.0,1.0,2.2,3.0,11.0,11.0,14.0,-3.0,1.1,1.4,0.0,0.2,0.3,51,22.0,0.2,1.0,1.8,H,2.0
2019-11-23,2019-20,Apertura,19,False,Pachuca,Pumas UNAM,2.0,0.0,1.0,0.0,footballcsv,501,1538.5987175539808,1495.2885668369686,43.31015071701222,1,1,0,1.0,0.0,2,1,1,0,1.0,0.0,2,1.0,4.0,4.0,4.0,0.0,1.3333333333333333,1.3333333333333333,1.0,4.0,4.0,7.0,-3.0,0.8,1.4,4.0,14.0,16.0,14.0,2.0,1.6,1.4,0.3333333333333333,0.2,0.2,53,14.0,0.4,1.6,1.4,1.0,5.0,7.0,3.0,4.0,2.3333333333333335,1.0,1.0,5.0,8.0,8.0,0.0,1.6,1.6,3.0,14.0,15.0,12.0,3.0,1.5,1.2,0.0,0.0,0.1,55,13.0,0.0,0.6,1.6,H,2.0
2019-11-23,2019-20,Apertura,19,False,Guadalajara,Veracruz,3.0,1.0,0.0,1.0,footballcsv,502,1478.7063321883613,1313.5248921010925,165.1814400872688,1,1,0,2.0,0.0,2,1,1,0,2.0,0.0,2,2.0,6.0,6.0,4.0,2.0,2.0,1.3333333333333333,3.0,10.0,9.0,6.0,3.0,1.8,1.2,4.0,14.0,14.0,16.0,-2.0,1.4,1.6,0.0,0.0,0.1,51,14.0,0.4,1.4,1.6,1.0,4.0,2.0,6.0,-4.0,0.6666666666666666,2.0,1.0,4.0,3.0,11.0,-8.0,0.6,2.2,1.0,7.0,5.0,20.0,-15.0,0.5,2.0,0.3333333333333333,0.2,0.2,51,15.0,0.0,0.4,2.2,H,4.0
2019-11-24,2019-20,Apertura,19,False,Toluca,Santos Laguna,2.0,2.0,2.0,2.0,footballcsv,503,1475.436318127042,1556.7614612227044,-81.3251430956625,1,0,1,2.0,5.0,2,1,0,1,2.0,5.0,2,0.0,0.0,1.0,8.0,-7.0,0.3333333333333333,2.6666666666666665,1.0,4.0,4.0,9.0,-5.0,0.8,1.8,3.0,11.0,10.0,15.0,-5.0,1.0,1.5,0.0,0.2,0.2,53,15.0,0.4,1.4,1.4,3.0,9.0,6.0,2.0,4.0,2.0,0.6666666666666666,4.0,13.0,12.0,5.0,7.0,2.4,1.0,6.0,20.0,22.0,15.0,7.0,2.2,1.5,0.3333333333333333,0.2,0.2,53,14.0,0.4,1.4,2.2,D,4.0
2019-11-24,2019-20,Apertura,19,False,FC Juárez,Tigres UANL,1.0,2.0,0.0,1.0,footballcsv,504,1472.550547827583,1605.2555196016353,-132.7049717740524,0,0,0,0.0,0.0,0,0,0,0,0.0,0.0,0,1.0,4.0,5.0,7.0,-2.0,1.6666666666666667,2.3333333333333335,2.0,7.0,7.0,9.0,-2.0,1.4,1.8,3.0,12.0,12.0,15.0,-3.0,1.2,1.5,0.3333333333333333,0.4,0.4,17,14.0,0.4,1.6,1.0,1.0,5.0,1.0,0.0,1.0,0.3333333333333333,0.0,2.0,9.0,5.0,2.0,3.0,1.0,0.4,4.0,17.0,13.0,5.0,8.0,1.3,0.5,1.0,0.6,0.5,59,15.0,0.4,1.4,0.6,A,3.0
2019-11-27,2019-20,Apertura - Liguilla,Quarterfinals,True,Necaxa,Querétaro,3.0,0.0,0.0,0.0,footballcsv,505,1534.0241868700443,1499.9805164941185,34.043670375925785,2,0,1,3.0,2.0,3,2,0,1,3.0,2.0,3,1.0,3.0,3.0,5.0,-2.0,1.0,1.6666666666666667,2.0,7.0,7.0,7.0,0.0,1.4,1.4,5.0,17.0,16.0,14.0,2.0,1.6,1.4,0.3333333333333333,0.4,0.4,54,5.0,0.2,1.6,2.0,1.0,4.0,5.0,4.0,1.0,1.6666666666666667,1.3333333333333333,2.0,7.0,8.0,5.0,3.0,1.6,1.0,4.0,14.0,15.0,12.0,3.0,1.5,1.2,0.3333333333333333,0.4,0.3,54,4.0,0.2,1.2,1.6,H,3.0
2019-11-27,2019-20,Apertura - Liguilla,Quarterfinals,True,Monarcas Morelia,León,3.0,3.0,2.0,2.0,footballcsv,506,1485.8628525895526,1614.9516589522416,-129.08880636268896,1,1,1,5.0,5.0,3,1,1,1,5.0,5.0,3,1.0,4.0,5.0,6.0,-1.0,1.6666666666666667,2.0,2.0,8.0,13.0,9.0,4.0,2.6,1.8,5.0,17.0,23.0,17.0,6.0,2.3,1.7,0.0,0.0,0.2,52,4.0,0.6,2.8,1.6,2.0,7.0,7.0,2.0,5.0,2.3333333333333335,0.6666666666666666,3.0,10.0,10.0,5.0,5.0,2.0,1.0,5.0,18.0,19.0,12.0,7.0,1.9,1.2,0.3333333333333333,0.2,0.1,58,5.0,0.6,1.8,1.4,D,6.0
2019-11-28,2019-20,Apertura - Liguilla,Quarterfinals,True,América,Tigres UANL,1.0,2.0,1.0,0.0,footballcsv,507,1585.7078201347877,1611.0057422814775,-25.29792214668987,2,1,0,7.0,3.0,3,2,1,0,7.0,3.0,3,2.0,6.0,7.0,2.0,5.0,2.3333333333333335,0.6666666666666666,3.0,10.0,11.0,4.0,7.0,2.2,0.8,4.0,16.0,21.0,14.0,7.0,2.1,1.4,0.6666666666666666,0.6,0.3,62,20.0,0.4,2.0,1.2,1.0,5.0,2.0,1.0,1.0,0.6666666666666666,0.3333333333333333,2.0,9.0,4.0,2.0,2.0,0.8,0.4,5.0,19.0,14.0,5.0,9.0,1.4,0.5,0.6666666666666666,0.6,0.5,60,4.0,0.6,1.6,0.6,A,3.0
2019-11-28,2019-20,Apertura - Liguilla,Quarterfinals,True,Monterrey,Santos Laguna,5.0,2.0,2.0,2.0,footballcsv,508,1546.9484312794714,1556.723320723422,-9.774889443950542,3,0,2,8.0,3.0,5,3,0,2,8.0,3.0,5,2.0,7.0,7.0,1.0,6.0,2.3333333333333335,0.3333333333333333,3.0,11.0,11.0,4.0,7.0,2.2,0.8,4.0,15.0,16.0,13.0,3.0,1.6,1.3,0.6666666666666666,0.4,0.2,60,5.0,0.4,1.4,1.2,2.0,7.0,7.0,4.0,3.0,2.3333333333333335,1.3333333333333333,3.0,11.0,10.0,6.0,4.0,2.0,1.2,6.0,20.0,22.0,15.0,7.0,2.2,1.5,0.0,0.2,0.2,54,4.0,0.2,1.2,2.2,H,7.0
2019-11-30,2019-20,Apertura - Liguilla,Quarterfinals,True,Querétaro,Necaxa,2.0,3.0,2.0,0.0,footballcsv,509,1490.9779964534457,1543.0267069107172,-52.048710457271454,1,0,3,2.0,6.0,4,1,0,3,2.0,6.0,4,1.0,3.0,5.0,7.0,-2.0,1.6666666666666667,2.3333333333333335,1.0,4.0,5.0,8.0,-3.0,1.0,1.6,4.0,13.0,13.0,13.0,0.0,1.3,1.3,0.0,0.2,0.3,55,3.0,0.6,1.8,0.8,2.0,6.0,5.0,3.0,2.0,1.6666666666666667,1.0,3.0,9.0,8.0,5.0,3.0,1.6,1.0,5.0,17.0,17.0,14.0,3.0,1.7,1.4,0.6666666666666666,0.6,0.4,55,3.0,0.8,1.8,1.2,A,5.0
2019-11-30,2019-20,Apertura - Liguilla,Quarterfinals,True,León,Monarcas Morelia,1.0,2.0,0.0,0.0,footballcsv,510,1613.5480966920372,1487.266414849757,126.28168184228025,1,2,1,8.0,8.0,4,1,2,1,8.0,8.0,4,2.0,7.0,9.0,4.0,5.0,3.0,1.3333333333333333,2.0,8.0,10.0,6.0,4.0,2.0,1.2,4.0,16.0,18.0,13.0,5.0,1.8,1.3,0.3333333333333333,0.2,0.1,59,3.0,0.4,2.0,1.0,1.0,4.0,7.0,8.0,-1.0,2.3333333333333335,2.6666666666666665,2.0,8.0,14.0,10.0,4.0,2.8,2.0,4.0,15.0,24.0,20.0,4.0,2.4,2.0,0.0,0.0,0.1,53,3.0,0.4,1.8,1.8,A,3.0
2019-12-01,2019-20,Apertura - Liguilla,Quarterfinals,True,Santos Laguna,Monterrey,1.0,1.0,1.0,0.0,footballcsv,512,1545.968177109271,1557.7035748936223,-11.735397784351335,1,0,4,4.0,13.0,5,2,0,4,5.0,13.0,6,1.0,4.0,7.0,8.0,-1.0,2.3333333333333335,2.6666666666666665,3.0,10.0,10.0,9.0,1.0,2.0,1.8,5.0,17.0,21.0,18.0,3.0,2.1,1.8,0.0,0.2,0.2,55,3.0,0.8,3.0,0.8,3.0,9.0,11.0,2.0,9.0,3.6666666666666665,0.6666666666666666,4.0,13.0,15.0,5.0,10.0,3.0,1.0,5.0,18.0,21.0,13.0,8.0,2.1,1.3,0.6666666666666666,0.4,0.2,61,3.0,0.4,1.8,1.2,D,2.0
2019-12-01,2019-20,Apertura - Liguilla,Quarterfinals,True,Tigres UANL,América,2.0,4.0,0.0,3.0,footballcsv,511,1619.0196121926388,1577.6939502236264,41.325661969012344,1,1,2,5.0,8.0,4,1,1,2,5.0,8.0,4,2.0,7.0,4.0,2.0,2.0,1.3333333333333333,0.6666666666666666,3.0,11.0,5.0,2.0,3.0,1.0,0.4,6.0,21.0,15.0,5.0,10.0,1.5,0.5,0.3333333333333333,0.6,0.5,61,3.0,0.4,1.2,0.4,1.0,3.0,7.0,4.0,3.0,2.3333333333333335,1.3333333333333333,3.0,9.0,10.0,4.0,6.0,2.0,0.8,4.0,15.0,21.0,15.0,6.0,2.1,1.5,0.3333333333333333,0.6,0.3,63,3.0,0.4,2.2,1.6,A,6.0
2019-12-04,2019-20,Apertura - Liguilla,Semifinals,True,Monterrey,Necaxa,2.0,1.0,1.0,0.0,footballcsv,513,1559.6434887000935,1550.5146175996758,9.128871100417655,1,2,2,4.0,6.0,5,1,2,2,4.0,6.0,5,2.0,7.0,8.0,3.0,5.0,2.6666666666666665,1.0,3.0,11.0,13.0,4.0,9.0,2.6,0.8,4.0,16.0,19.0,12.0,7.0,1.9,1.2,0.3333333333333333,0.4,0.2,62,3.0,0.4,1.8,1.2,2.0,6.0,6.0,5.0,1.0,2.0,1.6666666666666667,3.0,9.0,9.0,7.0,2.0,1.8,1.4,6.0,20.0,18.0,12.0,6.0,1.8,1.2,0.3333333333333333,0.4,0.4,56,4.0,0.8,2.0,1.4,H,3.0
2019-12-07,2019-20,Apertura - Liguilla,Semifinals,True,Necaxa,Monterrey,0.0,1.0,0.0,0.0,footballcsv,514,1545.525422188869,1564.6326841109003,-19.107261922031284,2,1,2,6.0,5.0,5,2,2,2,7.0,6.0,6,2.0,6.0,7.0,4.0,3.0,2.3333333333333335,1.3333333333333333,3.0,9.0,9.0,7.0,2.0,1.8,1.4,5.0,17.0,17.0,13.0,4.0,1.7,1.3,0.3333333333333333,0.4,0.4,57,3.0,0.2,1.6,1.6,2.0,7.0,8.0,4.0,4.0,2.6666666666666665,1.3333333333333333,4.0,13.0,14.0,4.0,10.0,2.8,0.8,5.0,18.0,20.0,12.0,8.0,2.0,1.2,0.0,0.4,0.2,63,3.0,0.4,2.0,1.2,A,1.0
2019-12-08,2019-20,Apertura - Liguilla,Semifinals,True,Monarcas Morelia,América,0.0,2.0,0.0,2.0,footballcsv,516,1497.8893832639435,1592.3677720534297,-94.47838878948619,0,1,2,3.0,5.0,3,0,1,2,3.0,5.0,3,1.0,4.0,6.0,7.0,-1.0,2.0,2.3333333333333335,2.0,8.0,10.0,10.0,0.0,2.0,2.0,4.0,15.0,25.0,21.0,4.0,2.5,2.1,0.0,0.0,0.0,54,8.0,0.4,3.2,2.2,2.0,6.0,7.0,4.0,3.0,2.3333333333333335,1.3333333333333333,3.0,9.0,13.0,6.0,7.0,2.6,1.2,6.0,19.0,24.0,14.0,10.0,2.4,1.4,0.3333333333333333,0.4,0.4,65,0.0,0.6,2.8,1.8,A,2.0
2019-12-08,2019-20,Apertura - Liguilla,Semifinals,True,América,Monarcas Morelia,2.0,0.0,2.0,0.0,footballcsv,515,1602.8275079548127,1487.4296473625604,115.3978605922523,3,1,0,7.0,3.0,4,3,1,0,7.0,3.0,4,2.0,6.0,10.0,4.0,6.0,3.3333333333333335,1.3333333333333333,3.0,9.0,12.0,6.0,6.0,2.4,1.2,5.0,17.0,23.0,15.0,8.0,2.3,1.5,0.3333333333333333,0.4,0.3,64,7.0,0.4,2.0,1.4,1.0,4.0,5.0,6.0,-1.0,1.6666666666666667,2.0,2.0,7.0,9.0,11.0,-2.0,1.8,2.2,4.0,15.0,23.0,20.0,3.0,2.3,2.0,0.0,0.0,0.0,55,0.0,0.4,1.8,2.0,H,2.0
2019-12-26,2019-20,Apertura - Liguilla,Final,True,Monterrey,América,2.0,1.0,1.0,1.0,footballcsv,517,1572.7667013301975,1607.7740491646323,-35.00734783443477,1,0,2,5.0,9.0,3,1,0,2,5.0,9.0,3,2.0,7.0,4.0,2.0,2.0,1.3333333333333333,0.6666666666666666,4.0,13.0,11.0,4.0,7.0,2.2,0.8,6.0,21.0,21.0,10.0,11.0,2.1,1.0,0.3333333333333333,0.4,0.3,64,19.0,0.6,2.2,1.0,3.0,9.0,8.0,2.0,6.0,2.6666666666666665,0.6666666666666666,4.0,12.0,14.0,4.0,10.0,2.8,0.8,6.0,19.0,22.0,13.0,9.0,2.2,1.3,0.6666666666666666,0.6,0.5,66,18.0,0.8,2.8,0.8,H,3.0
2019-12-29,2019-20,Apertura - Liguilla,Final,True,América,Monterrey,2.0,1.0,2.0,0.0,footballcsv,518,1601.8562398968304,1578.6845105979994,23.171729298830996,2,0,2,10.0,7.0,4,2,0,2,10.0,7.0,4,2.0,6.0,5.0,2.0,3.0,1.6666666666666667,0.6666666666666666,3.0,9.0,10.0,6.0,4.0,2.0,1.2,6.0,19.0,21.0,10.0,11.0,2.1,1.0,0.6666666666666666,0.4,0.5,67,3.0,0.6,2.0,1.0,3.0,9.0,5.0,2.0,3.0,1.6666666666666667,0.6666666666666666,4.0,13.0,11.0,5.0,6.0,2.2,1.0,7.0,24.0,22.0,9.0,13.0,2.2,0.9,0.3333333333333333,0.2,0.3,65,3.0,0.6,2.0,1.0,H,3.0
2020-01-10,2019-20,Clausura,1,False,Tijuana,Santos Laguna,2.0,1.0,1.0,0.0,footballcsv,519,1457.4395944560545,1544.0282633027998,-86.58866884674535,0,2,1,4.0,7.0,3,0,2,1,4.0,7.0,3,0.0,0.0,1.0,9.0,-8.0,0.3333333333333333,3.0,2.0,6.0,4.0,9.0,-5.0,0.8,1.8,4.0,13.0,14.0,23.0,-9.0,1.4,2.3,0.0,0.4,0.2,54,49.0,0.4,1.6,2.0,0.0,2.0,5.0,8.0,-3.0,1.6666666666666667,2.6666666666666665,2.0,8.0,10.0,10.0,0.0,2.0,2.0,4.0,15.0,17.0,19.0,-2.0,1.7,1.9,0.0,0.0,0.1,56,40.0,0.2,1.6,2.8,H,3.0
2020-01-10,2019-20,Clausura,1,False,Monarcas Morelia,Toluca,0.0,1.0,0.0,1.0,footballcsv,520,1482.483106152741,1475.4744586263243,7.008647526416553,1,0,2,3.0,5.0,3,1,0,2,3.0,5.0,3,1.0,3.0,2.0,5.0,-3.0,0.6666666666666666,1.6666666666666667,1.0,4.0,6.0,11.0,-5.0,1.2,2.2,4.0,15.0,21.0,19.0,2.0,2.1,1.9,0.0,0.0,0.0,56,33.0,0.4,2.8,2.0,0.0,1.0,3.0,9.0,-6.0,1.0,3.0,1.0,4.0,5.0,10.0,-5.0,1.0,2.0,3.0,12.0,11.0,15.0,-4.0,1.1,1.5,0.0,0.2,0.2,54,47.0,0.2,0.6,1.6,A,1.0
2020-01-11,2019-20,Clausura,1,False,Cruz Azul,Atlas,1.0,2.0,1.0,1.0,footballcsv,521,1551.9635473382268,1431.1051013492402,120.85844598898666,3,0,0,7.0,1.0,3,3,0,0,7.0,1.0,3,2.0,6.0,5.0,4.0,1.0,1.6666666666666667,1.3333333333333333,2.0,7.0,8.0,8.0,0.0,1.6,1.6,3.0,13.0,15.0,14.0,1.0,1.5,1.4,0.3333333333333333,0.2,0.2,60,49.0,0.6,2.4,1.4,0.0,0.0,2.0,9.0,-7.0,0.6666666666666666,3.0,1.0,3.0,3.0,11.0,-8.0,0.6,2.2,2.0,8.0,8.0,16.0,-8.0,0.8,1.6,0.0,0.2,0.2,52,49.0,0.2,1.0,2.0,A,3.0
2020-01-11,2019-20,Clausura,1,False,Guadalajara,FC Juárez,2.0,0.0,2.0,0.0,footballcsv,522,1482.5814008010445,1466.8003251477408,15.781075653303787,1,0,0,2.0,1.0,1,1,0,0,2.0,1.0,1,3.0,9.0,9.0,4.0,5.0,3.0,1.3333333333333333,4.0,12.0,11.0,6.0,5.0,2.2,1.2,4.0,14.0,16.0,17.0,-1.0,1.6,1.7,0.0,0.0,0.0,52,49.0,0.4,1.8,1.8,1.0,4.0,5.0,3.0,2.0,1.6666666666666667,1.0,1.0,4.0,7.0,11.0,-4.0,1.4,2.2,3.0,12.0,12.0,14.0,-2.0,1.2,1.4,0.3333333333333333,0.2,0.4,18,48.0,0.2,0.8,2.0,H,2.0
2020-01-11,2019-20,Clausura,1,False,León,Querétaro,3.0,1.0,2.0,1.0,footballcsv,523,1602.9251282778507,1483.490085764487,119.43504251336367,3,0,0,12.0,0.0,3,3,0,0,12.0,0.0,3,1.0,4.0,6.0,6.0,0.0,2.0,2.0,2.0,8.0,11.0,7.0,4.0,2.2,1.4,4.0,15.0,18.0,14.0,4.0,1.8,1.4,0.0,0.2,0.1,60,42.0,0.4,2.0,1.2,1.0,3.0,5.0,7.0,-2.0,1.6666666666666667,2.3333333333333335,1.0,4.0,7.0,10.0,-3.0,1.4,2.0,4.0,13.0,14.0,14.0,0.0,1.4,1.4,0.0,0.2,0.3,56,42.0,0.2,0.8,1.8,H,4.0
2020-01-11,2019-20,Clausura,1,False,Tigres UANL,Atlético San Luis,0.0,0.0,0.0,0.0,footballcsv,524,1604.3457903628355,1461.6327920747556,142.71299828807992,0,1,0,1.0,1.0,1,0,1,0,1.0,1.0,1,2.0,6.0,6.0,6.0,0.0,2.0,2.0,2.0,8.0,6.0,6.0,0.0,1.2,1.2,6.0,21.0,17.0,8.0,9.0,1.7,0.8,0.0,0.4,0.5,62,41.0,0.4,1.6,1.0,1.0,3.0,3.0,6.0,-3.0,1.0,2.0,1.0,3.0,5.0,10.0,-5.0,1.0,2.0,2.0,6.0,12.0,22.0,-10.0,1.2,2.2,0.0,0.0,0.0,18,49.0,0.4,1.6,2.2,D,0.0
2020-01-12,2019-20,Clausura,1,False,Pumas UNAM,Pachuca,2.0,1.0,1.0,0.0,footballcsv,525,1488.4301318727958,1545.4571525181536,-57.02702064535788,0,1,2,0.0,3.0,3,0,1,2,0.0,3.0,3,0.0,2.0,2.0,4.0,-2.0,0.6666666666666666,1.3333333333333333,1.0,5.0,7.0,8.0,-1.0,1.4,1.6,2.0,11.0,13.0,13.0,0.0,1.3,1.3,0.0,0.0,0.1,56,50.0,0.4,2.0,1.0,2.0,7.0,4.0,1.0,3.0,1.3333333333333333,0.3333333333333333,2.0,7.0,6.0,6.0,0.0,1.2,1.2,5.0,17.0,18.0,12.0,6.0,1.8,1.2,0.6666666666666666,0.4,0.3,54,50.0,0.4,1.6,1.4,H,3.0
2020-01-16,2019-20,Clausura,2,False,FC Juárez,Pumas UNAM,4.0,4.0,3.0,2.0,footballcsv,526,1459.103490994146,1494.8370480818037,-35.7335570876578,0,1,0,1.0,1.0,1,0,1,0,1.0,1.0,1,0.0,1.0,2.0,5.0,-3.0,0.6666666666666666,1.6666666666666667,1.0,4.0,6.0,11.0,-5.0,1.2,2.2,2.0,9.0,10.0,16.0,-6.0,1.0,1.6,0.0,0.2,0.3,19,5.0,0.2,1.4,1.4,1.0,4.0,3.0,4.0,-1.0,1.0,1.3333333333333333,2.0,8.0,9.0,6.0,3.0,1.8,1.2,3.0,13.0,14.0,13.0,1.0,1.4,1.3,0.0,0.0,0.1,57,4.0,0.0,0.6,1.6,D,8.0
2020-01-17,2019-20,Clausura,2,False,Atlético San Luis,Cruz Azul,2.0,1.0,1.0,0.0,footballcsv,527,1467.2887255174885,1541.4187302140815,-74.130004696593,0,0,1,1.0,3.0,1,0,0,1,1.0,3.0,1,0.0,1.0,1.0,5.0,-4.0,0.3333333333333333,1.6666666666666667,1.0,4.0,3.0,7.0,-4.0,0.6,1.4,2.0,7.0,10.0,19.0,-9.0,1.0,1.9,0.3333333333333333,0.2,0.1,19,6.0,0.0,0.8,2.2,1.0,3.0,5.0,6.0,-1.0,1.6666666666666667,2.0,2.0,7.0,7.0,7.0,0.0,1.4,1.4,3.0,12.0,16.0,16.0,0.0,1.6,1.6,0.0,0.2,0.1,61,6.0,0.0,0.6,1.4,H,3.0
2020-01-17,2019-20,Clausura,2,False,Atlas,Puebla,0.0,1.0,0.0,1.0,footballcsv,528,1441.6499184733855,1453.8588605155937,-12.208942042208264,1,0,2,2.0,4.0,3,1,0,2,2.0,4.0,3,1.0,3.0,3.0,5.0,-2.0,1.0,1.6666666666666667,1.0,3.0,4.0,12.0,-8.0,0.8,2.4,3.0,11.0,10.0,16.0,-6.0,1.0,1.6,0.0,0.0,0.2,53,6.0,0.4,1.2,1.0,1.0,4.0,6.0,4.0,2.0,2.0,1.3333333333333333,1.0,4.0,6.0,7.0,-1.0,1.2,1.4,3.0,11.0,12.0,13.0,-1.0,1.2,1.3,0.3333333333333333,0.2,0.2,52,56.0,0.2,0.8,1.4,A,1.0
2020-01-18,2019-20,Clausura,2,False,América,Tigres UANL,1.0,0.0,0.0,0.0,footballcsv,529,1606.566923829705,1598.6898569201026,7.87706690960249,3,1,1,12.0,7.0,5,3,1,1,12.0,7.0,5,2.0,6.0,5.0,3.0,2.0,1.6666666666666667,1.0,4.0,12.0,11.0,5.0,6.0,2.2,1.0,7.0,21.0,21.0,9.0,12.0,2.1,0.9,0.3333333333333333,0.4,0.5,68,20.0,0.6,1.6,1.0,1.0,4.0,4.0,5.0,-1.0,1.3333333333333333,1.6666666666666667,2.0,8.0,6.0,6.0,0.0,1.2,1.2,5.0,19.0,15.0,8.0,7.0,1.5,0.8,0.3333333333333333,0.4,0.5,63,7.0,0.8,1.8,0.6,H,1.0
2020-01-18,2019-20,Clausura,2,False,Monterrey,Monarcas Morelia,2.0,2.0,1.0,1.0,footballcsv,530,1573.9738266651248,1473.8511794596043,100.12264720552048,2,1,0,6.0,4.0,3,2,1,0,6.0,4.0,3,2.0,6.0,4.0,3.0,1.0,1.3333333333333333,1.0,3.0,10.0,7.0,5.0,2.0,1.4,1.0,7.0,23.0,22.0,10.0,12.0,2.2,1.0,0.3333333333333333,0.2,0.3,66,20.0,0.8,2.4,1.0,0.0,0.0,0.0,5.0,-5.0,0.0,1.6666666666666667,1.0,4.0,5.0,9.0,-4.0,1.0,1.8,3.0,12.0,18.0,18.0,0.0,1.8,1.8,0.0,0.0,0.0,57,8.0,0.4,1.4,1.8,D,4.0
2020-01-18,2019-20,Clausura,2,False,Pachuca,Guadalajara,0.0,0.0,0.0,0.0,footballcsv,531,1539.0502363091457,1490.2782349546394,48.7720013545063,3,0,0,10.0,4.0,3,3,0,0,10.0,4.0,3,1.0,4.0,3.0,2.0,1.0,1.0,0.6666666666666666,2.0,7.0,7.0,6.0,1.0,1.4,1.2,5.0,16.0,17.0,12.0,5.0,1.7,1.2,0.6666666666666666,0.4,0.3,55,6.0,0.6,2.0,1.0,3.0,9.0,8.0,3.0,5.0,2.6666666666666665,1.0,4.0,12.0,11.0,5.0,6.0,2.2,1.0,5.0,17.0,18.0,16.0,2.0,1.8,1.6,0.3333333333333333,0.2,0.1,53,7.0,0.4,1.4,1.6,D,0.0
2020-01-19,2019-20,Clausura,2,False,Santos Laguna,León,3.0,2.0,0.0,1.0,footballcsv,534,1536.9653608076424,1607.7772280899042,-70.8118672822618,1,1,1,5.0,5.0,3,1,1,1,5.0,5.0,3,0.0,1.0,4.0,8.0,-4.0,1.3333333333333333,2.6666666666666665,1.0,5.0,9.0,11.0,-2.0,1.8,2.2,4.0,15.0,18.0,19.0,-1.0,1.8,1.9,0.0,0.0,0.1,57,9.0,0.8,2.8,0.6,1.0,4.0,7.0,6.0,1.0,2.3333333333333335,2.0,3.0,10.0,13.0,7.0,6.0,2.6,1.4,5.0,18.0,20.0,13.0,7.0,2.0,1.3,0.0,0.2,0.1,61,8.0,0.4,1.6,1.6,H,5.0
2020-01-19,2019-20,Clausura,2,False,Querétaro,Tijuana,3.0,0.0,2.0,0.0,footballcsv,532,1478.6379859524336,1464.502496951212,14.135489001221686,1,2,0,3.0,2.0,3,1,2,0,3.0,2.0,3,0.0,0.0,3.0,9.0,-6.0,1.0,3.0,1.0,3.0,8.0,13.0,-5.0,1.6,2.6,4.0,13.0,15.0,15.0,0.0,1.5,1.5,0.0,0.0,0.3,57,8.0,0.6,2.0,1.0,1.0,3.0,3.0,7.0,-4.0,1.0,2.3333333333333335,2.0,6.0,4.0,10.0,-6.0,0.8,2.0,5.0,16.0,15.0,20.0,-5.0,1.5,2.0,0.0,0.2,0.2,55,9.0,0.4,1.2,2.6,H,3.0
2020-01-19,2019-20,Clausura,2,False,Toluca,Necaxa,2.0,3.0,2.0,1.0,footballcsv,533,1484.106385319461,1537.3914049695718,-53.285019650110826,1,2,0,5.0,4.0,3,1,2,0,5.0,4.0,3,1.0,4.0,3.0,6.0,-3.0,1.0,2.0,1.0,4.0,4.0,10.0,-6.0,0.8,2.0,4.0,15.0,12.0,13.0,-1.0,1.2,1.3,0.3333333333333333,0.2,0.3,55,9.0,0.4,1.8,1.4,1.0,3.0,4.0,5.0,-1.0,1.3333333333333333,1.6666666666666667,2.0,6.0,7.0,8.0,-1.0,1.4,1.6,5.0,16.0,17.0,14.0,3.0,1.7,1.4,0.0,0.2,0.3,58,43.0,0.6,1.6,1.4,A,5.0
2020-01-24,2019-20,Clausura,3,False,Puebla,Querétaro,0.0,1.0,0.0,0.0,footballcsv,535,1462.1258838503513,1488.4157629725166,-26.289879122165303,2,1,0,3.0,1.0,3,2,1,0,3.0,1.0,3,2.0,6.0,6.0,3.0,3.0,2.0,1.0,2.0,7.0,7.0,5.0,2.0,1.4,1.0,4.0,14.0,11.0,10.0,1.0,1.1,1.0,0.6666666666666666,0.4,0.3,53,7.0,0.4,1.4,1.2,1.0,3.0,6.0,6.0,0.0,2.0,2.0,2.0,6.0,9.0,10.0,-1.0,1.8,2.0,4.0,13.0,16.0,14.0,2.0,1.6,1.4,0.3333333333333333,0.2,0.4,58,5.0,0.2,1.0,2.0,A,1.0
2020-01-24,2019-20,Clausura,3,False,Tijuana,América,0.0,0.0,0.0,0.0,footballcsv,536,1454.724719931129,1611.581370498854,-156.85665056772518,1,0,2,4.0,8.0,3,1,0,2,4.0,8.0,3,1.0,3.0,3.0,6.0,-3.0,1.0,2.0,1.0,3.0,3.0,13.0,-10.0,0.6,2.6,4.0,13.0,12.0,21.0,-9.0,1.2,2.1,0.0,0.0,0.2,56,5.0,0.4,1.4,1.8,2.0,6.0,4.0,3.0,1.0,1.3333333333333333,1.0,4.0,12.0,8.0,3.0,5.0,1.6,0.6,7.0,21.0,20.0,9.0,11.0,2.0,0.9,0.3333333333333333,0.6,0.5,69,6.0,0.8,2.6,0.8,D,0.0
2020-01-25,2019-20,Clausura,3,False,Guadalajara,Toluca,2.0,2.0,1.0,0.0,footballcsv,537,1493.8237104739517,1476.6429874163066,17.180723057645082,2,1,0,6.0,3.0,3,2,1,0,6.0,3.0,3,2.0,7.0,5.0,1.0,4.0,1.6666666666666667,0.3333333333333333,4.0,13.0,11.0,4.0,7.0,2.2,0.8,5.0,18.0,16.0,12.0,4.0,1.6,1.2,0.6666666666666666,0.4,0.2,54,7.0,0.6,1.8,1.0,1.0,4.0,5.0,5.0,0.0,1.6666666666666667,1.6666666666666667,1.0,4.0,6.0,12.0,-6.0,1.2,2.4,3.0,12.0,13.0,16.0,-3.0,1.3,1.6,0.3333333333333333,0.2,0.2,56,6.0,0.4,0.6,1.2,D,4.0
2020-01-25,2019-20,Clausura,3,False,Tigres UANL,Atlas,2.0,1.0,1.0,0.0,footballcsv,538,1593.6754102509535,1433.3828951386279,160.29251511232565,2,1,0,5.0,2.0,3,2,1,0,5.0,2.0,3,0.0,1.0,2.0,5.0,-3.0,0.6666666666666666,1.6666666666666667,2.0,7.0,6.0,7.0,-1.0,1.2,1.4,4.0,16.0,11.0,9.0,2.0,1.1,0.9,0.3333333333333333,0.2,0.4,64,7.0,0.2,0.8,1.0,1.0,3.0,2.0,4.0,-2.0,0.6666666666666666,1.3333333333333333,1.0,3.0,4.0,11.0,-7.0,0.8,2.2,3.0,11.0,10.0,16.0,-6.0,1.0,1.6,0.0,0.0,0.2,54,8.0,0.4,1.2,2.0,H,3.0
2020-01-25,2019-20,Clausura,3,False,León,Pachuca,3.0,0.0,2.0,0.0,footballcsv,539,1601.0570864590372,1535.5047607898334,65.55232566920381,2,1,0,6.0,3.0,3,2,1,0,6.0,3.0,3,1.0,3.0,6.0,6.0,0.0,2.0,2.0,2.0,7.0,11.0,10.0,1.0,2.2,2.0,5.0,17.0,21.0,15.0,6.0,2.1,1.5,0.0,0.0,0.1,62,6.0,0.6,2.4,1.2,1.0,4.0,3.0,2.0,1.0,1.0,0.6666666666666666,2.0,8.0,5.0,3.0,2.0,1.0,0.6,4.0,14.0,13.0,11.0,2.0,1.3,1.1,0.6666666666666666,0.6,0.4,56,7.0,0.4,1.4,1.4,H,3.0
2020-01-25,2019-20,Clausura,3,False,Cruz Azul,Santos Laguna,3.0,0.0,1.0,0.0,footballcsv,540,1534.6224894927125,1543.6855024385093,-9.0630129457968,0,1,2,3.0,6.0,3,0,1,2,3.0,6.0,3,1.0,3.0,5.0,5.0,0.0,1.6666666666666667,1.6666666666666667,2.0,6.0,7.0,8.0,-1.0,1.4,1.6,3.0,11.0,16.0,17.0,-1.0,1.6,1.7,0.0,0.2,0.1,62,8.0,0.6,2.4,1.6,1.0,4.0,5.0,5.0,0.0,1.6666666666666667,1.6666666666666667,1.0,5.0,9.0,12.0,-3.0,1.8,2.4,5.0,18.0,21.0,17.0,4.0,2.1,1.7,0.0,0.0,0.1,58,6.0,0.2,1.8,2.4,H,3.0
2020-01-26,2019-20,Clausura,3,False,FC Juárez,Monarcas Morelia,3.0,0.0,1.0,0.0,footballcsv,541,1457.8362500106305,1478.6160891596421,-20.77983914901165,0,0,1,1.0,6.0,1,0,0,1,1.0,6.0,1,0.0,1.0,5.0,8.0,-3.0,1.6666666666666667,2.6666666666666665,1.0,5.0,9.0,9.0,0.0,1.8,1.8,2.0,9.0,13.0,19.0,-6.0,1.3,1.9,0.0,0.2,0.3,20,10.0,0.2,2.0,2.0,0.0,1.0,2.0,5.0,-3.0,0.6666666666666666,1.6666666666666667,1.0,4.0,4.0,8.0,-4.0,0.8,1.6,3.0,12.0,18.0,18.0,0.0,1.8,1.8,0.0,0.0,0.0,58,8.0,0.2,1.2,1.8,H,3.0
2020-01-26,2019-20,Clausura,3,False,Necaxa,Atlético San Luis,1.0,1.0,0.0,1.0,footballcsv,542,1544.8548028727262,1474.0849662388575,70.76983663386864,1,0,0,2.0,0.0,1,1,0,0,2.0,0.0,1,1.0,3.0,4.0,5.0,-1.0,1.3333333333333333,1.6666666666666667,3.0,9.0,10.0,7.0,3.0,2.0,1.4,5.0,16.0,17.0,14.0,3.0,1.7,1.4,0.0,0.2,0.3,59,7.0,0.2,1.2,1.0,1.0,4.0,3.0,4.0,-1.0,1.0,1.3333333333333333,2.0,7.0,5.0,7.0,-2.0,1.0,1.4,3.0,10.0,11.0,17.0,-6.0,1.1,1.7,0.3333333333333333,0.2,0.1,20,9.0,0.4,1.4,1.6,D,2.0
2020-01-26,2019-20,Clausura,3,False,Pumas UNAM,Monterrey,1.0,0.0,0.0,0.0,footballcsv,543,1496.104289065319,1569.208916965087,-73.10462789976782,0,1,2,1.0,4.0,3,0,1,2,1.0,4.0,3,1.0,4.0,6.0,7.0,-1.0,2.0,2.3333333333333335,1.0,6.0,8.0,9.0,-1.0,1.6,1.8,3.0,13.0,17.0,16.0,1.0,1.7,1.6,0.0,0.0,0.1,58,10.0,0.6,2.2,1.0,1.0,4.0,5.0,5.0,0.0,1.6666666666666667,1.6666666666666667,3.0,10.0,8.0,6.0,2.0,1.6,1.2,6.0,21.0,21.0,10.0,11.0,2.1,1.0,0.0,0.2,0.3,67,8.0,0.6,2.0,1.0,H,1.0
2020-01-31,2019-20,Clausura,4,False,Atlético San Luis,Guadalajara,2.0,2.0,0.0,2.0,footballcsv,544,1478.1711410557054,1491.0973568071774,-12.926215751472,0,0,1,0.0,3.0,1,0,0,1,0.0,3.0,1,1.0,5.0,3.0,2.0,1.0,1.0,0.6666666666666666,1.0,5.0,4.0,7.0,-3.0,0.8,1.4,3.0,11.0,10.0,15.0,-5.0,1.0,1.5,0.3333333333333333,0.2,0.1,21,5.0,0.2,0.8,1.8,1.0,5.0,4.0,2.0,2.0,1.3333333333333333,0.6666666666666666,3.0,11.0,10.0,5.0,5.0,2.0,1.0,5.0,19.0,17.0,10.0,7.0,1.7,1.0,0.6666666666666666,0.4,0.2,55,6.0,0.4,1.4,1.4,D,4.0
2020-01-31,2019-20,Clausura,4,False,Atlas,Tijuana,2.0,1.0,1.0,0.0,footballcsv,545,1430.877196236054,1456.9014419154516,-26.02424567939761,0,1,2,3.0,6.0,3,0,1,2,3.0,6.0,3,1.0,3.0,3.0,4.0,-1.0,1.0,1.3333333333333333,1.0,3.0,4.0,8.0,-4.0,0.8,1.6,3.0,10.0,10.0,17.0,-7.0,1.0,1.7,0.0,0.0,0.2,55,6.0,0.2,0.6,1.2,1.0,4.0,2.0,4.0,-2.0,0.6666666666666666,1.3333333333333333,1.0,4.0,3.0,10.0,-7.0,0.6,2.0,3.0,11.0,9.0,19.0,-10.0,0.9,1.9,0.3333333333333333,0.2,0.3,57,7.0,0.4,1.0,2.4,H,3.0
2020-02-01,2019-20,Clausura,4,False,Monarcas Morelia,León,1.0,2.0,1.0,1.0,footballcsv,550,1467.3954932507265,1608.910299526787,-141.51480627606043,2,2,1,10.0,9.0,5,2,2,1,10.0,9.0,5,0.0,1.0,2.0,6.0,-4.0,0.6666666666666666,2.0,0.0,1.0,2.0,10.0,-8.0,0.4,2.0,2.0,9.0,12.0,20.0,-8.0,1.2,2.0,0.0,0.0,0.0,59,6.0,0.4,2.4,1.8,2.0,6.0,8.0,4.0,4.0,2.6666666666666665,1.3333333333333333,2.0,7.0,12.0,9.0,3.0,2.4,1.8,5.0,17.0,22.0,14.0,8.0,2.2,1.4,0.3333333333333333,0.2,0.2,63,7.0,0.4,1.8,1.8,A,3.0
2020-02-01,2019-20,Clausura,4,False,América,FC Juárez,1.0,3.0,0.0,2.0,footballcsv,551,1609.4046485145313,1469.056845919546,140.3478025949853,0,1,0,1.0,1.0,1,0,1,0,1.0,1.0,1,2.0,7.0,3.0,1.0,2.0,1.0,0.3333333333333333,3.0,10.0,6.0,3.0,3.0,1.2,0.6,6.0,19.0,19.0,9.0,10.0,1.9,0.9,0.6666666666666666,0.6,0.5,70,8.0,0.6,1.4,1.0,1.0,4.0,7.0,6.0,1.0,2.3333333333333335,2.0,1.0,5.0,9.0,9.0,0.0,1.8,1.8,3.0,11.0,16.0,19.0,-3.0,1.6,1.9,0.3333333333333333,0.2,0.3,21,6.0,0.2,0.6,1.8,A,4.0
2020-02-01,2019-20,Clausura,4,False,Monterrey,Querétaro,1.0,2.0,0.0,1.0,footballcsv,549,1562.4362197856194,1496.4103169837274,66.02590280189202,2,0,1,5.0,4.0,3,2,0,1,5.0,4.0,3,0.0,1.0,3.0,5.0,-2.0,1.0,1.6666666666666667,2.0,7.0,6.0,6.0,0.0,1.2,1.2,6.0,20.0,20.0,10.0,10.0,2.0,1.0,0.0,0.2,0.3,68,6.0,0.8,2.6,1.2,2.0,6.0,5.0,3.0,2.0,1.6666666666666667,1.0,2.0,6.0,7.0,9.0,-2.0,1.4,1.8,4.0,13.0,15.0,14.0,1.0,1.5,1.4,0.6666666666666666,0.4,0.4,59,8.0,0.2,0.8,2.0,A,3.0
2020-02-01,2019-20,Clausura,4,False,Santos Laguna,Pumas UNAM,1.0,1.0,0.0,0.0,footballcsv,548,1532.9601423204092,1502.8769862447866,30.083156075622583,1,1,1,6.0,5.0,3,1,1,1,6.0,5.0,3,1.0,3.0,4.0,7.0,-3.0,1.3333333333333333,2.3333333333333335,1.0,4.0,7.0,13.0,-6.0,1.4,2.6,4.0,15.0,17.0,19.0,-2.0,1.7,1.9,0.0,0.0,0.1,59,7.0,0.8,2.4,1.0,2.0,7.0,7.0,5.0,2.0,2.3333333333333335,1.6666666666666667,2.0,8.0,8.0,8.0,0.0,1.6,1.6,3.0,13.0,16.0,16.0,0.0,1.6,1.6,0.3333333333333333,0.2,0.1,59,6.0,0.0,1.2,2.2,D,2.0
2020-02-01,2019-20,Clausura,4,False,Necaxa,Puebla,2.0,0.0,1.0,0.0,footballcsv,547,1540.7686280558783,1454.1313298391406,86.63729821673769,1,1,1,6.0,6.0,3,1,1,1,6.0,6.0,3,1.0,4.0,4.0,4.0,0.0,1.3333333333333333,1.3333333333333333,2.0,7.0,8.0,8.0,0.0,1.6,1.6,5.0,16.0,16.0,13.0,3.0,1.6,1.3,0.0,0.0,0.3,60,6.0,0.2,1.4,1.2,2.0,6.0,4.0,1.0,3.0,1.3333333333333333,0.3333333333333333,2.0,7.0,7.0,5.0,2.0,1.4,1.0,3.0,11.0,10.0,11.0,-1.0,1.0,1.1,0.6666666666666666,0.4,0.2,54,8.0,0.2,0.8,1.4,H,2.0
2020-02-01,2019-20,Clausura,4,False,Pachuca,Tigres UANL,2.0,0.0,0.0,0.0,footballcsv,546,1527.6515477220837,1596.1811091535274,-68.52956143144365,0,4,1,3.0,6.0,5,0,4,1,3.0,6.0,5,0.0,1.0,1.0,5.0,-4.0,0.3333333333333333,1.6666666666666667,1.0,5.0,3.0,5.0,-2.0,0.6,1.0,3.0,11.0,9.0,12.0,-3.0,0.9,1.2,0.3333333333333333,0.6,0.4,57,7.0,0.4,1.2,0.8,1.0,4.0,2.0,2.0,0.0,0.6666666666666666,0.6666666666666666,2.0,7.0,6.0,7.0,-1.0,1.2,1.4,4.0,16.0,10.0,9.0,1.0,1.0,0.9,0.3333333333333333,0.2,0.4,65,7.0,0.6,1.4,0.8,H,2.0
2020-02-02,2019-20,Clausura,4,False,Toluca,Cruz Azul,3.0,3.0,2.0,2.0,footballcsv,552,1479.3693410830808,1545.3478496108125,-65.97850852773172,0,2,1,2.0,3.0,3,0,2,1,2.0,3.0,3,1.0,4.0,5.0,5.0,0.0,1.6666666666666667,1.6666666666666667,1.0,5.0,7.0,11.0,-4.0,1.4,2.2,2.0,10.0,12.0,17.0,-5.0,1.2,1.7,0.3333333333333333,0.2,0.2,57,8.0,0.2,1.6,1.8,1.0,3.0,5.0,4.0,1.0,1.6666666666666667,1.3333333333333333,2.0,6.0,9.0,8.0,1.0,1.8,1.6,4.0,13.0,18.0,16.0,2.0,1.8,1.6,0.3333333333333333,0.2,0.2,63,8.0,0.0,0.8,1.8,D,6.0
2020-02-04,2019-20,Clausura,1,False,Puebla,América,0.0,1.0,0.0,0.0,footballcsv,553,1448.4729461679187,1592.255907705706,-143.7829615377873,0,0,3,2.0,6.0,3,0,0,3,2.0,6.0,3,1.0,3.0,1.0,3.0,-2.0,0.3333333333333333,1.0,2.0,6.0,6.0,6.0,0.0,1.2,1.2,2.0,8.0,8.0,12.0,-4.0,0.8,1.2,0.3333333333333333,0.4,0.2,55,3.0,0.4,1.2,0.8,1.0,4.0,2.0,3.0,-1.0,0.6666666666666666,1.0,2.0,7.0,5.0,6.0,-1.0,1.0,1.2,6.0,19.0,19.0,10.0,9.0,1.9,1.0,0.6666666666666666,0.4,0.5,71,3.0,0.6,2.4,0.8,A,1.0
2020-02-05,2019-20,Clausura,1,False,Necaxa,Monterrey,2.0,2.0,1.0,1.0,footballcsv,554,1546.4270117271,1552.7517056764634,-6.324693949363336,2,0,3,4.0,4.0,5,2,2,3,7.0,7.0,7,2.0,7.0,6.0,3.0,3.0,2.0,1.0,2.0,7.0,7.0,6.0,1.0,1.4,1.2,5.0,16.0,16.0,13.0,3.0,1.6,1.3,0.3333333333333333,0.2,0.3,61,4.0,0.4,1.4,0.8,0.0,1.0,3.0,5.0,-2.0,1.0,1.6666666666666667,1.0,4.0,6.0,8.0,-2.0,1.2,1.6,5.0,17.0,17.0,12.0,5.0,1.7,1.2,0.0,0.0,0.2,69,4.0,0.4,1.4,0.8,D,4.0
2020-02-06,2019-20,Clausura,5,False,Atlas,Monarcas Morelia,1.0,3.0,0.0,1.0,footballcsv,555,1436.6000057223866,1461.8341036096292,-25.23409788724257,2,0,1,3.0,2.0,3,2,0,1,3.0,2.0,3,1.0,3.0,3.0,4.0,-1.0,1.0,1.3333333333333333,2.0,6.0,5.0,7.0,-2.0,1.0,1.4,3.0,10.0,10.0,18.0,-8.0,1.0,1.8,0.0,0.0,0.1,56,6.0,0.4,1.0,1.2,0.0,1.0,3.0,7.0,-4.0,1.0,2.3333333333333335,0.0,1.0,3.0,10.0,-7.0,0.6,2.0,2.0,8.0,12.0,21.0,-9.0,1.2,2.1,0.0,0.0,0.0,60,5.0,0.2,1.0,2.2,A,4.0
2020-02-07,2019-20,Clausura,5,False,Tijuana,Toluca,1.0,1.0,0.0,0.0,footballcsv,556,1451.178632429119,1478.9659890729047,-27.787356643785643,1,0,2,2.0,5.0,3,1,0,2,2.0,5.0,3,0.0,1.0,1.0,5.0,-4.0,0.3333333333333333,1.6666666666666667,1.0,4.0,4.0,8.0,-4.0,0.8,1.6,3.0,10.0,8.0,19.0,-11.0,0.8,1.9,0.3333333333333333,0.2,0.3,58,7.0,0.4,1.0,1.4,0.0,2.0,7.0,8.0,-1.0,2.3333333333333335,2.6666666666666665,1.0,6.0,10.0,10.0,0.0,2.0,2.0,2.0,10.0,14.0,19.0,-5.0,1.4,1.9,0.0,0.2,0.2,58,5.0,0.2,0.8,1.6,D,2.0
2020-02-07,2019-20,Clausura,5,False,Puebla,Santos Laguna,2.0,2.0,0.0,1.0,footballcsv,557,1442.9597047116574,1529.893630458194,-86.93392574653649,0,1,2,2.0,7.0,3,0,1,2,2.0,7.0,3,0.0,0.0,0.0,4.0,-4.0,0.0,1.3333333333333333,2.0,6.0,4.0,4.0,0.0,0.8,0.8,2.0,7.0,7.0,12.0,-5.0,0.7,1.2,0.0,0.4,0.2,56,3.0,0.2,0.8,0.8,1.0,4.0,4.0,6.0,-2.0,1.3333333333333333,2.0,1.0,5.0,6.0,9.0,-3.0,1.2,1.8,4.0,15.0,16.0,18.0,-2.0,1.6,1.8,0.0,0.0,0.1,60,6.0,0.2,1.4,2.6,D,4.0
2020-02-08,2019-20,Clausura,5,False,Cruz Azul,Pachuca,3.0,1.0,0.0,0.0,footballcsv,558,1545.7512016209887,1538.21999797542,7.531203645568667,1,0,2,5.0,6.0,3,1,0,2,5.0,6.0,3,1.0,4.0,7.0,5.0,2.0,2.3333333333333335,1.6666666666666667,2.0,7.0,11.0,8.0,3.0,2.2,1.6,4.0,14.0,21.0,17.0,4.0,2.1,1.7,0.3333333333333333,0.2,0.2,64,6.0,0.6,2.0,1.2,1.0,4.0,2.0,3.0,-1.0,0.6666666666666666,1.0,2.0,7.0,5.0,5.0,0.0,1.0,1.0,3.0,11.0,9.0,12.0,-3.0,0.9,1.2,0.6666666666666666,0.6,0.4,58,7.0,0.2,0.6,1.6,H,4.0
2020-02-08,2019-20,Clausura,5,False,Tigres UANL,Guadalajara,3.0,0.0,0.0,0.0,footballcsv,559,1585.612658900191,1493.0042641411083,92.60839475908278,2,0,1,3.0,3.0,3,2,0,1,3.0,3.0,3,1.0,3.0,2.0,4.0,-2.0,0.6666666666666666,1.3333333333333333,1.0,4.0,4.0,8.0,-4.0,0.8,1.6,4.0,15.0,9.0,10.0,-1.0,0.9,1.0,0.0,0.2,0.4,66,7.0,0.4,1.0,1.0,0.0,3.0,4.0,4.0,0.0,1.3333333333333333,1.3333333333333333,2.0,9.0,9.0,5.0,4.0,1.8,1.0,5.0,19.0,18.0,11.0,7.0,1.8,1.1,0.3333333333333333,0.4,0.2,56,8.0,0.4,1.6,1.0,H,3.0
2020-02-08,2019-20,Clausura,5,False,León,Monterrey,3.0,1.0,1.0,1.0,footballcsv,560,1614.4716891678843,1554.8410279744958,59.630661193388505,0,1,2,4.0,7.0,3,0,1,2,4.0,7.0,3,2.0,6.0,7.0,4.0,3.0,2.3333333333333335,1.3333333333333333,3.0,9.0,11.0,7.0,4.0,2.2,1.4,5.0,17.0,21.0,13.0,8.0,2.1,1.3,0.3333333333333333,0.2,0.2,64,7.0,0.6,2.4,0.8,0.0,1.0,3.0,5.0,-2.0,1.0,1.6666666666666667,0.0,2.0,6.0,9.0,-3.0,1.2,1.8,4.0,15.0,17.0,14.0,3.0,1.7,1.4,0.0,0.0,0.1,70,3.0,0.2,1.0,1.2,H,4.0
2020-02-09,2019-20,Clausura,5,False,FC Juárez,Necaxa,2.0,1.0,1.0,1.0,footballcsv,561,1486.2055867283714,1544.3376894290677,-58.13210270069635,0,1,0,0.0,0.0,1,0,1,0,0.0,0.0,1,2.0,7.0,10.0,5.0,5.0,3.3333333333333335,1.6666666666666667,2.0,7.0,11.0,9.0,2.0,2.2,1.8,4.0,14.0,18.0,18.0,0.0,1.8,1.8,0.3333333333333333,0.2,0.3,22,8.0,0.4,2.4,1.6,1.0,5.0,5.0,3.0,2.0,1.6666666666666667,1.0,2.0,8.0,8.0,6.0,2.0,1.6,1.2,5.0,17.0,17.0,13.0,4.0,1.7,1.3,0.3333333333333333,0.2,0.3,62,4.0,0.6,1.8,1.8,H,3.0
2020-02-09,2019-20,Clausura,5,False,Querétaro,América,1.0,2.0,1.0,1.0,footballcsv,562,1506.0948310928834,1597.7691491619673,-91.67431806908394,0,2,1,3.0,5.0,3,0,2,1,3.0,5.0,3,3.0,9.0,6.0,1.0,5.0,2.0,0.3333333333333333,3.0,9.0,9.0,7.0,2.0,1.8,1.4,4.0,13.0,14.0,15.0,-1.0,1.4,1.5,0.6666666666666666,0.4,0.3,60,8.0,0.6,2.2,0.8,1.0,4.0,2.0,3.0,-1.0,0.6666666666666666,1.0,3.0,10.0,5.0,4.0,1.0,1.0,0.8,6.0,19.0,15.0,10.0,5.0,1.5,1.0,0.6666666666666666,0.6,0.5,72,5.0,0.6,1.6,0.8,A,3.0
2020-02-09,2019-20,Clausura,5,False,Pumas UNAM,Atlético San Luis,4.0,0.0,2.0,0.0,footballcsv,563,1505.943498107002,1476.2642337217746,29.67926438522727,1,0,0,2.0,0.0,1,1,0,0,2.0,0.0,1,1.0,5.0,6.0,5.0,1.0,2.0,1.6666666666666667,2.0,8.0,8.0,8.0,0.0,1.6,1.6,3.0,13.0,16.0,16.0,0.0,1.6,1.6,0.3333333333333333,0.2,0.1,60,8.0,0.6,2.0,1.0,1.0,5.0,5.0,4.0,1.0,1.6666666666666667,1.3333333333333333,1.0,6.0,6.0,7.0,-1.0,1.2,1.4,2.0,9.0,10.0,16.0,-6.0,1.0,1.6,0.0,0.2,0.1,22,9.0,0.2,1.2,1.6,H,4.0
2020-02-14,2019-20,Clausura,6,False,Monarcas Morelia,Tijuana,1.0,1.0,1.0,0.0,footballcsv,565,1474.5377557966638,1449.6870436108666,24.850712185797192,1,0,2,6.0,9.0,3,1,0,2,6.0,9.0,3,1.0,3.0,4.0,6.0,-2.0,1.3333333333333333,2.0,1.0,4.0,6.0,9.0,-3.0,1.2,1.8,2.0,8.0,12.0,20.0,-8.0,1.2,2.0,0.0,0.0,0.0,61,8.0,0.2,1.4,2.0,0.0,2.0,2.0,3.0,-1.0,0.6666666666666666,1.0,1.0,5.0,4.0,7.0,-3.0,0.8,1.4,3.0,11.0,8.0,16.0,-8.0,0.8,1.6,0.3333333333333333,0.2,0.3,59,7.0,0.2,0.6,2.4,D,2.0
2020-02-14,2019-20,Clausura,6,False,Atlético San Luis,León,3.0,1.0,1.0,1.0,footballcsv,564,1465.6189699789952,1620.8604158708056,-155.24144589181037,0,0,1,2.0,3.0,1,0,0,1,2.0,3.0,1,0.0,2.0,3.0,7.0,-4.0,1.0,2.3333333333333335,1.0,6.0,5.0,8.0,-3.0,1.0,1.6,2.0,9.0,10.0,18.0,-8.0,1.0,1.8,0.0,0.2,0.1,23,5.0,0.2,0.8,1.6,3.0,9.0,8.0,2.0,6.0,2.6666666666666665,0.6666666666666666,4.0,12.0,13.0,6.0,7.0,2.6,1.2,6.0,20.0,24.0,13.0,11.0,2.4,1.3,0.3333333333333333,0.2,0.2,65,6.0,0.4,1.8,1.8,H,4.0
2020-02-15,2019-20,Clausura,6,False,Pachuca,Puebla,1.0,0.0,1.0,0.0,footballcsv,566,1530.2612112100078,1443.159252644828,87.10195856517976,2,1,0,7.0,1.0,3,2,1,0,7.0,1.0,3,1.0,3.0,3.0,6.0,-3.0,1.0,2.0,1.0,4.0,4.0,8.0,-4.0,0.8,1.6,3.0,11.0,10.0,14.0,-4.0,1.0,1.4,0.3333333333333333,0.4,0.4,59,7.0,0.4,1.2,0.8,0.0,1.0,2.0,5.0,-3.0,0.6666666666666666,1.6666666666666667,1.0,4.0,3.0,6.0,-3.0,0.6,1.2,2.0,8.0,9.0,13.0,-4.0,0.9,1.3,0.0,0.2,0.2,57,8.0,0.2,0.6,1.6,H,1.0
2020-02-15,2019-20,Clausura,6,False,Monterrey,FC Juárez,1.0,1.0,1.0,1.0,footballcsv,567,1548.4523012715745,1492.637428668465,55.81487260310951,0,0,1,0.0,1.0,1,0,0,1,0.0,1.0,1,0.0,1.0,4.0,7.0,-3.0,1.3333333333333333,2.3333333333333335,0.0,2.0,6.0,10.0,-4.0,1.2,2.0,3.0,12.0,13.0,15.0,-2.0,1.3,1.5,0.0,0.0,0.1,71,7.0,0.6,2.4,1.6,3.0,9.0,8.0,2.0,6.0,2.6666666666666665,0.6666666666666666,3.0,10.0,12.0,8.0,4.0,2.4,1.6,4.0,14.0,19.0,19.0,0.0,1.9,1.9,0.3333333333333333,0.2,0.2,23,6.0,0.4,1.2,2.0,D,2.0
2020-02-15,2019-20,Clausura,6,False,Guadalajara,Cruz Azul,1.0,2.0,1.0,2.0,footballcsv,568,1486.0577710081805,1553.709988386401,-67.65221737822048,1,1,1,2.0,2.0,3,1,1,1,2.0,2.0,3,0.0,2.0,4.0,7.0,-3.0,1.3333333333333333,2.3333333333333335,1.0,6.0,6.0,7.0,-1.0,1.2,1.4,5.0,18.0,17.0,13.0,4.0,1.7,1.3,0.0,0.4,0.2,57,7.0,0.6,2.0,1.2,2.0,7.0,9.0,4.0,5.0,3.0,1.3333333333333333,2.0,7.0,11.0,8.0,3.0,2.2,1.6,4.0,14.0,19.0,16.0,3.0,1.9,1.6,0.3333333333333333,0.2,0.2,65,7.0,0.0,1.2,2.2,A,3.0
2020-02-15,2019-20,Clausura,6,False,América,Atlas,2.0,0.0,1.0,0.0,footballcsv,569,1604.4324426843873,1423.896353535352,180.5360891490352,2,0,1,5.0,4.0,3,2,0,1,5.0,4.0,3,2.0,6.0,4.0,4.0,0.0,1.3333333333333333,1.3333333333333333,3.0,10.0,5.0,4.0,1.0,1.0,0.8,7.0,22.0,16.0,9.0,7.0,1.6,0.9,0.3333333333333333,0.6,0.5,73,6.0,0.6,1.4,1.2,1.0,3.0,4.0,6.0,-2.0,1.3333333333333333,2.0,2.0,6.0,6.0,8.0,-2.0,1.2,1.6,3.0,9.0,9.0,19.0,-10.0,0.9,1.9,0.0,0.0,0.1,57,9.0,0.4,1.0,2.0,H,2.0
2020-02-15,2019-20,Clausura,6,False,Toluca,Pumas UNAM,2.0,3.0,2.0,1.0,footballcsv,570,1480.4575778911571,1516.5887618497813,-36.131183958624206,0,1,2,3.0,5.0,3,0,1,2,3.0,5.0,3,0.0,3.0,6.0,6.0,0.0,2.0,2.0,1.0,6.0,9.0,9.0,0.0,1.8,1.8,2.0,10.0,14.0,19.0,-5.0,1.4,1.9,0.0,0.2,0.2,59,8.0,0.2,2.0,2.2,2.0,7.0,6.0,1.0,5.0,2.0,0.3333333333333333,3.0,11.0,12.0,6.0,6.0,2.4,1.2,4.0,16.0,19.0,14.0,5.0,1.9,1.4,0.6666666666666666,0.4,0.2,61,6.0,0.0,1.2,2.2,A,5.0
2020-02-16,2019-20,Clausura,6,False,Necaxa,Querétaro,2.0,3.0,1.0,2.0,footballcsv,571,1537.9058474889741,1499.4315375704634,38.4743099185107,4,0,1,9.0,4.0,5,4,0,1,9.0,4.0,5,1.0,4.0,5.0,4.0,1.0,1.6666666666666667,1.3333333333333333,2.0,8.0,9.0,7.0,2.0,1.8,1.4,4.0,14.0,16.0,15.0,1.0,1.6,1.5,0.3333333333333333,0.2,0.2,63,7.0,0.4,1.6,0.8,2.0,6.0,4.0,3.0,1.0,1.3333333333333333,1.0,3.0,9.0,8.0,6.0,2.0,1.6,1.2,4.0,13.0,15.0,16.0,-1.0,1.5,1.6,0.3333333333333333,0.4,0.3,61,7.0,0.4,1.2,2.0,A,5.0
2020-02-16,2019-20,Clausura,6,False,Santos Laguna,Tigres UANL,2.0,1.0,1.0,0.0,footballcsv,572,1529.6940825250233,1592.5591520331188,-62.86506950809553,1,0,2,4.0,7.0,3,1,0,2,4.0,7.0,3,0.0,2.0,3.0,6.0,-3.0,1.0,2.0,1.0,5.0,7.0,10.0,-3.0,1.4,2.0,3.0,13.0,17.0,20.0,-3.0,1.7,2.0,0.0,0.0,0.0,61,9.0,0.6,1.8,1.0,2.0,6.0,5.0,3.0,2.0,1.6666666666666667,1.0,2.0,7.0,5.0,4.0,1.0,1.0,0.8,4.0,15.0,11.0,10.0,1.0,1.1,1.0,0.3333333333333333,0.4,0.4,67,8.0,0.4,0.8,1.0,H,3.0
2020-02-21,2019-20,Clausura,7,False,Puebla,Toluca,2.0,0.0,1.0,0.0,footballcsv,573,1439.5968091006944,1472.6555281136023,-33.058719012907886,1,1,1,3.0,4.0,3,1,1,1,3.0,4.0,3,0.0,1.0,2.0,4.0,-2.0,0.6666666666666666,1.3333333333333333,0.0,1.0,2.0,7.0,-5.0,0.4,1.4,2.0,8.0,9.0,12.0,-3.0,0.9,1.2,0.0,0.0,0.2,58,6.0,0.2,1.2,1.0,0.0,2.0,6.0,7.0,-1.0,2.0,2.3333333333333335,0.0,3.0,10.0,12.0,-2.0,2.0,2.4,1.0,7.0,14.0,22.0,-8.0,1.4,2.2,0.0,0.0,0.1,60,6.0,0.2,0.8,1.6,H,2.0
2020-02-21,2019-20,Clausura,7,False,Tijuana,Guadalajara,0.0,1.0,0.0,1.0,footballcsv,574,1452.6164928448068,1478.880059916707,-26.263567071900297,2,0,1,3.0,3.0,3,2,0,1,3.0,3.0,3,0.0,2.0,3.0,4.0,-1.0,1.0,1.3333333333333333,0.0,3.0,3.0,7.0,-4.0,0.6,1.4,2.0,9.0,7.0,17.0,-10.0,0.7,1.7,0.0,0.2,0.2,60,7.0,0.2,0.8,1.6,0.0,1.0,3.0,7.0,-4.0,1.0,2.3333333333333335,0.0,3.0,5.0,9.0,-4.0,1.0,1.8,4.0,15.0,16.0,14.0,2.0,1.6,1.4,0.0,0.2,0.2,58,6.0,0.4,1.4,1.4,A,1.0
2020-02-21,2019-20,Clausura,7,False,Atlas,Pachuca,0.0,2.0,0.0,0.0,footballcsv,575,1420.3117925488816,1533.8236547541414,-113.51186220525983,0,1,2,1.0,4.0,3,0,1,2,1.0,4.0,3,1.0,3.0,3.0,6.0,-3.0,1.0,2.0,1.0,3.0,4.0,9.0,-5.0,0.8,1.8,2.0,6.0,8.0,21.0,-13.0,0.8,2.1,0.0,0.0,0.0,58,6.0,0.2,0.8,1.8,2.0,6.0,4.0,3.0,1.0,1.3333333333333333,1.0,2.0,7.0,4.0,6.0,-2.0,0.8,1.2,4.0,14.0,11.0,12.0,-1.0,1.1,1.2,0.6666666666666666,0.6,0.5,60,6.0,0.2,0.8,1.8,A,2.0
2020-02-22,2019-20,Clausura,7,False,León,Necaxa,2.0,1.0,1.0,0.0,footballcsv,576,1607.5316222086121,1528.698311050893,78.83331115771921,3,0,0,8.0,3.0,3,3,0,0,8.0,3.0,3,2.0,6.0,6.0,5.0,1.0,2.0,1.6666666666666667,3.0,9.0,11.0,8.0,3.0,2.2,1.6,6.0,19.0,24.0,15.0,9.0,2.4,1.5,0.0,0.2,0.2,66,8.0,0.8,2.8,0.8,0.0,1.0,5.0,7.0,-2.0,1.6666666666666667,2.3333333333333335,1.0,5.0,8.0,8.0,0.0,1.6,1.6,4.0,14.0,18.0,15.0,3.0,1.8,1.5,0.0,0.2,0.2,64,6.0,0.4,1.6,2.2,H,3.0
2020-02-22,2019-20,Clausura,7,False,Cruz Azul,Tigres UANL,2.0,1.0,1.0,0.0,footballcsv,577,1560.8876994778743,1586.020181165133,-25.132481687258633,2,1,0,3.0,1.0,3,2,1,0,3.0,1.0,3,2.0,7.0,8.0,5.0,3.0,2.6666666666666665,1.6666666666666667,3.0,10.0,12.0,7.0,5.0,2.4,1.4,5.0,17.0,19.0,14.0,5.0,1.9,1.4,0.0,0.2,0.2,66,7.0,0.8,2.2,0.8,1.0,3.0,4.0,4.0,0.0,1.3333333333333333,1.3333333333333333,2.0,6.0,6.0,6.0,0.0,1.2,1.2,4.0,14.0,12.0,12.0,0.0,1.2,1.2,0.3333333333333333,0.2,0.3,68,6.0,0.4,1.0,1.4,H,3.0
2020-02-22,2019-20,Clausura,7,False,Monterrey,América,0.0,1.0,0.0,1.0,footballcsv,578,1544.7308856763257,1608.0170036708578,-63.286117994532106,2,0,3,8.0,12.0,5,2,0,3,8.0,12.0,5,0.0,2.0,4.0,6.0,-2.0,1.3333333333333333,2.0,0.0,2.0,5.0,9.0,-4.0,1.0,1.8,3.0,12.0,13.0,15.0,-2.0,1.3,1.5,0.0,0.0,0.1,72,7.0,0.4,1.6,1.4,3.0,9.0,5.0,1.0,4.0,1.6666666666666667,0.3333333333333333,3.0,10.0,6.0,4.0,2.0,1.2,0.8,7.0,22.0,14.0,7.0,7.0,1.4,0.7,0.6666666666666666,0.6,0.6,74,7.0,0.6,1.2,0.6,A,1.0
2020-02-23,2019-20,Clausura,7,False,Querétaro,Atlético San Luis,0.0,1.0,0.0,1.0,footballcsv,581,1508.6390740085446,1478.9477636411887,29.69131036735598,1,0,0,2.0,0.0,1,1,0,0,2.0,0.0,1,2.0,6.0,6.0,5.0,1.0,2.0,1.6666666666666667,4.0,12.0,10.0,5.0,5.0,2.0,1.0,5.0,15.0,18.0,18.0,0.0,1.8,1.8,0.0,0.4,0.2,62,7.0,0.4,1.8,1.2,1.0,4.0,5.0,7.0,-2.0,1.6666666666666667,2.3333333333333335,2.0,8.0,8.0,9.0,-1.0,1.6,1.8,3.0,12.0,11.0,16.0,-5.0,1.1,1.6,0.0,0.0,0.1,24,9.0,0.2,0.8,1.8,A,1.0
2020-02-23,2019-20,Clausura,7,False,FC Juárez,Santos Laguna,1.0,2.0,0.0,1.0,footballcsv,579,1496.3588442637138,1536.2330533930092,-39.87420912929542,0,0,1,0.0,3.0,1,0,0,1,0.0,3.0,1,2.0,7.0,6.0,3.0,3.0,2.0,1.0,3.0,11.0,13.0,7.0,6.0,2.6,1.4,4.0,15.0,19.0,18.0,1.0,1.9,1.8,0.0,0.2,0.2,24,8.0,0.6,2.6,1.4,1.0,5.0,5.0,4.0,1.0,1.6666666666666667,1.3333333333333333,2.0,8.0,8.0,9.0,-1.0,1.6,1.8,3.0,13.0,17.0,20.0,-3.0,1.7,2.0,0.0,0.0,0.0,62,7.0,0.0,1.4,2.8,A,3.0
2020-02-23,2019-20,Clausura,7,False,Pumas UNAM,Monarcas Morelia,1.0,2.0,1.0,0.0,footballcsv,580,1524.3908116273362,1471.6083065627236,52.78250506461268,0,2,1,2.0,4.0,3,0,2,1,2.0,4.0,3,2.0,7.0,8.0,3.0,5.0,2.6666666666666665,1.0,3.0,11.0,13.0,7.0,6.0,2.6,1.4,5.0,19.0,22.0,13.0,9.0,2.2,1.3,0.3333333333333333,0.4,0.2,62,8.0,0.8,2.6,0.6,1.0,4.0,5.0,4.0,1.0,1.6666666666666667,1.3333333333333333,1.0,5.0,7.0,9.0,-2.0,1.4,1.8,2.0,9.0,12.0,18.0,-6.0,1.2,1.8,0.0,0.0,0.0,62,9.0,0.4,1.4,1.8,A,3.0
2020-02-28,2019-20,Clausura,8,False,Tijuana,Puebla,0.0,1.0,0.0,0.0,footballcsv,582,1444.6214262519336,1448.9088950271992,-4.287468775265552,2,1,0,7.0,1.0,3,2,1,0,7.0,1.0,3,0.0,2.0,2.0,3.0,-1.0,0.6666666666666666,1.0,0.0,3.0,3.0,5.0,-2.0,0.6,1.0,1.0,6.0,6.0,18.0,-12.0,0.6,1.8,0.0,0.2,0.1,61,7.0,0.2,0.8,1.0,1.0,4.0,4.0,3.0,1.0,1.3333333333333333,1.0,1.0,4.0,4.0,6.0,-2.0,0.8,1.2,3.0,11.0,11.0,11.0,0.0,1.1,1.1,0.3333333333333333,0.2,0.3,59,7.0,0.2,0.6,1.4,A,1.0
2020-02-28,2019-20,Clausura,8,False,Atlético San Luis,FC Juárez,0.0,3.0,0.0,3.0,footballcsv,583,1487.9976946958216,1488.6303880103112,-0.6326933144896429,1,0,0,2.0,1.0,1,1,0,0,2.0,1.0,1,2.0,6.0,4.0,5.0,-1.0,1.3333333333333333,1.6666666666666667,2.0,8.0,7.0,8.0,-1.0,1.4,1.6,4.0,15.0,12.0,15.0,-3.0,1.2,1.5,0.3333333333333333,0.2,0.2,25,5.0,0.4,1.4,1.4,1.0,4.0,4.0,4.0,0.0,1.3333333333333333,1.3333333333333333,3.0,10.0,10.0,5.0,5.0,2.0,1.0,4.0,15.0,19.0,14.0,5.0,1.9,1.4,0.0,0.2,0.2,25,5.0,0.2,1.2,2.2,A,3.0
2020-02-28,2019-20,Clausura,8,False,Toluca,Monterrey,2.0,0.0,0.0,0.0,footballcsv,584,1463.3434421870975,1537.4662225679003,-74.12278038080285,1,0,2,6.0,5.0,3,1,0,2,6.0,5.0,3,0.0,1.0,3.0,6.0,-3.0,1.0,2.0,0.0,3.0,8.0,11.0,-3.0,1.6,2.2,1.0,7.0,14.0,23.0,-9.0,1.4,2.3,0.0,0.0,0.1,61,7.0,0.0,2.0,2.8,0.0,1.0,2.0,5.0,-3.0,0.6666666666666666,1.6666666666666667,0.0,2.0,5.0,9.0,-4.0,1.0,1.8,2.0,9.0,11.0,15.0,-4.0,1.1,1.5,0.0,0.0,0.1,73,6.0,0.2,1.0,1.6,H,2.0
2020-02-28,2019-20,Clausura,8,False,Monarcas Morelia,Cruz Azul,2.0,4.0,0.0,2.0,footballcsv,585,1481.0669798848771,1566.5913065902316,-85.5243267053545,1,1,1,4.0,5.0,3,1,1,1,4.0,5.0,3,2.0,7.0,6.0,3.0,3.0,2.0,1.0,2.0,7.0,7.0,8.0,-1.0,1.4,1.6,3.0,11.0,11.0,16.0,-5.0,1.1,1.6,0.0,0.0,0.0,63,5.0,0.0,1.0,1.8,3.0,9.0,7.0,3.0,4.0,2.3333333333333335,1.0,4.0,13.0,13.0,6.0,7.0,2.6,1.2,6.0,19.0,20.0,14.0,6.0,2.0,1.4,0.0,0.2,0.2,67,6.0,0.2,1.6,2.0,A,6.0
2020-02-29,2019-20,Clausura,8,False,Pachuca,Querétaro,1.0,1.0,1.0,0.0,footballcsv,586,1543.6043995600176,1499.5891429539117,44.01525660610582,1,0,2,4.0,3.0,3,1,0,2,4.0,3.0,3,2.0,6.0,4.0,3.0,1.0,1.3333333333333333,1.0,3.0,9.0,6.0,6.0,0.0,1.2,1.2,5.0,17.0,11.0,9.0,2.0,1.1,0.9,0.6666666666666666,0.6,0.6,61,8.0,0.6,1.4,0.6,1.0,3.0,4.0,5.0,-1.0,1.3333333333333333,1.6666666666666667,3.0,9.0,7.0,6.0,1.0,1.4,1.2,5.0,15.0,16.0,16.0,0.0,1.6,1.6,0.0,0.2,0.2,63,6.0,0.6,1.4,1.8,D,2.0
2020-02-29,2019-20,Clausura,8,False,América,Necaxa,0.0,3.0,0.0,2.0,footballcsv,587,1615.2816667792831,1524.9989678939544,90.28269888532873,0,1,2,4.0,7.0,3,0,1,2,4.0,7.0,3,3.0,9.0,5.0,1.0,4.0,1.6666666666666667,0.3333333333333333,4.0,12.0,7.0,4.0,3.0,1.4,0.8,7.0,22.0,13.0,7.0,6.0,1.3,0.7,0.6666666666666666,0.6,0.6,75,7.0,0.8,1.6,0.8,0.0,0.0,4.0,7.0,-3.0,1.3333333333333333,2.3333333333333335,1.0,4.0,8.0,9.0,-1.0,1.6,1.8,3.0,11.0,16.0,17.0,-1.0,1.6,1.7,0.0,0.2,0.1,65,7.0,0.4,1.8,2.0,A,3.0
2020-02-29,2019-20,Clausura,8,False,Tigres UANL,Pumas UNAM,3.0,0.0,1.0,0.0,footballcsv,588,1580.3165740527756,1514.9321383051827,65.38443574759299,3,1,1,9.0,7.0,5,3,1,1,9.0,7.0,5,1.0,3.0,5.0,4.0,1.0,1.6666666666666667,1.3333333333333333,2.0,6.0,7.0,7.0,0.0,1.4,1.4,4.0,13.0,13.0,14.0,-1.0,1.3,1.4,0.3333333333333333,0.2,0.2,69,7.0,0.4,1.4,1.0,2.0,6.0,8.0,4.0,4.0,2.6666666666666665,1.3333333333333333,3.0,10.0,10.0,5.0,5.0,2.0,1.0,4.0,16.0,18.0,14.0,4.0,1.8,1.4,0.3333333333333333,0.4,0.2,63,6.0,0.2,1.8,2.0,H,3.0
2020-03-01,2019-20,Clausura,8,False,Santos Laguna,Atlas,1.0,0.0,1.0,0.0,footballcsv,589,1543.9615096464117,1410.5310477430055,133.43046190340624,2,0,1,5.0,3.0,3,2,0,1,5.0,3.0,3,2.0,7.0,6.0,4.0,2.0,2.0,1.3333333333333333,2.0,8.0,7.0,8.0,-1.0,1.4,1.6,3.0,13.0,16.0,20.0,-4.0,1.6,2.0,0.0,0.0,0.0,63,7.0,0.6,2.0,1.2,0.0,0.0,1.0,7.0,-6.0,0.3333333333333333,2.3333333333333335,1.0,3.0,4.0,10.0,-6.0,0.8,2.0,2.0,6.0,8.0,21.0,-13.0,0.8,2.1,0.0,0.0,0.0,59,9.0,0.2,0.8,2.4,H,1.0
2020-03-01,2019-20,Clausura,8,False,Guadalajara,León,2.0,0.0,0.0,0.0,footballcsv,590,1486.8751265095802,1611.2309653655507,-124.35583885597043,2,0,1,6.0,5.0,3,2,0,1,6.0,5.0,3,1.0,3.0,2.0,5.0,-3.0,0.6666666666666666,1.6666666666666667,1.0,5.0,6.0,9.0,-3.0,1.2,1.8,5.0,18.0,17.0,13.0,4.0,1.7,1.3,0.3333333333333333,0.2,0.3,59,9.0,0.6,2.2,1.4,2.0,6.0,6.0,5.0,1.0,2.0,1.6666666666666667,4.0,12.0,11.0,6.0,5.0,2.2,1.2,6.0,19.0,22.0,16.0,6.0,2.2,1.6,0.0,0.2,0.1,67,8.0,0.4,2.0,2.2,H,2.0
2020-03-06,2019-20,Clausura,9,False,Pumas UNAM,América,3.0,3.0,1.0,1.0,footballcsv,591,1507.0730639195908,1595.1207030612914,-88.04763914170053,1,3,1,6.0,10.0,5,1,3,1,6.0,10.0,5,1.0,3.0,4.0,7.0,-3.0,1.3333333333333333,2.3333333333333335,2.0,7.0,9.0,8.0,1.0,1.8,1.6,4.0,15.0,17.0,16.0,1.0,1.7,1.6,0.0,0.2,0.2,64,6.0,0.6,1.8,0.8,2.0,6.0,3.0,3.0,0.0,1.0,1.0,4.0,12.0,6.0,4.0,2.0,1.2,0.8,6.0,19.0,11.0,10.0,1.0,1.1,1.0,0.6666666666666666,0.6,0.5,76,6.0,0.6,1.0,0.6,D,6.0
2020-03-06,2019-20,Clausura,9,False,Puebla,Tigres UANL,0.0,0.0,0.0,0.0,footballcsv,592,1457.3273959099317,1588.1756484383675,-130.84825252843575,1,1,1,3.0,7.0,3,1,1,1,3.0,7.0,3,2.0,6.0,3.0,1.0,2.0,1.0,0.3333333333333333,2.0,7.0,5.0,4.0,1.0,1.0,0.8,4.0,13.0,11.0,10.0,1.0,1.1,1.0,0.6666666666666666,0.4,0.4,60,7.0,0.4,1.4,0.8,1.0,3.0,5.0,4.0,1.0,1.6666666666666667,1.3333333333333333,2.0,6.0,8.0,6.0,2.0,1.6,1.2,4.0,13.0,14.0,13.0,1.0,1.4,1.3,0.3333333333333333,0.4,0.3,70,6.0,0.2,0.8,1.6,D,0.0
2020-03-06,2019-20,Clausura,9,False,Querétaro,Toluca,1.0,1.0,0.0,1.0,footballcsv,593,1503.0143421789176,1474.1149658349202,28.899376343997346,1,1,1,2.0,4.0,3,1,1,1,2.0,4.0,3,1.0,4.0,4.0,4.0,0.0,1.3333333333333333,1.3333333333333333,2.0,7.0,7.0,7.0,0.0,1.4,1.4,4.0,13.0,14.0,16.0,-2.0,1.4,1.6,0.0,0.0,0.2,64,6.0,0.4,1.8,1.4,1.0,3.0,4.0,5.0,-1.0,1.3333333333333333,1.6666666666666667,1.0,5.0,8.0,9.0,-1.0,1.6,1.8,2.0,10.0,15.0,20.0,-5.0,1.5,2.0,0.3333333333333333,0.2,0.2,62,7.0,0.2,0.8,1.8,D,2.0
2020-03-07,2019-20,Clausura,9,False,Atlas,Guadalajara,1.0,2.0,0.0,2.0,footballcsv,597,1407.6697095640338,1499.256237181564,-91.58652761753024,0,0,3,0.0,5.0,3,0,0,3,0.0,5.0,3,0.0,0.0,0.0,5.0,-5.0,0.0,1.6666666666666667,1.0,3.0,3.0,9.0,-6.0,0.6,1.8,2.0,6.0,7.0,17.0,-10.0,0.7,1.7,0.0,0.0,0.0,60,6.0,0.2,0.8,1.8,2.0,6.0,4.0,2.0,2.0,1.3333333333333333,0.6666666666666666,2.0,7.0,6.0,7.0,-1.0,1.2,1.4,5.0,18.0,16.0,12.0,4.0,1.6,1.2,0.6666666666666666,0.4,0.4,60,6.0,0.4,1.2,1.2,A,3.0
2020-03-07,2019-20,Clausura,9,False,Monterrey,Atlético San Luis,2.0,2.0,1.0,0.0,footballcsv,596,1526.6946989200776,1471.0218946240702,55.67280429600737,0,0,1,0.0,1.0,1,0,0,1,0.0,1.0,1,0.0,1.0,1.0,4.0,-3.0,0.3333333333333333,1.3333333333333333,0.0,2.0,4.0,9.0,-5.0,0.8,1.8,1.0,6.0,10.0,17.0,-7.0,1.0,1.7,0.0,0.0,0.0,74,8.0,0.2,1.2,1.4,2.0,6.0,4.0,4.0,0.0,1.3333333333333333,1.3333333333333333,2.0,7.0,6.0,10.0,-4.0,1.2,2.0,3.0,12.0,10.0,17.0,-7.0,1.0,1.7,0.3333333333333333,0.2,0.2,26,8.0,0.2,0.6,1.6,D,4.0
2020-03-07,2019-20,Clausura,9,False,Pachuca,Santos Laguna,1.0,0.0,1.0,0.0,footballcsv,594,1540.1792003350117,1546.8228478253834,-6.643647490371677,0,3,0,3.0,3.0,3,0,3,0,3.0,3.0,3,2.0,7.0,4.0,1.0,3.0,1.3333333333333333,0.3333333333333333,3.0,10.0,7.0,4.0,3.0,1.4,0.8,4.0,15.0,10.0,9.0,1.0,1.0,0.9,0.6666666666666666,0.6,0.6,62,7.0,0.6,1.2,0.2,3.0,9.0,5.0,2.0,3.0,1.6666666666666667,0.6666666666666666,3.0,11.0,8.0,5.0,3.0,1.6,1.0,4.0,15.0,15.0,18.0,-3.0,1.5,1.8,0.3333333333333333,0.2,0.1,64,6.0,0.2,1.4,2.6,H,1.0
2020-03-07,2019-20,Clausura,9,False,Cruz Azul,Tijuana,4.0,2.0,1.0,1.0,footballcsv,595,1577.375681465763,1436.202925369201,141.1727560965619,1,1,1,4.0,4.0,3,1,1,1,4.0,4.0,3,3.0,9.0,8.0,4.0,4.0,2.6666666666666665,1.3333333333333333,4.0,13.0,14.0,8.0,6.0,2.8,1.6,6.0,19.0,23.0,16.0,7.0,2.3,1.6,0.0,0.0,0.1,68,8.0,0.8,2.4,1.0,0.0,1.0,1.0,3.0,-2.0,0.3333333333333333,1.0,0.0,2.0,3.0,6.0,-3.0,0.6,1.2,1.0,6.0,6.0,16.0,-10.0,0.6,1.6,0.0,0.0,0.1,62,8.0,0.2,0.6,1.8,H,6.0
2020-03-08,2019-20,Clausura,9,False,Necaxa,Monarcas Morelia,1.0,2.0,1.0,2.0,footballcsv,598,1545.1599316119461,1470.2826050093458,74.8773266026003,1,1,1,4.0,4.0,3,1,1,1,4.0,4.0,3,1.0,3.0,6.0,5.0,1.0,2.0,1.6666666666666667,1.0,4.0,9.0,9.0,0.0,1.8,1.8,3.0,11.0,16.0,15.0,1.0,1.6,1.5,0.3333333333333333,0.2,0.2,66,8.0,0.2,1.4,1.4,1.0,4.0,5.0,6.0,-1.0,1.6666666666666667,2.0,2.0,7.0,9.0,9.0,0.0,1.8,1.8,2.0,8.0,11.0,19.0,-8.0,1.1,1.9,0.0,0.0,0.0,64,9.0,0.4,1.4,1.8,A,3.0
2020-03-08,2019-20,Clausura,9,False,FC Juárez,León,1.0,4.0,1.0,0.0,footballcsv,599,1505.6061880820625,1598.8498546935668,-93.2436666115043,0,0,1,1.0,3.0,1,0,0,1,1.0,3.0,1,1.0,4.0,5.0,3.0,2.0,1.6666666666666667,1.0,3.0,10.0,10.0,5.0,5.0,2.0,1.0,4.0,15.0,19.0,14.0,5.0,1.9,1.4,0.3333333333333333,0.2,0.2,26,9.0,0.4,2.2,1.8,1.0,3.0,3.0,6.0,-3.0,1.0,2.0,3.0,9.0,8.0,8.0,0.0,1.6,1.6,5.0,16.0,20.0,17.0,3.0,2.0,1.7,0.0,0.0,0.1,68,7.0,0.2,1.6,2.4,A,5.0
2020-03-13,2019-20,Clausura,10,False,Monarcas Morelia,Querétaro,4.0,0.0,1.0,0.0,footballcsv,600,1480.1143296430503,1499.9787304504825,-19.864400807432276,0,0,3,2.0,10.0,3,0,0,3,2.0,10.0,3,2.0,6.0,6.0,6.0,0.0,2.0,2.0,3.0,10.0,10.0,8.0,2.0,2.0,1.6,3.0,11.0,13.0,18.0,-5.0,1.3,1.8,0.0,0.0,0.0,65,5.0,0.0,0.8,2.0,0.0,2.0,2.0,3.0,-1.0,0.6666666666666666,1.0,1.0,5.0,6.0,7.0,-1.0,1.2,1.4,4.0,14.0,15.0,14.0,1.0,1.5,1.4,0.0,0.0,0.2,65,7.0,0.6,1.6,1.4,H,4.0
2020-03-13,2019-20,Clausura,10,False,Tijuana,Pachuca,3.0,2.0,1.0,1.0,footballcsv,601,1431.8362675651272,1545.491421302344,-113.65515373721678,1,0,2,2.0,8.0,3,1,0,2,2.0,8.0,3,0.0,0.0,2.0,6.0,-4.0,0.6666666666666666,2.0,0.0,2.0,4.0,8.0,-4.0,0.8,1.6,1.0,6.0,8.0,16.0,-8.0,0.8,1.6,0.0,0.0,0.1,63,6.0,0.2,0.6,0.8,2.0,7.0,4.0,1.0,3.0,1.3333333333333333,0.3333333333333333,3.0,10.0,6.0,4.0,2.0,1.2,0.8,5.0,17.0,11.0,9.0,2.0,1.1,0.9,0.6666666666666666,0.6,0.6,63,6.0,0.2,0.8,1.6,H,5.0
2020-03-14,2019-20,Clausura,10,False,Guadalajara,Monterrey,1.0,1.0,1.0,0.0,footballcsv,602,1505.9215355340516,1522.9768066248812,-17.055271090829592,1,1,1,5.0,5.0,3,1,1,1,5.0,5.0,3,3.0,9.0,5.0,1.0,4.0,1.6666666666666667,0.3333333333333333,3.0,9.0,6.0,6.0,0.0,1.2,1.2,5.0,18.0,15.0,11.0,4.0,1.5,1.1,0.6666666666666666,0.4,0.4,61,7.0,0.6,2.0,1.0,0.0,1.0,2.0,5.0,-3.0,0.6666666666666666,1.6666666666666667,0.0,2.0,4.0,9.0,-5.0,0.8,1.8,0.0,4.0,10.0,18.0,-8.0,1.0,1.8,0.0,0.0,0.0,75,7.0,0.0,0.8,2.0,D,2.0
2020-03-14,2019-20,Clausura,10,False,León,Pumas UNAM,3.0,1.0,2.0,1.0,footballcsv,603,1612.104828807867,1507.3046521776105,104.8001766302566,2,0,1,6.0,4.0,3,2,0,1,6.0,4.0,3,2.0,6.0,6.0,4.0,2.0,2.0,1.3333333333333333,3.0,9.0,10.0,8.0,2.0,2.0,1.6,6.0,18.0,21.0,15.0,6.0,2.1,1.5,0.0,0.0,0.1,69,6.0,0.8,2.4,1.0,0.0,1.0,4.0,8.0,-4.0,1.3333333333333333,2.6666666666666665,2.0,7.0,11.0,10.0,1.0,2.2,2.0,4.0,15.0,19.0,18.0,1.0,1.9,1.8,0.0,0.2,0.2,65,8.0,0.2,1.6,2.4,H,4.0
2020-03-14,2019-20,Clausura,10,False,Tigres UANL,FC Juárez,3.0,2.0,0.0,1.0,footballcsv,604,1586.7224785505466,1492.3512139677623,94.3712645827843,1,0,0,2.0,1.0,1,1,0,0,2.0,1.0,1,1.0,4.0,4.0,2.0,2.0,1.3333333333333333,0.6666666666666666,2.0,7.0,8.0,4.0,4.0,1.6,0.8,3.0,11.0,12.0,12.0,0.0,1.2,1.2,0.6666666666666666,0.6,0.4,71,8.0,0.6,2.0,1.0,1.0,3.0,5.0,6.0,-1.0,1.6666666666666667,2.0,2.0,7.0,8.0,8.0,0.0,1.6,1.6,4.0,14.0,19.0,17.0,2.0,1.9,1.7,0.3333333333333333,0.2,0.2,27,6.0,0.4,1.6,1.0,H,5.0
2020-03-14,2019-20,Clausura,10,False,Atlético San Luis,Puebla,0.0,1.0,0.0,1.0,footballcsv,605,1474.7397869192666,1458.7805657977526,15.95922112151402,1,0,0,3.0,1.0,1,1,0,0,3.0,1.0,1,1.0,4.0,3.0,5.0,-2.0,1.0,1.6666666666666667,2.0,7.0,6.0,10.0,-4.0,1.2,2.0,3.0,13.0,12.0,17.0,-5.0,1.2,1.7,0.3333333333333333,0.2,0.2,27,7.0,0.4,1.4,1.8,2.0,7.0,3.0,0.0,3.0,1.0,0.0,2.0,8.0,5.0,3.0,2.0,1.0,0.6,4.0,14.0,9.0,7.0,2.0,0.9,0.7,1.0,0.6,0.5,61,8.0,0.4,0.8,1.2,A,1.0
2020-03-15,2019-20,Clausura,10,False,Santos Laguna,Necaxa,2.0,1.0,1.0,1.0,footballcsv,606,1541.5106268580512,1535.3282069782417,6.1824198798094585,1,0,2,2.0,5.0,3,1,0,2,2.0,5.0,3,2.0,6.0,3.0,2.0,1.0,1.0,0.6666666666666666,3.0,10.0,7.0,5.0,2.0,1.4,1.0,4.0,15.0,13.0,14.0,-1.0,1.3,1.4,0.3333333333333333,0.2,0.1,65,8.0,0.6,1.6,1.0,1.0,3.0,5.0,4.0,1.0,1.6666666666666667,1.3333333333333333,1.0,3.0,8.0,9.0,-1.0,1.6,1.8,3.0,11.0,16.0,15.0,1.0,1.6,1.5,0.3333333333333333,0.2,0.2,67,7.0,0.4,1.8,1.6,H,3.0
2020-03-15,2019-20,Clausura,10,False,América,Cruz Azul,0.0,1.0,0.0,0.0,footballcsv,607,1594.8891148032717,1581.7423392698367,13.146775533434948,2,1,2,7.0,7.0,5,2,3,2,7.0,7.0,7,1.0,4.0,4.0,6.0,-2.0,1.3333333333333333,2.0,3.0,10.0,8.0,7.0,1.0,1.6,1.4,6.0,20.0,13.0,11.0,2.0,1.3,1.1,0.3333333333333333,0.4,0.5,77,9.0,0.6,1.2,1.4,3.0,9.0,10.0,5.0,5.0,3.3333333333333335,1.6666666666666667,5.0,15.0,15.0,7.0,8.0,3.0,1.4,7.0,22.0,26.0,15.0,11.0,2.6,1.5,0.0,0.0,0.1,69,8.0,0.4,2.2,2.2,A,1.0
2020-03-15,2019-20,Clausura,10,False,Toluca,Atlas,2.0,3.0,1.0,1.0,footballcsv,608,1477.1505775633552,1401.0044112115463,76.14616635180892,2,0,1,3.0,2.0,3,2,0,1,3.0,2.0,3,1.0,4.0,3.0,3.0,0.0,1.0,1.0,1.0,5.0,6.0,7.0,-1.0,1.2,1.4,2.0,11.0,16.0,17.0,-1.0,1.6,1.7,0.3333333333333333,0.2,0.2,63,9.0,0.2,2.2,2.2,0.0,0.0,1.0,5.0,-4.0,0.3333333333333333,1.6666666666666667,0.0,0.0,2.0,10.0,-8.0,0.4,2.0,2.0,6.0,7.0,17.0,-10.0,0.7,1.7,0.0,0.0,0.0,61,8.0,0.2,0.6,1.6,A,5.0
2020-07-24,2020-21,Apertura,1,False,Necaxa,Tigres UANL,0.0,3.0,0.0,2.0,footballcsv,609,1530.2794679634053,1590.1675028255056,-59.88803486210031,0,1,2,4.0,7.0,3,0,1,2,4.0,7.0,3,1.0,3.0,5.0,4.0,1.0,1.6666666666666667,1.3333333333333333,1.0,3.0,8.0,9.0,-1.0,1.6,1.8,3.0,11.0,17.0,16.0,1.0,1.7,1.6,0.3333333333333333,0.2,0.2,68,131.0,0.2,1.6,1.6,2.0,7.0,6.0,2.0,4.0,2.0,0.6666666666666666,2.0,7.0,8.0,6.0,2.0,1.6,1.2,4.0,14.0,13.0,10.0,3.0,1.3,1.0,0.6666666666666666,0.4,0.4,72,132.0,0.0,0.4,1.4,A,3.0
2020-07-25,2020-21,Apertura,1,False,Guadalajara,León,0.0,0.0,0.0,0.0,footballcsv,612,1504.1294051640357,1617.3057001560499,-113.17629499201416,3,0,1,8.0,5.0,4,3,0,1,8.0,5.0,4,2.0,7.0,5.0,2.0,3.0,1.6666666666666667,0.6666666666666666,3.0,10.0,7.0,4.0,3.0,1.4,0.8,4.0,16.0,13.0,11.0,2.0,1.3,1.1,0.3333333333333333,0.4,0.4,62,133.0,0.4,1.6,1.0,2.0,6.0,7.0,4.0,3.0,2.3333333333333335,1.3333333333333333,3.0,9.0,10.0,8.0,2.0,2.0,1.6,7.0,21.0,23.0,14.0,9.0,2.3,1.4,0.0,0.0,0.1,70,133.0,0.4,1.8,2.0,D,0.0
2020-07-25,2020-21,Apertura,1,False,Tijuana,Atlas,3.0,1.0,1.0,1.0,footballcsv,611,1439.4370802335302,1410.856985941264,28.580094292266267,2,1,1,7.0,5.0,4,2,1,1,7.0,5.0,4,1.0,3.0,5.0,7.0,-2.0,1.6666666666666667,2.3333333333333335,1.0,4.0,6.0,9.0,-3.0,1.2,1.8,2.0,9.0,10.0,16.0,-6.0,1.0,1.6,0.0,0.0,0.1,64,134.0,0.2,0.8,1.0,1.0,3.0,4.0,5.0,-1.0,1.3333333333333333,1.6666666666666667,1.0,3.0,4.0,9.0,-5.0,0.8,1.8,3.0,9.0,10.0,17.0,-7.0,1.0,1.7,0.0,0.0,0.0,62,132.0,0.4,1.2,1.6,H,4.0
2020-07-25,2020-21,Apertura,1,False,Cruz Azul,Santos Laguna,2.0,0.0,1.0,0.0,footballcsv,610,1590.4888454425234,1546.5593658728876,43.92947956963576,1,1,2,6.0,6.0,4,1,1,2,6.0,6.0,4,3.0,9.0,9.0,4.0,5.0,3.0,1.3333333333333333,5.0,15.0,13.0,6.0,7.0,2.6,1.2,7.0,22.0,24.0,14.0,10.0,2.4,1.4,0.3333333333333333,0.2,0.2,70,132.0,0.8,2.6,1.2,2.0,6.0,3.0,2.0,1.0,1.0,0.6666666666666666,4.0,12.0,7.0,4.0,3.0,1.4,0.8,5.0,17.0,14.0,14.0,0.0,1.4,1.4,0.3333333333333333,0.2,0.1,66,132.0,0.2,1.0,1.8,H,2.0
2020-07-26,2020-21,Apertura,1,False,Pumas UNAM,Querétaro,3.0,2.0,1.0,0.0,footballcsv,613,1502.1037808294277,1486.997381854933,15.106398974494596,1,0,2,2.0,4.0,3,1,0,2,2.0,4.0,3,0.0,1.0,4.0,9.0,-5.0,1.3333333333333333,3.0,1.0,4.0,8.0,13.0,-5.0,1.6,2.6,4.0,15.0,20.0,19.0,1.0,2.0,1.9,0.0,0.0,0.2,66,134.0,0.6,2.2,1.2,0.0,2.0,2.0,6.0,-4.0,0.6666666666666666,2.0,1.0,5.0,5.0,9.0,-4.0,1.0,1.8,4.0,14.0,13.0,15.0,-2.0,1.3,1.5,0.0,0.0,0.2,66,135.0,0.6,1.4,1.6,H,5.0
2020-07-27,2020-21,Apertura,1,False,Pachuca,América,1.0,2.0,0.0,0.0,footballcsv,614,1537.890608633941,1586.142608630585,-48.251999996644145,0,1,2,2.0,7.0,3,0,1,2,2.0,7.0,3,1.0,4.0,4.0,4.0,0.0,1.3333333333333333,1.3333333333333333,3.0,10.0,7.0,4.0,3.0,1.4,0.8,4.0,14.0,11.0,12.0,-1.0,1.1,1.2,0.3333333333333333,0.6,0.5,64,136.0,0.6,1.0,0.2,0.0,1.0,3.0,7.0,-4.0,1.0,2.3333333333333335,2.0,7.0,6.0,7.0,-1.0,1.2,1.4,5.0,17.0,11.0,11.0,0.0,1.1,1.1,0.0,0.4,0.5,78,134.0,0.6,1.4,0.8,A,3.0
2020-07-27,2020-21,Apertura,1,False,Mazatlán FC,Puebla,1.0,4.0,1.0,1.0,footballcsv,615,1500.0,1467.5792223639949,32.42077763600514,0,0,0,0.0,0.0,0,0,0,0,0.0,0.0,0,,,,,,,,,,,,,,,,,,,,,,,,,0,,,,,2.0,7.0,2.0,0.0,2.0,0.6666666666666666,0.0,3.0,10.0,4.0,1.0,3.0,0.8,0.2,4.0,14.0,7.0,7.0,0.0,0.7,0.7,1.0,0.8,0.5,62,135.0,0.6,0.6,0.6,A,5.0
2020-07-27,2020-21,Apertura,1,False,Atlético San Luis,FC Juárez,1.0,1.0,1.0,0.0,footballcsv,616,1465.9411303530244,1488.9061896928033,-22.965059339778918,1,0,1,2.0,4.0,2,1,0,1,2.0,4.0,2,0.0,1.0,2.0,6.0,-4.0,0.6666666666666666,2.0,2.0,7.0,6.0,7.0,-1.0,1.2,1.4,3.0,13.0,11.0,15.0,-4.0,1.1,1.5,0.0,0.2,0.2,28,135.0,0.4,1.4,1.6,1.0,3.0,6.0,7.0,-1.0,2.0,2.3333333333333335,1.0,4.0,8.0,10.0,-2.0,1.6,2.0,4.0,14.0,20.0,18.0,2.0,2.0,1.8,0.3333333333333333,0.2,0.2,28,135.0,0.4,1.8,1.4,D,2.0
2020-07-28,2020-21,Apertura,1,False,Monterrey,Toluca,3.0,1.0,2.0,0.0,footballcsv,617,1524.768936994897,1467.2980028336376,57.47093416125949,2,0,2,5.0,8.0,4,2,0,2,5.0,8.0,4,0.0,2.0,3.0,5.0,-2.0,1.0,1.6666666666666667,0.0,3.0,4.0,7.0,-3.0,0.8,1.4,0.0,5.0,10.0,17.0,-7.0,1.0,1.7,0.0,0.0,0.0,76,136.0,0.0,1.2,1.6,1.0,4.0,5.0,4.0,1.0,1.6666666666666667,1.3333333333333333,1.0,4.0,7.0,9.0,-2.0,1.4,1.8,2.0,10.0,16.0,18.0,-2.0,1.6,1.8,0.3333333333333333,0.2,0.2,64,135.0,0.2,1.0,1.2,H,4.0
2020-07-31,2020-21,Apertura,2,False,Puebla,Cruz Azul,1.0,1.0,0.0,0.0,footballcsv,618,1485.7775807861763,1597.3290756954495,-111.55149490927329,0,2,1,2.0,5.0,3,0,2,1,2.0,5.0,3,2.0,7.0,5.0,1.0,4.0,1.6666666666666667,0.3333333333333333,4.0,13.0,8.0,1.0,7.0,1.6,0.2,4.0,14.0,10.0,8.0,2.0,1.0,0.8,0.6666666666666666,0.8,0.4,63,4.0,0.2,0.8,0.8,3.0,9.0,7.0,2.0,5.0,2.3333333333333335,0.6666666666666666,5.0,15.0,13.0,5.0,8.0,2.6,1.0,8.0,25.0,25.0,12.0,13.0,2.5,1.2,0.6666666666666666,0.4,0.3,71,6.0,0.6,2.2,1.6,D,2.0
2020-07-31,2020-21,Apertura,2,False,FC Juárez,Necaxa,1.0,0.0,0.0,0.0,footballcsv,619,1490.533198327495,1515.6149368200454,-25.081738492550357,1,1,0,2.0,1.0,2,1,1,0,2.0,1.0,2,0.0,1.0,4.0,8.0,-4.0,1.3333333333333333,2.6666666666666665,1.0,4.0,8.0,10.0,-2.0,1.6,2.0,4.0,15.0,21.0,17.0,4.0,2.1,1.7,0.0,0.2,0.2,29,4.0,0.4,2.2,2.2,0.0,0.0,2.0,7.0,-5.0,0.6666666666666666,2.3333333333333335,1.0,3.0,6.0,9.0,-3.0,1.2,1.8,2.0,8.0,14.0,17.0,-3.0,1.4,1.7,0.0,0.2,0.2,69,7.0,0.4,1.8,1.6,H,1.0
2020-08-01,2020-21,Apertura,2,False,América,Tijuana,4.0,0.0,1.0,0.0,footballcsv,620,1593.7057080437853,1446.7371204101053,146.96858763368004,2,1,1,8.0,4.0,4,2,1,1,8.0,4.0,4,1.0,4.0,5.0,5.0,0.0,1.6666666666666667,1.6666666666666667,2.0,7.0,6.0,8.0,-2.0,1.2,1.6,5.0,17.0,12.0,12.0,0.0,1.2,1.2,0.0,0.2,0.4,79,5.0,0.4,0.8,1.4,2.0,6.0,8.0,7.0,1.0,2.6666666666666665,2.3333333333333335,2.0,6.0,8.0,9.0,-1.0,1.6,1.8,2.0,9.0,11.0,16.0,-5.0,1.1,1.6,0.0,0.0,0.1,65,7.0,0.0,0.8,2.6,H,4.0
2020-08-01,2020-21,Apertura,2,False,Tigres UANL,Pachuca,1.0,1.0,0.0,0.0,footballcsv,621,1604.8320339688653,1530.327509220741,74.50452474812437,1,3,1,5.0,4.0,5,1,4,1,6.0,5.0,6,2.0,7.0,6.0,2.0,4.0,2.0,0.6666666666666666,3.0,10.0,10.0,4.0,6.0,2.0,0.8,5.0,16.0,16.0,10.0,6.0,1.6,1.0,0.6666666666666666,0.6,0.4,73,8.0,0.8,2.2,0.6,1.0,3.0,4.0,5.0,-1.0,1.3333333333333333,1.6666666666666667,2.0,7.0,7.0,6.0,1.0,1.4,1.2,4.0,14.0,11.0,12.0,-1.0,1.1,1.2,0.3333333333333333,0.4,0.5,65,5.0,0.2,1.2,2.2,D,2.0
2020-08-02,2020-21,Apertura,2,False,Toluca,Atlético San Luis,3.0,2.0,2.0,1.0,footballcsv,622,1460.8483258106746,1464.3141217183327,-3.4657959076580482,1,0,0,3.0,1.0,1,1,0,0,3.0,1.0,1,0.0,1.0,4.0,7.0,-3.0,1.3333333333333333,2.3333333333333335,1.0,4.0,6.0,9.0,-3.0,1.2,1.8,1.0,7.0,16.0,21.0,-5.0,1.6,2.1,0.0,0.2,0.1,65,5.0,0.2,2.2,2.4,0.0,2.0,3.0,4.0,-1.0,1.0,1.3333333333333333,1.0,5.0,4.0,7.0,-3.0,0.8,1.4,3.0,13.0,12.0,16.0,-4.0,1.2,1.6,0.0,0.2,0.1,29,6.0,0.2,0.8,1.4,H,5.0
2020-08-02,2020-21,Apertura,2,False,Querétaro,Mazatlán FC,1.0,1.0,0.0,0.0,footballcsv,623,1482.1278170645162,1481.8016415778186,0.32617548669759344,0,0,0,0.0,0.0,0,0,0,0,0.0,0.0,0,0.0,1.0,3.0,8.0,-5.0,1.0,2.6666666666666665,0.0,2.0,4.0,10.0,-6.0,0.8,2.0,4.0,14.0,14.0,15.0,-1.0,1.4,1.5,0.0,0.0,0.2,67,7.0,0.2,1.4,1.4,0.0,0.0,1.0,4.0,-3.0,1.0,4.0,0.0,0.0,1.0,4.0,-3.0,1.0,4.0,0.0,0.0,1.0,4.0,-3.0,1.0,4.0,0.0,0.0,0.0,1,6.0,,,,D,2.0
2020-08-02,2020-21,Apertura,2,False,Santos Laguna,Guadalajara,2.0,0.0,1.0,0.0,footballcsv,624,1539.7191356199614,1505.0814039578233,34.637731662138094,3,0,0,6.0,1.0,3,3,0,0,6.0,1.0,3,1.0,3.0,2.0,4.0,-2.0,0.6666666666666666,1.3333333333333333,3.0,9.0,5.0,5.0,0.0,1.0,1.0,5.0,17.0,13.0,14.0,-1.0,1.3,1.4,0.0,0.2,0.1,67,8.0,0.8,1.8,1.0,1.0,5.0,3.0,2.0,1.0,1.0,0.6666666666666666,3.0,11.0,6.0,2.0,4.0,1.2,0.4,3.0,14.0,11.0,11.0,0.0,1.1,1.1,0.3333333333333333,0.6,0.4,63,8.0,0.4,1.0,1.2,H,2.0
2020-08-03,2020-21,Apertura,2,False,Atlas,Pumas UNAM,1.0,2.0,0.0,1.0,footballcsv,626,1403.5569457646889,1506.9733456198446,-103.41639985515576,0,1,2,3.0,10.0,3,0,1,2,3.0,10.0,3,1.0,3.0,5.0,7.0,-2.0,1.6666666666666667,2.3333333333333335,1.0,3.0,5.0,10.0,-5.0,1.0,2.0,2.0,6.0,9.0,19.0,-10.0,0.9,1.9,0.0,0.0,0.0,63,9.0,0.2,0.8,1.8,1.0,4.0,7.0,8.0,-1.0,2.3333333333333335,2.6666666666666665,1.0,4.0,8.0,13.0,-5.0,1.6,2.6,4.0,15.0,21.0,20.0,1.0,2.1,2.0,0.0,0.0,0.2,67,8.0,0.2,1.8,2.6,A,3.0
2020-08-03,2020-21,Apertura,2,False,León,Monterrey,1.0,0.0,0.0,0.0,footballcsv,625,1616.3537013622622,1531.21861401786,85.13508734440211,1,1,2,7.0,8.0,4,1,1,2,7.0,8.0,4,2.0,7.0,7.0,2.0,5.0,2.3333333333333335,0.6666666666666666,3.0,10.0,9.0,5.0,4.0,1.8,1.0,6.0,19.0,20.0,13.0,7.0,2.0,1.3,0.3333333333333333,0.2,0.2,71,9.0,1.0,2.8,0.8,1.0,5.0,6.0,4.0,2.0,2.0,1.3333333333333333,1.0,5.0,6.0,7.0,-1.0,1.2,1.4,1.0,7.0,11.0,16.0,-5.0,1.1,1.6,0.0,0.0,0.0,77,6.0,0.0,0.8,1.8,H,1.0
2020-08-06,2020-21,Apertura,3,False,Tijuana,Tigres UANL,0.0,0.0,0.0,0.0,footballcsv,627,1440.5201469039462,1600.6567091109785,-160.13656220703228,0,1,2,1.0,5.0,3,0,1,2,1.0,5.0,3,2.0,6.0,6.0,7.0,-1.0,2.0,2.3333333333333335,2.0,6.0,8.0,12.0,-4.0,1.6,2.4,2.0,9.0,11.0,17.0,-6.0,1.1,1.7,0.0,0.0,0.1,66,5.0,0.4,1.4,1.2,2.0,7.0,7.0,3.0,4.0,2.3333333333333335,1.0,3.0,11.0,10.0,3.0,7.0,2.0,0.6,5.0,17.0,17.0,10.0,7.0,1.7,1.0,0.3333333333333333,0.6,0.4,74,5.0,0.2,1.0,1.2,D,0.0
2020-08-06,2020-21,Apertura,3,False,Pachuca,Querétaro,1.0,0.0,1.0,0.0,footballcsv,628,1534.5028340786278,1479.8561751383918,54.646658940235966,1,1,2,5.0,4.0,4,1,1,2,5.0,4.0,4,0.0,1.0,4.0,6.0,-2.0,1.3333333333333333,2.0,1.0,5.0,6.0,7.0,-1.0,1.2,1.4,4.0,14.0,12.0,13.0,-1.0,1.2,1.3,0.0,0.2,0.4,66,5.0,0.6,1.2,0.6,0.0,1.0,3.0,8.0,-5.0,1.0,2.6666666666666665,0.0,3.0,5.0,10.0,-5.0,1.0,2.0,3.0,12.0,12.0,16.0,-4.0,1.2,1.6,0.0,0.0,0.1,68,4.0,0.4,1.6,2.2,H,1.0
2020-08-07,2020-21,Apertura,3,False,Mazatlán FC,Toluca,2.0,1.0,2.0,1.0,footballcsv,629,1484.073283503943,1466.0946284590889,17.978655044854122,0,0,0,0.0,0.0,0,0,0,0,0.0,0.0,0,0.0,1.0,2.0,5.0,-3.0,1.0,2.5,0.0,1.0,2.0,5.0,-3.0,1.0,2.5,0.0,1.0,2.0,5.0,-3.0,1.0,2.5,0.0,0.0,0.0,2,5.0,0.0,1.0,4.0,1.0,3.0,6.0,8.0,-2.0,2.0,2.6666666666666665,2.0,7.0,9.0,9.0,0.0,1.8,1.8,2.0,10.0,17.0,20.0,-3.0,1.7,2.0,0.0,0.2,0.1,66,5.0,0.0,1.0,1.8,H,3.0
2020-08-07,2020-21,Apertura,3,False,Necaxa,América,1.0,1.0,0.0,1.0,footballcsv,630,1509.9124214979315,1599.9226815499444,-90.01026005201288,3,1,0,10.0,4.0,4,3,1,0,10.0,4.0,4,0.0,0.0,1.0,6.0,-5.0,0.3333333333333333,2.0,1.0,3.0,5.0,8.0,-3.0,1.0,1.6,2.0,7.0,13.0,17.0,-4.0,1.3,1.7,0.0,0.2,0.2,70,7.0,0.2,1.4,2.0,2.0,6.0,6.0,2.0,4.0,2.0,0.6666666666666666,2.0,7.0,9.0,8.0,1.0,1.8,1.6,6.0,19.0,16.0,12.0,4.0,1.6,1.2,0.3333333333333333,0.2,0.4,80,6.0,0.8,1.8,1.0,D,2.0
2020-08-08,2020-21,Apertura,3,False,Monterrey,Santos Laguna,2.0,2.0,1.0,1.0,footballcsv,631,1527.623927434473,1546.835580889102,-19.21165345462896,3,1,1,13.0,5.0,5,4,1,2,14.0,6.0,7,1.0,4.0,4.0,3.0,1.0,1.3333333333333333,1.0,1.0,5.0,6.0,7.0,-1.0,1.2,1.4,1.0,7.0,11.0,16.0,-5.0,1.1,1.6,0.0,0.0,0.0,78,5.0,0.2,1.4,1.4,2.0,6.0,4.0,3.0,1.0,1.3333333333333333,1.0,3.0,9.0,5.0,4.0,1.0,1.0,0.8,5.0,17.0,12.0,12.0,0.0,1.2,1.2,0.3333333333333333,0.4,0.2,68,6.0,0.2,0.8,1.8,D,4.0
2020-08-08,2020-21,Apertura,3,False,Guadalajara,Puebla,0.0,1.0,0.0,0.0,footballcsv,632,1497.9649586886828,1486.6832176082212,11.281741080461643,0,2,1,4.0,6.0,3,0,2,1,4.0,6.0,3,0.0,2.0,1.0,3.0,-2.0,0.3333333333333333,1.0,2.0,8.0,5.0,4.0,1.0,1.0,0.8,3.0,13.0,11.0,13.0,-2.0,1.1,1.3,0.3333333333333333,0.4,0.3,64,6.0,0.2,1.2,1.0,2.0,7.0,6.0,2.0,4.0,2.0,0.6666666666666666,3.0,11.0,7.0,2.0,5.0,1.4,0.4,4.0,15.0,11.0,8.0,3.0,1.1,0.8,0.3333333333333333,0.6,0.4,64,8.0,0.6,1.2,0.8,A,1.0
2020-08-08,2020-21,Apertura,3,False,Cruz Azul,León,2.0,0.0,1.0,0.0,footballcsv,633,1596.4234388734046,1619.9483879456493,-23.52494907224468,2,0,1,4.0,2.0,3,2,0,1,4.0,2.0,3,2.0,7.0,4.0,1.0,3.0,1.3333333333333333,0.3333333333333333,4.0,13.0,12.0,5.0,7.0,2.4,1.0,8.0,26.0,25.0,11.0,14.0,2.5,1.1,0.6666666666666666,0.4,0.3,72,8.0,1.0,2.8,0.8,2.0,7.0,4.0,1.0,3.0,1.3333333333333333,0.3333333333333333,3.0,10.0,8.0,4.0,4.0,1.6,0.8,7.0,22.0,19.0,10.0,9.0,1.9,1.0,0.6666666666666666,0.4,0.3,72,5.0,0.4,1.4,1.4,H,2.0
2020-08-09,2020-21,Apertura,3,False,Atlético San Luis,Atlas,1.0,1.0,1.0,1.0,footballcsv,634,1459.0678190699184,1397.1600216420804,61.90779742783798,1,0,0,2.0,1.0,1,1,0,0,2.0,1.0,1,0.0,1.0,3.0,5.0,-2.0,1.0,1.6666666666666667,0.0,2.0,5.0,10.0,-5.0,1.0,2.0,2.0,10.0,12.0,18.0,-6.0,1.2,1.8,0.0,0.0,0.1,30,7.0,0.2,1.2,1.6,1.0,3.0,5.0,7.0,-2.0,1.6666666666666667,2.3333333333333335,1.0,3.0,6.0,10.0,-4.0,1.2,2.0,2.0,6.0,10.0,20.0,-10.0,1.0,2.0,0.0,0.0,0.0,64,6.0,0.2,1.0,2.0,D,2.0
2020-08-09,2020-21,Apertura,3,False,Pumas UNAM,FC Juárez,1.0,1.0,0.0,0.0,footballcsv,635,1513.370269742453,1496.235713649609,17.13455609284415,0,2,0,5.0,5.0,2,0,2,0,5.0,5.0,2,2.0,6.0,6.0,6.0,0.0,2.0,2.0,2.0,7.0,9.0,12.0,-3.0,1.8,2.4,5.0,17.0,19.0,17.0,2.0,1.9,1.7,0.0,0.0,0.2,68,6.0,0.6,2.4,1.4,1.0,4.0,4.0,4.0,0.0,1.3333333333333333,1.3333333333333333,2.0,7.0,8.0,8.0,0.0,1.6,1.6,5.0,17.0,18.0,13.0,5.0,1.8,1.3,0.3333333333333333,0.4,0.3,30,9.0,0.4,2.0,1.2,D,2.0
2020-08-11,2020-21,Apertura,4,False,Pachuca,León,0.0,1.0,0.0,0.0,footballcsv,638,1538.622768415823,1610.9631326325002,-72.34036421667724,0,1,3,3.0,9.0,4,0,1,3,3.0,9.0,4,1.0,4.0,3.0,3.0,0.0,1.0,1.0,2.0,7.0,6.0,6.0,0.0,1.2,1.2,5.0,17.0,13.0,10.0,3.0,1.3,1.0,0.3333333333333333,0.4,0.5,67,5.0,0.6,1.0,0.6,1.0,4.0,1.0,2.0,-1.0,0.3333333333333333,0.6666666666666666,3.0,10.0,8.0,4.0,4.0,1.6,0.8,6.0,19.0,16.0,12.0,4.0,1.6,1.2,0.6666666666666666,0.4,0.2,73,3.0,0.2,1.0,1.6,A,1.0
2020-08-11,2020-21,Apertura,4,False,Tigres UANL,Puebla,2.0,1.0,2.0,0.0,footballcsv,636,1598.3902437080455,1495.3950184583189,102.99522524972667,1,2,1,7.0,3.0,4,1,2,1,7.0,3.0,4,1.0,5.0,4.0,1.0,3.0,1.3333333333333333,0.3333333333333333,2.0,9.0,7.0,3.0,4.0,1.4,0.6,4.0,15.0,15.0,9.0,6.0,1.5,0.9,0.6666666666666666,0.6,0.5,75,5.0,0.8,2.4,0.8,2.0,7.0,6.0,2.0,4.0,2.0,0.6666666666666666,3.0,11.0,7.0,2.0,5.0,1.4,0.4,5.0,18.0,12.0,6.0,6.0,1.2,0.6,0.3333333333333333,0.6,0.5,65,3.0,0.8,1.4,0.4,H,3.0
2020-08-11,2020-21,Apertura,4,False,Necaxa,Mazatlán FC,1.0,0.0,1.0,0.0,footballcsv,637,1510.2004602445313,1488.8859296018952,21.3145306426361,0,0,0,0.0,0.0,0,0,0,0,0.0,0.0,0,0.0,1.0,1.0,5.0,-4.0,0.3333333333333333,1.6666666666666667,0.0,1.0,3.0,9.0,-6.0,0.6,1.8,1.0,5.0,12.0,18.0,-6.0,1.2,1.8,0.0,0.0,0.1,71,4.0,0.0,1.2,2.2,1.0,4.0,4.0,6.0,-2.0,1.3333333333333333,2.0,1.0,4.0,4.0,6.0,-2.0,1.3333333333333333,2.0,1.0,4.0,4.0,6.0,-2.0,1.3333333333333333,2.0,0.0,0.0,0.0,3,4.0,0.0,1.0,1.0,H,1.0
2020-08-12,2020-21,Apertura,4,False,Querétaro,Cruz Azul,1.0,0.0,1.0,0.0,footballcsv,640,1475.7362408011966,1605.4086941865537,-129.67245338535713,2,1,2,6.0,6.0,5,2,1,2,6.0,6.0,5,0.0,1.0,3.0,5.0,-2.0,1.0,1.6666666666666667,0.0,2.0,4.0,10.0,-6.0,0.8,2.0,2.0,9.0,11.0,17.0,-6.0,1.1,1.7,0.0,0.0,0.0,69,6.0,0.2,1.2,1.0,2.0,7.0,5.0,1.0,4.0,1.6666666666666667,0.3333333333333333,4.0,13.0,10.0,3.0,7.0,2.0,0.6,8.0,26.0,24.0,11.0,13.0,2.4,1.1,0.6666666666666666,0.6,0.3,73,4.0,0.6,2.2,1.4,H,1.0
2020-08-12,2020-21,Apertura,4,False,FC Juárez,Guadalajara,0.0,2.0,0.0,0.0,footballcsv,641,1498.9608372489377,1489.2531578385851,9.707679410352512,0,0,2,1.0,4.0,2,0,0,2,1.0,4.0,2,1.0,5.0,3.0,2.0,1.0,1.0,0.6666666666666666,1.0,5.0,6.0,9.0,-3.0,1.2,1.8,4.0,15.0,16.0,14.0,2.0,1.6,1.4,0.3333333333333333,0.2,0.2,31,3.0,0.6,1.6,1.4,0.0,1.0,0.0,3.0,-3.0,0.0,1.0,1.0,5.0,3.0,5.0,-2.0,0.6,1.0,3.0,12.0,9.0,12.0,-3.0,0.9,1.2,0.3333333333333333,0.2,0.3,65,4.0,0.4,1.0,1.6,A,2.0
2020-08-12,2020-21,Apertura,4,False,Pumas UNAM,Monterrey,1.0,1.0,1.0,0.0,footballcsv,639,1510.6451461431243,1525.8919354750024,-15.246789331878063,1,1,2,2.0,4.0,4,1,1,2,2.0,4.0,4,2.0,7.0,6.0,4.0,2.0,2.0,1.3333333333333333,2.0,8.0,10.0,10.0,0.0,2.0,2.0,4.0,15.0,19.0,18.0,1.0,1.9,1.8,0.0,0.0,0.1,69,3.0,0.4,2.4,1.6,1.0,4.0,5.0,4.0,1.0,1.6666666666666667,1.3333333333333333,1.0,6.0,8.0,7.0,1.0,1.6,1.4,1.0,8.0,12.0,16.0,-4.0,1.2,1.6,0.0,0.0,0.0,79,4.0,0.0,0.8,1.8,D,2.0
2020-08-12,2020-21,Apertura,4,False,Tijuana,Atlético San Luis,0.0,2.0,0.0,1.0,footballcsv,642,1442.786612306879,1455.1963165468535,-12.409704239974417,1,0,0,3.0,2.0,1,1,0,0,3.0,2.0,1,1.0,4.0,3.0,5.0,-2.0,1.0,1.6666666666666667,2.0,7.0,8.0,11.0,-3.0,1.6,2.2,2.0,9.0,11.0,17.0,-6.0,1.1,1.7,0.3333333333333333,0.2,0.1,67,6.0,0.4,1.2,1.0,0.0,2.0,4.0,5.0,-1.0,1.3333333333333333,1.6666666666666667,0.0,3.0,6.0,8.0,-2.0,1.2,1.6,2.0,10.0,12.0,18.0,-6.0,1.2,1.8,0.0,0.0,0.1,31,3.0,0.2,1.2,2.0,A,2.0
2020-08-13,2020-21,Apertura,4,False,Atlas,Toluca,1.0,2.0,1.0,1.0,footballcsv,644,1401.0315241651454,1461.2819823611367,-60.250458195991314,2,0,2,5.0,5.0,4,2,0,2,5.0,5.0,4,0.0,1.0,3.0,6.0,-3.0,1.0,2.0,1.0,4.0,7.0,10.0,-3.0,1.4,2.0,2.0,7.0,10.0,19.0,-9.0,1.0,1.9,0.0,0.0,0.0,65,4.0,0.2,1.0,2.0,1.0,3.0,5.0,7.0,-2.0,1.6666666666666667,2.3333333333333335,1.0,4.0,8.0,11.0,-3.0,1.6,2.2,2.0,9.0,16.0,20.0,-4.0,1.6,2.0,0.0,0.0,0.1,67,6.0,0.0,0.8,1.8,A,3.0
2020-08-13,2020-21,Apertura,4,False,América,Santos Laguna,3.0,1.0,3.0,0.0,footballcsv,643,1599.6346428033446,1548.5675728485726,51.06706995477202,1,1,1,3.0,3.0,3,1,1,1,3.0,3.0,3,2.0,7.0,7.0,2.0,5.0,2.3333333333333335,0.6666666666666666,2.0,8.0,10.0,6.0,4.0,2.0,1.2,6.0,20.0,16.0,10.0,6.0,1.6,1.0,0.3333333333333333,0.2,0.4,81,6.0,0.4,1.4,1.4,1.0,4.0,4.0,4.0,0.0,1.3333333333333333,1.3333333333333333,2.0,7.0,6.0,6.0,0.0,1.2,1.2,5.0,18.0,14.0,11.0,3.0,1.4,1.1,0.3333333333333333,0.2,0.2,69,5.0,0.2,1.2,1.6,H,4.0
2020-08-14,2020-21,Apertura,5,False,Puebla,Pachuca,0.0,1.0,0.0,0.0,footballcsv,645,1492.0857192611784,1531.5385087216398,-39.45278946046142,0,1,3,1.0,8.0,4,0,1,3,1.0,8.0,4,1.0,4.0,3.0,3.0,0.0,1.0,1.0,3.0,10.0,8.0,4.0,4.0,1.6,0.8,5.0,18.0,13.0,7.0,6.0,1.3,0.7,0.3333333333333333,0.4,0.5,66,3.0,0.2,1.0,0.8,1.0,4.0,2.0,2.0,0.0,0.6666666666666666,0.6666666666666666,1.0,4.0,5.0,7.0,-2.0,1.0,1.4,4.0,14.0,11.0,11.0,0.0,1.1,1.1,0.3333333333333333,0.2,0.4,68,3.0,0.2,1.2,2.0,A,1.0
2020-08-15,2020-21,Apertura,5,False,Guadalajara,Atlético San Luis,2.0,1.0,0.0,0.0,footballcsv,646,1503.0144924124909,1468.293125303088,34.72136710940299,1,1,0,5.0,2.0,2,1,1,0,5.0,2.0,2,1.0,3.0,2.0,3.0,-1.0,0.6666666666666666,1.0,1.0,5.0,3.0,4.0,-1.0,0.6,0.8,4.0,14.0,9.0,10.0,-1.0,0.9,1.0,0.3333333333333333,0.4,0.4,66,3.0,0.2,0.8,0.8,1.0,4.0,5.0,4.0,1.0,1.6666666666666667,1.3333333333333333,1.0,5.0,6.0,6.0,0.0,1.2,1.2,3.0,12.0,12.0,16.0,-4.0,1.2,1.6,0.3333333333333333,0.2,0.2,32,3.0,0.4,1.4,1.8,H,3.0
2020-08-15,2020-21,Apertura,5,False,Monterrey,Necaxa,1.0,1.0,0.0,0.0,footballcsv,647,1527.7343989470528,1514.94746768449,12.786931262562803,3,1,1,6.0,5.0,5,3,3,2,9.0,9.0,8,0.0,2.0,3.0,4.0,-1.0,1.0,1.3333333333333333,1.0,6.0,7.0,6.0,1.0,1.4,1.2,1.0,8.0,11.0,15.0,-4.0,1.1,1.5,0.0,0.0,0.0,80,3.0,0.2,1.6,1.4,1.0,4.0,2.0,2.0,0.0,0.6666666666666666,0.6666666666666666,1.0,4.0,3.0,7.0,-4.0,0.6,1.4,2.0,7.0,11.0,16.0,-5.0,1.1,1.6,0.3333333333333333,0.2,0.2,72,4.0,0.2,1.2,1.4,D,2.0
2020-08-15,2020-21,Apertura,5,False,Mazatlán FC,Pumas UNAM,0.0,0.0,0.0,0.0,footballcsv,648,1484.1389221619365,1508.8026826710739,-24.66376050913732,0,0,0,0.0,0.0,0,0,0,0,0.0,0.0,0,1.0,4.0,3.0,3.0,0.0,1.0,1.0,1.0,4.0,4.0,7.0,-3.0,1.0,1.75,1.0,4.0,4.0,7.0,-3.0,1.0,1.75,0.0,0.0,0.0,4,4.0,0.5,1.5,2.5,1.0,5.0,4.0,3.0,1.0,1.3333333333333333,1.0,2.0,8.0,8.0,8.0,0.0,1.6,1.6,4.0,15.0,19.0,18.0,1.0,1.9,1.8,0.0,0.0,0.1,70,3.0,0.4,1.4,2.0,D,0.0
2020-08-15,2020-21,Apertura,5,False,Cruz Azul,FC Juárez,3.0,2.0,1.0,1.0,footballcsv,649,1597.4929352642414,1485.199502675032,112.29343258920949,1,0,0,2.0,0.0,1,1,0,0,2.0,0.0,1,1.0,4.0,3.0,2.0,1.0,1.0,0.6666666666666666,3.0,10.0,6.0,2.0,4.0,1.2,0.4,8.0,25.0,21.0,9.0,12.0,2.1,0.9,0.3333333333333333,0.6,0.3,74,3.0,1.0,2.6,0.8,1.0,4.0,2.0,3.0,-1.0,0.6666666666666666,1.0,1.0,5.0,5.0,7.0,-2.0,1.0,1.4,3.0,12.0,13.0,15.0,-2.0,1.3,1.5,0.3333333333333333,0.2,0.2,32,3.0,0.2,1.6,1.2,H,5.0
2020-08-16,2020-21,Apertura,5,False,Toluca,Tigres UANL,3.0,2.0,1.0,1.0,footballcsv,650,1468.6070411922144,1601.699542905186,-133.09250171297163,1,0,2,2.0,3.0,3,1,0,2,2.0,3.0,3,2.0,6.0,6.0,5.0,1.0,2.0,1.6666666666666667,2.0,6.0,9.0,11.0,-2.0,1.8,2.2,3.0,11.0,15.0,18.0,-3.0,1.5,1.8,0.0,0.0,0.1,68,3.0,0.4,2.4,2.2,1.0,5.0,3.0,2.0,1.0,1.0,0.6666666666666666,3.0,11.0,9.0,4.0,5.0,1.8,0.8,5.0,18.0,17.0,8.0,9.0,1.7,0.8,0.3333333333333333,0.4,0.5,76,5.0,0.2,1.0,0.8,H,5.0
2020-08-16,2020-21,Apertura,5,False,Santos Laguna,Atlas,0.0,0.0,0.0,0.0,footballcsv,651,1541.9349947783448,1393.7064653340676,148.22852944427723,3,0,1,6.0,3.0,4,3,0,1,6.0,3.0,4,1.0,4.0,5.0,5.0,0.0,1.6666666666666667,1.6666666666666667,2.0,7.0,7.0,8.0,-1.0,1.4,1.6,5.0,17.0,14.0,13.0,1.0,1.4,1.3,0.3333333333333333,0.2,0.2,70,3.0,0.8,1.6,0.6,0.0,1.0,3.0,5.0,-2.0,1.0,1.6666666666666667,1.0,4.0,7.0,10.0,-3.0,1.4,2.0,1.0,4.0,9.0,20.0,-11.0,0.9,2.0,0.0,0.0,0.0,66,3.0,0.2,1.0,1.8,D,0.0
2020-08-16,2020-21,Apertura,5,False,Querétaro,América,4.0,1.0,1.0,0.0,footballcsv,652,1483.6519997235089,1606.2672208735723,-122.61522115006346,0,2,2,4.0,7.0,4,0,2,2,4.0,7.0,4,1.0,4.0,2.0,2.0,0.0,0.6666666666666666,0.6666666666666666,1.0,4.0,4.0,9.0,-5.0,0.8,1.8,2.0,9.0,10.0,16.0,-6.0,1.0,1.6,0.3333333333333333,0.2,0.1,70,4.0,0.2,0.8,1.0,2.0,7.0,8.0,2.0,6.0,2.6666666666666665,0.6666666666666666,3.0,10.0,10.0,4.0,6.0,2.0,0.8,6.0,20.0,18.0,11.0,7.0,1.8,1.1,0.3333333333333333,0.2,0.3,82,3.0,0.6,1.8,1.2,H,5.0
2020-08-17,2020-21,Apertura,5,False,León,Tijuana,2.0,1.0,0.0,1.0,footballcsv,653,1618.0473923266834,1429.6898035506447,188.3575887760387,3,1,1,8.0,5.0,5,3,1,1,8.0,5.0,5,2.0,6.0,2.0,2.0,0.0,0.6666666666666666,0.6666666666666666,3.0,10.0,5.0,3.0,2.0,1.0,0.6,6.0,19.0,15.0,11.0,4.0,1.5,1.1,0.6666666666666666,0.6,0.3,74,6.0,1.0,2.4,0.6,0.0,1.0,0.0,6.0,-6.0,0.0,2.0,2.0,7.0,6.0,9.0,-3.0,1.2,1.8,2.0,9.0,10.0,17.0,-7.0,1.0,1.7,0.3333333333333333,0.2,0.1,68,5.0,0.0,0.8,2.8,H,3.0
2020-08-21,2020-21,Apertura,6,False,FC Juárez,León,0.0,0.0,0.0,0.0,footballcsv,654,1482.0321848845006,1620.2200316838773,-138.18784679937676,0,0,2,2.0,7.0,2,0,0,2,2.0,7.0,2,0.0,1.0,3.0,6.0,-3.0,1.0,2.0,1.0,5.0,5.0,7.0,-2.0,1.0,1.4,2.0,9.0,13.0,17.0,-4.0,1.3,1.7,0.0,0.2,0.2,33,6.0,0.4,1.0,1.8,2.0,6.0,3.0,3.0,0.0,1.0,1.0,3.0,10.0,4.0,3.0,1.0,0.8,0.6,6.0,19.0,14.0,11.0,3.0,1.4,1.1,0.3333333333333333,0.6,0.3,75,4.0,0.4,1.0,1.0,D,0.0
2020-08-21,2020-21,Apertura,6,False,Necaxa,Santos Laguna,2.0,1.0,0.0,1.0,footballcsv,655,1517.5563591653688,1536.1720646580861,-18.615705492717325,2,0,2,6.0,4.0,4,2,0,2,6.0,4.0,4,1.0,5.0,3.0,2.0,1.0,1.0,0.6666666666666666,1.0,5.0,3.0,6.0,-3.0,0.6,1.2,2.0,8.0,11.0,15.0,-4.0,1.1,1.5,0.3333333333333333,0.2,0.2,73,6.0,0.2,1.0,1.8,0.0,2.0,3.0,5.0,-2.0,1.0,1.6666666666666667,1.0,5.0,5.0,7.0,-2.0,1.0,1.4,5.0,17.0,12.0,11.0,1.0,1.2,1.1,0.3333333333333333,0.4,0.3,71,5.0,0.2,1.0,1.8,H,3.0
2020-08-22,2020-21,Apertura,6,False,América,Monterrey,1.0,3.0,0.0,2.0,footballcsv,656,1590.7123737656063,1525.125507466174,65.58686629943236,3,0,2,10.0,8.0,5,4,0,2,13.0,8.0,6,1.0,4.0,5.0,6.0,-1.0,1.6666666666666667,2.0,3.0,10.0,11.0,7.0,4.0,2.2,1.4,5.0,17.0,17.0,14.0,3.0,1.7,1.4,0.0,0.2,0.3,83,6.0,0.6,1.8,1.0,0.0,3.0,4.0,4.0,0.0,1.3333333333333333,1.3333333333333333,1.0,6.0,7.0,6.0,1.0,1.4,1.2,1.0,9.0,11.0,13.0,-2.0,1.1,1.3,0.0,0.0,0.0,81,7.0,0.0,0.6,1.6,A,4.0
2020-08-22,2020-21,Apertura,6,False,Tigres UANL,Pumas UNAM,1.0,1.0,0.0,0.0,footballcsv,657,1593.7170240617343,1510.3820555044554,83.3349685572789,4,0,1,9.0,4.0,5,4,1,1,12.0,7.0,6,1.0,4.0,4.0,4.0,0.0,1.3333333333333333,1.3333333333333333,2.0,8.0,8.0,5.0,3.0,1.6,1.0,4.0,15.0,16.0,11.0,5.0,1.6,1.1,0.3333333333333333,0.4,0.4,77,6.0,0.8,2.4,0.8,0.0,3.0,2.0,2.0,0.0,0.6666666666666666,0.6666666666666666,2.0,9.0,7.0,5.0,2.0,1.4,1.0,3.0,13.0,15.0,18.0,-3.0,1.5,1.8,0.3333333333333333,0.2,0.1,71,7.0,0.4,1.2,1.8,D,2.0
2020-08-22,2020-21,Apertura,6,False,Atlas,Querétaro,1.0,0.0,1.0,0.0,footballcsv,658,1399.4693954543263,1499.2068468314749,-99.73745137714855,2,1,0,4.0,1.0,3,2,1,0,4.0,1.0,3,0.0,2.0,2.0,3.0,-1.0,0.6666666666666666,1.0,0.0,2.0,4.0,8.0,-4.0,0.8,1.6,1.0,5.0,8.0,17.0,-9.0,0.8,1.7,0.3333333333333333,0.2,0.1,67,6.0,0.0,0.8,2.2,2.0,6.0,5.0,2.0,3.0,1.6666666666666667,0.6666666666666666,2.0,7.0,8.0,6.0,2.0,1.6,1.2,3.0,12.0,13.0,15.0,-2.0,1.3,1.5,0.3333333333333333,0.2,0.1,71,6.0,0.2,1.2,2.2,H,1.0
2020-08-23,2020-21,Apertura,6,False,Atlético San Luis,Cruz Azul,1.0,3.0,1.0,2.0,footballcsv,661,1463.8047353753886,1600.6602530547727,-136.8555176793841,1,0,1,3.0,4.0,2,1,0,1,3.0,4.0,2,1.0,4.0,4.0,3.0,1.0,1.3333333333333333,1.0,1.0,5.0,7.0,7.0,0.0,1.4,1.4,3.0,12.0,13.0,14.0,-1.0,1.3,1.4,0.3333333333333333,0.2,0.2,33,8.0,0.2,1.0,1.4,2.0,6.0,5.0,3.0,2.0,1.6666666666666667,1.0,3.0,10.0,8.0,4.0,4.0,1.6,0.8,8.0,25.0,21.0,10.0,11.0,2.1,1.0,0.3333333333333333,0.4,0.3,75,8.0,0.6,1.6,1.0,A,4.0
2020-08-23,2020-21,Apertura,6,False,Tijuana,Puebla,1.0,0.0,1.0,0.0,footballcsv,659,1427.5171641934508,1484.348967837728,-56.831803644277215,2,1,1,7.0,2.0,4,2,1,1,7.0,2.0,4,0.0,1.0,1.0,4.0,-3.0,0.3333333333333333,1.3333333333333333,1.0,4.0,4.0,9.0,-5.0,0.8,1.8,2.0,8.0,10.0,18.0,-8.0,1.0,1.8,0.3333333333333333,0.2,0.1,69,6.0,0.4,1.2,1.2,1.0,3.0,2.0,3.0,-1.0,0.6666666666666666,1.0,2.0,7.0,7.0,5.0,2.0,1.4,1.0,5.0,17.0,11.0,6.0,5.0,1.1,0.6,0.3333333333333333,0.2,0.5,67,9.0,0.8,1.6,0.6,H,1.0
2020-08-23,2020-21,Apertura,6,False,Toluca,Guadalajara,1.0,0.0,0.0,0.0,footballcsv,660,1476.5895600356662,1507.5028823401901,-30.913322304523945,0,2,2,5.0,8.0,4,0,2,2,5.0,8.0,4,2.0,6.0,6.0,5.0,1.0,2.0,1.6666666666666667,3.0,9.0,10.0,10.0,0.0,2.0,2.0,4.0,13.0,17.0,19.0,-2.0,1.7,1.9,0.0,0.0,0.1,69,7.0,0.6,2.4,2.0,2.0,6.0,4.0,2.0,2.0,1.3333333333333333,0.6666666666666666,2.0,7.0,4.0,4.0,0.0,0.8,0.8,5.0,17.0,11.0,8.0,3.0,1.1,0.8,0.3333333333333333,0.4,0.4,67,8.0,0.6,1.0,1.2,H,1.0
2020-08-24,2020-21,Apertura,6,False,Pachuca,Mazatlán FC,4.0,3.0,2.0,1.0,footballcsv,662,1539.2752601450902,1482.559549328555,56.71571081653519,0,0,0,0.0,0.0,0,0,0,0,0.0,0.0,0,2.0,6.0,2.0,1.0,1.0,0.6666666666666666,0.3333333333333333,2.0,7.0,4.0,4.0,0.0,0.8,0.8,5.0,17.0,11.0,8.0,3.0,1.1,0.8,0.6666666666666666,0.4,0.5,69,10.0,0.4,0.8,0.8,1.0,4.0,2.0,2.0,0.0,0.6666666666666666,0.6666666666666666,1.0,5.0,4.0,7.0,-3.0,0.8,1.4,1.0,5.0,4.0,7.0,-3.0,0.8,1.4,0.3333333333333333,0.2,0.2,5,9.0,0.0,0.5,1.0,H,7.0
2020-08-28,2020-21,Apertura,7,False,Mazatlán FC,Tigres UANL,1.0,1.0,0.0,0.0,footballcsv,663,1478.4767536489985,1589.3340950784777,-110.85734142947922,0,0,0,0.0,0.0,0,0,0,0,0.0,0.0,0,0.0,1.0,3.0,5.0,-2.0,1.0,1.6666666666666667,1.0,5.0,6.0,7.0,-1.0,1.2,1.4,1.0,5.0,7.0,11.0,-4.0,1.1666666666666667,1.8333333333333333,0.3333333333333333,0.2,0.16666666666666666,6,4.0,0.3333333333333333,1.0,1.6666666666666667,1.0,4.0,5.0,5.0,0.0,1.6666666666666667,1.6666666666666667,1.0,6.0,6.0,6.0,0.0,1.2,1.2,4.0,16.0,16.0,10.0,6.0,1.6,1.0,0.0,0.2,0.4,78,6.0,0.2,1.2,1.0,D,2.0
2020-08-28,2020-21,Apertura,7,False,Puebla,Toluca,4.0,1.0,2.0,1.0,footballcsv,664,1477.9464513439036,1482.4181500137058,-4.471698669802208,2,1,1,5.0,4.0,4,2,1,1,5.0,4.0,4,0.0,0.0,1.0,4.0,-3.0,0.3333333333333333,1.3333333333333333,1.0,4.0,3.0,5.0,-2.0,0.6,1.0,5.0,17.0,11.0,6.0,5.0,1.1,0.6,0.0,0.2,0.5,68,5.0,0.2,1.0,0.8,3.0,9.0,6.0,3.0,3.0,2.0,1.0,4.0,12.0,10.0,7.0,3.0,2.0,1.4,5.0,16.0,16.0,16.0,0.0,1.6,1.6,0.3333333333333333,0.2,0.2,70,5.0,0.2,1.0,1.8,H,5.0
2020-08-29,2020-21,Apertura,7,False,Cruz Azul,Necaxa,3.0,0.0,1.0,0.0,footballcsv,665,1609.632572605937,1523.120525238392,86.51204736754494,1,1,1,2.0,3.0,3,1,1,1,2.0,3.0,3,2.0,6.0,6.0,4.0,2.0,2.0,1.3333333333333333,3.0,10.0,9.0,5.0,4.0,1.8,1.0,8.0,25.0,22.0,10.0,12.0,2.2,1.0,0.0,0.2,0.3,76,6.0,1.0,2.6,1.0,2.0,7.0,4.0,2.0,2.0,1.3333333333333333,0.6666666666666666,2.0,8.0,5.0,4.0,1.0,1.0,0.8,3.0,11.0,11.0,13.0,-2.0,1.1,1.3,0.3333333333333333,0.2,0.2,74,8.0,0.2,1.2,1.2,H,3.0
2020-08-29,2020-21,Apertura,7,False,Atlético San Luis,América,1.0,2.0,1.0,1.0,footballcsv,666,1454.8324158242244,1575.3744805215817,-120.54206469735732,0,0,1,0.0,1.0,1,0,0,1,0.0,1.0,1,1.0,3.0,4.0,5.0,-1.0,1.3333333333333333,1.6666666666666667,1.0,4.0,7.0,9.0,-2.0,1.4,1.8,2.0,9.0,11.0,16.0,-5.0,1.1,1.6,0.3333333333333333,0.2,0.2,34,6.0,0.0,0.6,1.8,1.0,3.0,5.0,8.0,-3.0,1.6666666666666667,2.6666666666666665,2.0,7.0,10.0,9.0,1.0,2.0,1.8,4.0,14.0,16.0,17.0,-1.0,1.6,1.7,0.0,0.2,0.2,84,7.0,0.4,1.6,1.8,A,3.0
2020-08-29,2020-21,Apertura,7,False,Guadalajara,Pachuca,0.0,0.0,0.0,0.0,footballcsv,667,1501.6742923621505,1543.3580558246467,-41.683763462496245,0,1,3,4.0,10.0,4,0,1,3,4.0,10.0,4,2.0,6.0,4.0,2.0,2.0,1.3333333333333333,0.6666666666666666,2.0,6.0,4.0,5.0,-1.0,0.8,1.0,5.0,17.0,10.0,7.0,3.0,1.0,0.7,0.3333333333333333,0.2,0.4,68,6.0,0.4,1.0,0.6,2.0,6.0,5.0,4.0,1.0,1.6666666666666667,1.3333333333333333,3.0,10.0,7.0,5.0,2.0,1.4,1.0,5.0,17.0,14.0,11.0,3.0,1.4,1.1,0.3333333333333333,0.4,0.4,70,5.0,0.4,1.4,1.4,D,0.0
2020-08-30,2020-21,Apertura,7,False,Santos Laguna,Querétaro,2.0,1.0,1.0,1.0,footballcsv,668,1530.607898585063,1491.8820284317567,38.72587015330623,2,0,1,4.0,3.0,3,2,0,1,4.0,3.0,3,0.0,1.0,2.0,5.0,-3.0,0.6666666666666666,1.6666666666666667,1.0,5.0,6.0,7.0,-1.0,1.2,1.4,4.0,14.0,11.0,12.0,-1.0,1.1,1.2,0.3333333333333333,0.4,0.3,72,9.0,0.8,1.4,0.4,2.0,6.0,5.0,2.0,3.0,1.6666666666666667,0.6666666666666666,2.0,7.0,6.0,4.0,2.0,1.2,0.8,2.0,9.0,10.0,14.0,-4.0,1.0,1.4,0.3333333333333333,0.2,0.1,72,8.0,0.0,0.6,2.0,H,3.0
2020-08-30,2020-21,Apertura,7,False,Monterrey,FC Juárez,2.0,1.0,0.0,1.0,footballcsv,669,1540.4634007101986,1483.6914808607785,56.7719198494201,0,1,1,1.0,2.0,2,0,1,1,1.0,2.0,2,1.0,5.0,5.0,3.0,2.0,1.6666666666666667,1.0,1.0,6.0,7.0,6.0,1.0,1.4,1.2,2.0,11.0,13.0,13.0,0.0,1.3,1.3,0.0,0.0,0.0,82,8.0,0.2,1.6,1.4,0.0,1.0,2.0,5.0,-3.0,0.6666666666666666,1.6666666666666667,1.0,5.0,4.0,6.0,-2.0,0.8,1.2,2.0,9.0,12.0,16.0,-4.0,1.2,1.6,0.3333333333333333,0.4,0.3,34,9.0,0.2,1.8,1.6,H,3.0
2020-08-30,2020-21,Apertura,7,False,Pumas UNAM,Tijuana,3.0,0.0,1.0,0.0,footballcsv,670,1514.764984487712,1433.919680687275,80.8453038004368,2,0,1,2.0,1.0,3,2,0,1,2.0,1.0,3,0.0,3.0,2.0,2.0,0.0,0.6666666666666666,0.6666666666666666,1.0,7.0,5.0,4.0,1.0,1.0,0.8,2.0,11.0,13.0,17.0,-4.0,1.3,1.7,0.3333333333333333,0.2,0.1,72,8.0,0.2,1.8,1.8,1.0,3.0,2.0,4.0,-2.0,0.6666666666666666,1.3333333333333333,1.0,4.0,2.0,8.0,-6.0,0.4,1.6,3.0,10.0,10.0,17.0,-7.0,1.0,1.7,0.3333333333333333,0.4,0.2,70,7.0,0.0,1.0,2.6,H,3.0
2020-08-31,2020-21,Apertura,7,False,León,Atlas,2.0,1.0,2.0,1.0,footballcsv,671,1618.5607357075994,1406.7942138540445,211.76652185355488,1,2,0,6.0,3.0,3,1,2,0,6.0,3.0,3,2.0,7.0,3.0,1.0,2.0,1.0,0.3333333333333333,3.0,10.0,4.0,3.0,1.0,0.8,0.6,6.0,20.0,13.0,8.0,5.0,1.3,0.8,0.6666666666666666,0.6,0.4,76,10.0,1.0,2.2,0.8,1.0,4.0,2.0,2.0,0.0,0.6666666666666666,0.6666666666666666,1.0,5.0,4.0,5.0,-1.0,0.8,1.0,2.0,8.0,9.0,15.0,-6.0,0.9,1.5,0.6666666666666666,0.4,0.2,68,9.0,0.2,1.0,1.4,H,3.0
2020-09-02,2020-21,Apertura,8,False,América,Mazatlán FC,3.0,1.0,0.0,0.0,footballcsv,672,1581.3899201924967,1479.3625714343548,102.0273487581419,0,0,0,0.0,0.0,0,0,0,0,0.0,0.0,0,1.0,3.0,4.0,8.0,-4.0,1.3333333333333333,2.6666666666666665,2.0,7.0,8.0,10.0,-2.0,1.6,2.0,4.0,14.0,17.0,18.0,-1.0,1.7,1.8,0.0,0.0,0.1,85,4.0,0.4,1.6,1.6,0.0,2.0,4.0,5.0,-1.0,1.3333333333333333,1.6666666666666667,1.0,5.0,6.0,7.0,-1.0,1.2,1.4,1.0,6.0,8.0,12.0,-4.0,1.1428571428571428,1.7142857142857142,0.3333333333333333,0.2,0.14285714285714285,7,5.0,0.0,1.3333333333333333,2.0,H,4.0
2020-09-03,2020-21,Apertura,8,False,Querétaro,Toluca,4.0,1.0,2.0,0.0,footballcsv,674,1487.469239675716,1471.8839028913533,15.585336784362653,1,2,1,3.0,5.0,4,1,2,1,3.0,5.0,4,1.0,3.0,5.0,4.0,1.0,1.6666666666666667,1.3333333333333333,2.0,6.0,6.0,5.0,1.0,1.2,1.0,2.0,9.0,11.0,15.0,-4.0,1.1,1.5,0.0,0.2,0.1,73,4.0,0.4,1.4,0.8,2.0,6.0,5.0,6.0,-1.0,1.6666666666666667,2.0,3.0,9.0,8.0,9.0,-1.0,1.6,1.8,5.0,16.0,17.0,18.0,-1.0,1.7,1.8,0.3333333333333333,0.2,0.2,71,6.0,0.2,1.2,2.2,H,5.0
2020-09-03,2020-21,Apertura,8,False,Pachuca,Atlético San Luis,3.0,1.0,2.0,0.0,footballcsv,673,1544.4564364105022,1448.8169761533095,95.6394602571927,0,0,1,0.0,2.0,1,0,0,1,0.0,2.0,1,2.0,7.0,5.0,3.0,2.0,1.6666666666666667,1.0,3.0,10.0,6.0,4.0,2.0,1.2,0.8,4.0,15.0,12.0,11.0,1.0,1.2,1.1,0.6666666666666666,0.6,0.4,71,5.0,0.6,1.4,1.2,0.0,0.0,3.0,7.0,-4.0,1.0,2.3333333333333335,1.0,4.0,6.0,8.0,-2.0,1.2,1.6,1.0,6.0,11.0,18.0,-7.0,1.1,1.8,0.0,0.2,0.1,35,5.0,0.4,1.6,1.4,H,4.0
2020-09-04,2020-21,Apertura,8,False,Tijuana,Monterrey,2.0,1.0,1.0,1.0,footballcsv,677,1426.5882694904765,1544.5451904502077,-117.95692095973118,1,0,2,1.0,7.0,3,1,0,2,1.0,7.0,3,1.0,3.0,2.0,5.0,-3.0,0.6666666666666666,1.6666666666666667,1.0,4.0,2.0,7.0,-5.0,0.4,1.4,3.0,10.0,10.0,19.0,-9.0,1.0,1.9,0.3333333333333333,0.4,0.2,71,5.0,0.6,1.4,1.0,2.0,7.0,6.0,3.0,3.0,2.0,1.0,2.0,9.0,9.0,6.0,3.0,1.8,1.2,3.0,14.0,15.0,13.0,2.0,1.5,1.3,0.0,0.0,0.0,83,5.0,0.2,1.0,1.2,H,3.0
2020-09-04,2020-21,Apertura,8,False,FC Juárez,Santos Laguna,1.0,1.0,0.0,0.0,footballcsv,675,1479.6096911207694,1535.0206873411037,-55.410996220334255,0,0,2,1.0,5.0,2,0,0,2,1.0,5.0,2,0.0,1.0,3.0,5.0,-2.0,1.0,1.6666666666666667,0.0,2.0,4.0,8.0,-4.0,0.8,1.6,2.0,9.0,12.0,16.0,-4.0,1.2,1.6,0.3333333333333333,0.2,0.3,35,5.0,0.2,0.6,1.6,1.0,4.0,3.0,3.0,0.0,1.0,1.0,1.0,5.0,6.0,8.0,-2.0,1.2,1.6,4.0,14.0,11.0,12.0,-1.0,1.1,1.2,0.3333333333333333,0.2,0.3,73,5.0,0.0,0.8,2.0,D,2.0
2020-09-04,2020-21,Apertura,8,False,Necaxa,León,0.0,2.0,0.0,1.0,footballcsv,676,1515.9763394542592,1620.4842778123743,-104.5079383581151,0,0,4,4.0,10.0,4,0,0,4,4.0,10.0,4,1.0,4.0,3.0,5.0,-2.0,1.0,1.6666666666666667,2.0,8.0,5.0,6.0,-1.0,1.0,1.2,3.0,11.0,10.0,14.0,-4.0,1.0,1.4,0.0,0.2,0.2,75,6.0,0.4,1.0,1.4,2.0,7.0,4.0,2.0,2.0,1.3333333333333333,0.6666666666666666,3.0,10.0,5.0,4.0,1.0,1.0,0.8,6.0,20.0,13.0,8.0,5.0,1.3,0.8,0.3333333333333333,0.4,0.4,77,4.0,0.4,1.0,0.6,A,2.0
2020-09-05,2020-21,Apertura,8,False,Atlas,Cruz Azul,1.0,0.0,0.0,0.0,footballcsv,678,1404.8706717492696,1616.7767583900697,-211.90608664080014,1,0,3,3.0,8.0,4,1,0,3,3.0,8.0,4,1.0,4.0,2.0,2.0,0.0,0.6666666666666666,0.6666666666666666,1.0,5.0,4.0,5.0,-1.0,0.8,1.0,2.0,8.0,10.0,15.0,-5.0,1.0,1.5,0.6666666666666666,0.4,0.2,69,5.0,0.2,0.8,1.6,3.0,9.0,9.0,3.0,6.0,3.0,1.0,4.0,12.0,11.0,4.0,7.0,2.2,0.8,8.0,25.0,23.0,9.0,14.0,2.3,0.9,0.3333333333333333,0.4,0.4,77,7.0,0.6,1.8,1.0,H,1.0
2020-09-05,2020-21,Apertura,8,False,Tigres UANL,Guadalajara,1.0,3.0,0.0,1.0,footballcsv,679,1588.4482772931215,1500.575911776295,87.87236551682645,3,0,1,6.0,3.0,4,3,0,1,6.0,3.0,4,0.0,2.0,4.0,5.0,-1.0,1.3333333333333333,1.6666666666666667,1.0,6.0,6.0,6.0,0.0,1.2,1.2,4.0,17.0,16.0,9.0,7.0,1.6,0.9,0.0,0.2,0.4,79,8.0,0.6,2.0,1.0,1.0,4.0,2.0,2.0,0.0,0.6666666666666666,0.6666666666666666,2.0,7.0,4.0,3.0,1.0,0.8,0.6,4.0,15.0,9.0,7.0,2.0,0.9,0.7,0.3333333333333333,0.4,0.4,69,7.0,0.6,1.0,0.8,A,4.0
2020-09-05,2020-21,Apertura,8,False,Pumas UNAM,Puebla,4.0,1.0,2.0,1.0,footballcsv,680,1522.0963956845105,1488.4806984662562,33.615697218254354,0,2,1,3.0,4.0,3,0,2,1,3.0,4.0,3,1.0,5.0,4.0,1.0,3.0,1.3333333333333333,0.3333333333333333,1.0,7.0,6.0,3.0,3.0,1.2,0.6,3.0,14.0,15.0,15.0,0.0,1.5,1.5,0.6666666666666666,0.4,0.2,73,6.0,0.4,2.2,1.4,1.0,3.0,4.0,3.0,1.0,1.3333333333333333,1.0,2.0,6.0,6.0,5.0,1.0,1.2,1.0,5.0,17.0,13.0,7.0,6.0,1.3,0.7,0.0,0.2,0.4,69,8.0,0.6,1.4,0.8,H,5.0
2020-09-08,2020-21,Apertura,9,False,Puebla,América,2.0,3.0,2.0,0.0,footballcsv,681,1479.4619006983955,1586.65887153758,-107.19697083918436,0,0,4,2.0,7.0,4,0,0,4,2.0,7.0,4,1.0,3.0,5.0,6.0,-1.0,1.6666666666666667,2.0,1.0,3.0,6.0,9.0,-3.0,1.2,1.8,4.0,14.0,13.0,11.0,2.0,1.3,1.1,0.0,0.0,0.3,70,3.0,0.4,1.4,0.6,2.0,6.0,6.0,5.0,1.0,2.0,1.6666666666666667,3.0,9.0,10.0,10.0,0.0,2.0,2.0,5.0,17.0,20.0,16.0,4.0,2.0,1.6,0.0,0.0,0.1,86,6.0,0.4,1.8,2.0,A,5.0
2020-09-08,2020-21,Apertura,9,False,Guadalajara,Querétaro,1.0,1.0,1.0,0.0,footballcsv,682,1516.4924216239103,1497.1893359267478,19.303085697162487,1,2,0,4.0,3.0,3,1,2,0,4.0,3.0,3,1.0,4.0,3.0,2.0,1.0,1.0,0.6666666666666666,3.0,10.0,7.0,3.0,4.0,1.4,0.6,4.0,15.0,10.0,8.0,2.0,1.0,0.8,0.3333333333333333,0.4,0.3,70,3.0,0.2,0.6,0.6,1.0,3.0,5.0,4.0,1.0,1.6666666666666667,1.3333333333333333,3.0,9.0,10.0,5.0,5.0,2.0,1.0,3.0,11.0,14.0,15.0,-1.0,1.4,1.5,0.0,0.2,0.1,74,5.0,0.0,0.6,2.2,D,2.0
2020-09-08,2020-21,Apertura,9,False,Monterrey,Atlas,1.0,1.0,0.0,0.0,footballcsv,683,1536.8594620391082,1414.3141705635026,122.54529147560561,2,0,1,5.0,3.0,3,2,0,1,5.0,3.0,3,2.0,6.0,6.0,4.0,2.0,2.0,1.3333333333333333,2.0,8.0,8.0,6.0,2.0,1.6,1.2,3.0,14.0,16.0,13.0,3.0,1.6,1.3,0.0,0.0,0.0,84,4.0,0.4,2.0,1.4,2.0,6.0,3.0,2.0,1.0,1.0,0.6666666666666666,2.0,7.0,4.0,4.0,0.0,0.8,0.8,3.0,11.0,11.0,14.0,-3.0,1.1,1.4,0.6666666666666666,0.6,0.3,70,3.0,0.2,1.2,1.6,D,2.0
2020-09-08,2020-21,Apertura,9,False,Toluca,FC Juárez,0.0,1.0,0.0,0.0,footballcsv,684,1462.1638066403214,1478.9031419609514,-16.73933532063006,0,0,1,0.0,2.0,1,0,0,1,0.0,2.0,1,1.0,3.0,3.0,8.0,-5.0,1.0,2.6666666666666665,3.0,9.0,8.0,11.0,-3.0,1.6,2.2,4.0,13.0,16.0,22.0,-6.0,1.6,2.2,0.3333333333333333,0.2,0.1,72,5.0,0.8,2.2,1.4,0.0,2.0,2.0,3.0,-1.0,0.6666666666666666,1.0,0.0,2.0,4.0,8.0,-4.0,0.8,1.6,1.0,7.0,10.0,17.0,-7.0,1.0,1.7,0.3333333333333333,0.2,0.2,36,4.0,0.0,1.4,2.0,A,1.0
2020-09-08,2020-21,Apertura,9,False,Atlético San Luis,Necaxa,2.0,1.0,0.0,1.0,footballcsv,685,1443.3887622856944,1505.8764025877335,-62.48764030203915,0,1,1,1.0,3.0,2,0,1,1,1.0,3.0,2,0.0,0.0,3.0,8.0,-5.0,1.0,2.6666666666666665,1.0,3.0,6.0,10.0,-4.0,1.2,2.0,1.0,6.0,12.0,18.0,-6.0,1.2,1.8,0.0,0.2,0.1,36,5.0,0.0,0.8,1.6,1.0,3.0,2.0,6.0,-4.0,0.6666666666666666,2.0,2.0,7.0,4.0,7.0,-3.0,0.8,1.4,2.0,8.0,7.0,16.0,-9.0,0.7,1.6,0.0,0.2,0.1,76,4.0,0.2,1.0,1.4,H,3.0
2020-09-09,2020-21,Apertura,9,False,Cruz Azul,Pachuca,1.0,0.0,0.0,0.0,footballcsv,686,1607.3332595758368,1549.8846502781173,57.448609297719486,2,0,2,8.0,7.0,4,2,0,2,8.0,7.0,4,2.0,6.0,6.0,2.0,4.0,2.0,0.6666666666666666,3.0,9.0,9.0,5.0,4.0,1.8,1.0,7.0,22.0,19.0,8.0,11.0,1.9,0.8,0.3333333333333333,0.2,0.4,78,4.0,1.0,2.8,0.8,2.0,7.0,7.0,4.0,3.0,2.3333333333333335,1.3333333333333333,3.0,10.0,8.0,5.0,3.0,1.6,1.0,5.0,17.0,14.0,11.0,3.0,1.4,1.1,0.3333333333333333,0.4,0.4,72,6.0,0.4,1.2,0.8,H,1.0
2020-09-09,2020-21,Apertura,9,False,Mazatlán FC,Tijuana,1.0,0.0,1.0,0.0,footballcsv,687,1474.0936200892716,1434.273997901576,39.819622187695586,0,0,0,0.0,0.0,0,0,0,0,0.0,0.0,0,0.0,1.0,5.0,8.0,-3.0,1.6666666666666667,2.6666666666666665,0.0,2.0,5.0,9.0,-4.0,1.0,1.8,1.0,6.0,9.0,15.0,-6.0,1.125,1.875,0.0,0.2,0.125,8,7.0,0.25,1.0,1.5,2.0,6.0,3.0,4.0,-1.0,1.0,1.3333333333333333,2.0,6.0,4.0,8.0,-4.0,0.8,1.6,4.0,13.0,12.0,19.0,-7.0,1.2,1.9,0.3333333333333333,0.2,0.2,72,5.0,0.0,0.8,2.8,H,1.0
2020-09-09,2020-21,Apertura,9,False,Santos Laguna,Pumas UNAM,1.0,2.0,0.0,1.0,footballcsv,688,1535.7272365009217,1531.1151934523712,4.612043048550504,1,2,1,7.0,6.0,4,1,2,1,7.0,6.0,4,1.0,4.0,4.0,4.0,0.0,1.3333333333333333,1.3333333333333333,1.0,5.0,5.0,7.0,-2.0,1.0,1.4,3.0,12.0,11.0,13.0,-2.0,1.1,1.3,0.0,0.2,0.2,74,5.0,0.8,1.4,0.4,2.0,7.0,8.0,2.0,6.0,2.6666666666666665,0.6666666666666666,2.0,9.0,9.0,3.0,6.0,1.8,0.6,4.0,17.0,19.0,13.0,6.0,1.9,1.3,0.3333333333333333,0.4,0.2,74,4.0,0.2,0.8,1.6,A,3.0
2020-09-09,2020-21,Apertura,9,False,León,Tigres UANL,1.0,1.0,1.0,0.0,footballcsv,689,1630.5842146789,1572.5317674455061,58.05244723339388,0,3,2,3.0,6.0,5,0,3,2,3.0,6.0,5,2.0,7.0,4.0,1.0,3.0,1.3333333333333333,0.3333333333333333,4.0,13.0,7.0,2.0,5.0,1.4,0.4,7.0,23.0,15.0,6.0,9.0,1.5,0.6,0.6666666666666666,0.6,0.5,78,5.0,1.0,2.0,0.8,0.0,2.0,3.0,5.0,-2.0,1.0,1.6666666666666667,1.0,5.0,7.0,9.0,-2.0,1.4,1.8,3.0,14.0,14.0,12.0,2.0,1.4,1.2,0.0,0.0,0.3,80,4.0,0.2,1.2,0.8,D,2.0
2020-09-11,2020-21,Apertura,10,False,Necaxa,Guadalajara,1.0,2.0,0.0,0.0,footballcsv,691,1499.3459965257357,1513.7096167306304,-14.363620204894687,1,1,1,5.0,5.0,3,1,1,1,5.0,5.0,3,0.0,0.0,1.0,7.0,-6.0,0.3333333333333333,2.3333333333333335,1.0,4.0,4.0,9.0,-5.0,0.8,1.8,2.0,8.0,7.0,16.0,-9.0,0.7,1.6,0.0,0.0,0.1,77,3.0,0.4,0.8,1.4,1.0,5.0,4.0,2.0,2.0,1.3333333333333333,0.6666666666666666,2.0,8.0,6.0,4.0,2.0,1.2,0.8,3.0,13.0,9.0,8.0,1.0,0.9,0.8,0.3333333333333333,0.2,0.3,71,3.0,0.6,1.4,1.0,A,3.0
2020-09-11,2020-21,Apertura,10,False,FC Juárez,Puebla,1.0,0.0,1.0,0.0,footballcsv,690,1487.0829234858948,1473.1499432858466,13.932980200048178,0,0,1,1.0,2.0,1,0,0,1,1.0,2.0,1,1.0,4.0,3.0,3.0,0.0,1.0,1.0,1.0,5.0,5.0,6.0,-1.0,1.0,1.2,2.0,10.0,10.0,13.0,-3.0,1.0,1.3,0.3333333333333333,0.4,0.3,37,3.0,0.2,0.6,1.4,1.0,3.0,7.0,8.0,-1.0,2.3333333333333335,2.6666666666666665,1.0,3.0,7.0,10.0,-3.0,1.4,2.0,4.0,13.0,15.0,14.0,1.0,1.5,1.4,0.0,0.0,0.2,71,3.0,0.4,1.4,1.6,H,1.0
2020-09-12,2020-21,Apertura,10,False,América,Toluca,1.0,1.0,1.0,1.0,footballcsv,692,1592.9708289501289,1453.984025115378,138.98680383475084,2,2,1,9.0,8.0,5,2,2,1,9.0,8.0,5,3.0,9.0,8.0,4.0,4.0,2.6666666666666665,1.3333333333333333,3.0,9.0,10.0,11.0,-1.0,2.0,2.2,6.0,19.0,20.0,15.0,5.0,2.0,1.5,0.0,0.0,0.1,87,4.0,0.6,2.2,1.2,0.0,0.0,2.0,9.0,-7.0,0.6666666666666666,3.0,2.0,6.0,6.0,11.0,-5.0,1.2,2.2,4.0,12.0,15.0,22.0,-7.0,1.5,2.2,0.0,0.2,0.1,73,4.0,0.2,1.2,2.8,D,2.0
2020-09-12,2020-21,Apertura,10,False,Atlas,Mazatlán FC,1.0,1.0,0.0,0.0,footballcsv,693,1419.5623939391721,1478.4858938141808,-58.9234998750087,0,0,0,0.0,0.0,0,0,0,0,0.0,0.0,0,1.0,4.0,3.0,3.0,0.0,1.0,1.0,2.0,8.0,4.0,3.0,1.0,0.8,0.6,3.0,12.0,11.0,13.0,-2.0,1.1,1.3,0.3333333333333333,0.6,0.3,71,4.0,0.4,1.0,1.2,1.0,4.0,3.0,4.0,-1.0,1.0,1.3333333333333333,1.0,5.0,6.0,8.0,-2.0,1.2,1.6,2.0,9.0,10.0,15.0,-5.0,1.1111111111111112,1.6666666666666667,0.3333333333333333,0.4,0.2222222222222222,9,3.0,0.0,1.25,2.25,D,2.0
2020-09-12,2020-21,Apertura,10,False,Tigres UANL,Santos Laguna,2.0,0.0,1.0,0.0,footballcsv,694,1576.3085331234029,1527.140320856111,49.16821226729189,2,0,2,8.0,6.0,4,2,0,2,8.0,6.0,4,0.0,2.0,3.0,5.0,-2.0,1.0,1.6666666666666667,0.0,3.0,6.0,9.0,-3.0,1.2,1.8,3.0,14.0,15.0,13.0,2.0,1.5,1.3,0.0,0.0,0.2,81,3.0,0.4,1.6,1.6,1.0,4.0,4.0,4.0,0.0,1.3333333333333333,1.3333333333333333,1.0,5.0,5.0,6.0,-1.0,1.0,1.2,3.0,12.0,12.0,14.0,-2.0,1.2,1.4,0.0,0.2,0.2,75,3.0,0.0,1.0,2.0,H,2.0
2020-09-13,2020-21,Apertura,10,False,Querétaro,León,2.0,3.0,0.0,1.0,footballcsv,695,1499.9721408200278,1626.8074490010033,-126.83530818097552,0,0,4,1.0,15.0,4,0,0,4,1.0,15.0,4,1.0,4.0,6.0,4.0,2.0,2.0,1.3333333333333333,2.0,7.0,10.0,6.0,4.0,2.0,1.2,3.0,11.0,14.0,15.0,-1.0,1.4,1.5,0.0,0.0,0.1,75,5.0,0.6,2.2,0.8,2.0,7.0,5.0,2.0,3.0,1.6666666666666667,0.6666666666666666,3.0,11.0,7.0,3.0,4.0,1.4,0.6,6.0,21.0,12.0,6.0,6.0,1.2,0.6,0.3333333333333333,0.4,0.5,79,4.0,0.4,0.6,0.4,A,5.0
2020-09-13,2020-21,Apertura,10,False,Tijuana,Cruz Azul,1.0,2.0,1.0,0.0,footballcsv,696,1429.8817241766667,1611.402951443597,-181.52122726693028,1,1,2,6.0,8.0,4,1,1,2,6.0,8.0,4,1.0,3.0,2.0,5.0,-3.0,0.6666666666666666,1.6666666666666667,2.0,6.0,4.0,7.0,-3.0,0.8,1.4,4.0,13.0,10.0,16.0,-6.0,1.0,1.6,0.0,0.2,0.2,73,4.0,0.6,1.2,0.8,2.0,6.0,4.0,1.0,3.0,1.3333333333333333,0.3333333333333333,4.0,12.0,10.0,4.0,6.0,2.0,0.8,7.0,22.0,16.0,6.0,10.0,1.6,0.6,0.6666666666666666,0.4,0.5,79,4.0,0.4,1.0,0.8,A,3.0
2020-09-13,2020-21,Apertura,10,False,Pumas UNAM,Atlético San Luis,3.0,0.0,1.0,0.0,footballcsv,697,1539.7021090971818,1449.9191683476922,89.78294074948963,2,0,0,6.0,0.0,2,2,0,0,6.0,0.0,2,3.0,9.0,9.0,2.0,7.0,3.0,0.6666666666666666,3.0,11.0,10.0,3.0,7.0,2.0,0.6,5.0,19.0,18.0,11.0,7.0,1.8,1.1,0.3333333333333333,0.4,0.2,75,4.0,0.6,2.4,1.0,1.0,3.0,4.0,6.0,-2.0,1.3333333333333333,2.0,1.0,3.0,6.0,11.0,-5.0,1.2,2.2,2.0,8.0,12.0,17.0,-5.0,1.2,1.7,0.0,0.0,0.1,37,5.0,0.2,1.6,2.0,H,3.0
2020-09-14,2020-21,Apertura,10,False,Pachuca,Monterrey,1.0,1.0,0.0,1.0,footballcsv,698,1545.8149584103571,1531.6112386634386,14.203719746918523,0,0,3,2.0,9.0,3,0,0,3,2.0,9.0,3,1.0,4.0,3.0,2.0,1.0,1.0,0.6666666666666666,3.0,10.0,8.0,5.0,3.0,1.6,1.0,4.0,14.0,13.0,12.0,1.0,1.3,1.2,0.3333333333333333,0.4,0.3,73,5.0,0.6,1.8,1.4,1.0,4.0,4.0,4.0,0.0,1.3333333333333333,1.3333333333333333,2.0,8.0,8.0,6.0,2.0,1.6,1.2,3.0,14.0,15.0,12.0,3.0,1.5,1.2,0.0,0.0,0.0,85,6.0,0.2,1.2,1.2,D,2.0
2020-09-18,2020-21,Apertura,11,False,Mazatlán FC,Cruz Azul,2.0,3.0,1.0,1.0,footballcsv,699,1479.0917812110997,1616.1459084562043,-137.0541272451046,0,0,0,0.0,0.0,0,0,0,0,0.0,0.0,0,1.0,4.0,3.0,4.0,-1.0,1.0,1.3333333333333333,1.0,5.0,7.0,9.0,-2.0,1.4,1.8,2.0,10.0,11.0,16.0,-5.0,1.1,1.6,0.3333333333333333,0.2,0.2,10,6.0,0.4,1.0,1.2,2.0,6.0,3.0,2.0,1.0,1.0,0.6666666666666666,4.0,12.0,9.0,3.0,6.0,1.8,0.6,7.0,22.0,17.0,7.0,10.0,1.7,0.7,0.3333333333333333,0.4,0.4,80,5.0,0.4,1.2,1.0,A,5.0
2020-09-18,2020-21,Apertura,11,False,Necaxa,Puebla,0.0,1.0,0.0,1.0,footballcsv,700,1491.120412930926,1468.2570190180566,22.86339391286947,2,1,1,8.0,6.0,4,2,1,1,8.0,6.0,4,0.0,0.0,2.0,6.0,-4.0,0.6666666666666666,2.0,1.0,3.0,4.0,10.0,-6.0,0.8,2.0,2.0,8.0,7.0,16.0,-9.0,0.7,1.6,0.0,0.0,0.1,78,7.0,0.4,1.0,1.2,0.0,0.0,3.0,8.0,-5.0,1.0,2.6666666666666665,1.0,3.0,7.0,10.0,-3.0,1.4,2.0,3.0,10.0,14.0,15.0,-1.0,1.4,1.5,0.0,0.0,0.1,72,7.0,0.2,0.6,1.6,A,1.0
2020-09-19,2020-21,Apertura,11,False,Atlas,Pachuca,0.0,1.0,0.0,0.0,footballcsv,701,1418.9565065422532,1543.1681045858777,-124.21159804362446,0,1,3,1.0,6.0,4,0,1,3,1.0,6.0,4,1.0,5.0,3.0,2.0,1.0,1.0,0.6666666666666666,2.0,8.0,5.0,4.0,1.0,1.0,0.8,2.0,10.0,9.0,12.0,-3.0,0.9,1.2,0.3333333333333333,0.4,0.3,72,7.0,0.4,1.0,1.0,1.0,4.0,4.0,3.0,1.0,1.3333333333333333,1.0,2.0,8.0,8.0,6.0,2.0,1.6,1.2,4.0,15.0,12.0,10.0,2.0,1.2,1.0,0.0,0.2,0.3,74,5.0,0.2,0.8,1.0,A,1.0
2020-09-19,2020-21,Apertura,11,False,Tigres UANL,Querétaro,3.0,0.0,0.0,0.0,footballcsv,702,1582.995965852817,1494.0945587546307,88.90140709818638,2,1,0,6.0,1.0,3,2,1,0,6.0,1.0,3,1.0,4.0,4.0,4.0,0.0,1.3333333333333333,1.3333333333333333,1.0,6.0,6.0,6.0,0.0,1.2,1.2,3.0,14.0,14.0,11.0,3.0,1.4,1.1,0.3333333333333333,0.2,0.3,82,7.0,0.4,1.4,1.2,1.0,4.0,7.0,5.0,2.0,2.3333333333333335,1.6666666666666667,1.0,4.0,8.0,8.0,0.0,1.6,1.6,3.0,11.0,16.0,14.0,2.0,1.6,1.4,0.0,0.0,0.1,76,6.0,0.0,0.8,1.6,H,3.0
2020-09-19,2020-21,Apertura,11,False,América,Guadalajara,1.0,0.0,1.0,0.0,footballcsv,703,1587.388277975128,1521.93520032544,65.45307764968788,2,1,0,7.0,2.0,3,2,1,0,7.0,2.0,3,2.0,7.0,7.0,4.0,3.0,2.3333333333333335,1.3333333333333333,3.0,10.0,10.0,8.0,2.0,2.0,1.6,6.0,20.0,21.0,15.0,6.0,2.1,1.5,0.0,0.0,0.1,88,7.0,0.6,2.4,1.2,2.0,7.0,6.0,3.0,3.0,2.0,1.0,2.0,8.0,6.0,4.0,2.0,1.2,0.8,4.0,15.0,10.0,8.0,2.0,1.0,0.8,0.0,0.2,0.3,72,8.0,0.6,1.4,1.0,H,1.0
2020-09-20,2020-21,Apertura,11,False,Atlético San Luis,Monterrey,1.0,2.0,1.0,2.0,footballcsv,705,1442.8815323923102,1534.258092487918,-91.37656009560783,1,1,0,3.0,2.0,2,1,1,0,3.0,2.0,2,1.0,3.0,3.0,7.0,-4.0,1.0,2.3333333333333335,1.0,3.0,5.0,12.0,-7.0,1.0,2.4,2.0,8.0,12.0,19.0,-7.0,1.2,1.9,0.0,0.0,0.1,38,7.0,0.2,1.2,1.6,0.0,2.0,3.0,4.0,-1.0,1.0,1.3333333333333333,2.0,8.0,8.0,6.0,2.0,1.6,1.2,3.0,14.0,15.0,12.0,3.0,1.5,1.2,0.0,0.0,0.0,86,6.0,0.2,1.2,1.2,A,3.0
2020-09-20,2020-21,Apertura,11,False,Toluca,Santos Laguna,1.0,2.0,0.0,1.0,footballcsv,704,1459.566576090379,1520.4528881266967,-60.886312036317804,1,1,1,4.0,7.0,3,1,1,1,4.0,7.0,3,0.0,1.0,2.0,6.0,-4.0,0.6666666666666666,2.0,1.0,4.0,4.0,10.0,-6.0,0.8,2.0,4.0,13.0,14.0,20.0,-6.0,1.4,2.0,0.0,0.2,0.1,74,8.0,0.6,1.8,1.6,0.0,1.0,2.0,5.0,-3.0,0.6666666666666666,1.6666666666666667,1.0,4.0,5.0,8.0,-3.0,1.0,1.6,2.0,9.0,10.0,15.0,-5.0,1.0,1.5,0.0,0.0,0.2,76,8.0,0.0,1.0,2.0,A,3.0
2020-09-21,2020-21,Apertura,11,False,León,Pumas UNAM,2.0,0.0,1.0,0.0,footballcsv,706,1632.6850310664004,1546.7397450525639,85.9452860138365,3,0,1,9.0,5.0,4,3,0,1,9.0,5.0,4,2.0,7.0,6.0,3.0,3.0,2.0,1.0,3.0,11.0,8.0,4.0,4.0,1.6,0.8,6.0,21.0,12.0,7.0,5.0,1.2,0.7,0.3333333333333333,0.4,0.5,80,8.0,0.8,1.8,0.8,3.0,9.0,9.0,2.0,7.0,3.0,0.6666666666666666,4.0,13.0,13.0,3.0,10.0,2.6,0.6,6.0,22.0,20.0,8.0,12.0,2.0,0.8,0.3333333333333333,0.4,0.3,76,8.0,0.4,1.2,1.2,H,2.0
2020-09-24,2020-21,Apertura,12,False,Pachuca,Toluca,0.0,0.0,0.0,0.0,footballcsv,707,1549.1029997752514,1452.2541631833208,96.84883659193065,1,0,2,4.0,6.0,3,1,0,2,4.0,6.0,3,1.0,4.0,2.0,2.0,0.0,0.6666666666666666,0.6666666666666666,2.0,8.0,5.0,3.0,2.0,1.0,0.6,5.0,18.0,12.0,8.0,4.0,1.2,0.8,0.3333333333333333,0.4,0.4,75,5.0,0.6,1.8,1.2,0.0,1.0,2.0,4.0,-2.0,0.6666666666666666,1.3333333333333333,0.0,1.0,4.0,12.0,-8.0,0.8,2.4,4.0,13.0,14.0,19.0,-5.0,1.4,1.9,0.0,0.0,0.1,75,4.0,0.2,1.2,2.4,D,0.0
2020-09-25,2020-21,Apertura,12,False,Puebla,Querétaro,3.0,3.0,1.0,2.0,footballcsv,708,1477.1827245482125,1487.028316295202,-9.845591746989612,2,1,1,3.0,2.0,4,2,1,1,3.0,2.0,4,1.0,3.0,3.0,4.0,-1.0,1.0,1.3333333333333333,2.0,6.0,8.0,9.0,-1.0,1.6,1.8,3.0,10.0,11.0,14.0,-3.0,1.1,1.4,0.3333333333333333,0.2,0.2,73,7.0,0.2,1.4,1.2,0.0,1.0,3.0,7.0,-4.0,1.0,2.3333333333333335,1.0,4.0,8.0,10.0,-2.0,1.6,2.0,3.0,11.0,14.0,14.0,0.0,1.4,1.4,0.0,0.0,0.1,77,6.0,0.0,0.4,1.6,D,6.0
2020-09-25,2020-21,Apertura,12,False,FC Juárez,Atlas,0.0,1.0,0.0,1.0,footballcsv,709,1491.9758477536848,1413.0216113528795,78.95423640080526,0,0,1,0.0,1.0,1,0,0,1,0.0,1.0,1,2.0,7.0,3.0,1.0,2.0,1.0,0.3333333333333333,2.0,8.0,4.0,3.0,1.0,0.8,0.6,3.0,13.0,9.0,10.0,-1.0,0.9,1.0,0.6666666666666666,0.6,0.4,38,14.0,0.4,0.6,0.6,0.0,2.0,2.0,3.0,-1.0,0.6666666666666666,1.0,1.0,5.0,4.0,5.0,-1.0,0.8,1.0,2.0,10.0,8.0,10.0,-2.0,0.8,1.0,0.0,0.2,0.3,73,6.0,0.0,0.8,1.4,A,1.0
2020-09-26,2020-21,Apertura,12,False,Guadalajara,Mazatlán FC,2.0,1.0,2.0,1.0,footballcsv,710,1518.0068615076077,1473.4351361988656,44.57172530874209,0,0,0,0.0,0.0,0,0,0,0,0.0,0.0,0,1.0,4.0,3.0,3.0,0.0,1.0,1.0,2.0,8.0,6.0,4.0,2.0,1.2,0.8,4.0,14.0,10.0,9.0,1.0,1.0,0.9,0.0,0.2,0.2,73,7.0,0.2,0.6,0.6,1.0,4.0,4.0,4.0,0.0,1.3333333333333333,1.3333333333333333,1.0,5.0,6.0,8.0,-2.0,1.2,1.6,2.0,10.0,12.0,15.0,-3.0,1.2,1.5,0.3333333333333333,0.2,0.2,11,8.0,0.0,1.2,2.0,H,3.0
2020-09-26,2020-21,Apertura,12,False,Pumas UNAM,Necaxa,1.0,1.0,0.0,1.0,footballcsv,711,1541.063391092986,1482.19470740077,58.86868369221588,2,0,1,8.0,5.0,3,2,0,1,8.0,5.0,3,2.0,6.0,5.0,3.0,2.0,1.6666666666666667,1.0,4.0,12.0,12.0,4.0,8.0,2.4,0.8,5.0,19.0,17.0,8.0,9.0,1.7,0.8,0.3333333333333333,0.4,0.3,77,5.0,0.6,2.4,0.6,0.0,0.0,2.0,5.0,-3.0,0.6666666666666666,1.6666666666666667,0.0,0.0,2.0,10.0,-8.0,0.4,2.0,2.0,8.0,7.0,14.0,-7.0,0.7,1.4,0.0,0.0,0.1,79,8.0,0.0,0.6,1.8,D,2.0
2020-09-26,2020-21,Apertura,12,False,Monterrey,Tigres UANL,0.0,2.0,0.0,1.0,footballcsv,712,1540.9281865360424,1590.0622083122457,-49.134021776203326,1,2,2,2.0,4.0,5,1,2,2,2.0,4.0,5,1.0,5.0,4.0,3.0,1.0,1.3333333333333333,1.0,2.0,8.0,7.0,6.0,1.0,1.4,1.2,3.0,14.0,14.0,12.0,2.0,1.4,1.2,0.0,0.0,0.0,87,6.0,0.4,1.8,1.2,2.0,7.0,6.0,1.0,5.0,2.0,0.3333333333333333,2.0,8.0,8.0,5.0,3.0,1.6,1.0,3.0,14.0,14.0,11.0,3.0,1.4,1.1,0.6666666666666666,0.4,0.3,83,7.0,0.2,1.4,1.0,A,2.0
2020-09-27,2020-21,Apertura,12,False,Cruz Azul,América,0.0,0.0,0.0,0.0,footballcsv,713,1621.8025534684384,1591.3166167929603,30.485936675478115,3,1,1,8.0,5.0,5,3,3,2,8.0,7.0,8,3.0,9.0,6.0,3.0,3.0,2.0,1.0,4.0,12.0,9.0,4.0,5.0,1.8,0.8,7.0,22.0,18.0,9.0,9.0,1.8,0.9,0.3333333333333333,0.4,0.3,81,9.0,1.0,2.2,0.4,2.0,7.0,5.0,3.0,2.0,1.6666666666666667,1.0,4.0,13.0,10.0,5.0,5.0,2.0,1.0,6.0,20.0,20.0,14.0,6.0,2.0,1.4,0.3333333333333333,0.2,0.2,89,8.0,0.6,1.8,1.8,D,0.0
2020-09-27,2020-21,Apertura,12,False,Atlético San Luis,León,0.0,2.0,0.0,1.0,footballcsv,714,1436.2114383441858,1638.3613850259783,-202.14994668179247,1,0,1,5.0,4.0,2,1,0,1,5.0,4.0,2,1.0,3.0,3.0,6.0,-3.0,1.0,2.0,1.0,3.0,5.0,11.0,-6.0,1.0,2.2,2.0,7.0,12.0,20.0,-8.0,1.2,2.0,0.0,0.0,0.1,39,7.0,0.2,1.2,1.8,2.0,7.0,6.0,3.0,3.0,2.0,1.0,4.0,13.0,10.0,4.0,6.0,2.0,0.8,7.0,23.0,14.0,7.0,7.0,1.4,0.7,0.3333333333333333,0.4,0.5,81,6.0,0.6,1.2,0.8,A,2.0
2020-09-30,2020-21,Apertura,11,False,Tijuana,FC Juárez,2.0,1.0,1.0,1.0,footballcsv,715,1425.1387671640593,1482.0773578658611,-56.938590701801786,0,0,1,0.0,3.0,1,0,0,1,0.0,3.0,1,1.0,3.0,3.0,4.0,-1.0,1.0,1.3333333333333333,2.0,6.0,4.0,7.0,-3.0,0.8,1.4,3.0,10.0,8.0,16.0,-8.0,0.8,1.6,0.0,0.2,0.2,74,17.0,0.4,0.8,1.0,2.0,6.0,2.0,1.0,1.0,0.6666666666666666,0.3333333333333333,2.0,7.0,4.0,4.0,0.0,0.8,0.8,3.0,12.0,8.0,10.0,-2.0,0.8,1.0,0.6666666666666666,0.4,0.4,39,5.0,0.2,1.2,1.4,H,3.0
2020-10-02,2020-21,Apertura,13,False,León,Mazatlán FC,2.0,1.0,0.0,0.0,footballcsv,716,1645.254003020639,1469.1313225439342,176.12268047670477,0,0,0,0.0,0.0,0,0,0,0,0.0,0.0,0,3.0,9.0,7.0,2.0,5.0,2.3333333333333335,0.6666666666666666,4.0,13.0,10.0,3.0,7.0,2.0,0.6,7.0,23.0,15.0,7.0,8.0,1.5,0.7,0.6666666666666666,0.6,0.5,82,5.0,0.8,1.6,0.6,0.0,1.0,4.0,6.0,-2.0,1.3333333333333333,2.0,1.0,4.0,6.0,9.0,-3.0,1.2,1.8,2.0,9.0,12.0,16.0,-4.0,1.2,1.6,0.0,0.2,0.2,12,6.0,0.0,1.2,2.2,H,3.0
2020-10-02,2020-21,Apertura,13,False,Puebla,Santos Laguna,0.0,2.0,0.0,2.0,footballcsv,717,1475.1905203955496,1527.765301033755,-52.57478063820531,0,2,2,4.0,9.0,4,0,2,2,4.0,9.0,4,1.0,4.0,4.0,4.0,0.0,1.3333333333333333,1.3333333333333333,1.0,4.0,7.0,11.0,-4.0,1.4,2.2,3.0,10.0,13.0,16.0,-3.0,1.3,1.6,0.3333333333333333,0.2,0.2,74,7.0,0.2,2.0,1.8,1.0,3.0,3.0,5.0,-2.0,1.0,1.6666666666666667,2.0,7.0,6.0,7.0,-1.0,1.2,1.4,3.0,12.0,12.0,14.0,-2.0,1.2,1.4,0.0,0.0,0.2,77,12.0,0.2,1.0,1.8,A,2.0
2020-10-03,2020-21,Apertura,13,False,América,Pumas UNAM,2.0,2.0,1.0,1.0,footballcsv,718,1594.3936277324335,1537.2665011908693,57.12712654156417,1,3,1,11.0,7.0,5,1,4,1,13.0,9.0,6,1.0,5.0,2.0,1.0,1.0,0.6666666666666666,0.3333333333333333,3.0,11.0,8.0,4.0,4.0,1.6,0.8,5.0,18.0,16.0,14.0,2.0,1.6,1.4,0.6666666666666666,0.4,0.2,90,6.0,0.6,1.8,1.2,1.0,4.0,4.0,3.0,1.0,1.3333333333333333,1.0,3.0,10.0,10.0,5.0,5.0,2.0,1.0,4.0,17.0,16.0,8.0,8.0,1.6,0.8,0.3333333333333333,0.2,0.3,78,7.0,0.4,1.0,1.0,D,4.0
2020-10-03,2020-21,Apertura,13,False,Tigres UANL,Atlético San Luis,3.0,0.0,0.0,0.0,footballcsv,719,1602.0217724605443,1429.3188203495251,172.70295211101916,0,2,0,1.0,1.0,2,0,2,0,1.0,1.0,2,3.0,9.0,7.0,0.0,7.0,2.3333333333333335,0.0,3.0,10.0,9.0,4.0,5.0,1.8,0.8,4.0,16.0,15.0,10.0,5.0,1.5,1.0,1.0,0.6,0.4,84,7.0,0.6,1.8,1.0,0.0,0.0,1.0,7.0,-6.0,0.3333333333333333,2.3333333333333335,1.0,3.0,4.0,11.0,-7.0,0.8,2.2,2.0,7.0,10.0,19.0,-9.0,1.0,1.9,0.0,0.0,0.1,40,6.0,0.2,1.2,2.2,H,3.0
2020-10-03,2020-21,Apertura,13,False,Atlas,Necaxa,0.0,1.0,0.0,0.0,footballcsv,720,1422.9201012407032,1485.9915973028867,-63.07149606218354,0,1,2,3.0,6.0,3,0,1,2,3.0,6.0,3,1.0,4.0,2.0,2.0,0.0,0.6666666666666666,0.6666666666666666,2.0,8.0,4.0,3.0,1.0,0.8,0.6,3.0,13.0,8.0,8.0,0.0,0.8,0.8,0.3333333333333333,0.4,0.4,74,8.0,0.4,0.8,0.8,0.0,1.0,2.0,4.0,-2.0,0.6666666666666666,1.3333333333333333,0.0,1.0,3.0,8.0,-5.0,0.6,1.6,2.0,9.0,8.0,14.0,-6.0,0.8,1.4,0.0,0.0,0.1,80,7.0,0.0,0.6,1.6,A,1.0
2020-10-04,2020-21,Apertura,13,False,Querétaro,Monterrey,1.0,2.0,0.0,0.0,footballcsv,724,1489.020520447865,1528.9686223877438,-39.948101939878825,2,0,2,6.0,6.0,4,2,0,2,6.0,6.0,4,0.0,1.0,5.0,9.0,-4.0,1.6666666666666667,3.0,1.0,5.0,10.0,11.0,-1.0,2.0,2.2,3.0,11.0,16.0,16.0,0.0,1.6,1.6,0.0,0.0,0.1,78,9.0,0.6,2.4,1.2,1.0,4.0,3.0,4.0,-1.0,1.0,1.3333333333333333,1.0,5.0,5.0,7.0,-2.0,1.0,1.4,3.0,14.0,14.0,13.0,1.0,1.4,1.3,0.0,0.0,0.0,88,8.0,0.4,1.6,1.2,A,3.0
2020-10-04,2020-21,Apertura,13,False,FC Juárez,Pachuca,1.0,1.0,0.0,1.0,footballcsv,723,1475.672434783307,1544.4112504012762,-68.7388156179693,1,0,0,1.0,0.0,1,1,0,0,1.0,0.0,1,1.0,3.0,2.0,3.0,-1.0,0.6666666666666666,1.0,2.0,7.0,4.0,4.0,0.0,0.8,0.8,2.0,9.0,8.0,12.0,-4.0,0.8,1.2,0.3333333333333333,0.4,0.3,40,4.0,0.2,0.4,0.8,1.0,5.0,2.0,1.0,1.0,0.6666666666666666,0.3333333333333333,2.0,8.0,5.0,3.0,2.0,1.0,0.6,5.0,18.0,11.0,7.0,4.0,1.1,0.7,0.6666666666666666,0.4,0.5,76,10.0,0.4,0.6,0.4,D,2.0
2020-10-04,2020-21,Apertura,13,False,Toluca,Cruz Azul,2.0,0.0,1.0,0.0,footballcsv,722,1456.945912557296,1618.7255425289652,-161.77962997166924,0,3,1,5.0,6.0,4,0,3,1,5.0,6.0,4,0.0,2.0,2.0,3.0,-1.0,0.6666666666666666,1.0,0.0,2.0,3.0,8.0,-5.0,0.6,1.6,3.0,11.0,11.0,17.0,-6.0,1.1,1.7,0.3333333333333333,0.2,0.2,76,10.0,0.6,1.6,1.4,2.0,7.0,5.0,3.0,2.0,1.6666666666666667,1.0,3.0,10.0,6.0,4.0,2.0,1.2,0.8,7.0,22.0,17.0,8.0,9.0,1.7,0.8,0.3333333333333333,0.4,0.4,82,7.0,0.6,1.6,1.2,H,2.0
2020-10-04,2020-21,Apertura,13,False,Tijuana,Guadalajara,0.0,0.0,0.0,0.0,footballcsv,721,1431.5436902466136,1522.3106751625392,-90.7669849159256,2,0,2,3.0,4.0,4,2,0,2,3.0,4.0,4,1.0,3.0,3.0,4.0,-1.0,1.0,1.3333333333333333,2.0,6.0,5.0,8.0,-3.0,1.0,1.6,3.0,10.0,7.0,16.0,-9.0,0.7,1.6,0.0,0.0,0.2,75,4.0,0.6,1.2,1.2,2.0,6.0,4.0,3.0,1.0,1.3333333333333333,1.0,3.0,10.0,8.0,5.0,3.0,1.6,1.0,5.0,17.0,12.0,8.0,4.0,1.2,0.8,0.0,0.0,0.2,74,8.0,0.6,1.4,0.8,D,0.0
2020-10-11,2020-21,Apertura,12,False,Santos Laguna,Tijuana,2.0,0.0,2.0,0.0,footballcsv,725,1539.6168292321124,1431.853489815706,107.76333941640632,1,2,1,8.0,6.0,4,1,2,1,8.0,6.0,4,2.0,6.0,4.0,3.0,1.0,1.3333333333333333,1.0,2.0,7.0,6.0,6.0,0.0,1.2,1.2,3.0,12.0,12.0,14.0,-2.0,1.2,1.4,0.3333333333333333,0.2,0.2,78,9.0,0.6,1.4,0.8,1.0,4.0,3.0,3.0,0.0,1.0,1.0,2.0,7.0,5.0,5.0,0.0,1.0,1.0,3.0,11.0,7.0,12.0,-5.0,0.7,1.2,0.3333333333333333,0.2,0.3,76,7.0,0.0,0.6,2.8,H,2.0
2020-10-15,2020-21,Apertura,14,False,Atlético San Luis,Querétaro,2.0,1.0,1.0,0.0,footballcsv,726,1424.6114862374473,1481.2935189300692,-56.68203269262199,1,0,1,1.0,2.0,2,1,0,1,1.0,2.0,2,0.0,0.0,1.0,7.0,-6.0,0.3333333333333333,2.3333333333333335,1.0,3.0,3.0,11.0,-8.0,0.6,2.2,2.0,6.0,9.0,21.0,-12.0,0.9,2.1,0.0,0.0,0.1,41,12.0,0.2,1.0,2.0,0.0,1.0,4.0,8.0,-4.0,1.3333333333333333,2.6666666666666665,0.0,2.0,7.0,12.0,-5.0,1.4,2.4,3.0,11.0,17.0,17.0,0.0,1.7,1.7,0.0,0.0,0.1,79,11.0,0.0,1.0,2.0,H,3.0
2020-10-16,2020-21,Apertura,14,False,Necaxa,Tijuana,2.0,0.0,1.0,0.0,footballcsv,727,1493.2605321791698,1426.7246674503604,66.53586472880943,1,0,2,4.0,5.0,3,1,0,2,4.0,5.0,3,1.0,4.0,2.0,2.0,0.0,0.6666666666666666,0.6666666666666666,1.0,4.0,4.0,6.0,-2.0,0.8,1.2,3.0,11.0,8.0,13.0,-5.0,0.8,1.3,0.3333333333333333,0.2,0.2,81,13.0,0.4,0.8,1.2,1.0,4.0,2.0,3.0,-1.0,0.6666666666666666,1.0,1.0,4.0,3.0,6.0,-3.0,0.6,1.2,3.0,10.0,7.0,14.0,-7.0,0.7,1.4,0.3333333333333333,0.2,0.2,77,5.0,0.0,0.2,2.4,H,2.0
2020-10-16,2020-21,Apertura,14,False,Mazatlán FC,FC Juárez,3.0,2.0,3.0,1.0,footballcsv,728,1466.8182141344778,1475.3484252977241,-8.53021116324635,0,0,0,0.0,0.0,0,0,0,0,0.0,0.0,0,0.0,0.0,4.0,7.0,-3.0,1.3333333333333333,2.3333333333333335,1.0,4.0,6.0,8.0,-2.0,1.2,1.6,1.0,6.0,11.0,17.0,-6.0,1.1,1.7,0.0,0.2,0.2,13,14.0,0.4,1.2,1.0,0.0,1.0,2.0,4.0,-2.0,0.6666666666666666,1.3333333333333333,2.0,7.0,4.0,4.0,0.0,0.8,0.8,2.0,9.0,8.0,12.0,-4.0,0.8,1.2,0.0,0.4,0.3,41,12.0,0.2,1.2,1.6,H,5.0
2020-10-17,2020-21,Apertura,14,False,Monterrey,Puebla,3.0,1.0,2.0,0.0,footballcsv,729,1536.6956239055396,1463.338992197192,73.35663170834755,1,1,1,4.0,4.0,3,1,1,1,4.0,4.0,3,2.0,6.0,4.0,4.0,0.0,1.3333333333333333,1.3333333333333333,2.0,8.0,6.0,6.0,0.0,1.2,1.2,4.0,16.0,14.0,12.0,2.0,1.4,1.2,0.0,0.0,0.0,89,13.0,0.2,1.2,1.4,1.0,4.0,4.0,5.0,-1.0,1.3333333333333333,1.6666666666666667,1.0,4.0,6.0,9.0,-3.0,1.2,1.8,2.0,7.0,12.0,18.0,-6.0,1.2,1.8,0.3333333333333333,0.2,0.1,75,15.0,0.2,0.6,1.6,H,4.0
2020-10-17,2020-21,Apertura,14,False,Guadalajara,Atlas,3.0,2.0,2.0,0.0,footballcsv,730,1522.0008755934466,1415.65116636442,106.34970922902653,4,0,0,7.0,1.0,4,4,0,0,7.0,1.0,4,1.0,4.0,2.0,2.0,0.0,0.6666666666666666,0.6666666666666666,2.0,8.0,5.0,4.0,1.0,1.0,0.8,5.0,18.0,12.0,7.0,5.0,1.2,0.7,0.3333333333333333,0.2,0.3,75,13.0,0.4,1.0,0.8,1.0,3.0,1.0,2.0,-1.0,0.3333333333333333,0.6666666666666666,1.0,5.0,3.0,4.0,-1.0,0.6,0.8,3.0,12.0,7.0,8.0,-1.0,0.7,0.8,0.3333333333333333,0.2,0.4,75,14.0,0.2,0.8,0.8,H,5.0
2020-10-17,2020-21,Apertura,14,False,Cruz Azul,Tigres UANL,0.0,2.0,0.0,0.0,footballcsv,731,1605.200220089115,1606.7291065726222,-1.5288864835072218,3,1,0,5.0,2.0,4,3,1,0,5.0,2.0,4,1.0,4.0,3.0,4.0,-1.0,1.0,1.3333333333333333,3.0,10.0,6.0,5.0,1.0,1.2,1.0,6.0,19.0,15.0,10.0,5.0,1.5,1.0,0.3333333333333333,0.4,0.3,83,13.0,0.8,1.8,0.4,3.0,9.0,8.0,0.0,8.0,2.6666666666666665,0.0,4.0,13.0,11.0,1.0,10.0,2.2,0.2,5.0,18.0,18.0,10.0,8.0,1.8,1.0,1.0,0.8,0.4,85,14.0,0.2,1.2,1.0,A,2.0
2020-10-18,2020-21,Apertura,14,False,Santos Laguna,Pachuca,1.0,1.0,1.0,1.0,footballcsv,732,1544.7456515974582,1544.735259886859,0.010391710599151338,0,3,1,3.0,4.0,4,0,3,1,3.0,4.0,4,3.0,9.0,6.0,1.0,5.0,2.0,0.3333333333333333,3.0,9.0,7.0,5.0,2.0,1.4,1.0,4.0,14.0,12.0,12.0,0.0,1.2,1.2,0.6666666666666666,0.4,0.3,79,7.0,0.6,1.4,0.6,1.0,5.0,2.0,1.0,1.0,0.6666666666666666,0.3333333333333333,1.0,6.0,3.0,3.0,0.0,0.6,0.6,4.0,16.0,11.0,8.0,3.0,1.1,0.8,0.6666666666666666,0.4,0.4,77,14.0,0.4,0.6,0.4,D,2.0
2020-10-18,2020-21,Apertura,14,False,Pumas UNAM,Toluca,1.0,0.0,0.0,0.0,footballcsv,733,1541.0204099632545,1470.4712349971462,70.54917496610824,3,1,0,8.0,5.0,4,3,1,0,8.0,5.0,4,0.0,2.0,3.0,5.0,-2.0,1.0,1.6666666666666667,2.0,8.0,8.0,6.0,2.0,1.6,1.2,4.0,17.0,17.0,9.0,8.0,1.7,0.9,0.0,0.2,0.3,79,15.0,0.6,2.4,0.6,1.0,4.0,3.0,2.0,1.0,1.0,0.6666666666666666,1.0,5.0,4.0,4.0,0.0,0.8,0.8,4.0,14.0,12.0,15.0,-3.0,1.2,1.5,0.6666666666666666,0.4,0.3,77,14.0,0.2,1.0,2.0,H,1.0
2020-10-19,2020-21,Apertura,14,False,León,América,3.0,2.0,2.0,2.0,footballcsv,734,1647.5671114300953,1590.6397189600484,56.927392470046925,3,1,1,6.0,1.0,5,3,1,1,6.0,1.0,5,3.0,9.0,6.0,1.0,5.0,2.0,0.3333333333333333,4.0,13.0,10.0,4.0,6.0,2.0,0.8,8.0,26.0,17.0,6.0,11.0,1.7,0.6,0.6666666666666666,0.4,0.5,83,17.0,0.8,1.8,0.8,1.0,5.0,3.0,2.0,1.0,1.0,0.6666666666666666,2.0,9.0,7.0,5.0,2.0,1.4,1.0,5.0,18.0,17.0,15.0,2.0,1.7,1.5,0.6666666666666666,0.4,0.2,91,16.0,0.4,1.4,1.6,H,5.0
2020-10-23,2020-21,Apertura,15,False,Puebla,León,1.0,2.0,0.0,0.0,footballcsv,735,1457.3288727032625,1651.6461195942586,-194.3172468909961,2,0,1,6.0,4.0,3,2,0,1,6.0,4.0,3,0.0,1.0,4.0,8.0,-4.0,1.3333333333333333,2.6666666666666665,1.0,4.0,5.0,9.0,-4.0,1.0,1.8,2.0,7.0,12.0,19.0,-7.0,1.2,1.9,0.0,0.2,0.1,76,6.0,0.2,1.8,2.0,3.0,9.0,7.0,3.0,4.0,2.3333333333333335,1.0,5.0,15.0,12.0,5.0,7.0,2.4,1.0,8.0,26.0,19.0,8.0,11.0,1.9,0.8,0.3333333333333333,0.4,0.4,84,4.0,0.8,1.6,0.4,A,3.0
2020-10-24,2020-21,Apertura,15,False,Querétaro,Necaxa,0.0,1.0,0.0,1.0,footballcsv,739,1474.894377190037,1499.4568905205722,-24.56251333053524,1,0,4,6.0,11.0,5,2,0,4,7.0,11.0,6,0.0,1.0,5.0,7.0,-2.0,1.6666666666666667,2.3333333333333335,0.0,1.0,7.0,13.0,-6.0,1.4,2.6,2.0,8.0,17.0,19.0,-2.0,1.7,1.9,0.0,0.0,0.0,80,9.0,0.6,2.4,1.4,2.0,7.0,4.0,1.0,3.0,1.3333333333333333,0.3333333333333333,2.0,7.0,5.0,4.0,1.0,1.0,0.8,3.0,11.0,9.0,13.0,-4.0,0.9,1.3,0.6666666666666666,0.4,0.2,82,8.0,0.2,0.8,1.4,A,1.0
2020-10-24,2020-21,Apertura,15,False,Tigres UANL,FC Juárez,1.0,1.0,0.0,0.0,footballcsv,738,1620.1551849603147,1469.99687769359,150.1583072667247,2,0,0,5.0,3.0,2,2,0,0,5.0,3.0,2,3.0,9.0,7.0,0.0,7.0,2.3333333333333335,0.0,5.0,15.0,12.0,0.0,12.0,2.4,0.0,5.0,18.0,18.0,9.0,9.0,1.8,0.9,1.0,1.0,0.5,86,7.0,0.6,2.0,0.8,0.0,1.0,4.0,6.0,-2.0,1.3333333333333333,2.0,1.0,4.0,5.0,7.0,-2.0,1.0,1.4,2.0,9.0,10.0,13.0,-3.0,1.0,1.3,0.0,0.2,0.3,42,8.0,0.2,1.4,2.0,D,2.0
2020-10-24,2020-21,Apertura,15,False,Mazatlán FC,Monterrey,1.0,2.0,0.0,2.0,footballcsv,736,1472.169761738612,1542.7057433994692,-70.53598166085726,0,0,0,0.0,0.0,0,0,0,0,0.0,0.0,0,1.0,3.0,5.0,6.0,-1.0,1.6666666666666667,2.0,1.0,4.0,8.0,10.0,-2.0,1.6,2.0,2.0,9.0,14.0,18.0,-4.0,1.4,1.8,0.0,0.0,0.2,14,8.0,0.4,1.4,1.2,2.0,6.0,5.0,4.0,1.0,1.6666666666666667,1.3333333333333333,3.0,10.0,8.0,6.0,2.0,1.6,1.2,5.0,18.0,16.0,12.0,4.0,1.6,1.2,0.0,0.0,0.0,90,7.0,0.6,1.8,1.2,A,3.0
2020-10-24,2020-21,Apertura,15,False,América,Atlas,1.0,0.0,0.0,0.0,footballcsv,737,1586.5607107958851,1412.3936105112305,174.16710028465468,3,0,1,7.0,4.0,4,3,0,1,7.0,4.0,4,0.0,2.0,4.0,5.0,-1.0,1.3333333333333333,1.6666666666666667,1.0,6.0,6.0,6.0,0.0,1.2,1.2,4.0,15.0,16.0,17.0,-1.0,1.6,1.7,0.3333333333333333,0.4,0.2,92,5.0,0.4,1.6,1.4,1.0,3.0,3.0,4.0,-1.0,1.0,1.3333333333333333,1.0,4.0,4.0,6.0,-2.0,0.8,1.2,3.0,12.0,8.0,9.0,-1.0,0.8,0.9,0.3333333333333333,0.2,0.4,76,7.0,0.2,1.0,1.2,H,1.0
2020-10-25,2020-21,Apertura,15,False,Guadalajara,Cruz Azul,0.0,2.0,0.0,1.0,footballcsv,740,1525.2584314466362,1591.7741417014224,-66.5157102547862,1,1,2,3.0,4.0,4,1,1,2,3.0,4.0,4,2.0,7.0,5.0,3.0,2.0,1.6666666666666667,1.0,3.0,10.0,7.0,5.0,2.0,1.4,1.0,5.0,18.0,13.0,9.0,4.0,1.3,0.9,0.3333333333333333,0.2,0.2,76,8.0,0.6,1.6,1.0,0.0,1.0,0.0,4.0,-4.0,0.0,1.3333333333333333,2.0,7.0,5.0,7.0,-2.0,1.0,1.4,6.0,19.0,15.0,11.0,4.0,1.5,1.1,0.3333333333333333,0.2,0.3,84,8.0,0.6,1.6,1.4,A,2.0
2020-10-25,2020-21,Apertura,15,False,Santos Laguna,Atlético San Luis,2.0,1.0,1.0,1.0,footballcsv,741,1542.482631412561,1431.0106279774795,111.47200343508143,1,0,0,3.0,2.0,1,1,0,0,3.0,2.0,1,2.0,7.0,5.0,1.0,4.0,1.6666666666666667,0.3333333333333333,3.0,10.0,7.0,4.0,3.0,1.4,0.8,4.0,15.0,12.0,10.0,2.0,1.2,1.0,0.6666666666666666,0.4,0.3,80,7.0,0.4,1.2,0.8,1.0,3.0,2.0,6.0,-4.0,0.6666666666666666,2.0,1.0,3.0,3.0,11.0,-8.0,0.6,2.2,2.0,6.0,9.0,22.0,-13.0,0.9,2.2,0.0,0.0,0.0,42,10.0,0.2,0.8,2.2,H,3.0
2020-10-25,2020-21,Apertura,15,False,Toluca,Tijuana,2.0,0.0,2.0,0.0,footballcsv,742,1466.6311950281574,1420.528309108958,46.10288591919948,2,1,1,6.0,3.0,4,2,1,1,6.0,3.0,4,1.0,4.0,2.0,1.0,1.0,0.6666666666666666,0.3333333333333333,1.0,5.0,4.0,4.0,0.0,0.8,0.8,3.0,11.0,10.0,15.0,-5.0,1.0,1.5,0.6666666666666666,0.4,0.3,78,7.0,0.6,1.4,1.0,0.0,1.0,0.0,4.0,-4.0,0.0,1.3333333333333333,1.0,4.0,3.0,7.0,-4.0,0.6,1.4,3.0,10.0,7.0,14.0,-7.0,0.7,1.4,0.3333333333333333,0.2,0.2,78,9.0,0.0,0.2,2.0,H,2.0
2020-10-26,2020-21,Apertura,15,False,Pachuca,Pumas UNAM,1.0,1.0,1.0,1.0,footballcsv,743,1546.9982800717562,1544.8604499322432,2.137830139512971,2,1,1,4.0,2.0,4,2,1,1,4.0,2.0,4,0.0,3.0,2.0,2.0,0.0,0.6666666666666666,0.6666666666666666,1.0,7.0,4.0,3.0,1.0,0.8,0.6,4.0,17.0,12.0,8.0,4.0,1.2,0.8,0.3333333333333333,0.4,0.4,78,8.0,0.4,1.6,1.2,1.0,5.0,4.0,3.0,1.0,1.3333333333333333,1.0,2.0,8.0,7.0,5.0,2.0,1.4,1.0,5.0,19.0,17.0,8.0,9.0,1.7,0.8,0.3333333333333333,0.4,0.4,80,8.0,0.2,1.0,1.2,D,2.0
2020-10-29,2020-21,Apertura,16,False,Atlético San Luis,Mazatlán FC,0.0,5.0,0.0,5.0,footballcsv,744,1427.8309491459897,1465.0495258601277,-37.21857671413795,0,0,0,0.0,0.0,0,0,0,0,0.0,0.0,0,1.0,3.0,3.0,6.0,-3.0,1.0,2.0,1.0,3.0,4.0,10.0,-6.0,0.8,2.0,2.0,6.0,9.0,22.0,-13.0,0.9,2.2,0.0,0.0,0.0,43,4.0,0.4,1.2,1.6,1.0,3.0,5.0,6.0,-1.0,1.6666666666666667,2.0,1.0,3.0,8.0,11.0,-3.0,1.6,2.2,2.0,8.0,15.0,20.0,-5.0,1.5,2.0,0.0,0.0,0.1,15,5.0,0.0,1.4,2.4,A,5.0
2020-10-30,2020-21,Apertura,16,False,Tijuana,Pachuca,0.0,2.0,0.0,1.0,footballcsv,745,1413.751729488196,1544.6772442852346,-130.92551479703866,2,0,2,5.0,10.0,4,2,0,2,5.0,10.0,4,0.0,0.0,0.0,6.0,-6.0,0.0,2.0,1.0,4.0,2.0,7.0,-5.0,0.4,1.4,3.0,10.0,6.0,14.0,-8.0,0.6,1.4,0.0,0.2,0.2,79,5.0,0.6,1.2,0.8,0.0,3.0,3.0,3.0,0.0,1.0,1.0,1.0,7.0,4.0,3.0,1.0,0.8,0.6,3.0,15.0,12.0,9.0,3.0,1.2,0.9,0.0,0.4,0.3,79,4.0,0.2,0.6,0.6,A,2.0
2020-10-30,2020-21,Apertura,16,False,FC Juárez,Querétaro,1.0,0.0,0.0,0.0,footballcsv,746,1475.7967857962271,1466.8661981142327,8.930587681994439,0,0,1,0.0,2.0,1,0,0,1,0.0,2.0,1,0.0,2.0,4.0,5.0,-1.0,1.3333333333333333,1.6666666666666667,0.0,2.0,5.0,8.0,-3.0,1.0,1.6,2.0,10.0,9.0,11.0,-2.0,0.9,1.1,0.0,0.0,0.3,43,6.0,0.2,0.6,0.6,0.0,0.0,2.0,5.0,-3.0,0.6666666666666666,1.6666666666666667,0.0,1.0,5.0,11.0,-6.0,1.0,2.2,1.0,5.0,13.0,19.0,-6.0,1.3,1.9,0.0,0.0,0.0,81,6.0,0.0,1.2,2.2,H,1.0
2020-10-30,2020-21,Apertura,16,False,Necaxa,Toluca,3.0,2.0,1.0,1.0,footballcsv,747,1507.4850695963764,1473.4077746489195,34.07729494745695,1,2,1,7.0,7.0,4,1,2,1,7.0,7.0,4,3.0,9.0,4.0,0.0,4.0,1.3333333333333333,0.0,3.0,10.0,5.0,2.0,3.0,1.0,0.4,4.0,13.0,9.0,12.0,-3.0,0.9,1.2,1.0,0.6,0.3,83,6.0,0.4,1.0,1.2,2.0,6.0,4.0,1.0,3.0,1.3333333333333333,0.3333333333333333,2.0,7.0,5.0,3.0,2.0,1.0,0.6,3.0,11.0,9.0,13.0,-4.0,0.9,1.3,0.6666666666666666,0.6,0.4,79,5.0,0.0,0.6,2.0,H,5.0
2020-10-31,2020-21,Apertura,16,False,Atlas,Puebla,0.0,1.0,0.0,1.0,footballcsv,748,1410.0573785263075,1452.8328107871803,-42.775432260872776,1,0,3,2.0,5.0,4,1,0,3,2.0,5.0,4,0.0,0.0,2.0,5.0,-3.0,0.6666666666666666,1.6666666666666667,1.0,3.0,3.0,6.0,-3.0,0.6,1.2,3.0,11.0,8.0,10.0,-2.0,0.8,1.0,0.0,0.2,0.3,77,7.0,0.4,0.6,0.6,0.0,0.0,2.0,7.0,-5.0,0.6666666666666666,2.3333333333333335,1.0,4.0,6.0,10.0,-4.0,1.2,2.0,2.0,7.0,13.0,20.0,-7.0,1.3,2.0,0.0,0.2,0.1,77,8.0,0.2,0.6,1.8,A,1.0
2020-10-31,2020-21,Apertura,16,False,Pumas UNAM,Guadalajara,2.0,2.0,1.0,2.0,footballcsv,749,1547.1814857187649,1513.846141135881,33.33534458288386,2,1,0,5.0,3.0,3,2,1,0,5.0,3.0,3,1.0,5.0,4.0,3.0,1.0,1.3333333333333333,1.0,1.0,6.0,5.0,6.0,-1.0,1.0,1.2,5.0,19.0,18.0,9.0,9.0,1.8,0.9,0.3333333333333333,0.2,0.3,81,5.0,0.8,2.4,0.4,1.0,4.0,3.0,4.0,-1.0,1.0,1.3333333333333333,2.0,7.0,5.0,6.0,-1.0,1.0,1.2,4.0,15.0,11.0,10.0,1.0,1.1,1.0,0.3333333333333333,0.2,0.2,77,6.0,0.4,1.0,0.8,D,4.0
2020-10-31,2020-21,Apertura,16,False,Monterrey,Cruz Azul,1.0,0.0,0.0,0.0,footballcsv,750,1549.8259792779534,1603.1864320121776,-53.36045273422428,1,2,2,5.0,6.0,5,1,2,2,5.0,6.0,5,3.0,9.0,7.0,3.0,4.0,2.3333333333333335,1.0,4.0,12.0,9.0,6.0,3.0,1.8,1.2,6.0,20.0,17.0,12.0,5.0,1.7,1.2,0.0,0.0,0.0,91,7.0,0.4,1.4,1.2,1.0,3.0,2.0,4.0,-2.0,0.6666666666666666,1.3333333333333333,2.0,7.0,5.0,6.0,-1.0,1.0,1.2,6.0,19.0,14.0,9.0,5.0,1.4,0.9,0.3333333333333333,0.4,0.4,85,6.0,0.6,1.4,1.2,H,1.0
2020-11-01,2020-21,Apertura,16,False,América,Tigres UANL,3.0,1.0,1.0,0.0,footballcsv,751,1588.896942780808,1614.3552768576776,-25.458334076869505,3,1,1,10.0,5.0,5,4,1,1,13.0,7.0,6,1.0,4.0,5.0,5.0,0.0,1.6666666666666667,1.6666666666666667,2.0,8.0,6.0,5.0,1.0,1.2,1.0,5.0,18.0,16.0,13.0,3.0,1.6,1.3,0.3333333333333333,0.6,0.3,93,8.0,0.6,1.6,0.8,2.0,7.0,6.0,1.0,5.0,2.0,0.3333333333333333,4.0,13.0,11.0,1.0,10.0,2.2,0.2,5.0,19.0,17.0,7.0,10.0,1.7,0.7,0.6666666666666666,0.8,0.5,87,8.0,0.4,1.6,1.0,H,4.0
2020-11-02,2020-21,Apertura,16,False,León,Santos Laguna,2.0,1.0,0.0,1.0,footballcsv,752,1656.1421815103408,1545.6623102440508,110.47987126629005,1,1,2,7.0,8.0,4,1,1,2,7.0,8.0,4,3.0,9.0,7.0,4.0,3.0,2.3333333333333335,1.3333333333333333,5.0,15.0,11.0,4.0,7.0,2.2,0.8,8.0,26.0,19.0,8.0,11.0,1.9,0.8,0.0,0.4,0.4,85,10.0,0.8,2.0,1.0,2.0,7.0,5.0,2.0,3.0,1.6666666666666667,0.6666666666666666,4.0,13.0,9.0,3.0,6.0,1.8,0.6,5.0,17.0,14.0,11.0,3.0,1.4,1.1,0.3333333333333333,0.4,0.2,81,8.0,0.4,1.2,1.2,H,3.0
2020-11-06,2020-21,Apertura,17,False,FC Juárez,América,1.0,1.0,1.0,0.0,footballcsv,754,1480.7899764179278,1597.9480619234594,-117.15808550553152,1,1,0,4.0,2.0,2,1,1,0,4.0,2.0,2,1.0,4.0,4.0,4.0,0.0,1.3333333333333333,1.3333333333333333,1.0,5.0,6.0,7.0,-1.0,1.2,1.4,3.0,12.0,10.0,11.0,-1.0,1.0,1.1,0.3333333333333333,0.2,0.3,44,7.0,0.4,0.8,0.6,2.0,6.0,6.0,4.0,2.0,2.0,1.3333333333333333,2.0,8.0,8.0,6.0,2.0,1.6,1.2,6.0,21.0,18.0,11.0,7.0,1.8,1.1,0.3333333333333333,0.4,0.3,94,5.0,0.4,1.6,2.0,D,2.0
2020-11-06,2020-21,Apertura,17,False,Puebla,Atlético San Luis,1.0,0.0,1.0,0.0,footballcsv,753,1460.5040981877505,1407.7181578608238,52.78594032692672,1,0,1,2.0,3.0,2,1,0,1,2.0,3.0,2,1.0,3.0,3.0,5.0,-2.0,1.0,1.6666666666666667,1.0,4.0,6.0,10.0,-4.0,1.2,2.0,3.0,10.0,14.0,19.0,-5.0,1.4,1.9,0.3333333333333333,0.2,0.2,78,6.0,0.2,2.0,2.2,1.0,3.0,3.0,8.0,-5.0,1.0,2.6666666666666665,1.0,3.0,3.0,13.0,-10.0,0.6,2.6,2.0,6.0,8.0,24.0,-16.0,0.8,2.4,0.0,0.0,0.0,44,8.0,0.0,0.6,2.6,H,1.0
2020-11-07,2020-21,Apertura,17,False,Pachuca,Necaxa,0.0,1.0,0.0,0.0,footballcsv,755,1553.8521256651186,1511.985690539455,41.866435125663656,2,1,0,10.0,5.0,3,2,1,0,10.0,5.0,3,1.0,5.0,4.0,2.0,2.0,1.3333333333333333,0.6666666666666666,1.0,7.0,5.0,3.0,2.0,1.0,0.6,3.0,15.0,10.0,6.0,4.0,1.0,0.6,0.3333333333333333,0.4,0.4,80,8.0,0.4,1.8,1.2,3.0,9.0,6.0,2.0,4.0,2.0,0.6666666666666666,4.0,13.0,8.0,3.0,5.0,1.6,0.6,4.0,13.0,10.0,13.0,-3.0,1.0,1.3,0.6666666666666666,0.6,0.3,84,8.0,0.4,0.8,1.2,A,1.0
2020-11-07,2020-21,Apertura,17,False,Tigres UANL,Atlas,1.0,1.0,1.0,0.0,footballcsv,756,1605.3041577150263,1402.3860911257373,202.91806658928908,3,1,0,7.0,3.0,4,3,1,0,7.0,3.0,4,1.0,4.0,4.0,4.0,0.0,1.3333333333333333,1.3333333333333333,3.0,10.0,9.0,4.0,5.0,1.8,0.8,5.0,18.0,17.0,9.0,8.0,1.7,0.9,0.3333333333333333,0.6,0.5,88,6.0,0.6,2.0,0.8,0.0,0.0,2.0,5.0,-3.0,0.6666666666666666,1.6666666666666667,1.0,3.0,3.0,6.0,-3.0,0.6,1.2,2.0,8.0,7.0,11.0,-4.0,0.7,1.1,0.0,0.2,0.2,78,7.0,0.2,1.0,1.4,D,2.0
2020-11-07,2020-21,Apertura,17,False,Cruz Azul,Pumas UNAM,1.0,2.0,0.0,0.0,footballcsv,757,1596.861972378399,1544.0304157236137,52.831556654785345,2,1,0,5.0,3.0,3,2,1,0,5.0,3.0,3,1.0,3.0,2.0,3.0,-1.0,0.6666666666666666,1.0,1.0,4.0,2.0,5.0,-3.0,0.4,1.0,5.0,16.0,11.0,9.0,2.0,1.1,0.9,0.3333333333333333,0.4,0.4,86,7.0,0.6,1.4,0.8,1.0,5.0,4.0,3.0,1.0,1.3333333333333333,1.0,1.0,7.0,7.0,6.0,1.0,1.4,1.2,5.0,19.0,19.0,10.0,9.0,1.9,1.0,0.3333333333333333,0.2,0.3,82,7.0,0.2,1.2,1.4,A,3.0
2020-11-07,2020-21,Apertura,17,False,Guadalajara,Monterrey,3.0,1.0,0.0,1.0,footballcsv,758,1516.9972111310321,1556.150438911732,-39.15322778069981,1,2,1,6.0,6.0,4,1,2,1,6.0,6.0,4,1.0,4.0,5.0,6.0,-1.0,1.6666666666666667,2.0,2.0,8.0,7.0,7.0,0.0,1.4,1.4,4.0,16.0,13.0,11.0,2.0,1.3,1.1,0.0,0.2,0.2,78,7.0,0.4,1.2,1.2,3.0,9.0,6.0,2.0,4.0,2.0,0.6666666666666666,4.0,12.0,8.0,5.0,3.0,1.6,1.0,6.0,20.0,15.0,11.0,4.0,1.5,1.1,0.3333333333333333,0.2,0.1,92,7.0,0.6,1.6,1.2,H,4.0
2020-11-08,2020-21,Apertura,17,False,Toluca,León,2.0,2.0,1.0,1.0,footballcsv,759,1468.907153705841,1659.3368371707425,-190.42968346490147,0,0,3,1.0,9.0,3,0,0,3,1.0,9.0,3,1.0,3.0,4.0,4.0,0.0,1.3333333333333333,1.3333333333333333,2.0,7.0,6.0,4.0,2.0,1.2,0.8,2.0,8.0,10.0,16.0,-6.0,1.0,1.6,0.3333333333333333,0.6,0.3,80,9.0,0.6,1.2,0.6,3.0,9.0,7.0,4.0,3.0,2.3333333333333335,1.3333333333333333,5.0,15.0,11.0,5.0,6.0,2.2,1.0,9.0,28.0,21.0,9.0,12.0,2.1,0.9,0.0,0.2,0.3,86,6.0,0.8,1.8,0.6,D,4.0
2020-11-08,2020-21,Apertura,17,False,Santos Laguna,Mazatlán FC,4.0,0.0,0.0,0.0,footballcsv,760,1542.4676545836492,1485.1623171452936,57.30533743835554,0,0,0,0.0,0.0,0,0,0,0,0.0,0.0,0,1.0,4.0,4.0,4.0,0.0,1.3333333333333333,1.3333333333333333,3.0,10.0,8.0,4.0,4.0,1.6,0.8,5.0,17.0,14.0,11.0,3.0,1.4,1.1,0.0,0.4,0.2,82,6.0,0.6,1.6,1.0,2.0,6.0,9.0,4.0,5.0,3.0,1.3333333333333333,2.0,6.0,11.0,8.0,3.0,2.2,1.6,3.0,11.0,17.0,16.0,1.0,1.7,1.6,0.3333333333333333,0.2,0.2,16,10.0,0.2,1.8,1.6,H,4.0
2020-11-08,2020-21,Apertura,17,False,Querétaro,Tijuana,2.0,2.0,1.0,0.0,footballcsv,761,1461.873007492532,1404.5768481083119,57.29615938422012,2,2,0,6.0,2.0,4,2,2,0,6.0,2.0,4,0.0,0.0,1.0,4.0,-3.0,0.3333333333333333,1.3333333333333333,0.0,1.0,5.0,9.0,-4.0,1.0,1.8,1.0,5.0,13.0,19.0,-6.0,1.3,1.9,0.0,0.0,0.0,82,9.0,0.4,2.2,1.6,0.0,0.0,0.0,6.0,-6.0,0.0,2.0,0.0,1.0,0.0,8.0,-8.0,0.0,1.6,2.0,7.0,5.0,16.0,-11.0,0.5,1.6,0.0,0.2,0.1,80,9.0,0.0,0.0,2.0,D,4.0
2020-11-21,2020-21,Apertura - Liguilla,Round 1,True,Santos Laguna,Pachuca,0.0,3.0,0.0,1.0,footballcsv,762,1551.9231294467895,1544.5844068442898,7.338722602499729,0,4,1,4.0,5.0,5,0,4,1,4.0,5.0,5,2.0,6.0,7.0,3.0,4.0,2.3333333333333335,1.0,3.0,10.0,10.0,4.0,6.0,2.0,0.8,5.0,17.0,16.0,10.0,6.0,1.6,1.0,0.3333333333333333,0.4,0.3,83,13.0,0.6,2.0,0.8,1.0,4.0,3.0,2.0,1.0,1.0,0.6666666666666666,1.0,6.0,5.0,4.0,1.0,1.0,0.8,3.0,14.0,10.0,7.0,3.0,1.0,0.7,0.3333333333333333,0.2,0.3,81,14.0,0.4,1.0,0.6,A,3.0
2020-11-21,2020-21,Apertura - Liguilla,Round 1,True,Guadalajara,Necaxa,1.0,0.0,0.0,0.0,footballcsv,763,1526.520830170346,1521.2534093602837,5.267420810062276,2,1,1,7.0,6.0,4,2,1,1,7.0,6.0,4,1.0,4.0,5.0,5.0,0.0,1.6666666666666667,1.6666666666666667,2.0,8.0,8.0,7.0,1.0,1.6,1.4,5.0,18.0,16.0,12.0,4.0,1.6,1.2,0.0,0.2,0.1,79,14.0,0.6,1.8,1.4,3.0,9.0,5.0,2.0,3.0,1.6666666666666667,0.6666666666666666,5.0,15.0,8.0,2.0,6.0,1.6,0.4,5.0,16.0,11.0,10.0,1.0,1.1,1.0,0.6666666666666666,0.8,0.4,85,14.0,0.6,1.0,0.6,H,1.0
2020-11-22,2020-21,Apertura - Liguilla,Round 1,True,Monterrey,Puebla,2.0,2.0,1.0,0.0,footballcsv,764,1546.626819872418,1464.657614262815,81.96920560960302,2,1,1,7.0,5.0,4,2,1,1,7.0,5.0,4,2.0,6.0,4.0,4.0,0.0,1.3333333333333333,1.3333333333333333,4.0,12.0,9.0,6.0,3.0,1.8,1.2,5.0,17.0,14.0,13.0,1.0,1.4,1.3,0.3333333333333333,0.2,0.1,93,15.0,0.6,1.4,1.0,2.0,6.0,3.0,2.0,1.0,1.0,0.6666666666666666,2.0,6.0,4.0,7.0,-3.0,0.8,1.4,3.0,10.0,11.0,18.0,-7.0,1.1,1.8,0.6666666666666666,0.4,0.3,79,16.0,0.4,0.8,1.6,D,4.0
2020-11-22,2020-21,Apertura - Liguilla,Round 1,True,Tigres UANL,Toluca,2.0,1.0,2.0,0.0,footballcsv,765,1598.5845824266182,1471.9826987708427,126.60188365577551,2,0,2,5.0,5.0,4,2,0,2,5.0,5.0,4,0.0,2.0,3.0,5.0,-2.0,1.0,1.6666666666666667,2.0,8.0,8.0,5.0,3.0,1.6,1.0,5.0,18.0,17.0,9.0,8.0,1.7,0.9,0.0,0.4,0.5,89,15.0,0.6,2.0,0.4,1.0,4.0,6.0,5.0,1.0,2.0,1.6666666666666667,2.0,7.0,8.0,6.0,2.0,1.6,1.2,2.0,9.0,11.0,14.0,-3.0,1.1,1.4,0.3333333333333333,0.4,0.3,81,14.0,0.0,0.8,1.8,H,3.0
2020-11-25,2020-21,Apertura - Liguilla,Quarterfinals,True,Guadalajara,América,1.0,0.0,0.0,0.0,footballcsv,766,1531.5881362300486,1596.882625385999,-65.29448915595049,0,1,3,2.0,8.0,4,0,1,3,2.0,8.0,4,2.0,7.0,6.0,3.0,3.0,2.0,1.0,3.0,10.0,9.0,7.0,2.0,1.8,1.4,5.0,18.0,14.0,11.0,3.0,1.4,1.1,0.3333333333333333,0.2,0.2,80,4.0,0.8,1.8,1.2,2.0,7.0,5.0,2.0,3.0,1.6666666666666667,0.6666666666666666,2.0,8.0,9.0,7.0,2.0,1.8,1.4,5.0,19.0,17.0,11.0,6.0,1.7,1.1,0.3333333333333333,0.2,0.3,95,19.0,0.4,1.6,1.4,H,1.0
2020-11-25,2020-21,Apertura - Liguilla,Quarterfinals,True,Puebla,León,2.0,1.0,2.0,1.0,footballcsv,767,1469.0087302231314,1656.2612921057407,-187.25256188260937,2,0,2,7.0,6.0,4,2,0,2,7.0,6.0,4,2.0,7.0,4.0,2.0,2.0,1.3333333333333333,0.6666666666666666,2.0,7.0,6.0,7.0,-1.0,1.2,1.4,3.0,11.0,12.0,16.0,-4.0,1.2,1.6,0.6666666666666666,0.4,0.3,80,3.0,0.2,1.4,2.0,2.0,7.0,6.0,4.0,2.0,2.0,1.3333333333333333,4.0,13.0,11.0,7.0,4.0,2.2,1.4,8.0,26.0,21.0,10.0,11.0,2.1,1.0,0.0,0.0,0.3,87,17.0,0.8,2.2,1.0,H,3.0
2020-11-26,2020-21,Apertura - Liguilla,Quarterfinals,True,Pachuca,Pumas UNAM,0.0,1.0,0.0,1.0,footballcsv,768,1561.860634953911,1553.4899375131747,8.370697440736194,2,2,1,5.0,3.0,5,2,2,1,5.0,3.0,5,2.0,6.0,5.0,1.0,4.0,1.6666666666666667,0.3333333333333333,2.0,8.0,7.0,3.0,4.0,1.4,0.6,3.0,14.0,10.0,6.0,4.0,1.0,0.6,0.6666666666666666,0.4,0.4,82,5.0,0.2,1.0,0.8,1.0,5.0,5.0,4.0,1.0,1.6666666666666667,1.3333333333333333,2.0,9.0,8.0,6.0,2.0,1.6,1.2,5.0,19.0,18.0,11.0,7.0,1.8,1.1,0.0,0.2,0.2,83,19.0,0.4,1.4,1.4,A,1.0
2020-11-26,2020-21,Apertura - Liguilla,Quarterfinals,True,Tigres UANL,Cruz Azul,1.0,3.0,0.0,1.0,footballcsv,769,1601.5422309810197,1587.402450588838,14.139780392181592,1,1,3,4.0,5.0,5,1,1,3,4.0,5.0,5,1.0,4.0,4.0,5.0,-1.0,1.3333333333333333,1.6666666666666667,2.0,8.0,7.0,6.0,1.0,1.4,1.2,6.0,21.0,18.0,7.0,11.0,1.8,0.7,0.0,0.2,0.5,90,4.0,0.6,2.0,0.6,1.0,3.0,3.0,3.0,0.0,1.0,1.0,1.0,3.0,3.0,7.0,-4.0,0.6,1.4,4.0,13.0,9.0,11.0,-2.0,0.9,1.1,0.3333333333333333,0.2,0.3,87,19.0,0.6,1.4,1.2,A,4.0
2020-11-28,2020-21,Apertura - Liguilla,Quarterfinals,True,América,Guadalajara,1.0,2.0,0.0,1.0,footballcsv,770,1590.2884367215963,1538.1823248944513,52.106111827145014,3,1,1,8.0,3.0,5,3,1,1,8.0,3.0,5,1.0,4.0,4.0,3.0,1.0,1.3333333333333333,1.0,2.0,7.0,7.0,6.0,1.0,1.4,1.2,4.0,16.0,14.0,11.0,3.0,1.4,1.1,0.0,0.2,0.3,96,3.0,0.6,1.6,0.8,3.0,9.0,5.0,1.0,4.0,1.6666666666666667,0.3333333333333333,3.0,10.0,7.0,5.0,2.0,1.4,1.0,6.0,20.0,14.0,10.0,4.0,1.4,1.0,0.6666666666666666,0.4,0.3,81,3.0,0.4,1.4,1.0,A,3.0
2020-11-28,2020-21,Apertura - Liguilla,Quarterfinals,True,León,Puebla,2.0,0.0,2.0,0.0,footballcsv,771,1647.2555643886833,1478.0144579401888,169.24110644849452,2,0,3,7.0,9.0,5,2,0,3,7.0,9.0,5,1.0,4.0,5.0,5.0,0.0,1.6666666666666667,1.6666666666666667,3.0,10.0,10.0,8.0,2.0,2.0,1.6,7.0,23.0,20.0,12.0,8.0,2.0,1.2,0.0,0.0,0.2,88,3.0,0.8,2.0,1.0,2.0,7.0,5.0,3.0,2.0,1.6666666666666667,1.0,3.0,10.0,7.0,5.0,2.0,1.4,1.0,4.0,14.0,12.0,14.0,-2.0,1.2,1.4,0.3333333333333333,0.4,0.3,81,3.0,0.4,1.0,1.2,H,2.0
2020-11-29,2020-21,Apertura - Liguilla,Quarterfinals,True,Pumas UNAM,Pachuca,0.0,0.0,0.0,0.0,footballcsv,773,1562.1473775530237,1553.203194914062,8.94418263896182,2,1,2,4.0,5.0,5,2,2,2,4.0,5.0,6,2.0,7.0,5.0,3.0,2.0,1.6666666666666667,1.0,3.0,11.0,7.0,4.0,3.0,1.4,0.8,5.0,19.0,15.0,10.0,5.0,1.5,1.0,0.3333333333333333,0.4,0.3,84,3.0,0.6,2.2,0.8,1.0,3.0,3.0,2.0,1.0,1.0,0.6666666666666666,2.0,7.0,6.0,3.0,3.0,1.2,0.6,3.0,14.0,10.0,6.0,4.0,1.0,0.6,0.3333333333333333,0.4,0.4,83,3.0,0.6,1.6,0.4,D,0.0
2020-11-29,2020-21,Apertura - Liguilla,Quarterfinals,True,Cruz Azul,Tigres UANL,0.0,1.0,0.0,0.0,footballcsv,772,1601.2945593648944,1587.6501222049633,13.644437159931158,3,1,1,7.0,5.0,5,4,1,1,8.0,5.0,6,1.0,3.0,4.0,4.0,0.0,1.3333333333333333,1.3333333333333333,2.0,6.0,6.0,6.0,0.0,1.2,1.2,5.0,16.0,12.0,11.0,1.0,1.2,1.1,0.0,0.2,0.3,88,3.0,0.4,1.0,0.8,1.0,4.0,4.0,5.0,-1.0,1.3333333333333333,1.6666666666666667,1.0,5.0,6.0,9.0,-3.0,1.2,1.8,6.0,20.0,18.0,9.0,9.0,1.8,0.9,0.0,0.0,0.5,91,3.0,0.4,1.4,1.0,A,1.0
2020-12-02,2020-21,Apertura - Liguilla,Semifinals,True,Guadalajara,León,1.0,1.0,0.0,1.0,footballcsv,774,1547.6292894402015,1651.0520397733603,-103.42275033315877,3,1,1,8.0,5.0,5,3,1,1,8.0,5.0,5,3.0,9.0,4.0,1.0,3.0,1.3333333333333333,0.3333333333333333,4.0,13.0,9.0,4.0,5.0,1.8,0.8,6.0,20.0,14.0,10.0,4.0,1.4,1.0,0.6666666666666666,0.4,0.3,82,4.0,0.8,1.6,1.0,1.0,4.0,5.0,4.0,1.0,1.6666666666666667,1.3333333333333333,3.0,10.0,9.0,6.0,3.0,1.8,1.2,8.0,25.0,21.0,11.0,10.0,2.1,1.1,0.3333333333333333,0.2,0.3,89,4.0,0.6,2.0,1.4,D,2.0
2020-12-03,2020-21,Apertura - Liguilla,Semifinals,True,Cruz Azul,Pumas UNAM,4.0,0.0,3.0,0.0,footballcsv,775,1592.5388089032838,1559.6418553254205,32.896953577863314,2,1,1,6.0,5.0,4,2,1,1,6.0,5.0,4,1.0,3.0,4.0,4.0,0.0,1.3333333333333333,1.3333333333333333,2.0,6.0,6.0,5.0,1.0,1.2,1.0,4.0,13.0,11.0,12.0,-1.0,1.1,1.2,0.0,0.2,0.2,89,4.0,0.2,0.4,1.0,2.0,7.0,3.0,1.0,2.0,1.0,0.3333333333333333,2.0,9.0,6.0,4.0,2.0,1.2,0.8,4.0,17.0,13.0,9.0,4.0,1.3,0.9,0.6666666666666666,0.4,0.4,85,4.0,0.4,1.2,1.2,H,4.0
2020-12-05,2020-21,Apertura - Liguilla,Semifinals,True,León,Guadalajara,1.0,0.0,1.0,0.0,footballcsv,776,1650.3788983111447,1548.3024309024172,102.07646740872747,1,2,2,6.0,8.0,5,1,2,3,6.0,9.0,6,1.0,4.0,4.0,3.0,1.0,1.3333333333333333,1.0,2.0,8.0,8.0,6.0,2.0,1.6,1.2,7.0,23.0,19.0,10.0,9.0,1.9,1.0,0.3333333333333333,0.2,0.3,90,3.0,1.0,2.2,0.8,2.0,7.0,4.0,2.0,2.0,1.3333333333333333,0.6666666666666666,4.0,13.0,8.0,3.0,5.0,1.6,0.6,6.0,21.0,15.0,10.0,5.0,1.5,1.0,0.3333333333333333,0.4,0.3,83,3.0,0.4,1.2,1.0,H,1.0
2020-12-06,2020-21,Apertura - Liguilla,Semifinals,True,Pumas UNAM,Cruz Azul,4.0,0.0,3.0,0.0,footballcsv,777,1549.1395726263322,1603.041091602372,-53.901518976039824,1,1,3,5.0,10.0,5,1,1,3,5.0,10.0,5,1.0,4.0,1.0,4.0,-3.0,0.3333333333333333,1.3333333333333333,2.0,8.0,5.0,7.0,-2.0,1.0,1.4,3.0,14.0,10.0,13.0,-3.0,1.0,1.3,0.6666666666666666,0.4,0.3,86,3.0,0.4,1.4,0.6,2.0,6.0,7.0,2.0,5.0,2.3333333333333335,0.6666666666666666,2.0,6.0,8.0,5.0,3.0,1.6,1.0,4.0,13.0,13.0,11.0,2.0,1.3,1.1,0.3333333333333333,0.2,0.3,90,3.0,0.6,1.6,1.2,H,4.0
2020-12-10,2020-21,Apertura - Liguilla,Final,True,Pumas UNAM,León,1.0,1.0,0.0,0.0,footballcsv,778,1563.8527104074435,1653.7024720940822,-89.84976168663866,1,0,4,5.0,11.0,5,1,0,4,5.0,11.0,5,1.0,4.0,4.0,4.0,0.0,1.3333333333333333,1.3333333333333333,3.0,10.0,7.0,5.0,2.0,1.4,1.0,4.0,17.0,14.0,11.0,3.0,1.4,1.1,0.6666666666666666,0.6,0.4,87,4.0,0.4,1.6,0.6,2.0,7.0,4.0,1.0,3.0,1.3333333333333333,0.3333333333333333,2.0,8.0,7.0,5.0,2.0,1.4,1.0,7.0,23.0,18.0,10.0,8.0,1.8,1.0,0.6666666666666666,0.4,0.3,91,5.0,0.4,1.6,1.2,D,2.0
2020-12-13,2020-21,Apertura - Liguilla,Final,True,León,Pumas UNAM,2.0,0.0,1.0,0.0,footballcsv,779,1653.4190490902245,1564.1361334113012,89.28291567892325,4,1,0,11.0,4.0,5,4,1,1,12.0,6.0,6,1.0,5.0,3.0,2.0,1.0,1.0,0.6666666666666666,2.0,8.0,6.0,4.0,2.0,1.2,0.8,6.0,21.0,17.0,11.0,6.0,1.7,1.1,0.3333333333333333,0.4,0.2,92,3.0,1.0,2.0,0.8,1.0,4.0,5.0,5.0,0.0,1.6666666666666667,1.6666666666666667,2.0,8.0,6.0,5.0,1.0,1.2,1.0,4.0,17.0,14.0,11.0,3.0,1.4,1.1,0.3333333333333333,0.6,0.4,88,3.0,0.4,1.2,1.6,H,2.0
2021-01-08,2020-21,Clausura,1,False,Puebla,Guadalajara,1.0,1.0,1.0,0.0,footballcsv,780,1474.2179825555118,1544.9788571194797,-70.76087456396795,2,2,0,7.0,4.0,4,2,2,0,7.0,4.0,4,1.0,4.0,4.0,5.0,-1.0,1.3333333333333333,1.6666666666666667,3.0,10.0,6.0,5.0,1.0,1.2,1.0,4.0,14.0,12.0,15.0,-3.0,1.2,1.5,0.0,0.4,0.3,82,41.0,0.4,1.4,1.6,1.0,4.0,3.0,3.0,0.0,1.0,1.0,3.0,10.0,5.0,3.0,2.0,1.0,0.6,5.0,18.0,13.0,10.0,3.0,1.3,1.0,0.0,0.4,0.3,84,34.0,0.2,0.8,1.0,D,2.0
2021-01-08,2020-21,Clausura,1,False,Tijuana,Pumas UNAM,0.0,0.0,0.0,0.0,footballcsv,781,1408.3349356838678,1558.546087754816,-150.21115207094817,1,0,3,1.0,5.0,4,1,0,3,1.0,5.0,4,0.0,1.0,2.0,6.0,-4.0,0.6666666666666666,2.0,0.0,1.0,2.0,10.0,-8.0,0.4,2.0,2.0,8.0,7.0,15.0,-8.0,0.7,1.5,0.0,0.0,0.1,81,61.0,0.4,1.0,1.2,1.0,4.0,5.0,3.0,2.0,1.6666666666666667,1.0,1.0,5.0,5.0,7.0,-2.0,1.0,1.4,4.0,16.0,12.0,11.0,1.0,1.2,1.1,0.3333333333333333,0.4,0.4,89,26.0,0.4,0.8,1.6,D,0.0
2021-01-08,2020-21,Clausura,1,False,Mazatlán FC,Necaxa,3.0,2.0,2.0,1.0,footballcsv,782,1475.7068422821533,1516.1861033005812,-40.479261018427906,0,0,1,0.0,1.0,1,0,0,1,0.0,1.0,1,1.0,3.0,6.0,6.0,0.0,2.0,2.0,2.0,6.0,10.0,10.0,0.0,2.0,2.0,3.0,10.0,16.0,19.0,-3.0,1.6,1.9,0.3333333333333333,0.2,0.2,17,61.0,0.4,1.6,1.6,2.0,6.0,4.0,3.0,1.0,1.3333333333333333,1.0,4.0,12.0,7.0,3.0,4.0,1.4,0.6,5.0,16.0,11.0,9.0,2.0,1.1,0.9,0.3333333333333333,0.6,0.4,86,48.0,0.6,0.8,0.4,H,5.0
2021-01-09,2020-21,Clausura,1,False,Tigres UANL,León,2.0,0.0,1.0,0.0,footballcsv,783,1596.405872666574,1659.0090947467097,-62.603222080135765,1,4,0,5.0,4.0,5,2,4,0,7.0,4.0,6,2.0,6.0,4.0,4.0,0.0,1.3333333333333333,1.3333333333333333,2.0,7.0,6.0,8.0,-2.0,1.2,1.6,6.0,20.0,17.0,9.0,8.0,1.7,0.9,0.3333333333333333,0.2,0.5,92,41.0,0.4,1.6,1.2,2.0,7.0,4.0,1.0,3.0,1.3333333333333333,0.3333333333333333,3.0,11.0,7.0,2.0,5.0,1.4,0.4,6.0,21.0,17.0,10.0,7.0,1.7,1.0,0.6666666666666666,0.6,0.3,93,27.0,0.2,1.4,1.4,H,2.0
2021-01-09,2020-21,Clausura,1,False,América,Atlético San Luis,2.0,1.0,1.0,0.0,footballcsv,784,1580.841472175846,1403.5646417857592,177.27683039008684,2,0,0,3.0,1.0,2,2,0,0,3.0,1.0,2,0.0,1.0,2.0,4.0,-2.0,0.6666666666666666,1.3333333333333333,2.0,7.0,6.0,5.0,1.0,1.2,1.0,3.0,13.0,12.0,11.0,1.0,1.2,1.1,0.0,0.2,0.3,97,42.0,0.6,1.6,1.0,0.0,0.0,1.0,8.0,-7.0,0.3333333333333333,2.6666666666666665,1.0,3.0,3.0,12.0,-9.0,0.6,2.4,2.0,6.0,7.0,23.0,-16.0,0.7,2.3,0.0,0.0,0.0,45,64.0,0.0,0.4,2.4,H,3.0
2021-01-09,2020-21,Clausura,1,False,Atlas,Monterrey,0.0,2.0,0.0,2.0,footballcsv,785,1409.1056664141454,1542.2757039121018,-133.1700374979564,1,1,2,4.0,6.0,4,1,1,2,4.0,6.0,4,0.0,1.0,1.0,3.0,-2.0,0.3333333333333333,1.0,0.0,1.0,3.0,7.0,-4.0,0.6,1.4,2.0,9.0,7.0,10.0,-3.0,0.7,1.0,0.0,0.0,0.2,79,63.0,0.2,0.4,0.8,1.0,4.0,4.0,5.0,-1.0,1.3333333333333333,1.6666666666666667,3.0,10.0,9.0,7.0,2.0,1.8,1.4,5.0,18.0,15.0,13.0,2.0,1.5,1.3,0.3333333333333333,0.2,0.1,94,48.0,0.6,1.6,1.4,A,2.0
2021-01-10,2020-21,Clausura,1,False,Santos Laguna,Cruz Azul,1.0,0.0,0.0,0.0,footballcsv,786,1534.6469013371684,1588.3279538212607,-53.68105248409233,2,1,2,6.0,8.0,5,2,1,2,6.0,8.0,5,1.0,3.0,5.0,5.0,0.0,1.6666666666666667,1.6666666666666667,2.0,7.0,8.0,7.0,1.0,1.6,1.4,5.0,16.0,15.0,12.0,3.0,1.5,1.2,0.3333333333333333,0.2,0.3,84,50.0,0.6,1.8,1.0,1.0,3.0,4.0,5.0,-1.0,1.3333333333333333,1.6666666666666667,2.0,6.0,8.0,8.0,0.0,1.6,1.6,3.0,10.0,10.0,13.0,-3.0,1.0,1.3,0.3333333333333333,0.2,0.3,91,35.0,0.4,1.0,1.6,H,1.0
2021-01-10,2020-21,Clausura,1,False,Toluca,Querétaro,3.0,1.0,2.0,1.0,footballcsv,787,1469.0250502164413,1458.114919916976,10.910130299465209,1,2,2,6.0,7.0,5,1,2,2,6.0,7.0,5,0.0,1.0,5.0,7.0,-2.0,1.6666666666666667,2.3333333333333335,1.0,4.0,7.0,8.0,-1.0,1.4,1.6,2.0,9.0,11.0,12.0,-1.0,1.1,1.2,0.0,0.2,0.3,82,49.0,0.4,1.4,1.0,0.0,1.0,2.0,4.0,-2.0,0.6666666666666666,1.3333333333333333,0.0,1.0,4.0,8.0,-4.0,0.8,1.6,1.0,6.0,14.0,19.0,-5.0,1.4,1.9,0.0,0.0,0.0,83,63.0,0.0,1.0,2.0,H,4.0
2021-01-11,2020-21,Clausura,1,False,Pachuca,FC Juárez,1.0,1.0,0.0,1.0,footballcsv,788,1555.7087171416651,1481.8554129553881,73.853304186277,0,1,1,1.0,2.0,2,0,1,1,1.0,2.0,2,1.0,4.0,3.0,1.0,2.0,1.0,0.3333333333333333,2.0,7.0,5.0,2.0,3.0,1.0,0.4,3.0,14.0,9.0,5.0,4.0,0.9,0.5,0.6666666666666666,0.6,0.5,84,43.0,0.0,0.4,0.8,1.0,5.0,3.0,2.0,1.0,1.0,0.6666666666666666,1.0,6.0,6.0,6.0,0.0,1.2,1.2,3.0,13.0,10.0,10.0,0.0,1.0,1.0,0.3333333333333333,0.2,0.3,45,66.0,0.2,1.2,1.6,D,2.0
2021-01-15,2020-21,Clausura,2,False,Necaxa,Atlético San Luis,1.0,0.0,0.0,0.0,footballcsv,789,1510.1481674517106,1401.2650930337525,108.88307441795814,1,1,1,4.0,3.0,3,1,1,1,4.0,3.0,3,1.0,3.0,3.0,4.0,-1.0,1.0,1.3333333333333333,3.0,9.0,7.0,6.0,1.0,1.4,1.2,5.0,16.0,12.0,10.0,2.0,1.2,1.0,0.3333333333333333,0.4,0.4,87,7.0,0.4,1.2,1.4,0.0,0.0,1.0,8.0,-7.0,0.3333333333333333,2.6666666666666665,1.0,3.0,4.0,11.0,-7.0,0.8,2.2,2.0,6.0,7.0,22.0,-15.0,0.7,2.2,0.0,0.0,0.0,46,6.0,0.0,0.4,2.2,H,1.0
2021-01-15,2020-21,Clausura,2,False,FC Juárez,Tijuana,0.0,0.0,0.0,0.0,footballcsv,790,1486.0152497169252,1410.3287081834192,75.68654153350599,1,0,1,4.0,2.0,2,1,0,1,4.0,2.0,2,1.0,5.0,3.0,2.0,1.0,1.0,0.6666666666666666,1.0,6.0,6.0,6.0,0.0,1.2,1.2,3.0,13.0,10.0,10.0,0.0,1.0,1.0,0.3333333333333333,0.2,0.3,46,4.0,0.4,0.8,0.6,0.0,2.0,2.0,4.0,-2.0,0.6666666666666666,1.3333333333333333,0.0,2.0,2.0,8.0,-6.0,0.4,1.6,1.0,6.0,5.0,14.0,-9.0,0.5,1.4,0.3333333333333333,0.2,0.2,82,7.0,0.0,0.4,1.8,D,0.0
2021-01-16,2020-21,Clausura,2,False,Guadalajara,Toluca,1.0,1.0,1.0,1.0,footballcsv,791,1545.244717860664,1476.8759746341746,68.36874322648941,2,2,1,8.0,6.0,5,2,2,1,8.0,6.0,5,0.0,2.0,2.0,3.0,-1.0,0.6666666666666666,1.0,2.0,8.0,5.0,4.0,1.0,1.0,0.8,5.0,18.0,14.0,11.0,3.0,1.4,1.1,0.0,0.2,0.2,85,8.0,0.6,1.2,0.8,1.0,4.0,6.0,5.0,1.0,2.0,1.6666666666666667,2.0,7.0,10.0,8.0,2.0,2.0,1.6,3.0,12.0,14.0,12.0,2.0,1.4,1.2,0.0,0.2,0.3,83,6.0,0.0,0.8,1.4,D,2.0
2021-01-16,2020-21,Clausura,2,False,Cruz Azul,Puebla,0.0,1.0,0.0,1.0,footballcsv,792,1581.9962995346273,1473.9521218143275,108.04417772029979,1,3,0,6.0,3.0,4,1,3,0,6.0,3.0,4,1.0,3.0,4.0,5.0,-1.0,1.3333333333333333,1.6666666666666667,2.0,6.0,7.0,7.0,0.0,1.4,1.4,3.0,9.0,10.0,14.0,-4.0,1.0,1.4,0.3333333333333333,0.2,0.2,92,6.0,0.2,1.0,1.0,1.0,4.0,3.0,4.0,-1.0,1.0,1.3333333333333333,2.0,8.0,6.0,6.0,0.0,1.2,1.2,3.0,12.0,12.0,16.0,-4.0,1.2,1.6,0.0,0.2,0.2,83,8.0,0.4,1.0,1.4,A,1.0
2021-01-16,2020-21,Clausura,2,False,Monterrey,América,1.0,0.0,1.0,0.0,footballcsv,793,1551.3736796944158,1583.1410209278529,-31.767341233437037,2,0,3,8.0,9.0,5,3,0,4,11.0,14.0,7,1.0,4.0,5.0,5.0,0.0,1.6666666666666667,1.6666666666666667,3.0,10.0,8.0,6.0,2.0,1.6,1.2,6.0,20.0,16.0,12.0,4.0,1.6,1.2,0.3333333333333333,0.4,0.2,95,7.0,0.4,1.4,1.2,1.0,3.0,3.0,4.0,-1.0,1.0,1.3333333333333333,2.0,7.0,7.0,6.0,1.0,1.4,1.2,4.0,15.0,13.0,11.0,2.0,1.3,1.1,0.0,0.0,0.3,98,7.0,0.2,1.2,1.4,H,1.0
2021-01-17,2020-21,Clausura,2,False,Santos Laguna,Tigres UANL,2.0,0.0,0.0,0.0,footballcsv,794,1540.9785556238019,1606.7604778616267,-65.7819222378248,2,0,3,6.0,10.0,5,2,0,3,6.0,10.0,5,2.0,6.0,5.0,3.0,2.0,1.6666666666666667,1.0,3.0,9.0,8.0,6.0,2.0,1.6,1.2,6.0,19.0,15.0,10.0,5.0,1.5,1.0,0.6666666666666666,0.4,0.4,85,7.0,0.6,1.6,1.0,2.0,6.0,4.0,3.0,1.0,1.3333333333333333,1.0,3.0,10.0,7.0,5.0,2.0,1.4,1.0,6.0,20.0,16.0,9.0,7.0,1.6,0.9,0.6666666666666666,0.4,0.5,93,8.0,0.6,1.4,0.8,H,2.0
2021-01-17,2020-21,Clausura,2,False,Querétaro,Atlas,1.0,0.0,0.0,0.0,footballcsv,795,1450.2639954992428,1400.0076906318313,50.25630486741147,0,1,3,1.0,5.0,4,0,1,3,1.0,5.0,4,0.0,1.0,3.0,6.0,-3.0,1.0,2.0,0.0,1.0,4.0,9.0,-5.0,0.8,1.8,0.0,3.0,11.0,21.0,-10.0,1.1,2.1,0.0,0.0,0.0,84,7.0,0.2,1.8,1.8,0.0,1.0,1.0,4.0,-3.0,0.3333333333333333,1.3333333333333333,0.0,1.0,3.0,8.0,-5.0,0.6,1.6,1.0,6.0,6.0,12.0,-6.0,0.6,1.2,0.0,0.0,0.1,80,8.0,0.2,1.0,1.2,H,1.0
2021-01-17,2020-21,Clausura,2,False,Pumas UNAM,Mazatlán FC,3.0,0.0,1.0,0.0,footballcsv,796,1556.5523152552646,1481.7447781310238,74.80753712424075,0,1,0,0.0,0.0,1,0,1,0,0.0,0.0,1,0.0,2.0,1.0,3.0,-2.0,0.3333333333333333,1.0,1.0,5.0,5.0,7.0,-2.0,1.0,1.4,3.0,14.0,11.0,11.0,0.0,1.1,1.1,0.3333333333333333,0.4,0.4,90,9.0,0.4,1.6,0.6,2.0,6.0,8.0,6.0,2.0,2.6666666666666665,2.0,3.0,9.0,12.0,10.0,2.0,2.4,2.0,4.0,13.0,18.0,18.0,0.0,1.8,1.8,0.3333333333333333,0.2,0.2,18,9.0,0.2,1.6,1.8,H,3.0
2021-01-18,2020-21,Clausura,2,False,León,Pachuca,0.0,0.0,0.0,0.0,footballcsv,797,1648.654489551657,1551.5488803801281,97.10560917152884,4,1,0,10.0,3.0,5,4,1,0,10.0,3.0,5,1.0,4.0,3.0,3.0,0.0,1.0,1.0,2.0,8.0,5.0,4.0,1.0,1.0,0.8,5.0,18.0,14.0,10.0,4.0,1.4,1.0,0.3333333333333333,0.4,0.3,94,9.0,1.0,2.0,0.6,0.0,2.0,1.0,2.0,-1.0,0.3333333333333333,0.6666666666666666,1.0,5.0,4.0,3.0,1.0,0.8,0.6,2.0,12.0,9.0,6.0,3.0,0.9,0.6,0.3333333333333333,0.4,0.4,85,7.0,0.4,1.4,0.4,D,0.0
2021-01-21,2020-21,Clausura,3,False,Atlético San Luis,Guadalajara,3.0,1.0,2.0,0.0,footballcsv,798,1398.046224734775,1541.2162751664596,-143.17005043168456,0,1,2,3.0,7.0,3,0,1,2,3.0,7.0,3,0.0,0.0,1.0,4.0,-3.0,0.3333333333333333,1.3333333333333333,0.0,0.0,2.0,11.0,-9.0,0.4,2.2,1.0,3.0,5.0,22.0,-17.0,0.5,2.2,0.0,0.0,0.0,47,6.0,0.4,1.0,2.2,0.0,2.0,2.0,3.0,-1.0,0.6666666666666666,1.0,1.0,6.0,5.0,5.0,0.0,1.0,1.0,4.0,16.0,12.0,10.0,2.0,1.2,1.0,0.0,0.0,0.2,86,5.0,0.2,1.0,1.0,H,4.0
2021-01-22,2020-21,Clausura,3,False,Mazatlán FC,Santos Laguna,0.0,0.0,0.0,0.0,footballcsv,799,1474.2102270731327,1551.4476856119502,-77.23745853881746,0,0,1,0.0,4.0,1,0,0,1,0.0,4.0,1,1.0,3.0,3.0,9.0,-6.0,1.0,3.0,2.0,6.0,9.0,11.0,-2.0,1.8,2.2,3.0,10.0,17.0,21.0,-4.0,1.7,2.1,0.0,0.2,0.1,19,5.0,0.6,2.0,1.8,2.0,6.0,3.0,3.0,0.0,1.0,1.0,3.0,9.0,8.0,5.0,3.0,1.6,1.0,7.0,22.0,17.0,8.0,9.0,1.7,0.8,0.6666666666666666,0.6,0.5,86,5.0,0.4,1.2,1.2,D,0.0
2021-01-22,2020-21,Clausura,3,False,Puebla,Tijuana,0.0,1.0,0.0,1.0,footballcsv,800,1484.3071999145131,1414.5320832389814,69.77511667553176,1,1,3,2.0,8.0,5,1,1,3,2.0,8.0,5,1.0,4.0,2.0,3.0,-1.0,0.6666666666666666,1.0,2.0,8.0,6.0,6.0,0.0,1.2,1.2,4.0,14.0,10.0,13.0,-3.0,1.0,1.3,0.3333333333333333,0.2,0.3,84,6.0,0.4,1.0,1.2,0.0,3.0,2.0,2.0,0.0,0.6666666666666666,0.6666666666666666,0.0,3.0,2.0,6.0,-4.0,0.4,1.2,1.0,7.0,5.0,13.0,-8.0,0.5,1.3,0.6666666666666666,0.4,0.3,83,7.0,0.0,0.4,1.6,A,1.0
2021-01-23,2020-21,Clausura,3,False,Atlas,Tigres UANL,0.0,2.0,0.0,1.0,footballcsv,801,1395.8082442427983,1596.2913478734783,-200.48310363068003,0,2,3,4.0,8.0,5,0,2,3,4.0,8.0,5,0.0,1.0,1.0,4.0,-3.0,0.3333333333333333,1.3333333333333333,0.0,1.0,1.0,6.0,-5.0,0.2,1.2,1.0,5.0,5.0,12.0,-7.0,0.5,1.2,0.0,0.0,0.1,81,6.0,0.0,0.2,1.2,2.0,6.0,3.0,2.0,1.0,1.0,0.6666666666666666,3.0,9.0,6.0,6.0,0.0,1.2,1.2,5.0,17.0,14.0,11.0,3.0,1.4,1.1,0.6666666666666666,0.4,0.4,94,6.0,0.6,1.2,1.0,A,2.0
2021-01-24,2020-21,Clausura,3,False,Toluca,Necaxa,2.0,0.0,1.0,0.0,footballcsv,802,1480.904417328379,1513.367035750688,-32.462618422309106,1,2,2,9.0,10.0,5,1,2,2,9.0,10.0,5,1.0,4.0,5.0,4.0,1.0,1.6666666666666667,1.3333333333333333,1.0,5.0,9.0,9.0,0.0,1.8,1.8,3.0,12.0,14.0,12.0,2.0,1.4,1.2,0.0,0.0,0.3,84,8.0,0.6,2.0,1.0,1.0,3.0,3.0,4.0,-1.0,1.0,1.3333333333333333,3.0,9.0,7.0,6.0,1.0,1.4,1.2,6.0,19.0,12.0,8.0,4.0,1.2,0.8,0.3333333333333333,0.4,0.5,88,9.0,0.6,1.0,0.8,H,2.0
2021-01-24,2020-21,Clausura,3,False,Querétaro,Pumas UNAM,2.0,0.0,2.0,0.0,footballcsv,803,1454.4634418882758,1564.0868663131557,-109.62342442487989,2,0,2,6.0,5.0,4,2,0,2,6.0,5.0,4,1.0,4.0,4.0,5.0,-1.0,1.3333333333333333,1.6666666666666667,1.0,4.0,4.0,7.0,-3.0,0.8,1.4,1.0,5.0,11.0,20.0,-9.0,1.1,2.0,0.3333333333333333,0.2,0.1,85,7.0,0.2,1.2,1.6,1.0,4.0,3.0,2.0,1.0,1.0,0.6666666666666666,2.0,8.0,8.0,3.0,5.0,1.6,0.6,4.0,16.0,13.0,10.0,3.0,1.3,1.0,0.6666666666666666,0.6,0.5,91,7.0,0.4,0.6,1.4,H,2.0
2021-01-25,2020-21,Clausura,3,False,Pachuca,Cruz Azul,0.0,1.0,0.0,0.0,footballcsv,804,1556.2463914274756,1571.6412214344416,-15.394830006966004,2,0,3,7.0,9.0,5,2,0,3,7.0,9.0,5,0.0,3.0,1.0,1.0,0.0,0.3333333333333333,0.3333333333333333,1.0,6.0,4.0,2.0,2.0,0.8,0.4,2.0,12.0,9.0,6.0,3.0,0.9,0.6,0.6666666666666666,0.6,0.4,86,7.0,0.0,0.4,0.8,0.0,0.0,0.0,6.0,-6.0,0.0,2.0,1.0,3.0,4.0,7.0,-3.0,0.8,1.4,3.0,9.0,10.0,13.0,-3.0,1.0,1.3,0.0,0.2,0.2,93,9.0,0.4,1.0,1.4,A,1.0
2021-01-26,2020-21,Clausura,3,False,América,FC Juárez,2.0,0.0,1.0,0.0,footballcsv,805,1577.2938672224082,1481.811874661363,95.48199256104522,0,2,1,3.0,5.0,3,0,2,1,3.0,5.0,3,1.0,3.0,3.0,4.0,-1.0,1.0,1.3333333333333333,1.0,4.0,4.0,6.0,-2.0,0.8,1.2,3.0,12.0,12.0,12.0,0.0,1.2,1.2,0.0,0.0,0.2,99,10.0,0.6,1.8,1.2,0.0,3.0,2.0,2.0,0.0,0.6666666666666666,0.6666666666666666,1.0,7.0,4.0,3.0,1.0,0.8,0.6,2.0,11.0,9.0,10.0,-1.0,0.9,1.0,0.3333333333333333,0.4,0.3,47,11.0,0.2,1.2,1.4,H,2.0
2021-01-28,2020-21,Clausura,4,False,Tigres UANL,Necaxa,1.0,1.0,1.0,1.0,footballcsv,806,1603.2332573612582,1504.0755330675936,99.15772429366461,3,1,0,10.0,4.0,4,3,1,0,10.0,4.0,4,2.0,6.0,4.0,2.0,2.0,1.3333333333333333,0.6666666666666666,3.0,9.0,6.0,5.0,1.0,1.2,1.0,5.0,17.0,13.0,11.0,2.0,1.3,1.1,0.6666666666666666,0.6,0.4,95,5.0,0.4,1.4,1.2,1.0,3.0,3.0,5.0,-2.0,1.0,1.6666666666666667,2.0,6.0,4.0,6.0,-2.0,0.8,1.2,6.0,19.0,12.0,9.0,3.0,1.2,0.9,0.3333333333333333,0.4,0.5,89,4.0,0.4,0.8,1.2,D,2.0
2021-01-29,2020-21,Clausura,4,False,Mazatlán FC,Pachuca,1.0,0.0,1.0,0.0,footballcsv,807,1474.130716413895,1548.0406746919098,-73.90995827801476,0,0,1,3.0,4.0,1,0,0,1,3.0,4.0,1,1.0,4.0,3.0,5.0,-2.0,1.0,1.6666666666666667,2.0,7.0,8.0,9.0,-1.0,1.6,1.8,3.0,10.0,16.0,20.0,-4.0,1.6,2.0,0.3333333333333333,0.4,0.2,20,7.0,0.4,1.8,1.8,0.0,2.0,1.0,2.0,-1.0,0.3333333333333333,0.6666666666666666,0.0,3.0,1.0,3.0,-2.0,0.2,0.6,2.0,11.0,8.0,6.0,2.0,0.8,0.6,0.3333333333333333,0.4,0.4,87,4.0,0.4,1.2,0.2,H,1.0
2021-01-30,2020-21,Clausura,4,False,Tijuana,Toluca,3.0,2.0,3.0,1.0,footballcsv,808,1424.2793247316717,1490.1959200114734,-65.91659527980164,1,1,3,3.0,8.0,5,1,1,3,3.0,8.0,5,1.0,5.0,1.0,0.0,1.0,0.3333333333333333,0.0,1.0,6.0,3.0,4.0,-1.0,0.6,0.8,2.0,10.0,5.0,11.0,-6.0,0.5,1.1,1.0,0.6,0.4,84,8.0,0.2,0.6,1.0,2.0,7.0,6.0,2.0,4.0,2.0,0.6666666666666666,2.0,8.0,9.0,6.0,3.0,1.8,1.2,4.0,15.0,15.0,10.0,5.0,1.5,1.0,0.3333333333333333,0.2,0.4,85,6.0,0.0,0.8,1.4,H,5.0
2021-01-30,2020-21,Clausura,4,False,Guadalajara,FC Juárez,1.0,2.0,0.0,2.0,footballcsv,809,1528.2544006617284,1476.3796921569071,51.87470850482123,3,0,0,6.0,1.0,3,3,0,0,6.0,1.0,3,0.0,2.0,3.0,5.0,-2.0,1.0,1.6666666666666667,0.0,3.0,4.0,7.0,-3.0,0.8,1.4,4.0,16.0,13.0,11.0,2.0,1.3,1.1,0.0,0.0,0.2,87,9.0,0.6,1.4,0.6,0.0,2.0,1.0,3.0,-2.0,0.3333333333333333,1.0,1.0,6.0,3.0,4.0,-1.0,0.6,0.8,1.0,8.0,8.0,12.0,-4.0,0.8,1.2,0.3333333333333333,0.4,0.2,48,4.0,0.0,1.0,1.8,A,3.0
2021-01-30,2020-21,Clausura,4,False,Cruz Azul,Querétaro,4.0,1.0,3.0,1.0,footballcsv,810,1579.8469381700074,1466.3840120172338,113.46292615277366,2,1,2,6.0,5.0,5,2,1,3,6.0,7.0,6,1.0,3.0,1.0,2.0,-1.0,0.3333333333333333,0.6666666666666666,2.0,6.0,5.0,6.0,-1.0,1.0,1.2,4.0,12.0,11.0,11.0,0.0,1.1,1.1,0.3333333333333333,0.4,0.3,94,5.0,0.2,1.0,1.2,2.0,6.0,4.0,3.0,1.0,1.3333333333333333,1.0,2.0,7.0,6.0,6.0,0.0,1.2,1.2,2.0,8.0,11.0,17.0,-6.0,1.1,1.7,0.6666666666666666,0.4,0.2,86,6.0,0.0,1.0,2.4,H,5.0
2021-01-31,2020-21,Clausura,4,False,Pumas UNAM,Atlas,0.0,0.0,0.0,0.0,footballcsv,811,1552.1662961841978,1388.8663347550184,163.29996142917935,3,1,0,12.0,4.0,4,3,1,0,12.0,4.0,4,1.0,4.0,3.0,2.0,1.0,1.0,0.6666666666666666,1.0,5.0,4.0,5.0,-1.0,0.8,1.0,4.0,15.0,11.0,10.0,1.0,1.1,1.0,0.6666666666666666,0.4,0.5,92,7.0,0.4,2.0,0.6,0.0,0.0,0.0,5.0,-5.0,0.0,1.6666666666666667,0.0,1.0,1.0,7.0,-6.0,0.2,1.4,1.0,4.0,4.0,13.0,-9.0,0.4,1.3,0.0,0.0,0.1,82,8.0,0.2,0.8,1.2,D,0.0
2021-01-31,2020-21,Clausura,4,False,Santos Laguna,América,1.0,1.0,0.0,1.0,footballcsv,812,1551.527196271188,1582.726049726864,-31.198853455676044,1,1,2,4.0,6.0,4,1,1,2,4.0,6.0,4,2.0,7.0,3.0,0.0,3.0,1.0,0.0,3.0,10.0,7.0,3.0,4.0,1.4,0.6,6.0,20.0,15.0,7.0,8.0,1.5,0.7,1.0,0.8,0.6,87,9.0,0.8,1.8,0.8,2.0,6.0,4.0,2.0,2.0,1.3333333333333333,0.6666666666666666,2.0,6.0,5.0,5.0,0.0,1.0,1.0,4.0,14.0,14.0,12.0,2.0,1.4,1.2,0.3333333333333333,0.2,0.2,100,5.0,0.0,0.6,1.2,D,2.0
2021-02-01,2020-21,Clausura,4,False,León,Atlético San Luis,3.0,1.0,0.0,0.0,footballcsv,813,1643.9569785043095,1411.0080992395062,232.94887926480328,2,0,1,6.0,5.0,3,2,0,1,6.0,5.0,3,1.0,4.0,2.0,2.0,0.0,0.6666666666666666,0.6666666666666666,2.0,8.0,4.0,3.0,1.0,0.8,0.6,4.0,16.0,12.0,9.0,3.0,1.2,0.9,0.6666666666666666,0.6,0.4,95,14.0,0.8,1.4,0.2,1.0,3.0,4.0,4.0,0.0,1.3333333333333333,1.3333333333333333,1.0,3.0,4.0,10.0,-6.0,0.8,2.0,2.0,6.0,8.0,20.0,-12.0,0.8,2.0,0.0,0.0,0.0,48,11.0,0.0,0.4,1.8,H,4.0
2021-02-02,2020-21,Clausura,4,False,Puebla,Monterrey,0.0,0.0,0.0,0.0,footballcsv,814,1474.5599584218228,1557.2208333998606,-82.66087497803778,1,2,2,7.0,9.0,5,1,2,2,7.0,9.0,5,1.0,4.0,2.0,2.0,0.0,0.6666666666666666,0.6666666666666666,2.0,7.0,4.0,5.0,-1.0,0.8,1.0,4.0,14.0,10.0,12.0,-2.0,1.0,1.2,0.3333333333333333,0.2,0.3,85,11.0,0.4,1.0,1.0,2.0,7.0,5.0,2.0,3.0,1.6666666666666667,0.6666666666666666,3.0,10.0,7.0,5.0,2.0,1.4,1.0,7.0,22.0,16.0,11.0,5.0,1.6,1.1,0.6666666666666666,0.6,0.3,96,17.0,0.8,1.8,1.2,D,0.0
2021-02-04,2020-21,Clausura,5,False,Atlético San Luis,Tijuana,2.0,2.0,1.0,2.0,footballcsv,815,1408.2829206132162,1430.8876773703207,-22.604756757104497,1,0,1,4.0,3.0,2,1,0,1,4.0,3.0,2,1.0,3.0,4.0,5.0,-1.0,1.3333333333333333,1.6666666666666667,1.0,3.0,5.0,8.0,-3.0,1.0,1.6,2.0,6.0,8.0,21.0,-13.0,0.8,2.1,0.0,0.0,0.0,49,3.0,0.4,1.2,2.2,2.0,7.0,4.0,2.0,2.0,1.3333333333333333,0.6666666666666666,2.0,9.0,6.0,4.0,2.0,1.2,0.8,2.0,10.0,6.0,12.0,-6.0,0.6,1.2,0.6666666666666666,0.6,0.4,85,5.0,0.2,0.6,1.2,D,4.0
2021-02-04,2020-21,Clausura,5,False,Querétaro,Pachuca,3.0,1.0,2.0,0.0,footballcsv,816,1460.0844523635624,1541.2494884553287,-81.1650360917663,2,1,2,4.0,6.0,5,2,1,2,4.0,6.0,5,2.0,6.0,4.0,4.0,0.0,1.3333333333333333,1.3333333333333333,2.0,7.0,7.0,9.0,-2.0,1.4,1.8,2.0,8.0,12.0,18.0,-6.0,1.2,1.8,0.6666666666666666,0.4,0.2,87,5.0,0.4,1.2,1.0,0.0,1.0,0.0,2.0,-2.0,0.0,0.6666666666666666,0.0,3.0,1.0,3.0,-2.0,0.2,0.6,2.0,10.0,7.0,6.0,1.0,0.7,0.6,0.3333333333333333,0.4,0.4,88,6.0,0.4,1.0,0.2,H,4.0
2021-02-05,2020-21,Clausura,5,False,Necaxa,Cruz Azul,0.0,2.0,0.0,2.0,footballcsv,817,1508.8189472812335,1586.1464978236788,-77.32755054244535,1,1,2,3.0,5.0,4,1,1,2,3.0,5.0,4,1.0,4.0,2.0,3.0,-1.0,0.6666666666666666,1.0,1.0,4.0,4.0,7.0,-3.0,0.8,1.4,6.0,19.0,12.0,9.0,3.0,1.2,0.9,0.3333333333333333,0.2,0.5,90,8.0,0.6,1.4,1.0,2.0,6.0,5.0,2.0,3.0,1.6666666666666667,0.6666666666666666,2.0,6.0,5.0,7.0,-2.0,1.0,1.4,4.0,12.0,13.0,12.0,1.0,1.3,1.2,0.3333333333333333,0.2,0.2,95,6.0,0.4,0.8,1.4,A,2.0
2021-02-06,2020-21,Clausura,5,False,Atlas,Santos Laguna,1.0,1.0,0.0,1.0,footballcsv,819,1394.9117487621245,1550.1317513621784,-155.22000260005393,1,1,3,3.0,6.0,5,1,1,3,3.0,6.0,5,0.0,1.0,0.0,3.0,-3.0,0.0,1.0,0.0,2.0,1.0,6.0,-5.0,0.2,1.2,1.0,5.0,4.0,12.0,-8.0,0.4,1.2,0.3333333333333333,0.2,0.2,83,6.0,0.0,0.0,1.4,1.0,5.0,3.0,1.0,2.0,1.0,0.3333333333333333,2.0,8.0,4.0,4.0,0.0,0.8,0.8,5.0,18.0,14.0,8.0,6.0,1.4,0.8,0.6666666666666666,0.6,0.5,88,6.0,0.4,1.0,1.0,D,2.0
2021-02-06,2020-21,Clausura,5,False,Monterrey,Pumas UNAM,1.0,0.0,1.0,0.0,footballcsv,820,1557.1442487589616,1546.1208821770917,11.023366581869823,2,2,1,5.0,3.0,5,2,2,1,5.0,3.0,5,2.0,7.0,3.0,0.0,3.0,1.0,0.0,2.0,8.0,6.0,5.0,1.0,1.2,1.0,6.0,20.0,14.0,10.0,4.0,1.4,1.0,1.0,0.6,0.4,97,4.0,0.6,1.4,1.0,1.0,4.0,3.0,2.0,1.0,1.0,0.6666666666666666,1.0,5.0,3.0,4.0,-1.0,0.6,0.8,3.0,13.0,9.0,9.0,0.0,0.9,0.9,0.6666666666666666,0.6,0.6,93,6.0,0.2,0.2,1.6,H,1.0
2021-02-06,2020-21,Clausura,5,False,América,Puebla,1.0,0.0,0.0,0.0,footballcsv,818,1584.1214946358734,1474.6365430627218,109.48495157315165,5,0,0,10.0,4.0,5,5,0,0,10.0,4.0,5,1.0,4.0,3.0,2.0,1.0,1.0,0.6666666666666666,2.0,7.0,6.0,5.0,1.0,1.2,1.0,4.0,14.0,13.0,11.0,2.0,1.3,1.1,0.3333333333333333,0.2,0.2,101,6.0,0.8,1.8,0.8,1.0,4.0,1.0,1.0,0.0,0.3333333333333333,0.3333333333333333,1.0,5.0,2.0,4.0,-2.0,0.4,0.8,4.0,15.0,9.0,9.0,0.0,0.9,0.9,0.6666666666666666,0.4,0.4,86,4.0,0.4,1.0,1.4,H,1.0
2021-02-07,2020-21,Clausura,5,False,Toluca,Mazatlán FC,4.0,1.0,3.0,0.0,footballcsv,821,1483.5875673728244,1480.921902650476,2.6656647223483105,0,0,1,1.0,2.0,1,0,0,1,1.0,2.0,1,1.0,4.0,5.0,4.0,1.0,1.6666666666666667,1.3333333333333333,2.0,7.0,9.0,7.0,2.0,1.8,1.4,4.0,14.0,17.0,13.0,4.0,1.7,1.3,0.3333333333333333,0.2,0.3,86,8.0,0.8,2.2,0.6,1.0,4.0,1.0,3.0,-2.0,0.3333333333333333,1.0,2.0,7.0,4.0,9.0,-5.0,0.8,1.8,4.0,13.0,15.0,17.0,-2.0,1.5,1.7,0.6666666666666666,0.4,0.3,21,9.0,0.2,1.4,2.2,H,5.0
2021-02-08,2020-21,Clausura,5,False,León,Guadalajara,1.0,3.0,0.0,2.0,footballcsv,822,1646.6821571305995,1518.8114456512963,127.87071147930328,2,2,1,6.0,6.0,5,2,2,3,7.0,9.0,7,1.0,4.0,3.0,3.0,0.0,1.0,1.0,2.0,8.0,6.0,4.0,2.0,1.2,0.8,4.0,16.0,13.0,9.0,4.0,1.3,0.9,0.3333333333333333,0.4,0.4,96,7.0,0.8,1.6,0.2,0.0,1.0,3.0,6.0,-3.0,1.0,2.0,0.0,2.0,4.0,8.0,-4.0,0.8,1.6,4.0,15.0,12.0,11.0,1.0,1.2,1.1,0.0,0.0,0.2,88,9.0,0.2,1.2,1.6,A,4.0
2021-02-12,2020-21,Clausura,6,False,Puebla,FC Juárez,4.0,0.0,2.0,0.0,footballcsv,823,1471.426816831326,1485.8226471673393,-14.395830336013205,1,0,1,2.0,2.0,2,1,0,1,2.0,2.0,2,0.0,1.0,0.0,2.0,-2.0,0.0,0.6666666666666666,1.0,5.0,2.0,3.0,-1.0,0.4,0.6,4.0,15.0,8.0,8.0,0.0,0.8,0.8,0.3333333333333333,0.4,0.4,87,6.0,0.4,0.8,0.6,1.0,4.0,2.0,3.0,-1.0,0.6666666666666666,1.0,1.0,6.0,4.0,5.0,-1.0,0.8,1.0,2.0,11.0,10.0,12.0,-2.0,1.0,1.2,0.3333333333333333,0.2,0.2,49,13.0,0.2,1.2,1.6,H,4.0
2021-02-12,2020-21,Clausura,6,False,Tijuana,León,2.0,0.0,1.0,0.0,footballcsv,824,1432.5247801209555,1629.8092435385643,-197.28446341760878,1,0,4,5.0,9.0,5,1,1,4,6.0,10.0,6,2.0,7.0,6.0,4.0,2.0,2.0,1.3333333333333333,2.0,9.0,6.0,4.0,2.0,1.2,0.8,2.0,10.0,8.0,14.0,-6.0,0.8,1.4,0.3333333333333333,0.6,0.3,86,8.0,0.4,1.0,1.0,1.0,4.0,4.0,4.0,0.0,1.3333333333333333,1.3333333333333333,2.0,7.0,6.0,6.0,0.0,1.2,1.2,4.0,15.0,12.0,10.0,2.0,1.2,1.0,0.3333333333333333,0.4,0.4,97,4.0,0.0,1.0,1.6,H,2.0
2021-02-12,2020-21,Clausura,6,False,Mazatlán FC,Atlético San Luis,0.0,3.0,0.0,2.0,footballcsv,825,1470.681310565409,1406.6458178625815,64.03549270282747,1,0,0,5.0,0.0,1,1,0,0,5.0,0.0,1,1.0,4.0,2.0,4.0,-2.0,0.6666666666666666,1.3333333333333333,2.0,7.0,5.0,9.0,-4.0,1.0,1.8,4.0,13.0,15.0,19.0,-4.0,1.5,1.9,0.6666666666666666,0.4,0.3,22,5.0,0.6,1.6,1.2,1.0,4.0,6.0,6.0,0.0,2.0,2.0,1.0,4.0,7.0,9.0,-2.0,1.4,1.8,2.0,7.0,10.0,21.0,-11.0,1.0,2.1,0.0,0.0,0.0,50,8.0,0.0,0.6,1.8,A,3.0
2021-02-13,2020-21,Clausura,6,False,Guadalajara,Necaxa,2.0,2.0,1.0,1.0,footballcsv,826,1535.6843592433315,1497.7483215964699,37.93603764686168,3,1,1,8.0,6.0,5,3,1,1,8.0,6.0,5,1.0,3.0,5.0,6.0,-1.0,1.6666666666666667,2.0,1.0,5.0,7.0,8.0,-1.0,1.4,1.6,4.0,15.0,12.0,11.0,1.0,1.2,1.1,0.0,0.0,0.2,89,5.0,0.4,1.0,0.8,0.0,1.0,1.0,5.0,-4.0,0.3333333333333333,1.6666666666666667,1.0,4.0,4.0,8.0,-4.0,0.8,1.6,5.0,16.0,11.0,11.0,0.0,1.1,1.1,0.0,0.2,0.4,91,8.0,0.2,0.8,1.4,D,4.0
2021-02-13,2020-21,Clausura,6,False,América,Querétaro,2.0,1.0,1.0,1.0,footballcsv,827,1587.3312208672692,1471.1074142564726,116.2238066107966,2,2,1,8.0,8.0,5,2,2,1,8.0,8.0,5,2.0,7.0,4.0,1.0,3.0,1.3333333333333333,0.3333333333333333,3.0,10.0,6.0,3.0,3.0,1.2,0.6,5.0,17.0,12.0,8.0,4.0,1.2,0.8,0.6666666666666666,0.4,0.3,102,7.0,0.8,1.8,0.8,2.0,6.0,6.0,5.0,1.0,2.0,1.6666666666666667,3.0,9.0,8.0,8.0,0.0,1.6,1.6,3.0,10.0,12.0,16.0,-4.0,1.2,1.6,0.3333333333333333,0.4,0.2,88,9.0,0.0,1.2,2.6,H,3.0
2021-02-14,2020-21,Clausura,6,False,Santos Laguna,Monterrey,1.0,0.0,0.0,0.0,footballcsv,828,1547.9999496584592,1562.09535856028,-14.095408901820747,1,2,2,7.0,13.0,5,2,2,4,8.0,16.0,8,0.0,3.0,2.0,2.0,0.0,0.6666666666666666,0.6666666666666666,2.0,9.0,5.0,2.0,3.0,1.0,0.4,4.0,16.0,13.0,9.0,4.0,1.3,0.9,0.3333333333333333,0.6,0.4,89,8.0,0.6,1.6,0.8,2.0,7.0,2.0,0.0,2.0,0.6666666666666666,0.0,3.0,11.0,6.0,2.0,4.0,1.2,0.4,7.0,23.0,15.0,8.0,7.0,1.5,0.8,1.0,0.8,0.5,98,8.0,0.6,1.4,1.0,H,1.0
2021-02-14,2020-21,Clausura,6,False,Toluca,Pumas UNAM,1.0,0.0,0.0,0.0,footballcsv,829,1493.8281594578916,1541.1697723757734,-47.341612917881776,0,1,4,5.0,9.0,5,0,1,4,5.0,9.0,5,2.0,6.0,8.0,4.0,4.0,2.6666666666666665,1.3333333333333333,3.0,10.0,12.0,6.0,6.0,2.4,1.2,4.0,14.0,19.0,14.0,5.0,1.9,1.4,0.3333333333333333,0.2,0.2,87,7.0,0.8,2.6,0.8,0.0,1.0,0.0,3.0,-3.0,0.0,1.0,1.0,5.0,3.0,3.0,0.0,0.6,0.6,2.0,10.0,8.0,10.0,-2.0,0.8,1.0,0.3333333333333333,0.6,0.5,94,8.0,0.0,0.0,1.8,H,1.0
2021-02-15,2020-21,Clausura,6,False,Pachuca,Atlas,0.0,1.0,0.0,1.0,footballcsv,830,1530.2265265624187,1397.0435504658435,133.1829760965752,4,1,0,7.0,1.0,5,4,1,0,7.0,1.0,5,0.0,0.0,1.0,5.0,-4.0,0.3333333333333333,1.6666666666666667,0.0,2.0,2.0,6.0,-4.0,0.4,1.2,2.0,9.0,7.0,8.0,-1.0,0.7,0.8,0.0,0.2,0.4,89,11.0,0.0,0.4,1.0,0.0,2.0,1.0,3.0,-2.0,0.3333333333333333,1.0,0.0,2.0,1.0,6.0,-5.0,0.2,1.2,0.0,3.0,4.0,13.0,-9.0,0.4,1.3,0.3333333333333333,0.2,0.1,84,9.0,0.0,0.6,1.2,A,1.0
2021-02-17,2020-21,Clausura,6,False,Tigres UANL,Cruz Azul,0.0,2.0,0.0,1.0,footballcsv,831,1598.4898431476183,1597.2171235084425,1.2727196391758753,2,1,2,6.0,6.0,5,2,1,4,6.0,8.0,7,1.0,4.0,3.0,3.0,0.0,1.0,1.0,3.0,10.0,6.0,3.0,3.0,1.2,0.6,4.0,15.0,12.0,12.0,0.0,1.2,1.2,0.3333333333333333,0.6,0.3,96,20.0,0.4,1.4,1.2,3.0,9.0,7.0,1.0,6.0,2.3333333333333335,0.3333333333333333,3.0,9.0,7.0,3.0,4.0,1.4,0.6,5.0,15.0,15.0,11.0,4.0,1.5,1.1,0.6666666666666666,0.4,0.3,96,12.0,0.6,1.2,1.2,A,2.0
2021-02-18,2020-21,Clausura,7,False,Atlético San Luis,Santos Laguna,1.0,0.0,1.0,0.0,footballcsv,832,1425.9478038787345,1553.4683317103688,-127.52052783163435,0,0,2,3.0,5.0,2,0,0,2,3.0,5.0,2,1.0,4.0,6.0,5.0,1.0,2.0,1.6666666666666667,2.0,7.0,9.0,7.0,2.0,1.8,1.4,3.0,10.0,13.0,18.0,-5.0,1.3,1.8,0.3333333333333333,0.2,0.1,51,6.0,0.4,1.4,2.2,1.0,5.0,3.0,2.0,1.0,1.0,0.6666666666666666,2.0,9.0,5.0,2.0,3.0,1.0,0.4,5.0,18.0,13.0,8.0,5.0,1.3,0.8,0.3333333333333333,0.6,0.5,90,4.0,0.4,1.2,0.8,H,1.0
2021-02-19,2020-21,Clausura,7,False,Necaxa,Monterrey,1.0,1.0,0.0,1.0,footballcsv,833,1501.0181595068884,1556.6269765083703,-55.60881700148184,1,2,2,6.0,6.0,5,2,4,3,10.0,10.0,9,0.0,2.0,3.0,5.0,-2.0,1.0,1.6666666666666667,1.0,5.0,4.0,7.0,-3.0,0.8,1.4,4.0,14.0,11.0,13.0,-2.0,1.1,1.3,0.0,0.2,0.3,92,6.0,0.6,1.2,1.0,1.0,4.0,1.0,1.0,0.0,0.3333333333333333,0.3333333333333333,3.0,10.0,4.0,1.0,3.0,0.8,0.2,6.0,20.0,13.0,8.0,5.0,1.3,0.8,0.6666666666666666,0.8,0.5,99,5.0,0.4,1.0,1.0,D,2.0
2021-02-19,2020-21,Clausura,7,False,FC Juárez,Mazatlán FC,1.0,0.0,0.0,0.0,footballcsv,834,1473.110732736745,1451.379324549256,21.731408187489023,0,0,1,2.0,3.0,1,0,0,1,2.0,3.0,1,1.0,3.0,2.0,7.0,-5.0,0.6666666666666666,2.3333333333333335,1.0,5.0,3.0,8.0,-5.0,0.6,1.6,2.0,11.0,9.0,14.0,-5.0,0.9,1.4,0.0,0.2,0.2,50,7.0,0.2,0.6,0.6,1.0,3.0,2.0,7.0,-5.0,0.6666666666666666,2.3333333333333335,1.0,4.0,2.0,10.0,-8.0,0.4,2.0,4.0,13.0,14.0,20.0,-6.0,1.4,2.0,0.3333333333333333,0.4,0.3,23,7.0,0.2,1.4,2.6,H,1.0
2021-02-20,2020-21,Clausura,7,False,Cruz Azul,Toluca,3.0,2.0,2.0,2.0,footballcsv,835,1610.7272682910673,1500.0181081811409,110.70916010992642,1,3,1,6.0,7.0,5,1,3,1,6.0,7.0,5,3.0,9.0,8.0,1.0,7.0,2.6666666666666665,0.3333333333333333,4.0,12.0,9.0,2.0,7.0,1.8,0.4,6.0,18.0,16.0,9.0,7.0,1.6,0.9,0.6666666666666666,0.6,0.4,97,3.0,0.4,1.8,1.0,2.0,6.0,7.0,4.0,3.0,2.3333333333333335,1.3333333333333333,3.0,10.0,10.0,5.0,5.0,2.0,1.0,5.0,17.0,20.0,13.0,7.0,2.0,1.3,0.3333333333333333,0.4,0.3,88,6.0,0.0,1.2,2.0,H,5.0
2021-02-21,2020-21,Clausura,7,False,Querétaro,Puebla,1.0,1.0,0.0,0.0,footballcsv,838,1467.9987537924485,1484.1387312619204,-16.139977469471887,1,2,2,5.0,6.0,5,1,2,2,5.0,6.0,5,1.0,3.0,5.0,7.0,-2.0,1.6666666666666667,2.3333333333333335,3.0,9.0,8.0,7.0,1.0,1.6,1.4,3.0,10.0,12.0,16.0,-4.0,1.2,1.6,0.0,0.4,0.2,89,8.0,0.6,1.6,0.8,1.0,4.0,4.0,1.0,3.0,1.3333333333333333,0.3333333333333333,2.0,7.0,5.0,2.0,3.0,1.0,0.4,4.0,15.0,11.0,8.0,3.0,1.1,0.8,0.6666666666666666,0.6,0.4,88,9.0,0.4,0.8,1.0,D,2.0
2021-02-21,2020-21,Clausura,7,False,Pumas UNAM,León,0.0,1.0,0.0,0.0,footballcsv,836,1534.9798236525241,1615.2492481226413,-80.2694244701172,0,1,4,3.0,10.0,5,1,1,5,6.0,14.0,7,0.0,1.0,0.0,2.0,-2.0,0.0,0.6666666666666666,1.0,4.0,3.0,4.0,-1.0,0.6,0.8,2.0,9.0,8.0,11.0,-3.0,0.8,1.1,0.3333333333333333,0.4,0.4,95,7.0,0.4,1.6,0.2,1.0,3.0,4.0,6.0,-2.0,1.3333333333333333,2.0,1.0,4.0,4.0,8.0,-4.0,0.8,1.6,4.0,15.0,11.0,10.0,1.0,1.1,1.0,0.0,0.2,0.4,98,9.0,0.0,0.6,1.6,A,1.0
2021-02-21,2020-21,Clausura,7,False,Tigres UANL,Tijuana,3.0,2.0,2.0,0.0,footballcsv,837,1584.9796983649935,1447.0847755368784,137.8949228281151,2,2,0,5.0,1.0,4,2,2,0,5.0,1.0,4,1.0,4.0,3.0,3.0,0.0,1.0,1.0,2.0,7.0,5.0,5.0,0.0,1.0,1.0,4.0,14.0,11.0,13.0,-2.0,1.1,1.3,0.3333333333333333,0.4,0.3,97,4.0,0.4,1.2,1.4,2.0,7.0,7.0,4.0,3.0,2.3333333333333335,1.3333333333333333,3.0,11.0,8.0,4.0,4.0,1.6,0.8,3.0,13.0,10.0,12.0,-2.0,1.0,1.2,0.3333333333333333,0.6,0.4,87,9.0,0.2,1.0,1.2,H,5.0
2021-02-22,2020-21,Clausura,7,False,Pachuca,Guadalajara,1.0,1.0,0.0,1.0,footballcsv,839,1519.505971209219,1532.414521332913,-12.908550123693885,3,2,0,10.0,4.0,5,3,2,0,10.0,4.0,5,0.0,0.0,1.0,5.0,-4.0,0.3333333333333333,1.6666666666666667,0.0,1.0,1.0,6.0,-5.0,0.2,1.2,1.0,6.0,5.0,9.0,-4.0,0.5,0.9,0.0,0.2,0.3,90,7.0,0.0,0.2,1.0,1.0,4.0,6.0,5.0,1.0,2.0,1.6666666666666667,1.0,5.0,8.0,9.0,-1.0,1.6,1.8,3.0,13.0,13.0,13.0,0.0,1.3,1.3,0.0,0.0,0.1,90,9.0,0.4,1.4,1.4,D,2.0
2021-02-25,2020-21,Clausura,8,False,Atlético San Luis,Tigres UANL,2.0,2.0,1.0,1.0,footballcsv,840,1433.8214602848386,1587.779373071245,-153.95791278640627,0,2,1,1.0,4.0,3,0,2,1,1.0,4.0,3,2.0,7.0,6.0,2.0,4.0,2.0,0.6666666666666666,3.0,10.0,10.0,6.0,4.0,2.0,1.2,3.0,10.0,12.0,17.0,-5.0,1.2,1.7,0.6666666666666666,0.4,0.2,52,7.0,0.6,1.6,1.8,1.0,4.0,4.0,5.0,-1.0,1.3333333333333333,1.6666666666666667,2.0,7.0,6.0,7.0,-1.0,1.2,1.4,5.0,17.0,13.0,12.0,1.0,1.3,1.2,0.0,0.2,0.3,98,4.0,0.6,1.2,1.0,D,4.0
2021-02-26,2020-21,Clausura,8,False,Puebla,Necaxa,1.0,0.0,0.0,0.0,footballcsv,841,1485.9563477014096,1500.3172758903338,-14.360928188924163,2,1,2,7.0,8.0,5,2,1,2,7.0,8.0,5,1.0,4.0,5.0,2.0,3.0,1.6666666666666667,0.6666666666666666,1.0,5.0,5.0,3.0,2.0,1.0,0.6,3.0,13.0,11.0,9.0,2.0,1.1,0.9,0.3333333333333333,0.4,0.3,89,5.0,0.4,1.4,0.6,0.0,2.0,3.0,5.0,-2.0,1.0,1.6666666666666667,0.0,3.0,4.0,8.0,-4.0,0.8,1.6,3.0,12.0,11.0,14.0,-3.0,1.1,1.4,0.0,0.0,0.2,93,7.0,0.0,1.0,1.8,H,1.0
2021-02-26,2020-21,Clausura,8,False,Mazatlán FC,Querétaro,3.0,0.0,2.0,0.0,footballcsv,842,1446.6404842401462,1466.1811373529592,-19.54065311281306,0,1,0,1.0,1.0,1,0,1,0,1.0,1.0,1,0.0,0.0,1.0,8.0,-7.0,0.3333333333333333,2.6666666666666665,1.0,4.0,2.0,8.0,-6.0,0.4,1.6,3.0,10.0,11.0,19.0,-8.0,1.1,1.9,0.0,0.4,0.3,24,7.0,0.4,1.0,1.4,1.0,4.0,5.0,4.0,1.0,1.6666666666666667,1.3333333333333333,2.0,7.0,8.0,8.0,0.0,1.6,1.6,3.0,11.0,12.0,15.0,-3.0,1.2,1.5,0.0,0.2,0.2,90,5.0,0.0,0.8,2.4,H,3.0
2021-02-27,2020-21,Clausura,8,False,Toluca,Atlas,0.0,0.0,0.0,0.0,footballcsv,843,1496.8269183436494,1407.7641058190432,89.06281252460622,3,0,2,7.0,6.0,5,3,0,2,7.0,6.0,5,2.0,6.0,7.0,4.0,3.0,2.3333333333333335,1.3333333333333333,3.0,9.0,11.0,7.0,4.0,2.2,1.4,4.0,14.0,20.0,16.0,4.0,2.0,1.6,0.3333333333333333,0.4,0.2,89,7.0,0.8,2.4,0.8,1.0,5.0,2.0,1.0,1.0,0.6666666666666666,0.3333333333333333,1.0,5.0,2.0,4.0,-2.0,0.4,0.8,1.0,6.0,5.0,12.0,-7.0,0.5,1.2,0.6666666666666666,0.4,0.2,85,12.0,0.2,0.4,0.6,D,0.0
2021-02-27,2020-21,Clausura,8,False,León,Cruz Azul,0.0,1.0,0.0,0.0,footballcsv,844,1622.17449670368,1613.9184581285588,8.256038575121238,1,0,3,2.0,6.0,4,1,0,3,2.0,6.0,4,1.0,3.0,2.0,5.0,-3.0,0.6666666666666666,1.6666666666666667,2.0,7.0,5.0,6.0,-1.0,1.0,1.2,4.0,15.0,10.0,10.0,0.0,1.0,1.0,0.3333333333333333,0.4,0.4,99,6.0,0.6,1.4,0.8,3.0,9.0,7.0,2.0,5.0,2.3333333333333335,0.6666666666666666,5.0,15.0,12.0,3.0,9.0,2.4,0.6,6.0,18.0,16.0,10.0,6.0,1.6,1.0,0.6666666666666666,0.6,0.4,98,7.0,0.6,1.0,1.0,A,1.0
2021-02-27,2020-21,Clausura,8,False,América,Pachuca,2.0,0.0,2.0,0.0,footballcsv,845,1590.4398813312932,1517.5985739114221,72.8413074198711,3,1,0,9.0,3.0,4,3,1,0,9.0,3.0,4,2.0,7.0,4.0,2.0,2.0,1.3333333333333333,0.6666666666666666,3.0,10.0,6.0,3.0,3.0,1.2,0.6,5.0,17.0,13.0,9.0,4.0,1.3,0.9,0.3333333333333333,0.4,0.2,103,14.0,0.8,1.6,0.8,0.0,1.0,2.0,5.0,-3.0,0.6666666666666666,1.6666666666666667,0.0,1.0,2.0,7.0,-5.0,0.4,1.4,1.0,7.0,6.0,9.0,-3.0,0.6,0.9,0.0,0.0,0.3,91,5.0,0.2,0.8,0.8,H,2.0
2021-02-28,2020-21,Clausura,8,False,Santos Laguna,FC Juárez,3.0,2.0,2.0,0.0,footballcsv,846,1545.5946753042647,1477.8495730458546,67.74510225841004,2,1,0,6.0,2.0,3,2,1,0,6.0,2.0,3,1.0,4.0,2.0,2.0,0.0,0.6666666666666666,0.6666666666666666,1.0,6.0,3.0,3.0,0.0,0.6,0.6,4.0,15.0,11.0,8.0,3.0,1.1,0.8,0.3333333333333333,0.4,0.5,91,10.0,0.6,1.0,0.8,2.0,6.0,3.0,5.0,-2.0,1.0,1.6666666666666667,2.0,7.0,3.0,7.0,-4.0,0.6,1.4,3.0,13.0,9.0,13.0,-4.0,0.9,1.3,0.3333333333333333,0.4,0.3,51,9.0,0.2,0.8,1.8,H,5.0
2021-02-28,2020-21,Clausura,8,False,Monterrey,Tijuana,1.0,1.0,1.0,0.0,footballcsv,847,1557.3278601249249,1444.285100830627,113.04275929429787,2,0,2,8.0,3.0,4,2,0,2,8.0,3.0,4,1.0,4.0,2.0,2.0,0.0,0.6666666666666666,0.6666666666666666,2.0,8.0,3.0,2.0,1.0,0.6,0.4,5.0,18.0,11.0,8.0,3.0,1.1,0.8,0.3333333333333333,0.6,0.5,100,9.0,0.8,1.6,0.6,1.0,4.0,6.0,5.0,1.0,2.0,1.6666666666666667,3.0,10.0,10.0,7.0,3.0,2.0,1.4,3.0,13.0,12.0,13.0,-1.0,1.2,1.3,0.3333333333333333,0.4,0.4,88,7.0,0.2,1.4,1.4,D,2.0
2021-02-28,2020-21,Clausura,8,False,Guadalajara,Pumas UNAM,2.0,1.0,2.0,1.0,footballcsv,848,1534.32191863071,1528.0545750714855,6.2673435592244005,0,2,2,5.0,7.0,4,0,2,2,5.0,7.0,4,1.0,5.0,6.0,4.0,2.0,2.0,1.3333333333333333,1.0,5.0,8.0,9.0,-1.0,1.6,1.8,2.0,11.0,13.0,14.0,-1.0,1.3,1.4,0.0,0.0,0.0,91,6.0,0.2,1.2,1.2,0.0,0.0,0.0,3.0,-3.0,0.0,1.0,0.0,1.0,0.0,5.0,-5.0,0.0,1.0,2.0,9.0,8.0,8.0,0.0,0.8,0.8,0.0,0.2,0.4,96,7.0,0.0,0.0,1.2,H,3.0
2021-03-02,2020-21,Clausura,9,False,León,Puebla,1.0,2.0,1.0,0.0,footballcsv,849,1613.5192024962212,1491.4303343369008,122.08886815932033,3,0,2,9.0,5.0,5,3,0,3,9.0,9.0,6,1.0,3.0,1.0,3.0,-2.0,0.3333333333333333,1.0,2.0,6.0,5.0,7.0,-2.0,1.0,1.4,4.0,14.0,9.0,10.0,-1.0,0.9,1.0,0.3333333333333333,0.2,0.4,100,3.0,0.4,1.2,1.0,2.0,7.0,6.0,1.0,5.0,2.0,0.3333333333333333,2.0,8.0,6.0,2.0,4.0,1.2,0.4,4.0,15.0,10.0,7.0,3.0,1.0,0.7,0.6666666666666666,0.6,0.4,90,4.0,0.2,0.8,1.2,A,3.0
2021-03-02,2020-21,Clausura,9,False,Tigres UANL,Toluca,0.0,1.0,0.0,0.0,footballcsv,850,1585.6822730951862,1492.311765978219,93.37050711696725,3,0,2,7.0,6.0,5,3,0,2,7.0,6.0,5,1.0,4.0,5.0,6.0,-1.0,1.6666666666666667,2.0,2.0,8.0,8.0,7.0,1.0,1.6,1.4,5.0,17.0,14.0,13.0,1.0,1.4,1.3,0.0,0.2,0.3,99,5.0,0.4,1.4,1.6,1.0,4.0,3.0,3.0,0.0,1.0,1.0,2.0,7.0,9.0,7.0,2.0,1.8,1.4,4.0,15.0,18.0,13.0,5.0,1.8,1.3,0.6666666666666666,0.4,0.3,90,3.0,0.0,1.6,2.4,A,1.0
2021-03-02,2020-21,Clausura,9,False,Atlas,Atlético San Luis,3.0,1.0,1.0,1.0,footballcsv,851,1412.2792581844735,1435.9185602608973,-23.639302076423746,0,1,1,2.0,3.0,2,0,1,1,2.0,3.0,2,1.0,5.0,2.0,1.0,1.0,0.6666666666666666,0.3333333333333333,1.0,6.0,2.0,3.0,-1.0,0.4,0.6,1.0,7.0,3.0,9.0,-6.0,0.3,0.9,0.6666666666666666,0.6,0.3,86,3.0,0.0,0.2,1.4,2.0,7.0,6.0,2.0,4.0,2.0,0.6666666666666666,2.0,8.0,9.0,7.0,2.0,1.8,1.4,3.0,11.0,13.0,17.0,-4.0,1.3,1.7,0.6666666666666666,0.4,0.2,53,5.0,0.2,1.0,1.4,H,4.0
2021-03-03,2020-21,Clausura,9,False,Querétaro,Guadalajara,2.0,2.0,1.0,1.0,footballcsv,855,1455.013414806121,1539.368936209016,-84.35552140289496,0,3,1,4.0,5.0,4,0,3,1,4.0,5.0,4,0.0,1.0,2.0,6.0,-4.0,0.6666666666666666,2.0,1.0,4.0,6.0,11.0,-5.0,1.2,2.2,3.0,11.0,12.0,17.0,-5.0,1.2,1.7,0.0,0.0,0.2,91,5.0,0.6,1.8,0.8,1.0,5.0,5.0,4.0,1.0,1.6666666666666667,1.3333333333333333,2.0,8.0,9.0,7.0,2.0,1.8,1.4,2.0,11.0,13.0,14.0,-1.0,1.3,1.4,0.0,0.0,0.0,92,3.0,0.2,1.2,1.4,D,4.0
2021-03-03,2020-21,Clausura,9,False,Cruz Azul,Mazatlán FC,1.0,0.0,0.0,0.0,footballcsv,854,1622.5737523360176,1457.8082067869843,164.76554554903328,1,0,0,3.0,2.0,1,1,0,0,3.0,2.0,1,3.0,9.0,6.0,2.0,4.0,2.0,0.6666666666666666,5.0,15.0,12.0,3.0,9.0,2.4,0.6,7.0,21.0,17.0,9.0,8.0,1.7,0.9,0.6666666666666666,0.6,0.5,99,4.0,0.6,2.2,1.0,1.0,3.0,3.0,4.0,-1.0,1.0,1.3333333333333333,2.0,6.0,5.0,8.0,-3.0,1.0,1.6,4.0,13.0,13.0,17.0,-4.0,1.3,1.7,0.3333333333333333,0.4,0.4,25,5.0,0.2,1.2,2.4,H,1.0
2021-03-03,2020-21,Clausura,9,False,FC Juárez,Monterrey,1.0,6.0,1.0,2.0,footballcsv,853,1473.9611115258144,1552.2806430007774,-78.31953147496301,1,1,1,3.0,3.0,3,1,1,1,3.0,3.0,3,1.0,3.0,3.0,7.0,-4.0,1.0,2.3333333333333335,2.0,6.0,5.0,10.0,-5.0,1.0,2.0,3.0,13.0,9.0,13.0,-4.0,0.9,1.3,0.3333333333333333,0.2,0.3,52,3.0,0.4,0.8,0.4,0.0,2.0,2.0,3.0,-1.0,0.6666666666666666,1.0,1.0,6.0,3.0,3.0,0.0,0.6,0.6,4.0,16.0,10.0,8.0,2.0,1.0,0.8,0.0,0.4,0.5,101,3.0,0.2,0.8,1.0,A,7.0
2021-03-03,2020-21,Clausura,9,False,Tijuana,América,0.0,2.0,0.0,0.0,footballcsv,852,1449.3323179547745,1596.4639397152916,-147.1316217605172,1,1,3,4.0,12.0,5,1,1,3,4.0,12.0,5,1.0,4.0,5.0,4.0,1.0,1.6666666666666667,1.3333333333333333,2.0,8.0,10.0,8.0,2.0,2.0,1.6,3.0,14.0,13.0,12.0,1.0,1.3,1.2,0.3333333333333333,0.2,0.4,89,3.0,0.4,1.0,0.8,3.0,9.0,5.0,1.0,4.0,1.6666666666666667,0.3333333333333333,4.0,13.0,8.0,2.0,6.0,1.6,0.4,5.0,17.0,12.0,8.0,4.0,1.2,0.8,0.6666666666666666,0.6,0.3,104,4.0,0.0,0.8,1.4,A,2.0
2021-03-04,2020-21,Clausura,9,False,Necaxa,Pachuca,2.0,2.0,1.0,1.0,footballcsv,856,1494.8432892548426,1511.5745155274237,-16.731226272581125,1,1,2,6.0,10.0,4,1,1,2,6.0,10.0,4,0.0,2.0,3.0,4.0,-1.0,1.0,1.3333333333333333,0.0,3.0,4.0,7.0,-3.0,0.8,1.4,2.0,9.0,8.0,13.0,-5.0,0.8,1.3,0.0,0.0,0.2,94,6.0,0.6,1.4,1.0,0.0,1.0,1.0,4.0,-3.0,0.3333333333333333,1.3333333333333333,0.0,1.0,2.0,8.0,-6.0,0.4,1.6,0.0,4.0,3.0,11.0,-8.0,0.3,1.1,0.0,0.0,0.2,92,5.0,0.0,0.2,1.2,D,4.0
2021-03-04,2020-21,Clausura,9,False,Pumas UNAM,Santos Laguna,1.0,0.0,0.0,0.0,footballcsv,857,1523.0075574931793,1549.483136824305,-26.475579331125573,2,2,1,8.0,8.0,5,2,2,1,8.0,8.0,5,0.0,0.0,1.0,4.0,-3.0,0.3333333333333333,1.3333333333333333,0.0,1.0,1.0,5.0,-4.0,0.2,1.0,1.0,6.0,5.0,10.0,-5.0,0.5,1.0,0.0,0.2,0.3,97,4.0,0.4,1.6,0.4,2.0,6.0,4.0,3.0,1.0,1.3333333333333333,1.0,2.0,8.0,6.0,5.0,1.0,1.2,1.0,5.0,18.0,13.0,8.0,5.0,1.3,0.8,0.3333333333333333,0.2,0.5,92,4.0,0.2,0.8,0.8,H,1.0
2021-03-05,2020-21,Clausura,10,False,Puebla,Tigres UANL,1.0,1.0,1.0,1.0,footballcsv,858,1501.9929951045551,1575.5531006471606,-73.56010554260547,1,2,2,4.0,9.0,5,1,2,2,4.0,9.0,5,2.0,7.0,4.0,2.0,2.0,1.3333333333333333,0.6666666666666666,3.0,10.0,8.0,3.0,5.0,1.6,0.6,4.0,15.0,10.0,7.0,3.0,1.0,0.7,0.3333333333333333,0.4,0.4,91,3.0,0.4,1.2,0.4,1.0,4.0,5.0,5.0,0.0,1.6666666666666667,1.6666666666666667,1.0,5.0,6.0,8.0,-2.0,1.2,1.6,4.0,14.0,12.0,13.0,-1.0,1.2,1.3,0.0,0.0,0.3,100,3.0,0.4,1.2,1.4,D,2.0
2021-03-05,2020-21,Clausura,10,False,Atlético San Luis,Toluca,0.0,0.0,0.0,0.0,footballcsv,859,1426.9294153360927,1502.4409384262447,-75.51152309015197,0,0,2,3.0,6.0,2,0,0,2,3.0,6.0,2,1.0,4.0,4.0,5.0,-1.0,1.3333333333333333,1.6666666666666667,2.0,8.0,9.0,7.0,2.0,1.8,1.4,3.0,11.0,14.0,15.0,-1.0,1.4,1.5,0.3333333333333333,0.4,0.2,54,3.0,0.4,1.6,2.0,1.0,4.0,3.0,3.0,0.0,1.0,1.0,3.0,10.0,8.0,4.0,4.0,1.6,0.8,5.0,17.0,17.0,11.0,6.0,1.7,1.1,0.6666666666666666,0.6,0.4,91,3.0,0.2,1.4,1.8,D,0.0
2021-03-06,2020-21,Clausura,10,False,Mazatlán FC,Guadalajara,1.0,1.0,1.0,1.0,footballcsv,860,1455.3581846203554,1539.2435807925622,-83.88539617220681,0,0,1,1.0,2.0,1,0,0,1,1.0,2.0,1,1.0,3.0,3.0,2.0,1.0,1.0,0.6666666666666666,1.0,3.0,4.0,9.0,-5.0,0.8,1.8,3.0,10.0,8.0,18.0,-10.0,0.8,1.8,0.3333333333333333,0.2,0.3,26,3.0,0.6,1.4,1.0,1.0,5.0,5.0,4.0,1.0,1.6666666666666667,1.3333333333333333,2.0,9.0,10.0,7.0,3.0,2.0,1.4,2.0,11.0,14.0,15.0,-1.0,1.4,1.5,0.0,0.0,0.0,93,3.0,0.2,1.6,1.6,D,2.0
2021-03-06,2020-21,Clausura,10,False,Monterrey,Querétaro,2.0,1.0,2.0,1.0,footballcsv,861,1570.2849004310733,1455.138770222575,115.14613020849833,3,0,2,8.0,7.0,5,3,0,2,8.0,7.0,5,1.0,5.0,8.0,3.0,5.0,2.6666666666666665,1.0,2.0,8.0,9.0,4.0,5.0,1.8,0.8,4.0,16.0,15.0,9.0,6.0,1.5,0.9,0.0,0.2,0.4,102,3.0,0.6,1.2,0.6,0.0,2.0,3.0,6.0,-3.0,1.0,2.0,1.0,5.0,7.0,9.0,-2.0,1.4,1.8,3.0,12.0,14.0,18.0,-4.0,1.4,1.8,0.0,0.0,0.2,92,3.0,0.0,0.6,2.6,H,3.0
2021-03-06,2020-21,Clausura,10,False,Atlas,FC Juárez,2.0,0.0,1.0,0.0,footballcsv,862,1421.268403109278,1455.9568540955186,-34.68845098624047,2,0,0,2.0,0.0,2,2,0,0,2.0,0.0,2,2.0,7.0,4.0,1.0,3.0,1.3333333333333333,0.3333333333333333,2.0,9.0,5.0,2.0,3.0,1.0,0.4,2.0,10.0,6.0,9.0,-3.0,0.6,0.9,0.6666666666666666,0.6,0.3,87,4.0,0.2,0.8,1.4,1.0,3.0,4.0,9.0,-5.0,1.3333333333333333,3.0,2.0,6.0,6.0,14.0,-8.0,1.2,2.8,3.0,12.0,9.0,18.0,-9.0,0.9,1.8,0.3333333333333333,0.2,0.3,53,3.0,0.2,1.0,2.2,H,2.0
2021-03-06,2020-21,Clausura,10,False,América,León,2.0,1.0,1.0,1.0,footballcsv,863,1605.0901258085703,1602.956541728567,2.133584080003402,1,1,3,3.0,7.0,5,1,1,4,3.0,9.0,6,3.0,9.0,6.0,1.0,5.0,2.0,0.3333333333333333,4.0,13.0,8.0,2.0,6.0,1.6,0.4,6.0,19.0,13.0,7.0,6.0,1.3,0.7,0.6666666666666666,0.6,0.4,105,3.0,1.0,1.8,0.4,1.0,3.0,2.0,3.0,-1.0,0.6666666666666666,1.0,1.0,3.0,3.0,8.0,-5.0,0.6,1.6,3.0,11.0,9.0,12.0,-3.0,0.9,1.2,0.3333333333333333,0.2,0.3,101,4.0,0.2,0.6,1.2,H,3.0
2021-03-07,2020-21,Clausura,10,False,Santos Laguna,Necaxa,3.0,1.0,1.0,0.0,footballcsv,864,1543.7505978423696,1493.0421331869227,50.70846465544696,2,0,3,5.0,8.0,5,2,0,3,5.0,8.0,5,1.0,3.0,3.0,4.0,-1.0,1.0,1.3333333333333333,2.0,7.0,5.0,5.0,0.0,1.0,1.0,4.0,15.0,9.0,9.0,0.0,0.9,0.9,0.0,0.2,0.4,93,3.0,0.8,1.6,0.6,0.0,2.0,3.0,4.0,-1.0,1.0,1.3333333333333333,0.0,3.0,5.0,8.0,-3.0,1.0,1.6,1.0,7.0,9.0,15.0,-6.0,0.9,1.5,0.0,0.0,0.1,95,3.0,0.0,1.0,1.8,H,4.0
2021-03-07,2020-21,Clausura,10,False,Pumas UNAM,Cruz Azul,0.0,1.0,0.0,0.0,footballcsv,865,1528.7400964751146,1625.0237745026466,-96.283678027532,2,1,2,8.0,8.0,5,2,1,3,9.0,10.0,6,1.0,3.0,2.0,3.0,-1.0,0.6666666666666666,1.0,1.0,3.0,2.0,5.0,-3.0,0.4,1.0,2.0,8.0,5.0,9.0,-4.0,0.5,0.9,0.3333333333333333,0.2,0.4,98,3.0,0.4,1.0,0.4,3.0,9.0,5.0,2.0,3.0,1.6666666666666667,0.6666666666666666,5.0,15.0,9.0,2.0,7.0,1.8,0.4,7.0,21.0,14.0,9.0,5.0,1.4,0.9,0.6666666666666666,0.8,0.5,100,4.0,0.8,1.2,0.2,A,1.0
2021-03-08,2020-21,Clausura,10,False,Pachuca,Tijuana,2.0,1.0,2.0,1.0,footballcsv,866,1513.3756715953436,1440.7061318614958,72.66953973384784,3,0,2,12.0,5.0,5,3,0,2,12.0,5.0,5,0.0,2.0,3.0,5.0,-2.0,1.0,1.6666666666666667,0.0,2.0,4.0,9.0,-5.0,0.8,1.8,0.0,5.0,5.0,12.0,-7.0,0.5,1.2,0.0,0.0,0.2,93,4.0,0.0,0.4,1.0,0.0,1.0,3.0,6.0,-3.0,1.0,2.0,1.0,5.0,7.0,8.0,-1.0,1.4,1.6,3.0,14.0,13.0,12.0,1.0,1.3,1.2,0.0,0.2,0.4,90,5.0,0.2,1.2,1.2,H,3.0
2021-03-10,2020-21,Clausura,3,False,Monterrey,León,1.0,1.0,0.0,1.0,footballcsv,867,1573.409563986609,1597.82537338998,-24.415809403370986,2,1,2,8.0,8.0,5,2,1,2,8.0,8.0,5,2.0,7.0,9.0,3.0,6.0,3.0,1.0,2.0,8.0,10.0,5.0,5.0,2.0,1.0,5.0,19.0,16.0,7.0,9.0,1.6,0.7,0.0,0.0,0.4,103,4.0,0.6,1.4,0.8,0.0,0.0,2.0,5.0,-3.0,0.6666666666666666,1.6666666666666667,1.0,3.0,3.0,7.0,-4.0,0.6,1.4,3.0,10.0,9.0,13.0,-4.0,0.9,1.3,0.0,0.2,0.3,102,4.0,0.2,0.6,1.4,D,2.0
2021-03-12,2020-21,Clausura,11,False,FC Juárez,Pumas UNAM,1.0,1.0,1.0,0.0,footballcsv,869,1446.5883956793716,1522.1817949617287,-75.59339928235704,0,3,0,6.0,6.0,3,0,3,0,6.0,6.0,3,0.0,0.0,3.0,11.0,-8.0,1.0,3.6666666666666665,1.0,3.0,4.0,15.0,-11.0,0.8,3.0,2.0,9.0,8.0,20.0,-12.0,0.8,2.0,0.0,0.2,0.2,54,6.0,0.4,0.8,1.4,1.0,3.0,2.0,3.0,-1.0,0.6666666666666666,1.0,1.0,3.0,2.0,5.0,-3.0,0.4,1.0,2.0,8.0,5.0,8.0,-3.0,0.5,0.8,0.3333333333333333,0.2,0.4,99,5.0,0.0,0.2,1.2,D,2.0
2021-03-12,2020-21,Clausura,11,False,Puebla,Atlas,0.0,1.0,0.0,0.0,footballcsv,868,1501.8076612665827,1430.636861525425,71.17079974115768,4,0,1,6.0,2.0,5,4,0,1,6.0,2.0,5,2.0,7.0,4.0,2.0,2.0,1.3333333333333333,0.6666666666666666,3.0,11.0,9.0,3.0,6.0,1.8,0.6,4.0,16.0,11.0,6.0,5.0,1.1,0.6,0.3333333333333333,0.4,0.4,92,7.0,0.4,1.2,0.4,2.0,7.0,5.0,1.0,4.0,1.6666666666666667,0.3333333333333333,3.0,11.0,7.0,2.0,5.0,1.4,0.4,3.0,13.0,8.0,8.0,0.0,0.8,0.8,0.6666666666666666,0.6,0.4,88,6.0,0.2,0.4,0.4,A,1.0
2021-03-13,2020-21,Clausura,11,False,Tigres UANL,Mazatlán FC,1.0,2.0,0.0,1.0,footballcsv,870,1575.738434485133,1455.4700106500325,120.26842383510052,0,1,0,1.0,1.0,1,0,1,0,1.0,1.0,1,0.0,2.0,3.0,4.0,-1.0,1.0,1.3333333333333333,1.0,5.0,6.0,8.0,-2.0,1.2,1.6,4.0,15.0,12.0,11.0,1.0,1.2,1.1,0.0,0.0,0.3,101,8.0,0.4,1.2,1.2,1.0,4.0,4.0,2.0,2.0,1.3333333333333333,0.6666666666666666,1.0,4.0,4.0,6.0,-2.0,0.8,1.2,3.0,11.0,9.0,15.0,-6.0,0.9,1.5,0.3333333333333333,0.2,0.3,27,7.0,0.0,0.2,2.6,A,3.0
2021-03-13,2020-21,Clausura,11,False,Cruz Azul,Monterrey,1.0,0.0,1.0,0.0,footballcsv,871,1631.5820760160325,1571.8232333489852,59.75884266704725,1,2,2,4.0,5.0,5,2,2,2,6.0,6.0,6,3.0,9.0,3.0,0.0,3.0,1.0,0.0,5.0,15.0,8.0,2.0,6.0,1.6,0.4,8.0,24.0,15.0,5.0,10.0,1.5,0.5,1.0,0.8,0.6,101,6.0,0.8,2.4,0.8,2.0,7.0,9.0,3.0,6.0,3.0,1.0,2.0,9.0,11.0,5.0,6.0,2.2,1.0,5.0,19.0,15.0,6.0,9.0,1.5,0.6,0.0,0.0,0.4,104,3.0,0.4,1.8,0.6,H,1.0
2021-03-13,2020-21,Clausura,11,False,Tijuana,Santos Laguna,0.0,1.0,0.0,1.0,footballcsv,872,1436.902439794191,1550.3935137206108,-113.49107392641986,1,2,2,6.0,10.0,5,1,2,2,6.0,10.0,5,0.0,1.0,2.0,5.0,-3.0,0.6666666666666666,1.6666666666666667,1.0,4.0,6.0,8.0,-2.0,1.2,1.6,3.0,13.0,12.0,12.0,0.0,1.2,1.2,0.0,0.2,0.4,91,5.0,0.4,1.0,1.2,2.0,6.0,6.0,4.0,2.0,2.0,1.3333333333333333,3.0,9.0,7.0,5.0,2.0,1.4,1.0,5.0,18.0,12.0,7.0,5.0,1.2,0.7,0.0,0.2,0.4,94,6.0,0.0,0.4,1.0,A,1.0
2021-03-14,2020-21,Clausura,11,False,Querétaro,Atlético San Luis,2.0,1.0,2.0,0.0,footballcsv,873,1452.0141066670392,1426.800233772413,25.213872894626093,1,0,2,3.0,3.0,3,1,0,2,3.0,3.0,3,0.0,1.0,3.0,7.0,-4.0,1.0,2.3333333333333335,0.0,2.0,5.0,10.0,-5.0,1.0,2.0,3.0,11.0,13.0,18.0,-5.0,1.3,1.8,0.0,0.0,0.2,93,8.0,0.6,1.8,0.8,0.0,2.0,3.0,5.0,-2.0,1.0,1.6666666666666667,2.0,8.0,7.0,5.0,2.0,1.4,1.0,3.0,12.0,14.0,14.0,0.0,1.4,1.4,0.3333333333333333,0.6,0.3,55,9.0,0.2,1.2,1.8,H,3.0
2021-03-14,2020-21,Clausura,11,False,Toluca,Pachuca,0.0,2.0,0.0,0.0,footballcsv,874,1502.5701199899243,1517.1793636626485,-14.609243672724233,2,1,1,6.0,4.0,4,2,1,1,6.0,4.0,4,1.0,5.0,1.0,0.0,1.0,0.3333333333333333,0.0,2.0,8.0,4.0,3.0,1.0,0.8,0.6,5.0,18.0,16.0,9.0,7.0,1.6,0.9,1.0,0.8,0.5,92,9.0,0.8,2.0,0.4,1.0,4.0,4.0,5.0,-1.0,1.3333333333333333,1.6666666666666667,1.0,5.0,5.0,7.0,-2.0,1.0,1.4,1.0,7.0,7.0,13.0,-6.0,0.7,1.3,0.0,0.0,0.1,94,6.0,0.0,0.6,1.6,A,2.0
2021-03-14,2020-21,Clausura,11,False,Guadalajara,América,0.0,3.0,0.0,1.0,footballcsv,875,1539.131754762885,1610.221294147157,-71.08953938427203,2,0,3,4.0,8.0,5,2,1,3,5.0,9.0,6,1.0,5.0,5.0,4.0,1.0,1.6666666666666667,1.3333333333333333,1.0,7.0,8.0,7.0,1.0,1.6,1.4,2.0,12.0,15.0,15.0,0.0,1.5,1.5,0.0,0.0,0.0,94,8.0,0.2,1.4,1.4,3.0,9.0,6.0,1.0,5.0,2.0,0.3333333333333333,5.0,15.0,9.0,2.0,7.0,1.8,0.4,7.0,22.0,15.0,7.0,8.0,1.5,0.7,0.6666666666666666,0.6,0.4,106,8.0,0.2,0.8,0.8,A,3.0
2021-03-15,2020-21,Clausura,11,False,León,Necaxa,3.0,1.0,2.0,0.0,footballcsv,876,1599.411704027604,1486.3992173086815,113.01248671892245,5,0,0,12.0,4.0,5,5,0,0,12.0,4.0,5,0.0,1.0,3.0,5.0,-2.0,1.0,1.6666666666666667,1.0,4.0,4.0,6.0,-2.0,0.8,1.2,2.0,8.0,8.0,14.0,-6.0,0.8,1.4,0.0,0.2,0.2,103,5.0,0.2,1.0,1.4,0.0,1.0,3.0,6.0,-3.0,1.0,2.0,0.0,3.0,6.0,9.0,-3.0,1.2,1.8,1.0,7.0,10.0,17.0,-7.0,1.0,1.7,0.0,0.0,0.1,96,8.0,0.0,0.8,1.8,H,4.0
2021-03-18,2020-21,Clausura,12,False,Pachuca,Tigres UANL,1.0,0.0,0.0,0.0,footballcsv,877,1530.209108184091,1565.202197311269,-34.99308912717788,1,4,0,5.0,3.0,5,1,5,1,6.0,7.0,7,2.0,7.0,6.0,3.0,3.0,2.0,1.0,2.0,8.0,7.0,6.0,1.0,1.4,1.2,2.0,9.0,8.0,12.0,-4.0,0.8,1.2,0.3333333333333333,0.2,0.2,95,4.0,0.2,0.8,1.0,0.0,1.0,2.0,4.0,-2.0,0.6666666666666666,1.3333333333333333,1.0,5.0,7.0,8.0,-1.0,1.4,1.6,3.0,12.0,12.0,13.0,-1.0,1.2,1.3,0.0,0.0,0.2,102,5.0,0.4,1.2,1.0,H,1.0
2021-03-19,2020-21,Clausura,12,False,Necaxa,FC Juárez,1.0,0.0,0.0,0.0,footballcsv,878,1481.3962415727367,1446.4615703158026,34.93467125693405,0,1,2,1.0,3.0,3,0,1,2,1.0,3.0,3,0.0,1.0,4.0,8.0,-4.0,1.3333333333333333,2.6666666666666665,0.0,2.0,5.0,10.0,-5.0,1.0,2.0,1.0,7.0,9.0,17.0,-8.0,0.9,1.7,0.0,0.0,0.1,97,4.0,0.4,1.4,1.4,0.0,1.0,2.0,9.0,-7.0,0.6666666666666666,3.0,1.0,4.0,5.0,12.0,-7.0,1.0,2.4,2.0,9.0,8.0,20.0,-12.0,0.8,2.0,0.0,0.2,0.2,55,7.0,0.2,0.8,2.4,H,1.0
2021-03-19,2020-21,Clausura,12,False,Mazatlán FC,América,0.0,1.0,0.0,0.0,footballcsv,879,1466.0062478238965,1624.4396939724063,-158.4334461485098,0,0,1,1.0,3.0,1,0,0,1,1.0,3.0,1,1.0,4.0,3.0,3.0,0.0,1.0,1.0,2.0,7.0,6.0,4.0,2.0,1.2,0.8,3.0,11.0,8.0,14.0,-6.0,0.8,1.4,0.0,0.2,0.3,28,6.0,0.4,1.0,0.8,3.0,9.0,7.0,1.0,6.0,2.3333333333333335,0.3333333333333333,5.0,15.0,11.0,2.0,9.0,2.2,0.4,8.0,25.0,17.0,5.0,12.0,1.7,0.5,0.6666666666666666,0.6,0.5,107,5.0,0.4,1.2,0.6,A,1.0
2021-03-20,2020-21,Clausura,12,False,Tijuana,Querétaro,3.0,1.0,3.0,1.0,footballcsv,880,1430.7310147073922,1456.6850329345752,-25.95401822718304,0,3,2,4.0,8.0,5,0,3,2,4.0,8.0,5,0.0,0.0,1.0,5.0,-4.0,0.3333333333333333,1.6666666666666667,0.0,1.0,4.0,9.0,-5.0,0.8,1.8,3.0,12.0,12.0,13.0,-1.0,1.2,1.3,0.0,0.0,0.3,92,7.0,0.4,1.0,1.0,1.0,4.0,5.0,5.0,0.0,1.6666666666666667,1.6666666666666667,1.0,5.0,6.0,9.0,-3.0,1.2,1.8,4.0,14.0,14.0,16.0,-2.0,1.4,1.6,0.0,0.0,0.2,94,6.0,0.0,0.8,2.8,H,4.0
2021-03-20,2020-21,Clausura,12,False,Atlético San Luis,Pumas UNAM,0.0,1.0,0.0,0.0,footballcsv,881,1422.129307504877,1522.3086203252976,-100.17931282042059,0,0,3,0.0,9.0,3,0,0,3,0.0,9.0,3,0.0,1.0,2.0,5.0,-3.0,0.6666666666666666,1.6666666666666667,1.0,5.0,5.0,7.0,-2.0,1.0,1.4,3.0,12.0,14.0,14.0,0.0,1.4,1.4,0.3333333333333333,0.4,0.3,56,6.0,0.4,1.6,1.0,1.0,4.0,2.0,2.0,0.0,0.6666666666666666,0.6666666666666666,1.0,4.0,3.0,5.0,-2.0,0.6,1.0,2.0,8.0,6.0,9.0,-3.0,0.6,0.9,0.3333333333333333,0.2,0.3,100,8.0,0.0,0.4,1.4,A,1.0
2021-03-20,2020-21,Clausura,12,False,Cruz Azul,Atlas,3.0,2.0,1.0,1.0,footballcsv,882,1635.6106388032176,1440.4073144667423,195.20332433647536,3,0,2,8.0,4.0,5,3,0,2,8.0,4.0,5,3.0,9.0,3.0,0.0,3.0,1.0,0.0,5.0,15.0,7.0,2.0,5.0,1.4,0.4,9.0,27.0,16.0,4.0,12.0,1.6,0.4,1.0,0.8,0.7,102,7.0,0.8,1.8,0.8,3.0,9.0,6.0,1.0,5.0,2.0,0.3333333333333333,4.0,13.0,7.0,1.0,6.0,1.4,0.2,4.0,15.0,8.0,7.0,1.0,0.8,0.7,0.6666666666666666,0.8,0.5,89,8.0,0.4,0.4,0.2,H,5.0
2021-03-21,2020-21,Clausura,12,False,Toluca,Puebla,4.0,4.0,1.0,0.0,footballcsv,884,1489.5403754684817,1492.0372083252655,-2.49683285678384,1,1,3,5.0,9.0,5,1,1,3,5.0,9.0,5,1.0,4.0,1.0,2.0,-1.0,0.3333333333333333,0.6666666666666666,1.0,5.0,3.0,5.0,-2.0,0.6,1.0,4.0,15.0,13.0,10.0,3.0,1.3,1.0,0.6666666666666666,0.6,0.5,93,7.0,0.6,1.4,0.6,1.0,4.0,3.0,3.0,0.0,1.0,1.0,2.0,8.0,5.0,4.0,1.0,1.0,0.8,4.0,15.0,10.0,6.0,4.0,1.0,0.6,0.0,0.2,0.4,93,9.0,0.4,0.8,1.0,D,8.0
2021-03-21,2020-21,Clausura,12,False,Santos Laguna,León,1.0,2.0,1.0,1.0,footballcsv,883,1556.5649388074096,1604.4146797635487,-47.84974095613916,2,1,2,9.0,9.0,5,2,1,2,9.0,9.0,5,2.0,6.0,4.0,2.0,2.0,1.3333333333333333,0.6666666666666666,3.0,9.0,7.0,5.0,2.0,1.4,1.0,5.0,18.0,12.0,7.0,5.0,1.2,0.7,0.3333333333333333,0.2,0.4,95,8.0,0.8,2.0,0.8,1.0,4.0,5.0,4.0,1.0,1.6666666666666667,1.3333333333333333,1.0,4.0,6.0,7.0,-1.0,1.2,1.4,3.0,11.0,11.0,13.0,-2.0,1.1,1.3,0.0,0.0,0.2,104,6.0,0.2,0.6,1.4,A,3.0
2021-04-02,2020-21,Clausura,13,False,FC Juárez,Cruz Azul,0.0,1.0,0.0,0.0,footballcsv,885,1441.977226706819,1637.7077981509403,-195.73057144412132,0,0,2,2.0,5.0,2,0,0,2,2.0,5.0,2,0.0,1.0,1.0,4.0,-3.0,0.3333333333333333,1.3333333333333333,0.0,1.0,4.0,13.0,-9.0,0.8,2.6,2.0,8.0,7.0,20.0,-13.0,0.7,2.0,0.0,0.0,0.2,56,14.0,0.2,0.8,1.6,3.0,9.0,5.0,2.0,3.0,1.6666666666666667,0.6666666666666666,5.0,15.0,7.0,2.0,5.0,1.4,0.4,10.0,30.0,19.0,5.0,14.0,1.9,0.5,0.6666666666666666,0.8,0.7,103,13.0,1.0,1.4,0.0,A,1.0
2021-04-02,2020-21,Clausura,13,False,Puebla,Mazatlán FC,3.0,1.0,1.0,1.0,footballcsv,886,1494.2316496741605,1460.799143537501,33.43250613665941,1,0,0,4.0,1.0,1,1,0,0,4.0,1.0,1,0.0,2.0,5.0,6.0,-1.0,1.6666666666666667,2.0,2.0,8.0,8.0,7.0,1.0,1.6,1.4,3.0,13.0,13.0,10.0,3.0,1.3,1.0,0.0,0.2,0.3,94,12.0,0.4,1.2,0.4,1.0,4.0,3.0,3.0,0.0,1.0,1.0,2.0,7.0,6.0,4.0,2.0,1.2,0.8,3.0,11.0,8.0,12.0,-4.0,0.8,1.2,0.0,0.2,0.3,29,14.0,0.2,0.6,2.0,H,4.0
2021-04-03,2020-21,Clausura,13,False,América,Necaxa,2.0,1.0,1.0,1.0,footballcsv,887,1629.6467982588017,1485.8805851817203,143.76621307708137,0,2,3,5.0,11.0,5,0,2,3,5.0,11.0,5,3.0,9.0,6.0,1.0,5.0,2.0,0.3333333333333333,5.0,15.0,10.0,1.0,9.0,2.0,0.2,8.0,25.0,16.0,4.0,12.0,1.6,0.4,0.6666666666666666,0.8,0.6,108,15.0,1.0,1.8,0.4,1.0,3.0,3.0,6.0,-3.0,1.0,2.0,1.0,4.0,5.0,9.0,-4.0,1.0,1.8,1.0,7.0,9.0,17.0,-8.0,0.9,1.7,0.3333333333333333,0.2,0.1,98,15.0,0.0,1.0,2.0,H,3.0
2021-04-03,2020-21,Clausura,13,False,Atlas,Tijuana,1.0,0.0,1.0,0.0,footballcsv,888,1438.3101551190196,1439.7990546980395,-1.4888995790199715,1,1,3,6.0,10.0,5,1,1,3,6.0,10.0,5,2.0,6.0,5.0,3.0,2.0,1.6666666666666667,1.0,3.0,10.0,8.0,4.0,4.0,1.6,0.8,4.0,15.0,10.0,8.0,2.0,1.0,0.8,0.6666666666666666,0.6,0.5,90,14.0,0.4,1.2,1.2,1.0,3.0,4.0,4.0,0.0,1.3333333333333333,1.3333333333333333,1.0,4.0,5.0,7.0,-2.0,1.0,1.4,4.0,14.0,15.0,14.0,1.0,1.5,1.4,0.0,0.0,0.2,93,14.0,0.2,1.4,1.6,H,1.0
2021-04-03,2020-21,Clausura,13,False,Monterrey,Atlético San Luis,2.0,0.0,0.0,0.0,footballcsv,889,1567.7946705618,1415.659314034531,152.1353565272691,1,1,1,4.0,4.0,3,1,1,1,4.0,4.0,3,1.0,4.0,3.0,3.0,0.0,1.0,1.0,2.0,8.0,10.0,5.0,5.0,2.0,1.0,4.0,16.0,13.0,7.0,6.0,1.3,0.7,0.0,0.0,0.3,105,21.0,0.6,1.2,0.6,0.0,1.0,1.0,3.0,-2.0,0.3333333333333333,1.0,0.0,2.0,4.0,8.0,-4.0,0.8,1.6,3.0,12.0,14.0,14.0,0.0,1.4,1.4,0.3333333333333333,0.2,0.3,57,14.0,0.2,1.2,1.8,H,2.0
2021-04-04,2020-21,Clausura,13,False,León,Toluca,2.0,1.0,0.0,1.0,footballcsv,890,1611.9857369151969,1487.3459341195867,124.6398027956102,3,1,0,11.0,3.0,4,3,1,0,11.0,3.0,4,2.0,7.0,6.0,3.0,3.0,2.0,1.0,2.0,7.0,8.0,7.0,1.0,1.6,1.4,4.0,13.0,13.0,14.0,-1.0,1.3,1.4,0.0,0.0,0.1,105,14.0,0.4,1.6,1.6,0.0,2.0,4.0,6.0,-2.0,1.3333333333333333,2.0,1.0,6.0,5.0,6.0,-1.0,1.0,1.2,4.0,15.0,16.0,13.0,3.0,1.6,1.3,0.3333333333333333,0.6,0.5,94,14.0,0.2,1.2,1.4,H,3.0
2021-04-04,2020-21,Clausura,13,False,Querétaro,Tigres UANL,0.0,1.0,0.0,0.0,footballcsv,891,1447.616992943928,1559.284699768435,-111.66770682450715,0,1,3,1.0,9.0,4,0,1,3,1.0,9.0,4,1.0,3.0,4.0,6.0,-2.0,1.3333333333333333,2.0,1.0,4.0,6.0,11.0,-5.0,1.2,2.2,3.0,11.0,14.0,19.0,-5.0,1.4,1.9,0.0,0.0,0.1,95,15.0,0.6,2.0,1.0,0.0,1.0,2.0,4.0,-2.0,0.6666666666666666,1.3333333333333333,0.0,2.0,4.0,7.0,-3.0,0.8,1.4,2.0,9.0,10.0,14.0,-4.0,1.0,1.4,0.0,0.0,0.1,103,17.0,0.2,1.0,1.2,A,1.0
2021-04-04,2020-21,Clausura,13,False,Guadalajara,Santos Laguna,1.0,1.0,0.0,1.0,footballcsv,892,1524.9133549376359,1548.9938816557615,-24.08052671812561,0,0,4,1.0,8.0,4,0,0,4,1.0,8.0,4,0.0,2.0,3.0,6.0,-3.0,1.0,2.0,1.0,6.0,6.0,8.0,-2.0,1.2,1.6,2.0,11.0,14.0,17.0,-3.0,1.4,1.7,0.0,0.0,0.0,95,21.0,0.2,1.2,1.8,2.0,6.0,5.0,3.0,2.0,1.6666666666666667,1.0,3.0,9.0,8.0,6.0,2.0,1.6,1.2,4.0,15.0,11.0,9.0,2.0,1.1,0.9,0.3333333333333333,0.2,0.3,96,14.0,0.2,0.4,0.6,D,2.0
2021-04-04,2020-21,Clausura,13,False,Pumas UNAM,Pachuca,2.0,2.0,0.0,1.0,footballcsv,893,1528.7786137956437,1536.126605726925,-7.347991931281285,2,2,1,4.0,4.0,5,2,3,2,4.0,5.0,7,1.0,4.0,2.0,2.0,0.0,0.6666666666666666,0.6666666666666666,2.0,7.0,4.0,4.0,0.0,0.8,0.8,2.0,8.0,4.0,9.0,-5.0,0.4,0.9,0.3333333333333333,0.4,0.3,101,15.0,0.4,0.8,0.4,3.0,9.0,5.0,1.0,4.0,1.6666666666666667,0.3333333333333333,3.0,10.0,7.0,5.0,2.0,1.4,1.0,3.0,11.0,9.0,12.0,-3.0,0.9,1.2,0.6666666666666666,0.4,0.2,96,17.0,0.2,1.0,1.6,D,4.0
2021-04-09,2020-21,Clausura,14,False,FC Juárez,Atlético San Luis,2.0,1.0,1.0,0.0,footballcsv,894,1437.507961938952,1411.5228535531471,25.98510838580478,1,1,1,5.0,3.0,3,1,1,1,5.0,3.0,3,0.0,1.0,1.0,3.0,-2.0,0.3333333333333333,1.0,0.0,1.0,2.0,11.0,-9.0,0.4,2.2,2.0,7.0,7.0,21.0,-14.0,0.7,2.1,0.0,0.0,0.1,57,7.0,0.2,0.6,1.6,0.0,0.0,1.0,5.0,-4.0,0.3333333333333333,1.6666666666666667,0.0,1.0,2.0,8.0,-6.0,0.4,1.6,2.0,9.0,11.0,15.0,-4.0,1.1,1.5,0.0,0.2,0.3,58,6.0,0.2,1.2,2.0,H,3.0
2021-04-09,2020-21,Clausura,14,False,Necaxa,Pumas UNAM,0.0,1.0,0.0,0.0,footballcsv,895,1483.1604443027547,1526.7174759461423,-43.55703164338752,1,1,2,6.0,9.0,4,1,1,2,6.0,9.0,4,1.0,3.0,3.0,5.0,-2.0,1.0,1.6666666666666667,1.0,4.0,6.0,10.0,-4.0,1.2,2.0,1.0,7.0,10.0,17.0,-7.0,1.0,1.7,0.3333333333333333,0.2,0.1,99,6.0,0.4,1.0,1.0,1.0,5.0,4.0,3.0,1.0,1.3333333333333333,1.0,2.0,8.0,5.0,4.0,1.0,1.0,0.8,2.0,9.0,6.0,9.0,-3.0,0.6,0.9,0.3333333333333333,0.4,0.3,102,5.0,0.2,0.6,1.0,A,1.0
2021-04-10,2020-21,Clausura,14,False,Cruz Azul,Guadalajara,1.0,0.0,0.0,0.0,footballcsv,897,1642.1770629188075,1523.317618373671,118.85944454513651,3,1,1,6.0,3.0,5,3,1,1,6.0,3.0,5,3.0,9.0,5.0,2.0,3.0,1.6666666666666667,0.6666666666666666,5.0,15.0,7.0,2.0,5.0,1.4,0.4,10.0,30.0,19.0,5.0,14.0,1.9,0.5,0.6666666666666666,0.8,0.7,104,8.0,1.0,2.4,1.0,0.0,2.0,2.0,5.0,-3.0,0.6666666666666666,1.6666666666666667,1.0,6.0,6.0,8.0,-2.0,1.2,1.6,2.0,11.0,14.0,17.0,-3.0,1.4,1.7,0.0,0.0,0.0,96,6.0,0.2,1.6,1.6,H,1.0
2021-04-10,2020-21,Clausura,14,False,Atlas,León,1.0,3.0,0.0,1.0,footballcsv,898,1443.5156598775548,1614.9715060491756,-171.4558461716208,0,2,2,4.0,8.0,4,0,2,2,4.0,8.0,4,2.0,6.0,4.0,3.0,1.0,1.3333333333333333,1.0,4.0,12.0,9.0,4.0,5.0,1.8,0.8,5.0,18.0,11.0,7.0,4.0,1.1,0.7,0.6666666666666666,0.6,0.6,91,7.0,0.6,1.4,0.8,3.0,9.0,7.0,3.0,4.0,2.3333333333333335,1.0,3.0,10.0,9.0,6.0,3.0,1.8,1.2,4.0,13.0,12.0,14.0,-2.0,1.2,1.4,0.0,0.0,0.1,106,6.0,0.4,1.0,1.2,A,4.0
2021-04-10,2020-21,Clausura,14,False,Tigres UANL,América,1.0,3.0,0.0,1.0,footballcsv,896,1565.4967142803075,1632.3669391377673,-66.87022485745979,1,1,3,6.0,10.0,5,1,1,5,8.0,16.0,7,1.0,3.0,2.0,3.0,-1.0,0.6666666666666666,1.0,1.0,4.0,3.0,5.0,-2.0,0.6,1.0,3.0,12.0,11.0,12.0,-1.0,1.1,1.2,0.3333333333333333,0.2,0.2,104,6.0,0.2,1.0,1.6,3.0,9.0,6.0,1.0,5.0,2.0,0.3333333333333333,5.0,15.0,10.0,2.0,8.0,2.0,0.4,9.0,28.0,18.0,4.0,14.0,1.8,0.4,0.6666666666666666,0.6,0.6,109,7.0,0.6,1.4,0.4,A,4.0
2021-04-11,2020-21,Clausura,14,False,Toluca,Monterrey,1.0,2.0,0.0,0.0,footballcsv,901,1484.360164985608,1571.931131043184,-87.57096605757602,2,0,3,9.0,8.0,5,2,0,3,9.0,8.0,5,0.0,1.0,5.0,8.0,-3.0,1.6666666666666667,2.6666666666666665,1.0,5.0,6.0,8.0,-2.0,1.2,1.6,3.0,12.0,15.0,15.0,0.0,1.5,1.5,0.0,0.4,0.4,95,7.0,0.4,1.8,1.4,1.0,4.0,3.0,2.0,1.0,1.0,0.6666666666666666,3.0,10.0,11.0,4.0,7.0,2.2,0.8,4.0,16.0,14.0,7.0,7.0,1.4,0.7,0.3333333333333333,0.2,0.3,106,8.0,0.2,1.4,0.8,A,3.0
2021-04-11,2020-21,Clausura,14,False,Querétaro,Santos Laguna,1.0,0.0,1.0,0.0,footballcsv,900,1441.4049784320555,1550.5896182197264,-109.1846397876709,1,0,3,4.0,6.0,4,1,0,3,4.0,6.0,4,1.0,3.0,3.0,5.0,-2.0,1.0,1.6666666666666667,1.0,4.0,6.0,9.0,-3.0,1.2,1.8,2.0,8.0,12.0,20.0,-8.0,1.2,2.0,0.0,0.0,0.0,96,7.0,0.4,1.6,1.2,1.0,4.0,3.0,3.0,0.0,1.0,1.0,2.0,7.0,6.0,5.0,1.0,1.2,1.0,4.0,15.0,12.0,10.0,2.0,1.2,1.0,0.3333333333333333,0.2,0.2,97,7.0,0.2,0.6,0.8,H,1.0
2021-04-11,2020-21,Clausura,14,False,Tijuana,Mazatlán FC,2.0,3.0,2.0,1.0,footballcsv,899,1434.5935499395043,1453.646389518985,-19.052839579480633,0,0,1,0.0,1.0,1,0,0,1,0.0,1.0,1,1.0,3.0,3.0,3.0,0.0,1.0,1.0,1.0,3.0,4.0,7.0,-3.0,0.8,1.4,3.0,11.0,14.0,15.0,-1.0,1.4,1.5,0.0,0.0,0.1,94,8.0,0.6,1.6,1.2,1.0,3.0,3.0,5.0,-2.0,1.0,1.6666666666666667,1.0,4.0,4.0,7.0,-3.0,0.8,1.4,3.0,10.0,9.0,15.0,-6.0,0.9,1.5,0.0,0.0,0.2,30,9.0,0.2,0.8,2.0,A,5.0
2021-04-12,2020-21,Clausura,14,False,Pachuca,Puebla,1.0,3.0,0.0,1.0,footballcsv,902,1538.1877435764263,1501.3844036926766,36.803339883749686,4,1,0,9.0,1.0,5,4,1,0,9.0,1.0,5,2.0,7.0,5.0,2.0,3.0,1.6666666666666667,0.6666666666666666,3.0,11.0,9.0,5.0,4.0,1.8,1.0,3.0,12.0,11.0,13.0,-2.0,1.1,1.3,0.6666666666666666,0.4,0.2,97,8.0,0.4,0.8,0.8,1.0,4.0,7.0,6.0,1.0,2.3333333333333335,2.0,2.0,8.0,10.0,8.0,2.0,2.0,1.6,4.0,16.0,16.0,10.0,6.0,1.6,1.0,0.0,0.0,0.3,95,10.0,0.4,1.6,1.4,A,4.0
2021-04-14,2020-21,Clausura,5,False,FC Juárez,Tigres UANL,2.0,3.0,0.0,0.0,footballcsv,903,1442.163923472809,1554.0956175059318,-111.93169403312277,0,1,2,4.0,6.0,3,0,1,2,4.0,6.0,3,1.0,3.0,2.0,3.0,-1.0,0.6666666666666666,1.0,1.0,4.0,3.0,6.0,-3.0,0.6,1.2,3.0,10.0,9.0,20.0,-11.0,0.9,2.0,0.0,0.0,0.1,58,5.0,0.4,1.0,1.8,1.0,3.0,2.0,4.0,-2.0,0.6666666666666666,1.3333333333333333,1.0,4.0,4.0,7.0,-3.0,0.8,1.4,2.0,9.0,10.0,15.0,-5.0,1.0,1.5,0.3333333333333333,0.2,0.1,105,4.0,0.4,1.2,0.8,A,5.0
2021-04-16,2020-21,Clausura,15,False,Mazatlán FC,Atlas,0.0,0.0,0.0,0.0,footballcsv,904,1461.7814597761678,1435.682081644262,26.099378131905723,0,1,0,1.0,1.0,1,0,1,0,1.0,1.0,1,1.0,3.0,4.0,6.0,-2.0,1.3333333333333333,2.0,2.0,7.0,7.0,8.0,-1.0,1.4,1.6,3.0,10.0,11.0,17.0,-6.0,1.1,1.7,0.0,0.0,0.1,31,5.0,0.4,1.0,1.0,1.0,3.0,4.0,6.0,-2.0,1.3333333333333333,2.0,3.0,9.0,7.0,6.0,1.0,1.4,1.2,5.0,18.0,12.0,8.0,4.0,1.2,0.8,0.3333333333333333,0.6,0.6,92,6.0,0.4,0.8,0.6,D,0.0
2021-04-16,2020-21,Clausura,15,False,Necaxa,Querétaro,0.0,0.0,0.0,0.0,footballcsv,905,1475.5045761466426,1448.9173292888697,26.587246857772925,4,0,1,11.0,6.0,5,5,0,2,12.0,7.0,7,1.0,3.0,2.0,3.0,-1.0,0.6666666666666666,1.0,1.0,3.0,4.0,9.0,-5.0,0.8,1.8,1.0,6.0,9.0,17.0,-8.0,0.9,1.7,0.3333333333333333,0.2,0.1,100,7.0,0.2,0.8,1.2,1.0,3.0,2.0,4.0,-2.0,0.6666666666666666,1.3333333333333333,2.0,6.0,5.0,7.0,-2.0,1.0,1.4,3.0,11.0,12.0,16.0,-4.0,1.2,1.6,0.3333333333333333,0.2,0.1,97,5.0,0.0,0.8,2.8,D,0.0
2021-04-17,2020-21,Clausura,15,False,América,Cruz Azul,1.0,1.0,1.0,0.0,footballcsv,906,1643.768035912143,1645.2468405024529,-1.4788045903098919,1,1,3,5.0,8.0,5,2,4,3,7.0,8.0,9,3.0,9.0,6.0,2.0,4.0,2.0,0.6666666666666666,5.0,15.0,11.0,3.0,8.0,2.2,0.6,9.0,28.0,19.0,5.0,14.0,1.9,0.5,0.3333333333333333,0.4,0.5,110,7.0,1.0,1.8,0.6,3.0,9.0,5.0,2.0,3.0,1.6666666666666667,0.6666666666666666,5.0,15.0,7.0,2.0,5.0,1.4,0.4,10.0,30.0,16.0,4.0,12.0,1.6,0.4,0.6666666666666666,0.8,0.8,105,7.0,1.0,1.4,0.0,D,2.0
2021-04-17,2020-21,Clausura,15,False,Atlético San Luis,Puebla,1.0,4.0,0.0,1.0,footballcsv,907,1406.86689201929,1515.9307895332095,-109.06389751391953,1,0,2,3.0,3.0,3,1,0,2,3.0,3.0,3,0.0,0.0,1.0,5.0,-4.0,0.3333333333333333,1.6666666666666667,0.0,1.0,2.0,7.0,-5.0,0.4,1.4,2.0,9.0,11.0,14.0,-3.0,1.1,1.4,0.0,0.2,0.3,59,8.0,0.2,1.0,1.0,2.0,7.0,10.0,6.0,4.0,3.3333333333333335,2.0,2.0,8.0,11.0,8.0,3.0,2.2,1.6,5.0,18.0,19.0,11.0,8.0,1.9,1.1,0.0,0.0,0.2,96,5.0,0.4,2.0,1.6,A,5.0
2021-04-17,2020-21,Clausura,15,False,Guadalajara,Tijuana,2.0,0.0,0.0,0.0,footballcsv,908,1520.2478407900255,1426.4584796823215,93.78936110770405,2,1,2,4.0,3.0,5,2,1,2,4.0,3.0,5,0.0,1.0,1.0,5.0,-4.0,0.3333333333333333,1.6666666666666667,0.0,3.0,4.0,8.0,-4.0,0.8,1.6,2.0,11.0,13.0,15.0,-2.0,1.3,1.5,0.0,0.0,0.0,97,7.0,0.2,1.2,1.8,1.0,3.0,5.0,5.0,0.0,1.6666666666666667,1.6666666666666667,1.0,3.0,6.0,8.0,-2.0,1.2,1.6,2.0,8.0,13.0,16.0,-3.0,1.3,1.6,0.0,0.0,0.1,95,6.0,0.0,1.2,1.8,H,2.0
2021-04-18,2020-21,Clausura,15,False,Santos Laguna,Toluca,3.0,1.0,2.0,0.0,footballcsv,909,1543.0772673629122,1477.6029667953972,65.474300567515,2,1,1,9.0,5.0,4,2,1,1,9.0,5.0,4,0.0,1.0,2.0,4.0,-2.0,0.6666666666666666,1.3333333333333333,2.0,7.0,6.0,5.0,1.0,1.2,1.0,4.0,14.0,11.0,10.0,1.0,1.1,1.0,0.0,0.2,0.2,98,7.0,0.6,1.8,1.2,0.0,1.0,6.0,8.0,-2.0,2.0,2.6666666666666665,0.0,2.0,6.0,10.0,-4.0,1.2,2.0,3.0,12.0,14.0,14.0,0.0,1.4,1.4,0.0,0.2,0.4,96,7.0,0.2,1.2,1.6,H,4.0
2021-04-18,2020-21,Clausura,15,False,Monterrey,Pachuca,0.0,1.0,0.0,0.0,footballcsv,910,1578.6883292333948,1523.6413577358935,55.04697149750132,3,1,0,10.0,3.0,4,3,1,0,10.0,3.0,4,2.0,6.0,4.0,2.0,2.0,1.3333333333333333,0.6666666666666666,3.0,10.0,7.0,4.0,3.0,1.4,0.8,5.0,18.0,16.0,8.0,8.0,1.6,0.8,0.3333333333333333,0.2,0.2,107,7.0,0.6,1.4,0.6,1.0,4.0,4.0,5.0,-1.0,1.3333333333333333,1.6666666666666667,3.0,10.0,8.0,6.0,2.0,1.6,1.2,3.0,12.0,12.0,15.0,-3.0,1.2,1.5,0.3333333333333333,0.4,0.2,98,6.0,0.2,1.4,1.8,A,1.0
2021-04-18,2020-21,Clausura,15,False,Pumas UNAM,Tigres UANL,0.0,0.0,0.0,0.0,footballcsv,911,1534.3733441022544,1560.3017492269908,-25.9284051247364,1,1,3,4.0,8.0,5,1,2,4,8.0,13.0,7,2.0,7.0,4.0,2.0,2.0,1.3333333333333333,0.6666666666666666,2.0,8.0,5.0,4.0,1.0,1.0,0.8,3.0,11.0,7.0,9.0,-2.0,0.7,0.9,0.6666666666666666,0.4,0.3,103,9.0,0.2,0.6,0.8,2.0,6.0,5.0,5.0,0.0,1.6666666666666667,1.6666666666666667,2.0,6.0,6.0,8.0,-2.0,1.2,1.6,3.0,11.0,12.0,16.0,-4.0,1.2,1.6,0.3333333333333333,0.2,0.1,106,4.0,0.4,1.4,1.2,D,0.0
2021-04-19,2020-21,Clausura,15,False,León,FC Juárez,2.0,0.0,0.0,0.0,footballcsv,912,1622.8050842824682,1435.9577917517502,186.84729253071805,2,1,0,7.0,2.0,3,2,1,0,7.0,2.0,3,3.0,9.0,7.0,3.0,4.0,2.3333333333333335,1.0,4.0,13.0,11.0,5.0,6.0,2.2,1.0,5.0,16.0,14.0,12.0,2.0,1.4,1.2,0.0,0.0,0.1,107,9.0,0.4,1.4,1.6,1.0,3.0,4.0,5.0,-1.0,1.3333333333333333,1.6666666666666667,1.0,4.0,5.0,7.0,-2.0,1.0,1.4,2.0,7.0,9.0,22.0,-13.0,0.9,2.2,0.0,0.0,0.1,59,5.0,0.2,0.8,2.2,H,2.0
2021-04-21,2020-21,Clausura,12,False,Monterrey,Guadalajara,1.0,2.0,0.0,1.0,footballcsv,913,1569.1905778164428,1525.7228119637077,43.467765852735056,1,2,2,7.0,9.0,5,1,2,2,7.0,9.0,5,2.0,6.0,4.0,2.0,2.0,1.3333333333333333,0.6666666666666666,2.0,7.0,5.0,4.0,1.0,1.0,0.8,4.0,15.0,15.0,9.0,6.0,1.5,0.9,0.3333333333333333,0.2,0.1,108,3.0,0.4,1.2,0.8,1.0,4.0,3.0,2.0,1.0,1.0,0.6666666666666666,1.0,5.0,4.0,6.0,-2.0,0.8,1.2,3.0,14.0,14.0,13.0,1.0,1.4,1.3,0.3333333333333333,0.2,0.1,98,4.0,0.2,1.4,1.2,A,3.0
2021-04-23,2020-21,Clausura,16,False,Puebla,Pumas UNAM,0.0,0.0,0.0,0.0,footballcsv,916,1528.4710908583045,1532.8294829717486,-4.358392113444097,1,2,1,5.0,7.0,4,1,2,1,5.0,7.0,4,3.0,9.0,10.0,3.0,7.0,3.3333333333333335,1.0,3.0,10.0,14.0,8.0,6.0,2.8,1.6,6.0,21.0,23.0,11.0,12.0,2.3,1.1,0.0,0.0,0.2,97,6.0,0.6,1.8,0.6,1.0,5.0,3.0,2.0,1.0,1.0,0.6666666666666666,2.0,9.0,5.0,3.0,2.0,1.0,0.6,3.0,12.0,7.0,8.0,-1.0,0.7,0.8,0.6666666666666666,0.6,0.4,104,5.0,0.4,0.8,0.8,D,0.0
2021-04-23,2020-21,Clausura,16,False,Mazatlán FC,León,4.0,3.0,1.0,2.0,footballcsv,915,1458.8191899529575,1626.275502987456,-167.45631303449863,0,0,1,1.0,2.0,1,0,0,1,1.0,2.0,1,1.0,4.0,4.0,5.0,-1.0,1.3333333333333333,1.6666666666666667,2.0,7.0,6.0,7.0,-1.0,1.2,1.4,3.0,11.0,10.0,13.0,-3.0,1.0,1.3,0.3333333333333333,0.2,0.2,32,7.0,0.2,0.8,1.0,3.0,9.0,7.0,2.0,5.0,2.3333333333333335,0.6666666666666666,5.0,15.0,12.0,4.0,8.0,2.4,0.8,6.0,19.0,16.0,10.0,6.0,1.6,1.0,0.3333333333333333,0.2,0.2,108,4.0,0.6,1.6,1.0,H,7.0
2021-04-23,2020-21,Clausura,16,False,Tijuana,Necaxa,1.0,0.0,0.0,0.0,footballcsv,914,1420.9835085086393,1472.529501857973,-51.545993349333685,2,0,2,5.0,6.0,4,2,0,2,5.0,6.0,4,0.0,0.0,2.0,6.0,-4.0,0.6666666666666666,2.0,1.0,3.0,5.0,8.0,-3.0,1.0,1.6,2.0,7.0,11.0,16.0,-5.0,1.1,1.6,0.0,0.0,0.1,96,6.0,0.4,1.4,1.4,0.0,1.0,1.0,3.0,-2.0,0.3333333333333333,1.0,1.0,4.0,3.0,6.0,-3.0,0.6,1.2,1.0,7.0,9.0,15.0,-6.0,0.9,1.5,0.3333333333333333,0.4,0.2,101,7.0,0.0,1.0,2.2,H,1.0
2021-04-24,2020-21,Clausura,16,False,Cruz Azul,Atlético San Luis,3.0,2.0,2.0,1.0,footballcsv,917,1647.4691540376537,1394.326590694195,253.14256334345873,2,0,1,7.0,4.0,3,2,0,1,7.0,4.0,3,2.0,7.0,3.0,1.0,2.0,1.0,0.3333333333333333,4.0,13.0,7.0,3.0,4.0,1.4,0.6,9.0,28.0,15.0,5.0,10.0,1.5,0.5,0.6666666666666666,0.6,0.7,106,7.0,1.0,1.8,0.8,0.0,0.0,2.0,8.0,-6.0,0.6666666666666666,2.6666666666666665,0.0,0.0,3.0,11.0,-8.0,0.6,2.2,2.0,8.0,10.0,16.0,-6.0,1.0,1.6,0.0,0.0,0.3,60,7.0,0.2,1.2,1.8,H,5.0
2021-04-24,2020-21,Clausura,16,False,Atlas,Guadalajara,0.0,1.0,0.0,0.0,footballcsv,918,1438.6443514674725,1535.0188045520097,-96.37445308453721,0,0,5,3.0,10.0,5,0,0,5,3.0,10.0,5,1.0,4.0,2.0,3.0,-1.0,0.6666666666666666,1.0,2.0,7.0,5.0,6.0,-1.0,1.0,1.2,5.0,18.0,12.0,8.0,4.0,1.2,0.8,0.6666666666666666,0.6,0.6,93,8.0,0.6,1.6,1.0,2.0,6.0,4.0,2.0,2.0,1.3333333333333333,0.6666666666666666,2.0,7.0,5.0,6.0,-1.0,1.0,1.2,3.0,14.0,13.0,13.0,0.0,1.3,1.3,0.3333333333333333,0.2,0.1,99,3.0,0.2,1.2,1.2,A,1.0
2021-04-24,2020-21,Clausura,16,False,Tigres UANL,Monterrey,2.0,1.0,1.0,1.0,footballcsv,919,1561.8456103574965,1559.8945852281408,1.9510251293556848,3,1,1,6.0,2.0,5,3,2,1,6.0,2.0,6,1.0,4.0,4.0,5.0,-1.0,1.3333333333333333,1.6666666666666667,2.0,7.0,5.0,6.0,-1.0,1.0,1.2,3.0,12.0,12.0,14.0,-2.0,1.2,1.4,0.3333333333333333,0.4,0.2,107,6.0,0.2,1.0,2.0,1.0,3.0,3.0,4.0,-1.0,1.0,1.3333333333333333,2.0,6.0,5.0,5.0,0.0,1.0,1.0,4.0,15.0,16.0,10.0,6.0,1.6,1.0,0.0,0.2,0.1,109,3.0,0.4,1.8,1.0,H,3.0
2021-04-25,2020-21,Clausura,16,False,Querétaro,FC Juárez,1.0,0.0,0.0,0.0,footballcsv,920,1451.8924035775394,1432.4873730467623,19.40503053077714,1,0,1,2.0,1.0,2,1,0,1,2.0,1.0,2,1.0,4.0,1.0,1.0,0.0,0.3333333333333333,0.3333333333333333,2.0,7.0,4.0,5.0,-1.0,0.8,1.0,2.0,9.0,9.0,15.0,-6.0,0.9,1.5,0.6666666666666666,0.4,0.2,98,9.0,0.4,1.2,1.0,1.0,3.0,4.0,6.0,-2.0,1.3333333333333333,2.0,1.0,3.0,4.0,8.0,-4.0,0.8,1.6,2.0,7.0,9.0,20.0,-11.0,0.9,2.0,0.0,0.0,0.1,60,6.0,0.0,0.4,2.4,H,1.0
2021-04-25,2020-21,Clausura,16,False,Toluca,América,3.0,1.0,2.0,0.0,footballcsv,921,1471.3772842582168,1641.5457223769422,-170.16843811872536,1,2,2,8.0,9.0,5,1,3,2,9.0,10.0,6,0.0,0.0,3.0,7.0,-4.0,1.0,2.3333333333333335,0.0,1.0,7.0,13.0,-6.0,1.4,2.6,2.0,9.0,11.0,16.0,-5.0,1.1,1.6,0.0,0.0,0.4,97,7.0,0.2,1.2,1.6,2.0,7.0,6.0,3.0,3.0,2.0,1.0,4.0,13.0,10.0,3.0,7.0,2.0,0.6,9.0,28.0,19.0,5.0,14.0,1.9,0.5,0.0,0.4,0.5,111,8.0,0.8,2.0,0.4,H,4.0
2021-04-26,2020-21,Clausura,16,False,Pachuca,Santos Laguna,1.0,0.0,0.0,0.0,footballcsv,922,1533.1391091528455,1549.3029499000925,-16.163840747246923,2,3,0,7.0,3.0,5,2,4,0,8.0,4.0,6,1.0,4.0,4.0,5.0,-1.0,1.3333333333333333,1.6666666666666667,3.0,10.0,7.0,5.0,2.0,1.4,1.0,4.0,15.0,12.0,12.0,0.0,1.2,1.2,0.3333333333333333,0.6,0.3,99,8.0,0.4,1.0,1.2,1.0,4.0,4.0,3.0,1.0,1.3333333333333333,1.0,2.0,7.0,6.0,5.0,1.0,1.2,1.0,5.0,16.0,13.0,10.0,3.0,1.3,1.0,0.0,0.2,0.2,99,8.0,0.2,0.4,0.8,H,1.0
2021-04-29,2020-21,Clausura,17,False,Atlético San Luis,Pachuca,1.0,5.0,1.0,2.0,footballcsv,923,1392.784105719996,1538.651223688058,-145.86711796806208,1,0,1,3.0,3.0,2,1,0,1,3.0,3.0,2,0.0,0.0,4.0,9.0,-5.0,1.3333333333333333,3.0,0.0,0.0,4.0,12.0,-8.0,0.8,2.4,1.0,5.0,9.0,19.0,-10.0,0.9,1.9,0.0,0.0,0.2,61,5.0,0.2,0.8,1.4,2.0,6.0,3.0,3.0,0.0,1.0,1.0,3.0,10.0,6.0,5.0,1.0,1.2,1.0,5.0,18.0,13.0,11.0,2.0,1.3,1.1,0.6666666666666666,0.6,0.4,100,3.0,0.4,1.4,1.2,A,6.0
2021-04-30,2020-21,Clausura,17,False,Necaxa,Atlas,1.0,5.0,1.0,2.0,footballcsv,924,1466.2457048987408,1432.0881122118958,34.157592686844964,3,1,0,7.0,3.0,4,3,1,0,7.0,3.0,4,0.0,1.0,0.0,2.0,-2.0,0.0,0.6666666666666666,1.0,4.0,2.0,4.0,-2.0,0.4,0.8,1.0,6.0,7.0,14.0,-7.0,0.7,1.4,0.3333333333333333,0.4,0.2,102,7.0,0.2,0.8,0.8,0.0,1.0,1.0,4.0,-3.0,0.3333333333333333,1.3333333333333333,1.0,4.0,4.0,7.0,-3.0,0.8,1.4,5.0,17.0,11.0,8.0,3.0,1.1,0.8,0.3333333333333333,0.4,0.6,94,6.0,0.4,0.8,0.6,A,6.0
2021-04-30,2020-21,Clausura,17,False,FC Juárez,Toluca,1.0,0.0,0.0,0.0,footballcsv,925,1427.7028549580505,1485.1522540157032,-57.44939905765273,2,0,0,3.0,0.0,2,2,0,0,3.0,0.0,2,0.0,0.0,2.0,6.0,-4.0,0.6666666666666666,2.0,1.0,3.0,4.0,8.0,-4.0,0.8,1.6,1.0,4.0,8.0,21.0,-13.0,0.8,2.1,0.0,0.0,0.0,61,5.0,0.2,1.2,2.4,1.0,3.0,5.0,6.0,-1.0,1.6666666666666667,2.0,1.0,4.0,10.0,12.0,-2.0,2.0,2.4,2.0,9.0,13.0,17.0,-4.0,1.3,1.7,0.0,0.0,0.3,98,5.0,0.2,1.0,1.6,H,1.0
2021-05-01,2020-21,Clausura,17,False,León,Querétaro,2.0,1.0,1.0,0.0,footballcsv,926,1617.6351853614735,1456.6769216662512,160.95826369522229,5,0,0,18.0,3.0,5,5,0,0,18.0,3.0,5,2.0,6.0,8.0,5.0,3.0,2.6666666666666665,1.6666666666666667,4.0,12.0,12.0,7.0,5.0,2.4,1.4,5.0,16.0,18.0,14.0,4.0,1.8,1.4,0.3333333333333333,0.2,0.1,109,8.0,0.6,1.6,1.0,2.0,7.0,2.0,0.0,2.0,0.6666666666666666,0.0,2.0,7.0,3.0,4.0,-1.0,0.6,0.8,3.0,12.0,9.0,13.0,-4.0,0.9,1.3,1.0,0.6,0.3,99,6.0,0.0,0.6,2.0,H,3.0
2021-05-01,2020-21,Clausura,17,False,Cruz Azul,Tijuana,1.0,1.0,1.0,0.0,footballcsv,927,1649.0116390118526,1427.2673054678714,221.74433354398116,3,1,1,10.0,7.0,5,3,1,1,10.0,7.0,5,2.0,7.0,5.0,3.0,2.0,1.6666666666666667,1.0,4.0,13.0,9.0,5.0,4.0,1.8,1.0,9.0,28.0,16.0,7.0,9.0,1.6,0.7,0.3333333333333333,0.4,0.6,107,7.0,1.0,1.8,0.8,1.0,3.0,3.0,5.0,-2.0,1.0,1.6666666666666667,2.0,6.0,6.0,7.0,-1.0,1.2,1.4,2.0,7.0,10.0,16.0,-6.0,1.0,1.6,0.3333333333333333,0.2,0.1,97,8.0,0.0,0.8,1.8,D,2.0
2021-05-01,2020-21,Clausura,17,False,Guadalajara,Tigres UANL,0.0,0.0,0.0,0.0,footballcsv,928,1541.5750438075863,1566.9805117795281,-25.40546797194179,2,0,3,6.0,7.0,5,2,0,3,6.0,7.0,5,3.0,9.0,5.0,1.0,4.0,1.6666666666666667,0.3333333333333333,3.0,10.0,6.0,3.0,3.0,1.2,0.6,4.0,16.0,12.0,11.0,1.0,1.2,1.1,0.6666666666666666,0.4,0.2,100,7.0,0.4,1.4,1.4,2.0,7.0,5.0,3.0,2.0,1.6666666666666667,1.0,3.0,10.0,7.0,6.0,1.0,1.4,1.2,3.0,12.0,11.0,13.0,-2.0,1.1,1.3,0.3333333333333333,0.4,0.2,108,7.0,0.4,1.0,0.8,D,0.0
2021-05-01,2020-21,Clausura,17,False,Monterrey,Mazatlán FC,1.0,0.0,1.0,0.0,footballcsv,929,1554.7596838061093,1467.45950757894,87.30017622716923,1,0,0,2.0,1.0,1,1,0,0,2.0,1.0,1,0.0,0.0,2.0,5.0,-3.0,0.6666666666666666,1.6666666666666667,2.0,6.0,6.0,6.0,0.0,1.2,1.2,4.0,14.0,16.0,11.0,5.0,1.6,1.1,0.0,0.2,0.1,110,7.0,0.4,1.2,1.0,2.0,7.0,7.0,5.0,2.0,2.3333333333333335,1.6666666666666667,2.0,7.0,8.0,9.0,-1.0,1.6,1.8,4.0,14.0,14.0,13.0,1.0,1.4,1.3,0.3333333333333333,0.2,0.2,33,8.0,0.4,1.2,1.6,H,1.0
2021-05-02,2020-21,Clausura,17,False,Pumas UNAM,América,0.0,1.0,0.0,0.0,footballcsv,931,1534.9728649752778,1627.7707526194558,-92.79788764417799,1,3,1,8.0,12.0,5,1,5,1,11.0,15.0,7,1.0,5.0,1.0,0.0,1.0,0.3333333333333333,0.0,2.0,9.0,4.0,2.0,2.0,0.8,0.4,3.0,13.0,7.0,7.0,0.0,0.7,0.7,1.0,0.8,0.5,105,9.0,0.2,0.6,0.8,1.0,4.0,5.0,5.0,0.0,1.6666666666666667,1.6666666666666667,3.0,10.0,8.0,6.0,2.0,1.6,1.2,8.0,25.0,19.0,8.0,11.0,1.9,0.8,0.0,0.2,0.4,112,7.0,0.8,2.0,0.8,A,1.0
2021-05-02,2020-21,Clausura,17,False,Santos Laguna,Puebla,0.0,0.0,0.0,0.0,footballcsv,930,1543.79083536488,1526.3277088547752,17.463126510104757,3,2,0,11.0,4.0,5,3,2,0,11.0,4.0,5,1.0,3.0,3.0,3.0,0.0,1.0,1.0,1.0,4.0,5.0,6.0,-1.0,1.0,1.2,4.0,13.0,12.0,11.0,1.0,1.2,1.1,0.0,0.0,0.1,100,6.0,0.8,2.2,1.2,2.0,7.0,7.0,2.0,5.0,2.3333333333333335,0.6666666666666666,3.0,11.0,14.0,7.0,7.0,2.8,1.4,5.0,19.0,19.0,11.0,8.0,1.9,1.1,0.3333333333333333,0.2,0.2,98,9.0,0.6,2.8,1.6,D,0.0
2021-05-08,2020-21,Clausura - Liguilla,Reclassification,True,Santos Laguna,Querétaro,5.0,0.0,2.0,0.0,footballcsv,932,1541.0569593133023,1454.1795727474218,86.87738656588044,3,0,2,6.0,5.0,5,3,0,2,6.0,5.0,5,1.0,4.0,3.0,2.0,1.0,1.0,0.6666666666666666,1.0,5.0,4.0,4.0,0.0,0.8,0.8,4.0,14.0,12.0,10.0,2.0,1.2,1.0,0.3333333333333333,0.2,0.2,101,6.0,0.6,2.0,1.2,1.0,4.0,2.0,2.0,0.0,0.6666666666666666,0.6666666666666666,2.0,7.0,3.0,3.0,0.0,0.6,0.6,3.0,11.0,9.0,14.0,-5.0,0.9,1.4,0.6666666666666666,0.6,0.3,100,7.0,0.0,0.6,2.0,H,5.0
2021-05-08,2020-21,Clausura - Liguilla,Reclassification,True,Atlas,Tigres UANL,1.0,0.0,0.0,0.0,footballcsv,933,1453.2882245288447,1568.539062076952,-115.25083754810726,0,2,3,3.0,7.0,5,0,2,4,4.0,10.0,6,1.0,4.0,5.0,2.0,3.0,1.6666666666666667,0.6666666666666666,2.0,7.0,7.0,5.0,2.0,1.4,1.0,5.0,17.0,15.0,9.0,6.0,1.5,0.9,0.3333333333333333,0.4,0.5,95,8.0,0.6,1.4,1.0,1.0,5.0,2.0,1.0,1.0,0.6666666666666666,0.3333333333333333,2.0,8.0,6.0,6.0,0.0,1.2,1.2,3.0,12.0,9.0,11.0,-2.0,0.9,1.1,0.6666666666666666,0.4,0.3,109,7.0,0.4,0.8,0.6,H,1.0
2021-05-09,2020-21,Clausura - Liguilla,Reclassification,True,León,Toluca,2.0,2.0,1.0,1.0,footballcsv,934,1620.132534280303,1478.735814810487,141.39671946981593,4,1,0,13.0,4.0,5,4,1,0,13.0,4.0,5,2.0,6.0,7.0,5.0,2.0,2.3333333333333335,1.6666666666666667,4.0,12.0,12.0,7.0,5.0,2.4,1.4,6.0,19.0,20.0,14.0,6.0,2.0,1.4,0.3333333333333333,0.2,0.1,110,8.0,0.8,2.0,1.0,1.0,3.0,4.0,5.0,-1.0,1.3333333333333333,1.6666666666666667,1.0,3.0,6.0,9.0,-3.0,1.2,1.8,2.0,9.0,11.0,15.0,-4.0,1.1,1.5,0.0,0.0,0.3,99,9.0,0.2,0.6,1.2,D,4.0
2021-05-09,2020-21,Clausura - Liguilla,Reclassification,True,Pachuca,Guadalajara,4.0,2.0,0.0,1.0,footballcsv,935,1551.3502498293876,1540.0164935101625,11.333756319225131,2,3,0,8.0,4.0,5,3,3,0,11.0,5.0,6,3.0,9.0,7.0,1.0,6.0,2.3333333333333335,0.3333333333333333,3.0,10.0,10.0,6.0,4.0,2.0,1.2,6.0,20.0,17.0,11.0,6.0,1.7,1.1,0.6666666666666666,0.4,0.4,101,10.0,0.6,1.2,1.0,2.0,7.0,3.0,1.0,2.0,1.0,0.3333333333333333,3.0,10.0,5.0,2.0,3.0,1.0,0.4,4.0,16.0,11.0,10.0,1.0,1.1,1.0,0.6666666666666666,0.6,0.3,101,8.0,0.4,1.2,1.0,H,6.0
2021-05-12,2020-21,Clausura - Liguilla,Quarterfinals,True,Atlas,Puebla,1.0,0.0,0.0,0.0,footballcsv,936,1460.9205606394087,1529.061584906353,-68.14102426694421,2,0,3,3.0,4.0,5,2,0,4,3.0,6.0,6,2.0,6.0,6.0,2.0,4.0,2.0,0.6666666666666666,2.0,7.0,7.0,5.0,2.0,1.4,1.0,6.0,19.0,16.0,9.0,7.0,1.6,0.9,0.3333333333333333,0.4,0.5,96,4.0,0.6,1.0,0.8,1.0,5.0,4.0,1.0,3.0,1.3333333333333333,0.3333333333333333,3.0,11.0,10.0,3.0,7.0,2.0,0.6,5.0,19.0,18.0,10.0,8.0,1.8,1.0,0.6666666666666666,0.4,0.3,99,10.0,0.6,2.6,1.4,H,1.0
2021-05-12,2020-21,Clausura - Liguilla,Quarterfinals,True,Toluca,Cruz Azul,2.0,1.0,1.0,1.0,footballcsv,937,1484.3659269269288,1642.005577725286,-157.63965079835725,1,3,1,9.0,8.0,5,1,3,2,9.0,9.0,6,1.0,4.0,5.0,4.0,1.0,1.6666666666666667,1.3333333333333333,1.0,4.0,7.0,9.0,-2.0,1.4,1.8,2.0,9.0,13.0,17.0,-4.0,1.3,1.7,0.0,0.0,0.2,100,3.0,0.2,1.6,1.8,1.0,5.0,5.0,4.0,1.0,1.6666666666666667,1.3333333333333333,3.0,11.0,7.0,4.0,3.0,1.4,0.8,8.0,26.0,14.0,6.0,8.0,1.4,0.6,0.0,0.4,0.6,108,11.0,0.8,1.2,0.2,H,3.0
2021-05-13,2020-21,Clausura - Liguilla,Quarterfinals,True,Pachuca,América,3.0,1.0,1.0,1.0,footballcsv,938,1559.187707022836,1634.4084044315994,-75.22069740876327,0,1,4,3.0,11.0,5,0,1,4,3.0,11.0,5,3.0,9.0,10.0,3.0,7.0,3.3333333333333335,1.0,4.0,12.0,12.0,6.0,6.0,2.4,1.2,7.0,23.0,21.0,11.0,10.0,2.1,1.1,0.3333333333333333,0.4,0.4,102,4.0,0.8,1.8,1.2,1.0,4.0,3.0,4.0,-1.0,1.0,1.3333333333333333,3.0,10.0,8.0,6.0,2.0,1.6,1.2,8.0,25.0,18.0,7.0,11.0,1.8,0.7,0.3333333333333333,0.2,0.5,113,11.0,0.8,1.8,0.8,H,4.0
2021-05-13,2020-21,Clausura - Liguilla,Quarterfinals,True,Santos Laguna,Monterrey,2.0,1.0,0.0,1.0,footballcsv,939,1550.2752323471332,1558.3188891069885,-8.043656759855367,2,2,1,8.0,9.0,5,3,2,4,9.0,16.0,9,1.0,4.0,5.0,1.0,4.0,1.6666666666666667,0.3333333333333333,2.0,7.0,8.0,3.0,5.0,1.6,0.6,4.0,14.0,14.0,8.0,6.0,1.4,0.8,0.6666666666666666,0.4,0.3,102,5.0,0.6,2.4,0.8,1.0,3.0,3.0,4.0,-1.0,1.0,1.3333333333333333,2.0,6.0,5.0,6.0,-1.0,1.0,1.2,5.0,16.0,16.0,10.0,6.0,1.6,1.0,0.3333333333333333,0.2,0.2,111,12.0,0.4,2.0,1.2,H,3.0
2021-05-15,2020-21,Clausura - Liguilla,Quarterfinals,True,Puebla,Atlas,1.0,0.0,0.0,0.0,footballcsv,940,1522.402507709775,1467.5796378359867,54.82286987378825,2,0,3,2.0,3.0,5,4,0,3,6.0,4.0,7,0.0,2.0,0.0,1.0,-1.0,0.0,0.3333333333333333,2.0,8.0,7.0,3.0,4.0,1.4,0.6,4.0,16.0,17.0,11.0,6.0,1.7,1.1,0.6666666666666666,0.4,0.2,100,3.0,0.4,1.0,0.6,3.0,9.0,7.0,1.0,6.0,2.3333333333333335,0.3333333333333333,3.0,10.0,7.0,2.0,5.0,1.4,0.4,6.0,19.0,14.0,8.0,6.0,1.4,0.8,0.6666666666666666,0.6,0.6,97,3.0,0.4,1.6,0.8,H,1.0
2021-05-15,2020-21,Clausura - Liguilla,Quarterfinals,True,Cruz Azul,Toluca,3.0,1.0,1.0,1.0,footballcsv,941,1633.550443531876,1492.8210611203388,140.72938241153724,1,2,2,8.0,10.0,5,2,3,2,10.0,11.0,7,1.0,4.0,5.0,5.0,0.0,1.6666666666666667,1.6666666666666667,2.0,8.0,7.0,6.0,1.0,1.4,1.2,7.0,23.0,14.0,8.0,6.0,1.4,0.8,0.0,0.2,0.5,109,3.0,0.8,1.8,1.0,1.0,4.0,4.0,4.0,0.0,1.3333333333333333,1.3333333333333333,2.0,7.0,8.0,8.0,0.0,1.6,1.6,2.0,9.0,14.0,18.0,-4.0,1.4,1.8,0.0,0.0,0.1,101,3.0,0.0,0.8,1.6,H,4.0
2021-05-16,2020-21,Clausura - Liguilla,Quarterfinals,True,América,Pachuca,4.0,2.0,2.0,1.0,footballcsv,942,1623.5968835046822,1569.9992279497533,53.597655554928906,3,1,1,9.0,5.0,5,4,1,1,12.0,6.0,6,1.0,3.0,3.0,6.0,-3.0,1.0,2.0,2.0,7.0,7.0,8.0,-1.0,1.4,1.6,7.0,22.0,17.0,10.0,7.0,1.7,1.0,0.3333333333333333,0.2,0.4,114,3.0,0.8,1.8,0.8,3.0,9.0,12.0,4.0,8.0,4.0,1.3333333333333333,5.0,15.0,14.0,4.0,10.0,2.8,0.8,8.0,25.0,22.0,10.0,12.0,2.2,1.0,0.0,0.4,0.4,103,3.0,0.6,2.4,1.0,H,6.0
2021-05-16,2020-21,Clausura - Liguilla,Quarterfinals,True,Monterrey,Santos Laguna,1.0,1.0,1.0,0.0,footballcsv,943,1552.9774977326126,1555.616623721509,-2.639125988896467,1,2,2,9.0,8.0,5,4,2,4,17.0,11.0,10,1.0,3.0,3.0,4.0,-1.0,1.0,1.3333333333333333,1.0,3.0,4.0,7.0,-3.0,0.8,1.4,4.0,13.0,11.0,11.0,0.0,1.1,1.1,0.3333333333333333,0.2,0.2,112,3.0,0.4,1.0,0.8,2.0,7.0,7.0,1.0,6.0,2.3333333333333335,0.3333333333333333,3.0,10.0,10.0,3.0,7.0,2.0,0.6,5.0,17.0,16.0,8.0,8.0,1.6,0.8,0.6666666666666666,0.4,0.3,103,3.0,0.2,0.4,0.8,D,2.0
2021-05-19,2020-21,Clausura - Liguilla,Semifinals,True,Pachuca,Cruz Azul,0.0,0.0,0.0,0.0,footballcsv,944,1563.4393134433997,1637.9266162862698,-74.48730284287012,1,0,4,4.0,9.0,5,2,0,4,7.0,10.0,6,2.0,6.0,9.0,7.0,2.0,3.0,2.3333333333333335,4.0,12.0,15.0,8.0,7.0,3.0,1.6,7.0,22.0,22.0,13.0,9.0,2.2,1.3,0.0,0.2,0.4,104,3.0,0.8,2.0,1.2,1.0,4.0,5.0,4.0,1.0,1.6666666666666667,1.3333333333333333,2.0,8.0,9.0,7.0,2.0,1.8,1.4,7.0,23.0,16.0,9.0,7.0,1.6,0.9,0.0,0.0,0.4,110,4.0,0.6,1.0,0.6,D,0.0
2021-05-20,2020-21,Clausura - Liguilla,Semifinals,True,Santos Laguna,Puebla,3.0,0.0,2.0,0.0,footballcsv,945,1557.8071664176907,1526.5192707919412,31.28789562574957,2,3,0,9.0,4.0,5,3,3,0,11.0,4.0,6,2.0,7.0,8.0,2.0,6.0,2.6666666666666665,0.6666666666666666,2.0,8.0,8.0,3.0,5.0,1.6,0.6,4.0,15.0,14.0,8.0,6.0,1.4,0.8,0.3333333333333333,0.4,0.3,104,4.0,0.6,2.2,0.8,1.0,4.0,1.0,1.0,0.0,0.3333333333333333,0.3333333333333333,2.0,8.0,5.0,2.0,3.0,1.0,0.4,4.0,16.0,16.0,10.0,6.0,1.6,1.0,0.6666666666666666,0.6,0.3,101,5.0,0.4,2.2,1.4,H,3.0
2021-05-22,2020-21,Clausura - Liguilla,Semifinals,True,Cruz Azul,Pachuca,1.0,0.0,0.0,0.0,footballcsv,946,1638.0852711510959,1563.2806585785736,74.80461257252227,3,1,1,5.0,3.0,5,4,1,2,10.0,7.0,7,1.0,4.0,4.0,3.0,1.0,1.3333333333333333,1.0,2.0,8.0,8.0,6.0,2.0,1.6,1.2,6.0,21.0,15.0,9.0,6.0,1.5,0.9,0.3333333333333333,0.2,0.4,111,3.0,0.8,2.2,1.2,1.0,4.0,5.0,5.0,0.0,1.6666666666666667,1.6666666666666667,3.0,10.0,14.0,8.0,6.0,2.8,1.6,6.0,20.0,20.0,13.0,7.0,2.0,1.3,0.3333333333333333,0.2,0.4,105,3.0,0.6,2.4,1.4,H,1.0
2021-05-23,2020-21,Clausura - Liguilla,Semifinals,True,Puebla,Santos Laguna,1.0,0.0,0.0,0.0,footballcsv,947,1517.4116322168675,1566.9148049927644,-49.50317277589693,0,2,3,3.0,11.0,5,0,3,4,4.0,14.0,7,1.0,3.0,1.0,4.0,-3.0,0.3333333333333333,1.3333333333333333,1.0,5.0,1.0,4.0,-3.0,0.2,0.8,4.0,15.0,15.0,12.0,3.0,1.5,1.2,0.3333333333333333,0.6,0.3,102,3.0,0.4,1.0,0.6,2.0,7.0,6.0,2.0,4.0,2.0,0.6666666666666666,3.0,11.0,11.0,2.0,9.0,2.2,0.4,4.0,15.0,16.0,8.0,8.0,1.6,0.8,0.3333333333333333,0.6,0.3,105,3.0,0.2,0.6,0.8,H,1.0
2021-05-27,2020-21,Clausura - Liguilla,Final,True,Santos Laguna,Cruz Azul,0.0,1.0,0.0,0.0,footballcsv,948,1560.6766728745463,1641.8525963334805,-81.17592345893422,3,0,2,6.0,7.0,5,3,1,2,7.0,8.0,6,1.0,4.0,4.0,2.0,2.0,1.3333333333333333,0.6666666666666666,3.0,10.0,11.0,3.0,8.0,2.2,0.6,4.0,15.0,15.0,7.0,8.0,1.5,0.7,0.3333333333333333,0.4,0.3,106,4.0,0.8,2.6,0.4,2.0,7.0,4.0,1.0,3.0,1.3333333333333333,0.3333333333333333,2.0,8.0,6.0,4.0,2.0,1.2,0.8,6.0,21.0,15.0,9.0,6.0,1.5,0.9,0.6666666666666666,0.4,0.4,112,5.0,0.4,0.8,0.6,A,1.0
2021-05-30,2020-21,Clausura - Liguilla,Final,True,Cruz Azul,Santos Laguna,1.0,1.0,0.0,1.0,footballcsv,949,1648.7569176759364,1553.7723515320904,94.984566143846,3,0,2,7.0,4.0,5,3,1,3,9.0,7.0,7,2.0,7.0,2.0,0.0,2.0,0.6666666666666666,0.0,3.0,10.0,6.0,3.0,3.0,1.2,0.6,6.0,21.0,13.0,7.0,6.0,1.3,0.7,1.0,0.6,0.5,113,3.0,0.8,1.8,0.8,1.0,3.0,3.0,2.0,1.0,1.0,0.6666666666666666,2.0,7.0,6.0,4.0,2.0,1.2,0.8,4.0,14.0,14.0,7.0,7.0,1.4,0.7,0.3333333333333333,0.2,0.3,107,3.0,0.0,0.4,1.0,D,2.0
2021-07-22,2021-22,Apertura,1,False,Querétaro,América,0.0,0.0,0.0,0.0,footballcsv,950,1444.961299713591,1630.1567980110358,-185.19549829744483,1,1,3,8.0,9.0,5,1,2,3,9.0,10.0,6,1.0,3.0,2.0,7.0,-5.0,0.6666666666666666,2.3333333333333335,2.0,7.0,3.0,7.0,-4.0,0.6,1.4,3.0,11.0,9.0,16.0,-7.0,0.9,1.6,0.3333333333333333,0.6,0.3,101,75.0,0.6,1.2,0.8,2.0,6.0,6.0,5.0,1.0,2.0,1.6666666666666667,2.0,7.0,8.0,9.0,-1.0,1.6,1.8,7.0,22.0,19.0,12.0,7.0,1.9,1.2,0.3333333333333333,0.2,0.3,115,67.0,0.6,1.4,1.4,D,0.0
2021-07-23,2021-22,Apertura,1,False,FC Juárez,Toluca,1.0,3.0,1.0,1.0,footballcsv,951,1434.1192941632667,1488.444888365945,-54.3255942026783,3,0,0,4.0,0.0,3,3,0,0,4.0,0.0,3,1.0,3.0,1.0,3.0,-2.0,0.3333333333333333,1.0,2.0,6.0,5.0,7.0,-2.0,1.0,1.4,2.0,7.0,7.0,18.0,-11.0,0.7,1.8,0.3333333333333333,0.2,0.1,62,84.0,0.4,1.2,1.2,1.0,4.0,5.0,6.0,-1.0,1.6666666666666667,2.0,2.0,7.0,8.0,8.0,0.0,1.6,1.6,2.0,8.0,15.0,21.0,-6.0,1.5,2.1,0.0,0.0,0.0,102,69.0,0.0,1.0,2.2,A,4.0
2021-07-23,2021-22,Apertura,1,False,Necaxa,Santos Laguna,0.0,3.0,0.0,2.0,footballcsv,952,1445.0455925817919,1558.4221491558674,-113.3765565740755,3,0,2,9.0,7.0,5,3,0,3,9.0,8.0,6,0.0,1.0,1.0,6.0,-5.0,0.3333333333333333,2.0,0.0,1.0,2.0,9.0,-7.0,0.4,1.8,1.0,5.0,7.0,18.0,-11.0,0.7,1.8,0.3333333333333333,0.2,0.2,103,84.0,0.2,0.8,1.6,0.0,1.0,1.0,3.0,-2.0,0.3333333333333333,1.0,1.0,5.0,5.0,4.0,1.0,1.0,0.8,4.0,15.0,15.0,7.0,8.0,1.5,0.7,0.0,0.2,0.3,108,54.0,0.0,0.4,1.0,A,3.0
2021-07-24,2021-22,Apertura,1,False,Pachuca,León,4.0,0.0,0.0,0.0,footballcsv,953,1559.513333396189,1614.5024221638612,-54.98908876767223,0,1,4,2.0,9.0,5,0,2,4,3.0,10.0,6,0.0,1.0,2.0,5.0,-3.0,0.6666666666666666,1.6666666666666667,2.0,7.0,9.0,8.0,1.0,1.8,1.6,5.0,17.0,19.0,14.0,5.0,1.9,1.4,0.3333333333333333,0.2,0.3,106,63.0,0.6,1.8,1.2,1.0,4.0,7.0,7.0,0.0,2.3333333333333335,2.3333333333333335,3.0,10.0,12.0,8.0,4.0,2.4,1.6,6.0,20.0,21.0,14.0,7.0,2.1,1.4,0.0,0.2,0.1,111,76.0,0.4,2.0,1.8,H,4.0
2021-07-24,2021-22,Apertura,1,False,Guadalajara,Atlético San Luis,1.0,2.0,0.0,1.0,footballcsv,954,1532.179036316714,1380.0850795786664,152.0939567380476,2,1,1,8.0,6.0,4,2,1,1,8.0,6.0,4,1.0,4.0,3.0,4.0,-1.0,1.0,1.3333333333333333,3.0,10.0,7.0,5.0,2.0,1.4,1.0,3.0,13.0,11.0,13.0,-2.0,1.1,1.3,0.6666666666666666,0.6,0.3,102,76.0,0.4,1.0,1.0,0.0,0.0,4.0,12.0,-8.0,1.3333333333333333,4.0,0.0,0.0,5.0,16.0,-11.0,1.0,3.2,0.0,2.0,9.0,24.0,-15.0,0.9,2.4,0.0,0.0,0.1,62,86.0,0.0,1.0,2.4,A,3.0
2021-07-25,2021-22,Apertura,1,False,Tijuana,Tigres UANL,1.0,2.0,0.0,1.0,footballcsv,955,1434.273366754438,1560.906725966388,-126.63335921194994,0,2,3,3.0,8.0,5,0,2,3,3.0,8.0,5,1.0,4.0,2.0,3.0,-1.0,0.6666666666666666,1.0,1.0,4.0,4.0,7.0,-3.0,0.8,1.4,2.0,8.0,9.0,14.0,-5.0,0.9,1.4,0.3333333333333333,0.2,0.1,98,85.0,0.4,1.2,1.4,1.0,4.0,2.0,2.0,0.0,0.6666666666666666,0.6666666666666666,2.0,8.0,5.0,4.0,1.0,1.0,0.8,3.0,12.0,9.0,11.0,-2.0,0.9,1.1,0.3333333333333333,0.4,0.3,110,78.0,0.4,0.8,0.6,A,3.0
2021-07-25,2021-22,Apertura,1,False,Pumas UNAM,Atlas,0.0,0.0,0.0,0.0,footballcsv,956,1528.3352131631343,1463.4628747538204,64.8723384093139,3,2,0,12.0,4.0,5,3,2,0,12.0,4.0,5,0.0,2.0,0.0,1.0,-1.0,0.0,0.3333333333333333,1.0,6.0,3.0,3.0,0.0,0.6,0.6,3.0,13.0,7.0,7.0,0.0,0.7,0.7,0.6666666666666666,0.6,0.5,106,84.0,0.2,0.6,0.8,2.0,6.0,2.0,1.0,1.0,0.6666666666666666,0.3333333333333333,3.0,9.0,7.0,3.0,4.0,1.4,0.6,5.0,16.0,12.0,9.0,3.0,1.2,0.9,0.6666666666666666,0.4,0.5,98,71.0,0.4,1.6,1.0,D,0.0
2021-07-25,2021-22,Apertura,1,False,Monterrey,Puebla,1.0,1.0,0.0,0.0,footballcsv,957,1550.786955036431,1523.6497643350856,27.13719070134539,2,3,0,8.0,5.0,5,2,3,1,9.0,7.0,6,1.0,4.0,3.0,3.0,0.0,1.0,1.0,1.0,4.0,5.0,7.0,-2.0,1.0,1.4,3.0,11.0,10.0,11.0,-1.0,1.0,1.1,0.3333333333333333,0.2,0.2,113,70.0,0.4,1.0,0.8,2.0,6.0,2.0,3.0,-1.0,0.6666666666666666,1.0,2.0,7.0,2.0,4.0,-2.0,0.4,0.8,5.0,18.0,16.0,11.0,5.0,1.6,1.1,0.6666666666666666,0.6,0.4,103,63.0,0.4,1.4,1.2,D,2.0
2021-07-26,2021-22,Apertura,1,False,Cruz Azul,Mazatlán FC,0.0,2.0,0.0,1.0,footballcsv,958,1644.1071200521594,1463.9003022780607,180.20681777409868,2,0,0,4.0,2.0,2,2,0,0,4.0,2.0,2,2.0,7.0,3.0,1.0,2.0,1.0,0.3333333333333333,3.0,11.0,6.0,2.0,4.0,1.2,0.4,5.0,19.0,13.0,8.0,5.0,1.3,0.8,0.6666666666666666,0.6,0.4,114,57.0,0.6,1.8,1.0,1.0,4.0,4.0,4.0,0.0,1.3333333333333333,1.3333333333333333,2.0,7.0,8.0,9.0,-1.0,1.6,1.8,4.0,14.0,14.0,13.0,1.0,1.4,1.3,0.3333333333333333,0.2,0.2,34,86.0,0.4,1.2,1.6,A,2.0
2021-07-30,2021-22,Apertura,2,False,Puebla,Guadalajara,0.0,2.0,0.0,0.0,footballcsv,960,1526.6392594719614,1521.201830751409,5.4374287205523615,2,3,0,8.0,5.0,5,2,3,0,8.0,5.0,5,1.0,4.0,2.0,4.0,-2.0,0.6666666666666666,1.3333333333333333,2.0,7.0,3.0,5.0,-2.0,0.6,1.0,5.0,18.0,13.0,8.0,5.0,1.3,0.8,0.3333333333333333,0.4,0.4,104,5.0,0.6,1.0,0.4,0.0,1.0,3.0,6.0,-3.0,1.0,2.0,2.0,7.0,6.0,7.0,-1.0,1.2,1.4,3.0,12.0,10.0,13.0,-3.0,1.0,1.3,0.3333333333333333,0.4,0.3,103,6.0,0.4,1.2,1.4,A,2.0
2021-07-30,2021-22,Apertura,2,False,Mazatlán FC,Pachuca,2.0,1.0,1.0,1.0,footballcsv,959,1481.8572674859463,1574.283207859196,-92.42594037324966,1,0,1,4.0,4.0,2,1,0,1,4.0,4.0,2,2.0,6.0,6.0,4.0,2.0,2.0,1.3333333333333333,3.0,10.0,9.0,6.0,3.0,1.8,1.2,4.0,14.0,13.0,13.0,0.0,1.3,1.3,0.3333333333333333,0.4,0.2,35,4.0,0.4,1.6,1.0,1.0,4.0,4.0,1.0,3.0,1.3333333333333333,0.3333333333333333,2.0,7.0,9.0,6.0,3.0,1.8,1.2,6.0,19.0,21.0,12.0,9.0,2.1,1.2,0.6666666666666666,0.4,0.4,107,6.0,0.4,2.0,1.6,H,3.0
2021-07-31,2021-22,Apertura,2,False,Monterrey,Pumas UNAM,2.0,0.0,1.0,0.0,footballcsv,963,1547.7974598995552,1524.3914140384982,23.40604586105701,2,2,1,5.0,3.0,5,3,2,1,6.0,3.0,6,0.0,2.0,3.0,4.0,-1.0,1.0,1.3333333333333333,1.0,5.0,5.0,6.0,-1.0,1.0,1.2,3.0,11.0,10.0,11.0,-1.0,1.0,1.1,0.0,0.2,0.2,114,6.0,0.2,0.8,1.0,0.0,2.0,0.0,1.0,-1.0,0.0,0.3333333333333333,1.0,6.0,1.0,1.0,0.0,0.2,0.2,3.0,14.0,6.0,5.0,1.0,0.6,0.5,0.6666666666666666,0.8,0.6,107,6.0,0.4,0.8,0.6,H,2.0
2021-07-31,2021-22,Apertura,2,False,Atlas,FC Juárez,2.0,0.0,0.0,0.0,footballcsv,964,1467.4066738784566,1422.3228056022322,45.08386827622439,3,0,0,4.0,0.0,3,3,0,0,4.0,0.0,3,1.0,4.0,1.0,1.0,0.0,0.3333333333333333,0.3333333333333333,3.0,10.0,7.0,2.0,5.0,1.4,0.4,4.0,14.0,11.0,9.0,2.0,1.1,0.9,0.6666666666666666,0.6,0.5,99,6.0,0.6,0.8,0.8,1.0,3.0,2.0,4.0,-2.0,0.6666666666666666,1.3333333333333333,1.0,3.0,4.0,9.0,-5.0,0.8,1.8,2.0,7.0,7.0,15.0,-8.0,0.7,1.5,0.3333333333333333,0.2,0.1,63,8.0,0.0,0.4,1.8,H,2.0
2021-07-31,2021-22,Apertura,2,False,León,Tijuana,2.0,1.0,1.0,0.0,footballcsv,961,1599.7325477008542,1428.391381558795,171.34116614205914,4,0,1,9.0,6.0,5,4,1,2,10.0,8.0,7,1.0,4.0,4.0,7.0,-3.0,1.3333333333333333,2.3333333333333335,2.0,7.0,9.0,11.0,-2.0,1.8,2.2,6.0,20.0,20.0,16.0,4.0,2.0,1.6,0.0,0.2,0.1,112,7.0,0.8,2.2,1.0,1.0,4.0,3.0,3.0,0.0,1.0,1.0,1.0,4.0,5.0,8.0,-3.0,1.0,1.6,2.0,7.0,9.0,15.0,-6.0,0.9,1.5,0.3333333333333333,0.2,0.1,99,6.0,0.0,0.6,1.4,H,3.0
2021-07-31,2021-22,Apertura,2,False,América,Necaxa,2.0,1.0,1.0,0.0,footballcsv,962,1627.2182792977285,1432.6976499048646,194.52062939286384,1,2,2,6.0,10.0,5,1,2,3,7.0,12.0,6,1.0,4.0,5.0,5.0,0.0,1.6666666666666667,1.6666666666666667,2.0,7.0,7.0,8.0,-1.0,1.4,1.6,6.0,20.0,17.0,11.0,6.0,1.7,1.1,0.3333333333333333,0.4,0.4,116,9.0,0.8,2.2,1.0,0.0,0.0,1.0,9.0,-8.0,0.3333333333333333,3.0,0.0,1.0,1.0,10.0,-9.0,0.2,2.0,1.0,5.0,7.0,20.0,-13.0,0.7,2.0,0.0,0.2,0.2,104,8.0,0.0,0.6,2.0,H,3.0
2021-08-01,2021-22,Apertura,2,False,Toluca,Tigres UANL,3.0,1.0,1.0,1.0,footballcsv,965,1500.2413769269795,1566.788711162031,-66.5473342350515,2,0,3,5.0,6.0,5,3,0,3,7.0,7.0,6,2.0,6.0,6.0,5.0,1.0,2.0,1.6666666666666667,2.0,7.0,8.0,8.0,0.0,1.6,1.6,3.0,11.0,18.0,20.0,-2.0,1.8,2.0,0.0,0.0,0.0,103,9.0,0.4,2.0,2.0,1.0,4.0,2.0,2.0,0.0,0.6666666666666666,0.6666666666666666,2.0,8.0,4.0,3.0,1.0,0.8,0.6,4.0,14.0,10.0,11.0,-1.0,1.0,1.1,0.3333333333333333,0.4,0.3,111,7.0,0.4,1.0,0.8,H,4.0
2021-08-01,2021-22,Apertura,2,False,Santos Laguna,Cruz Azul,1.0,1.0,0.0,0.0,footballcsv,966,1570.7700918327946,1626.1501548442739,-55.38006301147925,1,1,3,2.0,7.0,5,3,2,3,8.0,10.0,8,1.0,4.0,4.0,2.0,2.0,1.3333333333333333,0.6666666666666666,2.0,7.0,7.0,3.0,4.0,1.4,0.6,4.0,15.0,15.0,6.0,9.0,1.5,0.6,0.3333333333333333,0.4,0.4,109,9.0,0.6,2.0,0.4,1.0,4.0,2.0,3.0,-1.0,0.6666666666666666,1.0,2.0,8.0,3.0,3.0,0.0,0.6,0.6,4.0,16.0,12.0,10.0,2.0,1.2,1.0,0.3333333333333333,0.6,0.3,115,6.0,0.4,0.8,0.6,D,2.0
2021-08-02,2021-22,Apertura,2,False,Atlético San Luis,Querétaro,1.0,1.0,1.0,0.0,footballcsv,967,1391.0622851439714,1447.8998184268983,-56.83753328292687,2,0,2,4.0,5.0,4,2,0,2,4.0,5.0,4,1.0,3.0,5.0,9.0,-4.0,1.6666666666666667,3.0,1.0,3.0,7.0,15.0,-8.0,1.4,3.0,1.0,4.0,9.0,23.0,-14.0,0.9,2.3,0.0,0.0,0.1,63,9.0,0.0,0.8,2.4,0.0,1.0,1.0,7.0,-6.0,0.3333333333333333,2.3333333333333335,1.0,5.0,2.0,7.0,-5.0,0.4,1.4,3.0,11.0,7.0,14.0,-7.0,0.7,1.4,0.3333333333333333,0.6,0.4,102,11.0,0.0,0.6,2.4,D,2.0
2021-08-05,2021-22,Apertura,3,False,Querétaro,León,0.0,1.0,0.0,1.0,footballcsv,968,1448.565501895467,1602.102525240054,-153.53702334458717,0,0,5,4.0,16.0,5,0,0,6,4.0,20.0,6,0.0,2.0,1.0,6.0,-5.0,0.3333333333333333,2.0,1.0,5.0,3.0,8.0,-5.0,0.6,1.6,3.0,12.0,7.0,13.0,-6.0,0.7,1.3,0.3333333333333333,0.4,0.4,103,3.0,0.6,0.8,0.4,1.0,4.0,4.0,7.0,-3.0,1.3333333333333333,2.3333333333333335,2.0,7.0,9.0,12.0,-3.0,1.8,2.4,7.0,22.0,21.0,16.0,5.0,2.1,1.6,0.0,0.0,0.1,113,5.0,0.4,1.8,2.2,A,1.0
2021-08-06,2021-22,Apertura,3,False,Mazatlán FC,Monterrey,1.0,1.0,1.0,1.0,footballcsv,969,1489.0365358739289,1555.2564715122746,-66.21993563834576,0,0,2,1.0,3.0,2,0,0,2,1.0,3.0,2,2.0,6.0,4.0,2.0,2.0,1.3333333333333333,0.6666666666666666,3.0,10.0,8.0,5.0,3.0,1.6,1.0,5.0,17.0,15.0,13.0,2.0,1.5,1.3,0.3333333333333333,0.4,0.2,36,7.0,0.4,1.4,1.2,1.0,5.0,4.0,2.0,2.0,1.3333333333333333,0.6666666666666666,2.0,8.0,6.0,4.0,2.0,1.2,0.8,4.0,14.0,12.0,10.0,2.0,1.2,1.0,0.3333333333333333,0.4,0.3,115,6.0,0.4,2.0,1.4,D,2.0
2021-08-06,2021-22,Apertura,3,False,Necaxa,Cruz Azul,1.0,2.0,1.0,1.0,footballcsv,970,1430.5930623159745,1626.8575898832084,-196.26452756723393,1,1,3,3.0,7.0,5,1,1,3,3.0,7.0,5,0.0,0.0,2.0,10.0,-8.0,0.6666666666666666,3.3333333333333335,0.0,1.0,2.0,11.0,-9.0,0.4,2.2,1.0,4.0,6.0,20.0,-14.0,0.6,2.0,0.0,0.2,0.2,105,6.0,0.2,0.4,1.8,0.0,2.0,2.0,4.0,-2.0,0.6666666666666666,1.3333333333333333,2.0,8.0,4.0,4.0,0.0,0.8,0.8,4.0,16.0,12.0,10.0,2.0,1.2,1.0,0.0,0.4,0.3,116,5.0,0.2,0.8,0.8,A,3.0
2021-08-06,2021-22,Apertura,3,False,Tijuana,Toluca,0.0,2.0,0.0,1.0,footballcsv,971,1426.0214040195951,1510.738144717404,-84.71674069780897,2,1,2,6.0,7.0,5,2,1,3,6.0,10.0,6,0.0,1.0,3.0,5.0,-2.0,1.0,1.6666666666666667,1.0,4.0,4.0,7.0,-3.0,0.8,1.4,2.0,7.0,10.0,15.0,-5.0,1.0,1.5,0.0,0.2,0.1,100,6.0,0.4,1.4,1.4,2.0,6.0,7.0,5.0,2.0,2.3333333333333335,1.6666666666666667,3.0,10.0,11.0,8.0,3.0,2.2,1.6,4.0,13.0,17.0,17.0,0.0,1.7,1.7,0.0,0.0,0.0,104,5.0,0.2,1.4,2.0,A,2.0
2021-08-07,2021-22,Apertura,3,False,América,Puebla,2.0,0.0,1.0,0.0,footballcsv,972,1629.3228668866186,1513.0047236794894,116.3181432071292,5,0,0,8.0,2.0,5,6,0,0,11.0,4.0,6,2.0,7.0,6.0,3.0,3.0,2.0,1.0,3.0,10.0,8.0,6.0,2.0,1.6,1.2,6.0,20.0,16.0,12.0,4.0,1.6,1.2,0.3333333333333333,0.4,0.3,117,7.0,0.8,2.2,1.2,1.0,4.0,2.0,3.0,-1.0,0.6666666666666666,1.0,2.0,7.0,3.0,6.0,-3.0,0.6,1.2,4.0,15.0,10.0,9.0,1.0,1.0,0.9,0.3333333333333333,0.4,0.4,105,8.0,0.2,1.0,1.2,H,2.0
2021-08-07,2021-22,Apertura,3,False,Tigres UANL,Santos Laguna,1.0,1.0,0.0,1.0,footballcsv,973,1556.2919433716063,1570.06265679386,-13.77071342225372,3,0,2,9.0,5.0,5,3,0,3,10.0,8.0,6,1.0,3.0,3.0,5.0,-2.0,1.0,1.6666666666666667,2.0,7.0,5.0,6.0,-1.0,1.0,1.2,4.0,14.0,10.0,12.0,-2.0,1.0,1.2,0.0,0.2,0.3,112,6.0,0.4,1.4,1.8,1.0,5.0,5.0,2.0,3.0,1.6666666666666667,0.6666666666666666,1.0,5.0,5.0,4.0,1.0,1.0,0.8,4.0,16.0,16.0,6.0,10.0,1.6,0.6,0.3333333333333333,0.2,0.4,110,6.0,0.2,1.0,0.8,D,2.0
2021-08-07,2021-22,Apertura,3,False,Guadalajara,FC Juárez,2.0,2.0,1.0,1.0,footballcsv,974,1534.836366543881,1415.5164285252058,119.3199380186752,3,0,1,7.0,3.0,4,3,0,1,7.0,3.0,4,1.0,3.0,5.0,6.0,-1.0,1.6666666666666667,2.0,2.0,7.0,6.0,6.0,0.0,1.2,1.2,4.0,14.0,11.0,12.0,-1.0,1.1,1.2,0.3333333333333333,0.6,0.4,104,8.0,0.2,0.8,1.2,1.0,3.0,2.0,5.0,-3.0,0.6666666666666666,1.6666666666666667,1.0,3.0,2.0,8.0,-6.0,0.4,1.6,2.0,7.0,7.0,15.0,-8.0,0.7,1.5,0.3333333333333333,0.2,0.1,64,7.0,0.0,0.0,1.6,D,4.0
2021-08-08,2021-22,Apertura,3,False,Pumas UNAM,Atlético San Luis,1.0,3.0,1.0,2.0,footballcsv,975,1516.9324024257787,1390.3966016754027,126.53580075037598,4,0,0,10.0,0.0,4,4,0,0,10.0,0.0,4,0.0,1.0,0.0,3.0,-3.0,0.0,1.0,0.0,3.0,0.0,3.0,-3.0,0.0,0.6,2.0,11.0,5.0,7.0,-2.0,0.5,0.7,0.3333333333333333,0.6,0.5,108,8.0,0.0,0.4,0.8,1.0,4.0,4.0,7.0,-3.0,1.3333333333333333,2.3333333333333335,1.0,4.0,7.0,14.0,-7.0,1.4,2.8,1.0,5.0,9.0,21.0,-12.0,0.9,2.1,0.0,0.0,0.1,64,6.0,0.2,1.2,2.0,A,4.0
2021-08-09,2021-22,Apertura,3,False,Pachuca,Atlas,0.0,1.0,0.0,1.0,footballcsv,976,1567.1039394712134,1474.213050955483,92.89088851573047,4,0,1,7.0,2.0,5,4,1,1,7.0,2.0,6,1.0,3.0,5.0,3.0,2.0,1.6666666666666667,1.0,1.0,4.0,7.0,7.0,0.0,1.4,1.4,6.0,19.0,21.0,11.0,10.0,2.1,1.1,0.3333333333333333,0.4,0.4,108,10.0,0.8,2.4,0.6,1.0,4.0,2.0,1.0,1.0,0.6666666666666666,0.3333333333333333,3.0,10.0,4.0,1.0,3.0,0.8,0.2,5.0,17.0,11.0,6.0,5.0,1.1,0.6,0.6666666666666666,0.8,0.6,100,9.0,0.2,1.4,1.0,A,1.0
2021-08-12,2021-22,Apertura,4,False,Atlético San Luis,Necaxa,0.0,2.0,0.0,1.0,footballcsv,977,1407.2393623207192,1426.1338967296551,-18.894534408935897,1,1,2,3.0,5.0,4,1,1,2,3.0,5.0,4,2.0,7.0,6.0,3.0,3.0,2.0,1.0,2.0,7.0,9.0,11.0,-2.0,1.8,2.2,2.0,7.0,12.0,22.0,-10.0,1.2,2.2,0.0,0.0,0.0,65,4.0,0.0,0.6,2.2,0.0,0.0,2.0,7.0,-5.0,0.6666666666666666,2.3333333333333335,0.0,0.0,3.0,13.0,-10.0,0.6,2.6,1.0,4.0,6.0,19.0,-13.0,0.6,1.9,0.0,0.0,0.2,106,6.0,0.0,0.8,2.2,A,2.0
2021-08-13,2021-22,Apertura,4,False,Puebla,Tigres UANL,1.0,1.0,1.0,0.0,footballcsv,979,1508.0798291585388,1554.4084695902188,-46.328640431680014,1,3,1,4.0,4.0,5,1,3,2,5.0,10.0,6,0.0,1.0,1.0,5.0,-4.0,0.3333333333333333,1.6666666666666667,1.0,4.0,2.0,8.0,-6.0,0.4,1.6,3.0,12.0,7.0,10.0,-3.0,0.7,1.0,0.0,0.2,0.4,106,6.0,0.6,1.0,0.6,1.0,4.0,4.0,5.0,-1.0,1.3333333333333333,1.6666666666666667,1.0,5.0,4.0,6.0,-2.0,0.8,1.2,4.0,15.0,11.0,12.0,-1.0,1.1,1.2,0.0,0.2,0.3,113,6.0,0.2,0.6,1.0,D,2.0
2021-08-13,2021-22,Apertura,4,False,FC Juárez,Tijuana,1.0,1.0,1.0,1.0,footballcsv,978,1420.6970612178575,1415.2076026568104,5.4894585610470585,1,1,1,4.0,2.0,3,1,1,1,4.0,2.0,3,0.0,1.0,3.0,7.0,-4.0,1.0,2.3333333333333335,1.0,4.0,4.0,8.0,-4.0,0.8,1.6,2.0,7.0,8.0,16.0,-8.0,0.8,1.6,0.0,0.2,0.1,65,6.0,0.4,1.2,1.6,0.0,0.0,2.0,6.0,-4.0,0.6666666666666666,2.0,1.0,4.0,4.0,7.0,-3.0,0.8,1.4,2.0,7.0,9.0,15.0,-6.0,0.9,1.5,0.0,0.2,0.1,101,7.0,0.0,0.6,1.6,D,2.0
2021-08-14,2021-22,Apertura,4,False,Cruz Azul,Toluca,4.0,0.0,3.0,0.0,footballcsv,980,1631.3167554695278,1521.5519460801888,109.764809389339,2,1,2,10.0,10.0,5,3,3,2,13.0,12.0,8,1.0,4.0,3.0,4.0,-1.0,1.0,1.3333333333333333,2.0,8.0,5.0,5.0,0.0,1.0,1.0,4.0,16.0,11.0,9.0,2.0,1.1,0.9,0.0,0.2,0.3,117,8.0,0.4,1.2,1.0,3.0,9.0,8.0,2.0,6.0,2.6666666666666665,0.6666666666666666,4.0,12.0,11.0,6.0,5.0,2.2,1.2,5.0,16.0,18.0,15.0,3.0,1.8,1.5,0.3333333333333333,0.2,0.1,105,8.0,0.4,1.6,1.4,H,4.0
2021-08-14,2021-22,Apertura,4,False,Monterrey,Pachuca,3.0,1.0,1.0,0.0,footballcsv,981,1555.6528858035415,1556.9823039502348,-1.3294181466933424,3,1,1,10.0,4.0,5,3,1,1,10.0,4.0,5,1.0,5.0,4.0,2.0,2.0,1.3333333333333333,0.6666666666666666,1.0,6.0,6.0,5.0,1.0,1.2,1.0,3.0,12.0,11.0,11.0,0.0,1.1,1.1,0.3333333333333333,0.2,0.2,116,8.0,0.4,1.2,0.8,1.0,3.0,5.0,3.0,2.0,1.6666666666666667,1.0,1.0,4.0,5.0,4.0,1.0,1.0,0.8,5.0,16.0,20.0,12.0,8.0,2.0,1.2,0.3333333333333333,0.4,0.3,109,5.0,0.4,1.8,1.6,H,4.0
2021-08-14,2021-22,Apertura,4,False,Pumas UNAM,Querétaro,0.0,0.0,0.0,0.0,footballcsv,982,1500.0896417804622,1443.25703960134,56.832602179122205,2,0,3,5.0,8.0,5,2,0,3,5.0,8.0,5,0.0,1.0,1.0,5.0,-4.0,0.3333333333333333,1.6666666666666667,0.0,2.0,1.0,6.0,-5.0,0.2,1.2,2.0,11.0,6.0,9.0,-3.0,0.6,0.9,0.3333333333333333,0.4,0.5,109,6.0,0.0,0.6,1.2,0.0,2.0,1.0,2.0,-1.0,0.3333333333333333,0.6666666666666666,0.0,2.0,2.0,9.0,-7.0,0.4,1.8,2.0,9.0,5.0,13.0,-8.0,0.5,1.3,0.3333333333333333,0.2,0.4,104,9.0,0.0,0.6,2.2,D,0.0
2021-08-14,2021-22,Apertura,4,False,León,Mazatlán FC,3.0,0.0,1.0,0.0,footballcsv,983,1607.410987534181,1488.640121582662,118.770865951519,1,0,1,5.0,5.0,2,1,0,1,5.0,5.0,2,2.0,6.0,3.0,5.0,-2.0,1.0,1.6666666666666667,3.0,10.0,7.0,8.0,-1.0,1.4,1.6,7.0,22.0,19.0,15.0,4.0,1.9,1.5,0.3333333333333333,0.2,0.2,114,9.0,0.8,2.0,1.0,2.0,7.0,5.0,2.0,3.0,1.6666666666666667,0.6666666666666666,3.0,10.0,9.0,6.0,3.0,1.8,1.2,5.0,17.0,15.0,13.0,2.0,1.5,1.3,0.3333333333333333,0.2,0.2,37,8.0,0.6,1.6,1.4,H,3.0
2021-08-15,2021-22,Apertura,4,False,Santos Laguna,Guadalajara,0.0,0.0,0.0,0.0,footballcsv,984,1571.9461305752475,1529.6557338512293,42.29039672401814,4,1,0,9.0,2.0,5,4,1,0,9.0,2.0,5,1.0,5.0,5.0,2.0,3.0,1.6666666666666667,0.6666666666666666,1.0,6.0,6.0,4.0,2.0,1.2,0.8,4.0,16.0,17.0,7.0,10.0,1.7,0.7,0.3333333333333333,0.2,0.3,111,8.0,0.6,2.2,0.6,1.0,4.0,5.0,4.0,1.0,1.6666666666666667,1.3333333333333333,1.0,5.0,7.0,8.0,-1.0,1.4,1.6,4.0,15.0,13.0,11.0,2.0,1.3,1.1,0.3333333333333333,0.4,0.4,105,8.0,0.6,1.4,1.2,D,0.0
2021-08-15,2021-22,Apertura,4,False,Atlas,América,0.0,1.0,0.0,0.0,footballcsv,985,1484.3346864764615,1634.2477614075692,-149.91307493110776,1,0,4,4.0,8.0,5,1,0,4,4.0,8.0,5,2.0,7.0,3.0,0.0,3.0,1.0,0.0,3.0,10.0,4.0,1.0,3.0,0.8,0.2,5.0,17.0,11.0,6.0,5.0,1.1,0.6,1.0,0.8,0.6,101,6.0,0.6,1.0,0.8,2.0,7.0,4.0,1.0,3.0,1.3333333333333333,0.3333333333333333,3.0,10.0,9.0,6.0,3.0,1.8,1.2,6.0,20.0,17.0,12.0,5.0,1.7,1.2,0.6666666666666666,0.4,0.3,118,8.0,0.4,1.2,1.4,A,1.0
2021-08-17,2021-22,Apertura,5,False,Necaxa,Pumas UNAM,3.0,0.0,1.0,0.0,footballcsv,987,1439.0325324179473,1496.3430178395429,-57.31048542159556,1,1,3,6.0,10.0,5,1,1,3,6.0,10.0,5,1.0,3.0,4.0,4.0,0.0,1.3333333333333333,1.3333333333333333,1.0,3.0,5.0,12.0,-7.0,1.0,2.4,2.0,7.0,7.0,16.0,-9.0,0.7,1.6,0.3333333333333333,0.2,0.3,107,5.0,0.0,0.4,2.2,0.0,1.0,1.0,5.0,-4.0,0.3333333333333333,1.6666666666666667,0.0,2.0,1.0,6.0,-5.0,0.2,1.2,2.0,11.0,5.0,8.0,-3.0,0.5,0.8,0.3333333333333333,0.4,0.6,110,3.0,0.4,0.6,0.6,H,3.0
2021-08-17,2021-22,Apertura,5,False,Tigres UANL,Querétaro,3.0,0.0,1.0,0.0,footballcsv,986,1555.3745864233679,1447.0036635422593,108.37092288110853,4,1,0,10.0,1.0,5,4,1,0,10.0,1.0,5,0.0,2.0,3.0,5.0,-2.0,1.0,1.6666666666666667,1.0,5.0,5.0,7.0,-2.0,1.0,1.4,3.0,13.0,11.0,13.0,-2.0,1.1,1.3,0.0,0.0,0.2,114,4.0,0.2,1.0,1.6,0.0,2.0,1.0,2.0,-1.0,0.3333333333333333,0.6666666666666666,0.0,3.0,1.0,7.0,-6.0,0.2,1.4,2.0,10.0,4.0,10.0,-6.0,0.4,1.0,0.3333333333333333,0.4,0.5,105,3.0,0.0,0.4,1.6,H,3.0
2021-08-17,2021-22,Apertura,5,False,Tijuana,Puebla,1.0,1.0,1.0,0.0,footballcsv,988,1417.619702431889,1507.1137123253898,-89.49400989350079,4,0,1,9.0,2.0,5,4,1,1,9.0,2.0,6,0.0,1.0,2.0,5.0,-3.0,0.6666666666666666,1.6666666666666667,0.0,2.0,4.0,8.0,-4.0,0.8,1.6,2.0,8.0,10.0,15.0,-5.0,1.0,1.5,0.0,0.0,0.1,102,4.0,0.4,1.4,1.6,0.0,1.0,1.0,5.0,-4.0,0.3333333333333333,1.6666666666666667,1.0,5.0,3.0,6.0,-3.0,0.6,1.2,2.0,10.0,4.0,10.0,-6.0,0.4,1.0,0.0,0.2,0.4,107,4.0,0.0,0.2,1.4,D,2.0
2021-08-17,2021-22,Apertura,5,False,Toluca,Mazatlán FC,2.0,2.0,2.0,2.0,footballcsv,989,1514.1090477192931,1482.4979646296952,31.61108308959797,1,0,1,5.0,3.0,2,1,0,1,5.0,3.0,2,2.0,6.0,5.0,5.0,0.0,1.6666666666666667,1.6666666666666667,3.0,9.0,9.0,9.0,0.0,1.8,1.8,5.0,16.0,17.0,17.0,0.0,1.7,1.7,0.3333333333333333,0.2,0.1,106,3.0,0.6,2.6,1.8,1.0,4.0,3.0,5.0,-2.0,1.0,1.6666666666666667,2.0,7.0,5.0,6.0,-1.0,1.0,1.2,4.0,14.0,13.0,15.0,-2.0,1.3,1.5,0.0,0.2,0.2,38,3.0,0.4,1.2,1.8,D,4.0
2021-08-18,2021-22,Apertura,5,False,FC Juárez,América,1.0,2.0,1.0,1.0,footballcsv,990,1418.284961442779,1639.6318670444332,-221.34690560165427,1,2,1,5.0,5.0,4,1,2,1,5.0,5.0,4,0.0,2.0,3.0,5.0,-2.0,1.0,1.6666666666666667,1.0,5.0,5.0,8.0,-3.0,1.0,1.6,2.0,8.0,9.0,16.0,-7.0,0.9,1.6,0.0,0.2,0.1,66,5.0,0.4,1.4,1.6,3.0,9.0,5.0,1.0,4.0,1.6666666666666667,0.3333333333333333,4.0,13.0,9.0,3.0,6.0,1.8,0.6,6.0,20.0,16.0,11.0,5.0,1.6,1.1,0.6666666666666666,0.6,0.4,119,3.0,0.4,0.8,1.2,A,3.0
2021-08-18,2021-22,Apertura,5,False,Guadalajara,León,0.0,3.0,0.0,1.0,footballcsv,991,1533.037037736675,1613.5531444871478,-80.51610675047277,2,2,1,6.0,3.0,5,4,2,2,12.0,8.0,8,1.0,5.0,4.0,2.0,2.0,1.3333333333333333,0.6666666666666666,1.0,5.0,7.0,8.0,-1.0,1.4,1.6,4.0,15.0,12.0,10.0,2.0,1.2,1.0,0.6666666666666666,0.4,0.5,106,3.0,0.2,1.2,1.0,3.0,9.0,6.0,1.0,5.0,2.0,0.3333333333333333,3.0,10.0,8.0,7.0,1.0,1.6,1.4,7.0,22.0,20.0,14.0,6.0,2.0,1.4,0.6666666666666666,0.4,0.3,115,4.0,0.6,1.8,2.0,A,3.0
2021-08-18,2021-22,Apertura,5,False,Santos Laguna,Atlas,1.0,1.0,0.0,1.0,footballcsv,992,1568.5648266898017,1478.9505808395975,89.61424585020427,2,2,1,4.0,3.0,5,3,2,1,7.0,4.0,6,0.0,3.0,2.0,2.0,0.0,0.6666666666666666,0.6666666666666666,1.0,7.0,6.0,3.0,3.0,1.2,0.6,3.0,14.0,12.0,7.0,5.0,1.2,0.7,0.3333333333333333,0.4,0.3,112,3.0,0.4,1.2,0.6,2.0,6.0,3.0,1.0,2.0,1.0,0.3333333333333333,2.0,7.0,3.0,2.0,1.0,0.6,0.4,5.0,17.0,10.0,4.0,6.0,1.0,0.4,0.6666666666666666,0.6,0.6,102,3.0,0.4,1.2,0.4,D,2.0
2021-08-18,2021-22,Apertura,5,False,Cruz Azul,Monterrey,1.0,1.0,0.0,0.0,footballcsv,993,1638.7596538304235,1563.8982102708558,74.86144355956776,2,2,1,5.0,4.0,5,3,2,2,7.0,6.0,7,2.0,7.0,7.0,2.0,5.0,2.3333333333333335,0.6666666666666666,2.0,8.0,8.0,5.0,3.0,1.6,1.0,5.0,18.0,14.0,8.0,6.0,1.4,0.8,0.3333333333333333,0.2,0.4,118,4.0,0.6,1.8,0.8,2.0,7.0,6.0,2.0,4.0,2.0,0.6666666666666666,2.0,9.0,8.0,4.0,4.0,1.6,0.8,3.0,12.0,12.0,11.0,1.0,1.2,1.1,0.3333333333333333,0.2,0.2,117,4.0,0.2,1.0,1.4,D,2.0
2021-08-20,2021-22,Apertura,6,False,Mazatlán FC,Tigres UANL,0.0,3.0,0.0,0.0,footballcsv,994,1485.604264452381,1561.8279112511243,-76.2236467987434,1,1,0,3.0,2.0,2,1,1,0,3.0,2.0,2,0.0,2.0,3.0,6.0,-3.0,1.0,2.0,2.0,8.0,7.0,7.0,0.0,1.4,1.4,4.0,15.0,15.0,16.0,-1.0,1.5,1.6,0.0,0.2,0.2,39,3.0,0.4,1.4,1.2,1.0,5.0,5.0,2.0,3.0,1.6666666666666667,0.6666666666666666,2.0,8.0,8.0,6.0,2.0,1.6,1.2,4.0,16.0,13.0,10.0,3.0,1.3,1.0,0.3333333333333333,0.2,0.3,115,3.0,0.2,0.8,1.2,A,3.0
2021-08-21,2021-22,Apertura,6,False,Atlético San Luis,Cruz Azul,0.0,0.0,0.0,0.0,footballcsv,998,1394.340726632427,1634.575850580884,-240.23512394845693,1,0,3,6.0,10.0,4,1,0,3,6.0,10.0,4,1.0,4.0,4.0,4.0,0.0,1.3333333333333333,1.3333333333333333,2.0,7.0,7.0,10.0,-3.0,1.4,2.0,2.0,7.0,11.0,22.0,-11.0,1.1,2.2,0.0,0.0,0.0,66,9.0,0.0,0.6,2.6,2.0,7.0,7.0,2.0,5.0,2.3333333333333335,0.6666666666666666,2.0,8.0,8.0,5.0,3.0,1.6,1.0,5.0,19.0,14.0,7.0,7.0,1.4,0.7,0.3333333333333333,0.2,0.4,119,3.0,0.4,1.0,0.8,D,0.0
2021-08-21,2021-22,Apertura,6,False,Monterrey,Guadalajara,0.0,0.0,0.0,0.0,footballcsv,997,1568.0820135203953,1519.1979337319185,48.88407978847681,1,2,2,6.0,7.0,5,1,2,3,8.0,11.0,6,1.0,5.0,5.0,3.0,2.0,1.6666666666666667,1.0,2.0,9.0,8.0,4.0,4.0,1.6,0.8,3.0,13.0,13.0,11.0,2.0,1.3,1.1,0.0,0.2,0.2,118,3.0,0.6,1.6,0.6,0.0,2.0,2.0,5.0,-3.0,0.6666666666666666,1.6666666666666667,1.0,5.0,5.0,7.0,-2.0,1.0,1.4,4.0,15.0,12.0,12.0,0.0,1.2,1.2,0.3333333333333333,0.4,0.5,107,3.0,0.6,1.4,1.0,D,0.0
2021-08-21,2021-22,Apertura,6,False,León,Santos Laguna,1.0,1.0,0.0,1.0,footballcsv,995,1627.3922484919044,1564.0370475215495,63.35520097035487,3,1,1,11.0,7.0,5,3,1,2,11.0,10.0,6,3.0,9.0,7.0,0.0,7.0,2.3333333333333335,0.0,4.0,12.0,9.0,5.0,4.0,1.8,1.0,7.0,22.0,21.0,13.0,8.0,2.1,1.3,1.0,0.6,0.4,116,3.0,0.8,2.2,0.8,0.0,3.0,2.0,2.0,0.0,0.6666666666666666,0.6666666666666666,1.0,7.0,6.0,3.0,3.0,1.2,0.6,2.0,12.0,11.0,7.0,4.0,1.1,0.7,0.3333333333333333,0.4,0.3,113,3.0,0.2,1.2,0.8,D,2.0
2021-08-21,2021-22,Apertura,6,False,Atlas,Toluca,0.0,0.0,0.0,0.0,footballcsv,996,1483.4783600078497,1511.0027478966074,-27.5243878887577,1,1,3,4.0,7.0,5,2,1,3,6.0,7.0,6,1.0,4.0,2.0,2.0,0.0,0.6666666666666666,0.6666666666666666,2.0,8.0,4.0,2.0,2.0,0.8,0.4,5.0,17.0,11.0,5.0,6.0,1.1,0.5,0.3333333333333333,0.6,0.5,103,3.0,0.6,0.8,0.4,1.0,4.0,4.0,6.0,-2.0,1.3333333333333333,2.0,3.0,10.0,10.0,8.0,2.0,2.0,1.6,5.0,17.0,18.0,16.0,2.0,1.8,1.6,0.3333333333333333,0.2,0.1,107,4.0,0.4,1.6,2.0,D,0.0
2021-08-22,2021-22,Apertura,6,False,Querétaro,Pachuca,0.0,2.0,0.0,1.0,footballcsv,999,1440.550338714503,1548.7369794829206,-108.18664076841765,2,1,2,6.0,7.0,5,3,1,2,7.0,7.0,6,0.0,1.0,0.0,4.0,-4.0,0.0,1.3333333333333333,0.0,3.0,1.0,5.0,-4.0,0.2,1.0,2.0,10.0,4.0,12.0,-8.0,0.4,1.2,0.3333333333333333,0.4,0.5,106,5.0,0.4,0.4,0.4,0.0,0.0,2.0,6.0,-4.0,0.6666666666666666,2.0,1.0,3.0,6.0,7.0,-1.0,1.2,1.4,4.0,13.0,20.0,15.0,5.0,2.0,1.5,0.0,0.2,0.2,110,8.0,0.2,1.8,2.2,A,2.0
2021-08-22,2021-22,Apertura,6,False,América,Tijuana,2.0,0.0,0.0,0.0,footballcsv,1000,1643.6323134643583,1417.8928940078372,225.7394194565211,3,1,1,11.0,4.0,5,4,1,1,14.0,4.0,6,3.0,9.0,5.0,1.0,4.0,1.6666666666666667,0.3333333333333333,4.0,13.0,7.0,2.0,5.0,1.4,0.4,6.0,20.0,15.0,11.0,4.0,1.5,1.1,0.6666666666666666,0.6,0.4,120,4.0,0.8,2.2,1.0,0.0,2.0,2.0,4.0,-2.0,0.6666666666666666,1.3333333333333333,0.0,2.0,4.0,8.0,-4.0,0.8,1.6,1.0,6.0,8.0,15.0,-7.0,0.8,1.5,0.0,0.0,0.1,103,5.0,0.0,0.6,1.4,H,2.0
2021-08-22,2021-22,Apertura,6,False,Pumas UNAM,Puebla,2.0,0.0,0.0,0.0,footballcsv,1001,1483.5164044474552,1506.8405207494416,-23.32411630198635,1,3,1,7.0,5.0,5,1,3,1,7.0,5.0,5,0.0,1.0,1.0,6.0,-5.0,0.3333333333333333,2.0,0.0,2.0,1.0,8.0,-7.0,0.2,1.6,1.0,8.0,4.0,11.0,-7.0,0.4,1.1,0.3333333333333333,0.4,0.5,111,5.0,0.0,0.2,0.8,0.0,2.0,2.0,4.0,-2.0,0.6666666666666666,1.3333333333333333,0.0,3.0,3.0,7.0,-4.0,0.6,1.4,2.0,10.0,5.0,11.0,-6.0,0.5,1.1,0.0,0.0,0.3,108,5.0,0.0,0.4,1.6,H,2.0
2021-08-22,2021-22,Apertura,6,False,Necaxa,FC Juárez,1.0,0.0,0.0,0.0,footballcsv,1002,1451.859145810035,1414.2845150228538,37.57463078718115,1,1,2,2.0,3.0,4,1,1,2,2.0,3.0,4,2.0,6.0,6.0,2.0,4.0,2.0,0.6666666666666666,2.0,6.0,7.0,7.0,0.0,1.4,1.4,2.0,7.0,9.0,16.0,-7.0,0.9,1.6,0.6666666666666666,0.4,0.3,108,5.0,0.2,1.0,2.0,0.0,2.0,4.0,5.0,-1.0,1.3333333333333333,1.6666666666666667,0.0,2.0,5.0,10.0,-5.0,1.0,2.0,2.0,8.0,10.0,17.0,-7.0,1.0,1.7,0.0,0.0,0.1,67,4.0,0.0,0.4,1.6,H,1.0
2021-08-27,2021-22,Apertura,7,False,Mazatlán FC,Atlético San Luis,2.0,2.0,1.0,1.0,footballcsv,1003,1471.5906474151761,1398.6512932199842,72.93935419519198,1,0,1,5.0,3.0,2,1,0,1,5.0,3.0,2,0.0,1.0,2.0,8.0,-6.0,0.6666666666666666,2.6666666666666665,1.0,5.0,5.0,10.0,-5.0,1.0,2.0,4.0,15.0,14.0,16.0,-2.0,1.4,1.6,0.0,0.0,0.2,40,7.0,0.4,1.4,1.6,1.0,4.0,3.0,3.0,0.0,1.0,1.0,2.0,8.0,6.0,5.0,1.0,1.2,1.0,2.0,8.0,11.0,21.0,-10.0,1.1,2.1,0.3333333333333333,0.2,0.1,67,6.0,0.4,1.6,1.8,D,4.0
2021-08-27,2021-22,Apertura,7,False,Puebla,Querétaro,1.0,0.0,0.0,0.0,footballcsv,1004,1497.8620947412144,1430.5812689897602,67.28082575145413,1,3,1,6.0,6.0,5,2,3,1,7.0,6.0,6,0.0,2.0,2.0,4.0,-2.0,0.6666666666666666,1.3333333333333333,0.0,2.0,2.0,8.0,-6.0,0.4,1.6,2.0,9.0,5.0,13.0,-8.0,0.5,1.3,0.0,0.0,0.2,109,5.0,0.4,0.6,0.6,0.0,1.0,0.0,5.0,-5.0,0.0,1.6666666666666667,0.0,2.0,1.0,7.0,-6.0,0.2,1.4,1.0,7.0,3.0,14.0,-11.0,0.3,1.4,0.3333333333333333,0.2,0.4,107,5.0,0.0,0.4,2.2,H,1.0
2021-08-27,2021-22,Apertura,7,False,Tijuana,Monterrey,2.0,2.0,1.0,2.0,footballcsv,1005,1415.0610651085715,1564.5337179525654,-149.47265284399396,2,1,2,4.0,9.0,5,2,1,2,4.0,9.0,5,0.0,2.0,2.0,4.0,-2.0,0.6666666666666666,1.3333333333333333,0.0,2.0,3.0,8.0,-5.0,0.6,1.6,1.0,6.0,8.0,16.0,-8.0,0.8,1.6,0.0,0.0,0.1,104,5.0,0.2,1.0,1.6,1.0,5.0,4.0,2.0,2.0,1.3333333333333333,0.6666666666666666,2.0,9.0,7.0,3.0,4.0,1.4,0.6,3.0,14.0,12.0,9.0,3.0,1.2,0.9,0.3333333333333333,0.4,0.3,119,6.0,0.2,1.2,1.4,D,4.0
2021-08-28,2021-22,Apertura,7,False,León,América,1.0,1.0,1.0,1.0,footballcsv,1006,1623.4853877440626,1646.464142363624,-22.978754619561414,2,1,2,5.0,5.0,5,4,1,2,10.0,5.0,7,2.0,7.0,7.0,1.0,6.0,2.3333333333333335,0.3333333333333333,4.0,13.0,10.0,2.0,8.0,2.0,0.4,6.0,20.0,19.0,13.0,6.0,1.9,1.3,0.6666666666666666,0.6,0.4,117,7.0,0.6,2.0,1.0,3.0,9.0,5.0,1.0,4.0,1.6666666666666667,0.3333333333333333,5.0,15.0,9.0,2.0,7.0,1.8,0.4,7.0,22.0,16.0,10.0,6.0,1.6,1.0,0.6666666666666666,0.6,0.5,121,6.0,0.6,1.0,0.8,D,2.0
2021-08-28,2021-22,Apertura,7,False,Guadalajara,Necaxa,2.0,1.0,1.0,0.0,footballcsv,1007,1522.7462292997484,1456.2935901076746,66.45263919207378,2,2,1,9.0,8.0,5,3,2,1,10.0,8.0,6,0.0,2.0,0.0,3.0,-3.0,0.0,1.0,1.0,6.0,4.0,5.0,-1.0,0.8,1.0,3.0,13.0,10.0,12.0,-2.0,1.0,1.2,0.6666666666666666,0.6,0.5,108,7.0,0.2,1.0,1.4,3.0,9.0,6.0,0.0,6.0,2.0,0.0,3.0,9.0,8.0,4.0,4.0,1.6,0.8,3.0,10.0,9.0,14.0,-5.0,0.9,1.4,1.0,0.6,0.4,109,6.0,0.2,1.0,1.6,H,3.0
2021-08-28,2021-22,Apertura,7,False,Tigres UANL,Atlas,1.0,1.0,1.0,0.0,footballcsv,1008,1575.841528288329,1481.9793715717803,93.86215671654872,2,2,1,6.0,4.0,5,4,2,1,10.0,5.0,7,2.0,7.0,7.0,1.0,6.0,2.3333333333333335,0.3333333333333333,2.0,8.0,9.0,5.0,4.0,1.8,1.0,4.0,16.0,13.0,8.0,5.0,1.3,0.8,0.6666666666666666,0.4,0.4,116,8.0,0.4,1.6,1.4,0.0,2.0,1.0,2.0,-1.0,0.3333333333333333,0.6666666666666666,2.0,8.0,4.0,2.0,2.0,0.8,0.4,5.0,18.0,11.0,4.0,7.0,1.1,0.4,0.3333333333333333,0.6,0.6,104,7.0,0.4,1.4,0.6,D,2.0
2021-08-29,2021-22,Apertura,7,False,Toluca,Pumas UNAM,2.0,1.0,1.0,1.0,footballcsv,1010,1512.5017363326767,1492.4948304556824,20.006905876994324,1,1,3,6.0,8.0,5,1,1,4,6.0,9.0,6,0.0,2.0,2.0,6.0,-4.0,0.6666666666666666,2.0,2.0,8.0,7.0,7.0,0.0,1.4,1.4,4.0,15.0,15.0,15.0,0.0,1.5,1.5,0.3333333333333333,0.4,0.2,108,8.0,0.6,2.2,1.4,1.0,4.0,2.0,3.0,-1.0,0.6666666666666666,1.0,1.0,4.0,3.0,8.0,-5.0,0.6,1.6,2.0,10.0,4.0,9.0,-5.0,0.4,0.9,0.6666666666666666,0.4,0.6,112,7.0,0.4,0.4,1.0,H,3.0
2021-08-29,2021-22,Apertura,7,False,Santos Laguna,FC Juárez,2.0,0.0,0.0,0.0,footballcsv,1009,1567.9439082693914,1409.8500707252142,158.09383754417718,3,1,0,9.0,4.0,4,3,1,0,9.0,4.0,4,0.0,3.0,2.0,2.0,0.0,0.6666666666666666,0.6666666666666666,0.0,5.0,4.0,4.0,0.0,0.8,0.8,2.0,12.0,11.0,7.0,4.0,1.1,0.7,0.3333333333333333,0.2,0.3,114,8.0,0.2,1.0,0.6,0.0,1.0,2.0,4.0,-2.0,0.6666666666666666,1.3333333333333333,0.0,2.0,4.0,8.0,-4.0,0.8,1.6,1.0,5.0,8.0,17.0,-9.0,0.8,1.7,0.0,0.0,0.1,68,7.0,0.0,0.4,1.6,H,2.0
2021-08-29,2021-22,Apertura,7,False,Cruz Azul,Pachuca,1.0,1.0,0.0,1.0,footballcsv,1011,1630.2652839933269,1558.7060492076632,71.55923478566365,4,1,0,6.0,1.0,5,5,1,2,11.0,7.0,8,1.0,5.0,5.0,1.0,4.0,1.6666666666666667,0.3333333333333333,2.0,9.0,8.0,3.0,5.0,1.6,0.6,4.0,17.0,11.0,6.0,5.0,1.1,0.6,0.6666666666666666,0.4,0.5,120,8.0,0.4,1.4,0.8,1.0,3.0,3.0,4.0,-1.0,1.0,1.3333333333333333,2.0,6.0,8.0,6.0,2.0,1.6,1.2,4.0,13.0,17.0,14.0,3.0,1.7,1.4,0.3333333333333333,0.4,0.3,111,7.0,0.2,1.2,2.0,D,2.0
2021-09-10,2021-22,Apertura,8,False,Puebla,Atlético San Luis,2.0,2.0,0.0,1.0,footballcsv,1014,1501.7586122626312,1402.7893525899376,98.96925967269362,3,0,1,7.0,4.0,4,3,0,1,7.0,4.0,4,1.0,4.0,2.0,3.0,-1.0,0.6666666666666666,1.0,1.0,5.0,3.0,6.0,-3.0,0.6,1.2,3.0,12.0,6.0,12.0,-6.0,0.6,1.2,0.3333333333333333,0.2,0.3,110,14.0,0.6,0.8,0.6,0.0,2.0,2.0,4.0,-2.0,0.6666666666666666,1.3333333333333333,1.0,6.0,6.0,6.0,0.0,1.2,1.2,2.0,9.0,13.0,21.0,-8.0,1.3,2.1,0.3333333333333333,0.2,0.1,68,14.0,0.4,2.0,1.8,D,4.0
2021-09-10,2021-22,Apertura,8,False,FC Juárez,Cruz Azul,2.0,1.0,2.0,1.0,footballcsv,1012,1405.8346743974048,1626.160199695821,-220.3255252984161,0,0,3,2.0,6.0,3,0,0,3,2.0,6.0,3,0.0,0.0,1.0,5.0,-4.0,0.3333333333333333,1.6666666666666667,0.0,2.0,4.0,8.0,-4.0,0.8,1.6,1.0,5.0,6.0,16.0,-10.0,0.6,1.6,0.0,0.0,0.1,69,12.0,0.2,1.2,1.8,0.0,3.0,2.0,2.0,0.0,0.6666666666666666,0.6666666666666666,2.0,9.0,8.0,3.0,5.0,1.6,0.6,4.0,17.0,12.0,7.0,5.0,1.2,0.7,0.3333333333333333,0.4,0.4,121,12.0,0.4,0.8,0.4,H,3.0
2021-09-10,2021-22,Apertura,8,False,Tijuana,Santos Laguna,2.0,1.0,1.0,0.0,footballcsv,1013,1417.0344182110357,1571.9593045972008,-154.9248863861651,1,1,3,4.0,9.0,5,1,2,3,6.0,11.0,6,0.0,2.0,3.0,5.0,-2.0,1.0,1.6666666666666667,0.0,3.0,4.0,8.0,-4.0,0.8,1.6,1.0,7.0,8.0,15.0,-7.0,0.8,1.5,0.0,0.0,0.1,105,14.0,0.2,1.0,1.4,1.0,5.0,4.0,2.0,2.0,1.3333333333333333,0.6666666666666666,1.0,7.0,5.0,3.0,2.0,1.0,0.6,2.0,12.0,10.0,7.0,3.0,1.0,0.7,0.3333333333333333,0.4,0.3,115,12.0,0.2,1.2,0.8,H,3.0
2021-09-11,2021-22,Apertura,8,False,Atlas,Monterrey,2.0,1.0,0.0,1.0,footballcsv,1015,1486.6038103083463,1562.5603648501012,-75.95655454175494,1,1,3,4.0,8.0,5,1,1,3,4.0,8.0,5,0.0,3.0,2.0,2.0,0.0,0.6666666666666666,0.6666666666666666,1.0,6.0,3.0,3.0,0.0,0.6,0.6,4.0,16.0,7.0,4.0,3.0,0.7,0.4,0.3333333333333333,0.4,0.6,105,14.0,0.6,0.8,0.2,0.0,3.0,3.0,3.0,0.0,1.0,1.0,1.0,7.0,7.0,5.0,2.0,1.4,1.0,3.0,15.0,13.0,9.0,4.0,1.3,0.9,0.3333333333333333,0.2,0.3,120,15.0,0.0,1.2,1.6,H,3.0
2021-09-11,2021-22,Apertura,8,False,Tigres UANL,León,2.0,2.0,1.0,2.0,footballcsv,1016,1571.2170895517631,1621.8587628590578,-50.641673307294695,2,3,0,5.0,2.0,5,3,4,0,9.0,4.0,7,2.0,7.0,7.0,1.0,6.0,2.3333333333333335,0.3333333333333333,2.0,9.0,9.0,3.0,6.0,1.8,0.6,4.0,16.0,14.0,9.0,5.0,1.4,0.9,0.6666666666666666,0.4,0.3,117,14.0,0.4,1.6,1.2,1.0,5.0,5.0,2.0,3.0,1.6666666666666667,0.6666666666666666,3.0,11.0,9.0,2.0,7.0,1.8,0.4,5.0,18.0,18.0,14.0,4.0,1.8,1.4,0.3333333333333333,0.6,0.3,118,14.0,0.6,2.0,1.8,D,4.0
2021-09-11,2021-22,Apertura,8,False,América,Mazatlán FC,2.0,0.0,1.0,0.0,footballcsv,1017,1648.0907672486287,1467.4525880452227,180.63817920340603,2,0,0,4.0,1.0,2,2,0,0,4.0,1.0,2,2.0,7.0,5.0,2.0,3.0,1.6666666666666667,0.6666666666666666,4.0,13.0,8.0,2.0,6.0,1.6,0.4,7.0,23.0,16.0,8.0,8.0,1.6,0.8,0.3333333333333333,0.6,0.5,122,14.0,0.8,2.2,0.8,0.0,2.0,4.0,7.0,-3.0,1.3333333333333333,2.3333333333333335,0.0,3.0,5.0,11.0,-6.0,1.0,2.2,3.0,13.0,13.0,16.0,-3.0,1.3,1.6,0.0,0.0,0.2,41,15.0,0.4,1.4,1.6,H,2.0
2021-09-12,2021-22,Apertura,8,False,Pumas UNAM,Guadalajara,0.0,0.0,0.0,0.0,footballcsv,1018,1487.7221536435288,1526.6571445683476,-38.93499092481875,2,2,1,8.0,7.0,5,2,2,1,8.0,7.0,5,1.0,3.0,3.0,5.0,-2.0,1.0,1.6666666666666667,1.0,4.0,4.0,8.0,-4.0,0.8,1.6,1.0,7.0,4.0,11.0,-7.0,0.4,1.1,0.3333333333333333,0.4,0.5,113,14.0,0.2,0.6,0.8,1.0,4.0,2.0,4.0,-2.0,0.6666666666666666,1.3333333333333333,1.0,6.0,4.0,6.0,-2.0,0.8,1.2,3.0,13.0,10.0,12.0,-2.0,1.0,1.2,0.3333333333333333,0.4,0.5,109,15.0,0.4,1.0,0.8,D,0.0
2021-09-12,2021-22,Apertura,8,False,Querétaro,Necaxa,3.0,0.0,2.0,0.0,footballcsv,1019,1426.6847514683434,1452.3826748390754,-25.697923370732042,1,1,3,5.0,9.0,5,2,1,5,7.0,12.0,8,0.0,0.0,0.0,6.0,-6.0,0.0,2.0,0.0,1.0,0.0,7.0,-7.0,0.0,1.4,1.0,6.0,3.0,15.0,-12.0,0.3,1.5,0.0,0.2,0.3,108,16.0,0.4,0.4,0.6,2.0,6.0,5.0,2.0,3.0,1.6666666666666667,0.6666666666666666,3.0,9.0,8.0,4.0,4.0,1.6,0.8,3.0,10.0,10.0,15.0,-5.0,1.0,1.5,0.6666666666666666,0.6,0.4,110,15.0,0.2,1.0,1.4,H,3.0
2021-09-13,2021-22,Apertura,8,False,Pachuca,Toluca,1.0,2.0,1.0,1.0,footballcsv,1020,1562.8111335051692,1517.2744131448303,45.536720360338904,2,1,2,6.0,6.0,5,2,1,2,6.0,6.0,5,1.0,4.0,4.0,4.0,0.0,1.3333333333333333,1.3333333333333333,1.0,4.0,5.0,7.0,-2.0,1.0,1.4,3.0,11.0,14.0,13.0,1.0,1.4,1.3,0.3333333333333333,0.2,0.3,112,15.0,0.6,2.2,0.8,1.0,5.0,4.0,3.0,1.0,1.3333333333333333,1.0,2.0,8.0,6.0,7.0,-1.0,1.2,1.4,5.0,18.0,17.0,15.0,2.0,1.7,1.5,0.3333333333333333,0.4,0.2,109,15.0,0.4,1.2,1.6,A,3.0
2021-09-16,2021-22,Apertura,9,False,Atlético San Luis,Tijuana,4.0,1.0,3.0,1.0,footballcsv,1021,1407.528561773775,1425.4379212303495,-17.90935945657452,1,1,1,6.0,5.0,3,1,1,1,6.0,5.0,3,0.0,3.0,4.0,4.0,0.0,1.3333333333333333,1.3333333333333333,1.0,6.0,7.0,7.0,0.0,1.4,1.4,2.0,10.0,14.0,21.0,-7.0,1.4,2.1,0.3333333333333333,0.2,0.1,69,6.0,0.0,0.6,2.4,1.0,4.0,4.0,5.0,-1.0,1.3333333333333333,1.6666666666666667,1.0,6.0,6.0,7.0,-1.0,1.2,1.4,2.0,10.0,10.0,14.0,-4.0,1.0,1.4,0.0,0.0,0.1,106,6.0,0.0,0.6,1.6,H,5.0
2021-09-17,2021-22,Apertura,9,False,Necaxa,Atlas,0.0,3.0,0.0,2.0,footballcsv,1022,1440.9511159358678,1493.442049281202,-52.49093334533404,3,1,1,8.0,8.0,5,3,1,1,8.0,8.0,5,1.0,3.0,2.0,5.0,-3.0,0.6666666666666666,1.6666666666666667,3.0,9.0,7.0,5.0,2.0,1.4,1.0,3.0,9.0,10.0,18.0,-8.0,1.0,1.8,0.3333333333333333,0.6,0.3,111,5.0,0.4,1.2,2.0,1.0,5.0,3.0,2.0,1.0,1.0,0.6666666666666666,1.0,6.0,4.0,4.0,0.0,0.8,0.8,4.0,16.0,8.0,5.0,3.0,0.8,0.5,0.3333333333333333,0.2,0.5,106,6.0,0.2,0.6,0.6,A,3.0
2021-09-18,2021-22,Apertura,9,False,Toluca,América,3.0,1.0,2.0,1.0,footballcsv,1025,1526.6068045153058,1651.6734577058298,-125.066653190524,2,1,2,9.0,8.0,5,2,3,2,12.0,11.0,7,2.0,7.0,4.0,2.0,2.0,1.3333333333333333,0.6666666666666666,2.0,8.0,6.0,8.0,-2.0,1.2,1.6,6.0,20.0,17.0,14.0,3.0,1.7,1.4,0.3333333333333333,0.2,0.2,110,5.0,0.8,2.4,1.2,2.0,7.0,5.0,1.0,4.0,1.6666666666666667,0.3333333333333333,4.0,13.0,8.0,2.0,6.0,1.6,0.4,7.0,23.0,17.0,8.0,9.0,1.7,0.8,0.6666666666666666,0.6,0.5,123,7.0,0.4,1.0,1.0,H,4.0
2021-09-18,2021-22,Apertura,9,False,Mazatlán FC,Pumas UNAM,2.0,2.0,1.0,0.0,footballcsv,1026,1463.8698975880216,1486.5456810026712,-22.675783414649686,0,1,1,0.0,3.0,2,0,1,1,0.0,3.0,2,0.0,1.0,2.0,7.0,-5.0,0.6666666666666666,2.3333333333333335,0.0,2.0,4.0,12.0,-8.0,0.8,2.4,3.0,12.0,13.0,18.0,-5.0,1.3,1.8,0.0,0.0,0.1,42,7.0,0.4,1.8,2.0,1.0,4.0,3.0,2.0,1.0,1.0,0.6666666666666666,1.0,5.0,3.0,5.0,-2.0,0.6,1.0,1.0,7.0,4.0,11.0,-7.0,0.4,1.1,0.6666666666666666,0.6,0.5,114,6.0,0.2,0.4,1.4,D,4.0
2021-09-18,2021-22,Apertura,9,False,Guadalajara,Pachuca,1.0,0.0,0.0,0.0,footballcsv,1023,1527.8336172092052,1553.4787421346937,-25.645124925488517,0,3,2,5.0,9.0,5,0,3,4,7.0,15.0,7,1.0,5.0,2.0,1.0,1.0,0.6666666666666666,0.3333333333333333,1.0,6.0,2.0,4.0,-2.0,0.4,0.8,2.0,11.0,9.0,12.0,-3.0,0.9,1.2,0.6666666666666666,0.6,0.5,110,6.0,0.2,1.0,1.6,1.0,4.0,4.0,3.0,1.0,1.3333333333333333,1.0,1.0,4.0,5.0,7.0,-2.0,1.0,1.4,2.0,8.0,12.0,14.0,-2.0,1.2,1.4,0.3333333333333333,0.2,0.3,113,5.0,0.2,1.0,1.4,H,1.0
2021-09-18,2021-22,Apertura,9,False,León,FC Juárez,0.0,1.0,0.0,0.0,footballcsv,1024,1622.7017579796325,1415.4227845389992,207.2789734406333,3,1,0,9.0,2.0,4,3,1,0,9.0,2.0,4,0.0,3.0,4.0,4.0,0.0,1.3333333333333333,1.3333333333333333,2.0,9.0,10.0,4.0,6.0,2.0,0.8,5.0,19.0,17.0,12.0,5.0,1.7,1.2,0.0,0.4,0.3,119,7.0,0.4,1.8,1.0,1.0,3.0,2.0,4.0,-2.0,0.6666666666666666,1.3333333333333333,1.0,4.0,4.0,7.0,-3.0,0.8,1.4,2.0,8.0,8.0,15.0,-7.0,0.8,1.5,0.0,0.0,0.1,70,8.0,0.0,0.4,1.6,A,1.0
2021-09-19,2021-22,Apertura,9,False,Santos Laguna,Puebla,1.0,1.0,0.0,0.0,footballcsv,1028,1563.555801577887,1497.0194030787939,66.53639849909314,2,2,1,7.0,3.0,5,4,3,1,14.0,5.0,8,1.0,4.0,4.0,3.0,1.0,1.3333333333333333,1.0,1.0,6.0,5.0,4.0,1.0,1.0,0.8,2.0,12.0,11.0,8.0,3.0,1.1,0.8,0.3333333333333333,0.4,0.3,116,9.0,0.2,0.8,0.6,1.0,4.0,3.0,4.0,-1.0,1.0,1.3333333333333333,1.0,6.0,5.0,6.0,-1.0,1.0,1.2,2.0,10.0,7.0,14.0,-7.0,0.7,1.4,0.3333333333333333,0.2,0.2,111,9.0,0.0,0.4,1.8,D,2.0
2021-09-19,2021-22,Apertura,9,False,Cruz Azul,Querétaro,2.0,0.0,1.0,0.0,footballcsv,1029,1616.5720895542265,1438.116310371551,178.45577918267554,2,1,2,8.0,6.0,5,3,1,3,10.0,8.0,7,0.0,2.0,2.0,3.0,-1.0,0.6666666666666666,1.0,1.0,6.0,7.0,4.0,3.0,1.4,0.8,3.0,14.0,12.0,9.0,3.0,1.2,0.9,0.3333333333333333,0.4,0.3,122,9.0,0.2,1.4,1.0,1.0,3.0,3.0,3.0,0.0,1.0,1.0,1.0,4.0,3.0,6.0,-3.0,0.6,1.2,1.0,6.0,5.0,15.0,-10.0,0.5,1.5,0.3333333333333333,0.4,0.3,109,7.0,0.0,0.2,2.0,H,2.0
2021-09-19,2021-22,Apertura,9,False,Monterrey,Tigres UANL,2.0,0.0,1.0,0.0,footballcsv,1027,1555.7221258772456,1570.3740944311885,-14.65196855394288,1,0,4,2.0,7.0,5,1,2,4,3.0,8.0,7,0.0,2.0,3.0,4.0,-1.0,1.0,1.3333333333333333,1.0,6.0,7.0,6.0,1.0,1.4,1.2,2.0,12.0,13.0,11.0,2.0,1.3,1.1,0.3333333333333333,0.2,0.2,121,8.0,0.4,1.4,0.6,1.0,5.0,6.0,3.0,3.0,2.0,1.0,2.0,9.0,10.0,4.0,6.0,2.0,0.8,3.0,14.0,14.0,10.0,4.0,1.4,1.0,0.3333333333333333,0.4,0.3,118,8.0,0.4,1.4,1.2,H,2.0
2021-09-21,2021-22,Apertura,14,False,FC Juárez,Atlético San Luis,1.0,0.0,1.0,0.0,footballcsv,1030,1427.0592275638887,1418.6268565085304,8.432371055358317,2,1,1,7.0,4.0,4,2,1,1,7.0,4.0,4,2.0,6.0,3.0,3.0,0.0,1.0,1.0,2.0,6.0,4.0,6.0,-2.0,0.8,1.2,3.0,11.0,9.0,14.0,-5.0,0.9,1.4,0.3333333333333333,0.2,0.2,71,3.0,0.4,1.2,1.4,1.0,5.0,8.0,5.0,3.0,2.6666666666666665,1.6666666666666667,1.0,6.0,8.0,7.0,1.0,1.6,1.4,3.0,13.0,17.0,18.0,-1.0,1.7,1.8,0.0,0.2,0.1,70,5.0,0.4,2.2,1.8,H,1.0
2021-09-22,2021-22,Apertura,11,False,Monterrey,Toluca,2.0,0.0,1.0,0.0,footballcsv,1031,1564.4079312684964,1539.0100233996745,25.397907868821903,3,0,2,8.0,9.0,5,4,0,2,10.0,10.0,6,1.0,4.0,5.0,4.0,1.0,1.6666666666666667,1.3333333333333333,1.0,6.0,6.0,5.0,1.0,1.2,1.0,3.0,15.0,14.0,9.0,5.0,1.4,0.9,0.3333333333333333,0.4,0.3,122,3.0,0.6,1.6,0.4,3.0,9.0,7.0,3.0,4.0,2.3333333333333335,1.0,3.0,11.0,9.0,5.0,4.0,1.8,1.0,6.0,20.0,18.0,14.0,4.0,1.8,1.4,0.0,0.2,0.2,111,4.0,0.6,1.4,1.2,H,2.0
2021-09-23,2021-22,Apertura,10,False,Pachuca,Necaxa,1.0,0.0,1.0,0.0,footballcsv,1032,1547.7640997711026,1425.992827656899,121.77127211420361,2,2,1,12.0,8.0,5,2,2,1,12.0,8.0,5,0.0,1.0,2.0,4.0,-2.0,0.6666666666666666,1.3333333333333333,1.0,4.0,5.0,7.0,-2.0,1.0,1.4,2.0,8.0,10.0,11.0,-1.0,1.0,1.1,0.0,0.2,0.3,114,5.0,0.4,1.6,0.8,0.0,0.0,1.0,8.0,-7.0,0.3333333333333333,2.6666666666666665,2.0,6.0,5.0,8.0,-3.0,1.0,1.6,3.0,9.0,10.0,20.0,-10.0,1.0,2.0,0.0,0.4,0.3,112,6.0,0.2,0.8,1.6,H,1.0
2021-09-24,2021-22,Apertura,10,False,Tijuana,Mazatlán FC,0.0,0.0,0.0,0.0,footballcsv,1033,1414.339626495594,1462.2347844257774,-47.89515793018336,0,0,2,2.0,4.0,2,0,0,2,2.0,4.0,2,1.0,4.0,5.0,7.0,-2.0,1.6666666666666667,2.3333333333333335,1.0,5.0,6.0,10.0,-4.0,1.2,2.0,1.0,7.0,10.0,18.0,-8.0,1.0,1.8,0.0,0.0,0.0,107,8.0,0.2,1.2,1.6,0.0,2.0,4.0,6.0,-2.0,1.3333333333333333,2.0,0.0,3.0,6.0,11.0,-5.0,1.2,2.2,2.0,10.0,11.0,17.0,-6.0,1.1,1.7,0.0,0.0,0.1,43,6.0,0.2,0.8,1.6,D,0.0
2021-09-24,2021-22,Apertura,10,False,Puebla,Cruz Azul,1.0,1.0,1.0,1.0,footballcsv,1034,1501.0035716889934,1620.1949407366362,-119.19136904764287,1,3,1,4.0,6.0,5,1,3,1,4.0,6.0,5,1.0,5.0,4.0,3.0,1.0,1.3333333333333333,1.0,1.0,6.0,5.0,6.0,-1.0,1.0,1.2,2.0,11.0,8.0,12.0,-4.0,0.8,1.2,0.3333333333333333,0.2,0.2,112,5.0,0.4,1.0,1.0,1.0,4.0,4.0,3.0,1.0,1.3333333333333333,1.0,1.0,6.0,5.0,4.0,1.0,1.0,0.8,3.0,14.0,13.0,9.0,4.0,1.3,0.9,0.3333333333333333,0.4,0.3,123,5.0,0.4,1.0,0.8,D,2.0
2021-09-25,2021-22,Apertura,10,False,Atlas,León,2.0,0.0,1.0,0.0,footballcsv,1035,1508.4003375601708,1611.065314954743,-102.66497739457213,0,2,3,5.0,11.0,5,0,2,3,5.0,11.0,5,2.0,7.0,6.0,2.0,4.0,2.0,0.6666666666666666,2.0,9.0,7.0,3.0,4.0,1.4,0.6,4.0,16.0,10.0,5.0,5.0,1.0,0.5,0.3333333333333333,0.4,0.5,107,8.0,0.6,1.0,0.4,0.0,2.0,3.0,4.0,-1.0,1.0,1.3333333333333333,1.0,6.0,7.0,5.0,2.0,1.4,1.0,4.0,16.0,15.0,12.0,3.0,1.5,1.2,0.0,0.2,0.3,120,7.0,0.4,1.8,2.0,H,2.0
2021-09-25,2021-22,Apertura,10,False,América,Guadalajara,0.0,0.0,0.0,0.0,footballcsv,1036,1639.2702388214611,1533.5482595727963,105.72197924866487,3,0,2,9.0,4.0,5,4,1,2,12.0,5.0,7,1.0,4.0,4.0,4.0,0.0,1.3333333333333333,1.3333333333333333,3.0,10.0,8.0,5.0,3.0,1.6,1.0,7.0,23.0,17.0,8.0,9.0,1.7,0.8,0.3333333333333333,0.4,0.5,124,7.0,1.0,2.4,0.6,2.0,7.0,3.0,1.0,2.0,1.0,0.3333333333333333,2.0,8.0,3.0,4.0,-1.0,0.6,0.8,3.0,13.0,10.0,12.0,-2.0,1.0,1.2,0.6666666666666666,0.6,0.5,111,7.0,0.2,0.8,0.8,D,0.0
2021-09-25,2021-22,Apertura,10,False,Tigres UANL,Pumas UNAM,0.0,0.0,0.0,0.0,footballcsv,1037,1561.6882890399377,1488.1807941649154,73.5074948750223,3,2,0,7.0,1.0,5,4,3,1,13.0,8.0,8,0.0,2.0,3.0,5.0,-2.0,1.0,1.6666666666666667,2.0,8.0,9.0,5.0,4.0,1.8,1.0,3.0,13.0,14.0,12.0,2.0,1.4,1.2,0.0,0.4,0.2,119,6.0,0.4,1.8,1.0,0.0,2.0,3.0,4.0,-1.0,1.0,1.3333333333333333,1.0,5.0,5.0,7.0,-2.0,1.0,1.4,1.0,7.0,6.0,13.0,-7.0,0.6,1.3,0.3333333333333333,0.4,0.4,115,7.0,0.0,0.6,1.8,D,0.0
2021-09-26,2021-22,Apertura,10,False,Toluca,Atlético San Luis,1.0,2.0,1.0,2.0,footballcsv,1038,1531.612444192893,1413.6236197755275,117.98882441736555,2,1,0,6.0,3.0,3,2,1,0,6.0,3.0,3,2.0,6.0,5.0,4.0,1.0,1.6666666666666667,1.3333333333333333,3.0,10.0,7.0,5.0,2.0,1.4,1.0,6.0,20.0,17.0,13.0,4.0,1.7,1.3,0.0,0.2,0.2,112,4.0,0.8,2.4,1.2,1.0,4.0,6.0,4.0,2.0,2.0,1.3333333333333333,1.0,6.0,8.0,6.0,2.0,1.6,1.2,3.0,13.0,15.0,16.0,-1.0,1.5,1.6,0.0,0.2,0.1,71,5.0,0.4,1.8,1.4,A,3.0
2021-09-26,2021-22,Apertura,10,False,Santos Laguna,Monterrey,1.0,2.0,0.0,0.0,footballcsv,1039,1559.5716329676875,1571.805510475278,-12.233877507590478,2,3,0,7.0,5.0,5,3,3,4,11.0,18.0,10,1.0,4.0,4.0,3.0,1.0,1.3333333333333333,1.0,1.0,6.0,6.0,5.0,1.0,1.2,1.0,2.0,13.0,12.0,8.0,4.0,1.2,0.8,0.3333333333333333,0.2,0.3,117,7.0,0.2,1.0,0.6,2.0,6.0,5.0,2.0,3.0,1.6666666666666667,0.6666666666666666,2.0,8.0,7.0,4.0,3.0,1.4,0.8,4.0,17.0,15.0,8.0,7.0,1.5,0.8,0.6666666666666666,0.6,0.4,123,4.0,0.0,1.2,1.6,A,3.0
2021-09-28,2021-22,Apertura,11,False,Necaxa,Tijuana,3.0,0.0,0.0,0.0,footballcsv,1040,1422.9655863984842,1413.4181959799755,9.547390418508712,2,0,3,6.0,6.0,5,2,0,3,6.0,6.0,5,0.0,0.0,0.0,7.0,-7.0,0.0,2.3333333333333335,1.0,3.0,2.0,9.0,-7.0,0.4,1.8,3.0,9.0,9.0,16.0,-7.0,0.9,1.6,0.0,0.2,0.3,113,5.0,0.4,1.0,1.6,1.0,4.0,3.0,5.0,-2.0,1.0,1.6666666666666667,1.0,5.0,5.0,9.0,-4.0,1.0,1.8,1.0,7.0,9.0,17.0,-8.0,0.9,1.7,0.3333333333333333,0.2,0.1,108,4.0,0.0,0.8,2.0,H,3.0
2021-09-28,2021-22,Apertura,11,False,Mazatlán FC,FC Juárez,3.0,1.0,2.0,0.0,footballcsv,1041,1463.156214941396,1432.0624642968917,31.093750644504325,1,0,1,3.0,3.0,2,1,0,1,3.0,3.0,2,0.0,2.0,2.0,4.0,-2.0,0.6666666666666666,1.3333333333333333,0.0,3.0,4.0,9.0,-5.0,0.8,1.8,2.0,11.0,11.0,16.0,-5.0,1.1,1.6,0.3333333333333333,0.2,0.2,44,4.0,0.2,1.4,1.8,3.0,9.0,4.0,1.0,3.0,1.3333333333333333,0.3333333333333333,3.0,9.0,4.0,4.0,0.0,0.8,0.8,3.0,11.0,9.0,14.0,-5.0,0.9,1.4,0.6666666666666666,0.4,0.2,72,7.0,0.2,0.6,1.4,H,4.0
2021-09-28,2021-22,Apertura,11,False,Atlas,Puebla,0.0,1.0,0.0,1.0,footballcsv,1042,1520.1021258000378,1502.1268297957624,17.97529600427538,2,0,3,2.0,3.0,5,3,0,5,4.0,7.0,8,3.0,9.0,7.0,1.0,6.0,2.3333333333333335,0.3333333333333333,3.0,11.0,8.0,2.0,6.0,1.6,0.4,5.0,19.0,12.0,4.0,8.0,1.2,0.4,0.6666666666666666,0.6,0.6,108,3.0,0.6,1.2,0.4,0.0,3.0,4.0,4.0,0.0,1.3333333333333333,1.3333333333333333,1.0,6.0,5.0,6.0,-1.0,1.0,1.2,1.0,9.0,8.0,13.0,-5.0,0.8,1.3,0.0,0.2,0.1,113,4.0,0.0,0.6,1.4,A,1.0
2021-09-28,2021-22,Apertura,11,False,Pachuca,América,1.0,1.0,1.0,1.0,footballcsv,1043,1550.7913410295173,1634.381718074054,-83.59037704453681,1,1,3,7.0,10.0,5,1,1,5,8.0,16.0,7,1.0,3.0,2.0,3.0,-1.0,0.6666666666666666,1.0,2.0,7.0,5.0,4.0,1.0,1.0,0.8,3.0,10.0,11.0,11.0,0.0,1.1,1.1,0.3333333333333333,0.4,0.3,115,5.0,0.4,1.2,0.6,1.0,4.0,3.0,3.0,0.0,1.0,1.0,2.0,8.0,6.0,4.0,2.0,1.2,0.8,6.0,21.0,13.0,6.0,7.0,1.3,0.6,0.6666666666666666,0.6,0.6,125,3.0,0.4,1.0,1.0,D,2.0
2021-09-29,2021-22,Apertura,11,False,Atlético San Luis,Tigres UANL,0.0,3.0,0.0,1.0,footballcsv,1045,1424.1265651721885,1557.536686552606,-133.41012138041742,0,3,1,3.0,6.0,4,0,3,1,3.0,6.0,4,2.0,6.0,6.0,3.0,3.0,2.0,1.0,2.0,8.0,10.0,7.0,3.0,2.0,1.4,4.0,16.0,16.0,12.0,4.0,1.6,1.2,0.0,0.0,0.1,72,3.0,0.2,1.2,1.8,0.0,2.0,2.0,4.0,-2.0,0.6666666666666666,1.3333333333333333,1.0,6.0,6.0,5.0,1.0,1.2,1.0,3.0,14.0,14.0,11.0,3.0,1.4,1.1,0.3333333333333333,0.4,0.3,120,4.0,0.4,1.4,1.4,A,3.0
2021-09-29,2021-22,Apertura,11,False,Querétaro,Guadalajara,1.0,0.0,0.0,0.0,footballcsv,1044,1434.4934591891413,1538.4367803202033,-103.94332113106202,0,4,1,6.0,7.0,5,0,4,1,6.0,7.0,5,1.0,3.0,3.0,3.0,0.0,1.0,1.0,1.0,3.0,3.0,8.0,-5.0,0.6,1.6,1.0,6.0,4.0,15.0,-11.0,0.4,1.5,0.3333333333333333,0.2,0.3,110,10.0,0.4,0.8,0.6,1.0,5.0,1.0,0.0,1.0,0.3333333333333333,0.0,2.0,9.0,3.0,1.0,2.0,0.6,0.2,3.0,14.0,8.0,8.0,0.0,0.8,0.8,1.0,0.8,0.6,112,4.0,0.2,0.4,0.0,H,1.0
2021-10-01,2021-22,Apertura,12,False,Puebla,Pachuca,1.0,2.0,1.0,1.0,footballcsv,1046,1510.9627305393176,1550.8946767093921,-39.931946170074525,1,1,3,4.0,8.0,5,1,1,4,4.0,10.0,6,1.0,5.0,3.0,2.0,1.0,1.0,0.6666666666666666,2.0,9.0,6.0,4.0,2.0,1.2,0.8,2.0,11.0,8.0,12.0,-4.0,0.8,1.2,0.3333333333333333,0.4,0.2,114,3.0,0.2,1.0,1.2,1.0,4.0,2.0,2.0,0.0,0.6666666666666666,0.6666666666666666,1.0,5.0,4.0,5.0,-1.0,0.8,1.0,3.0,11.0,12.0,11.0,1.0,1.2,1.1,0.3333333333333333,0.2,0.3,116,3.0,0.2,1.0,1.4,A,3.0
2021-10-01,2021-22,Apertura,12,False,FC Juárez,Monterrey,3.0,1.0,2.0,1.0,footballcsv,1047,1424.8389412066904,1580.0720548002278,-155.23311359353738,1,1,2,4.0,9.0,4,1,1,2,4.0,9.0,4,2.0,6.0,3.0,3.0,0.0,1.0,1.0,3.0,9.0,5.0,6.0,-1.0,1.0,1.2,3.0,11.0,9.0,14.0,-5.0,0.9,1.4,0.6666666666666666,0.4,0.2,73,3.0,0.4,1.2,1.4,3.0,9.0,6.0,1.0,5.0,2.0,0.3333333333333333,3.0,10.0,9.0,5.0,4.0,1.8,1.0,5.0,19.0,16.0,8.0,8.0,1.6,0.8,0.6666666666666666,0.4,0.4,124,5.0,0.2,1.4,1.4,H,4.0
2021-10-02,2021-22,Apertura,12,False,León,Atlético San Luis,0.0,0.0,0.0,0.0,footballcsv,1048,1599.363526714876,1412.656556938948,186.70696977592797,3,0,1,9.0,6.0,4,3,0,1,9.0,6.0,4,0.0,1.0,2.0,5.0,-3.0,0.6666666666666666,1.6666666666666667,0.0,3.0,4.0,7.0,-3.0,0.8,1.4,4.0,15.0,13.0,12.0,1.0,1.3,1.2,0.0,0.0,0.3,121,7.0,0.4,1.4,0.8,1.0,3.0,2.0,5.0,-3.0,0.6666666666666666,1.6666666666666667,2.0,7.0,8.0,8.0,0.0,1.6,1.6,3.0,13.0,14.0,14.0,0.0,1.4,1.4,0.0,0.0,0.1,73,3.0,0.4,1.8,1.4,D,0.0
2021-10-02,2021-22,Apertura,12,False,Santos Laguna,Mazatlán FC,1.0,0.0,1.0,0.0,footballcsv,1049,1551.3050886427377,1470.3797380315973,80.9253506111404,1,1,0,4.0,0.0,2,1,1,0,4.0,0.0,2,0.0,1.0,3.0,5.0,-2.0,1.0,1.6666666666666667,1.0,5.0,6.0,6.0,0.0,1.2,1.2,2.0,12.0,12.0,9.0,3.0,1.2,0.9,0.0,0.2,0.3,118,6.0,0.2,1.0,0.8,1.0,5.0,5.0,3.0,2.0,1.6666666666666667,1.0,1.0,6.0,7.0,7.0,0.0,1.4,1.4,2.0,11.0,12.0,17.0,-5.0,1.2,1.7,0.3333333333333333,0.2,0.1,45,4.0,0.2,0.8,1.4,H,1.0
2021-10-02,2021-22,Apertura,12,False,Guadalajara,Atlas,0.0,1.0,0.0,1.0,footballcsv,1050,1531.0283849324023,1511.2662250564827,19.76215987591968,5,0,0,10.0,3.0,5,6,0,0,11.0,3.0,6,1.0,4.0,1.0,1.0,0.0,0.3333333333333333,0.3333333333333333,2.0,8.0,3.0,2.0,1.0,0.6,0.4,3.0,14.0,7.0,7.0,0.0,0.7,0.7,0.6666666666666666,0.6,0.6,113,3.0,0.4,1.2,1.6,2.0,6.0,5.0,1.0,4.0,1.6666666666666667,0.3333333333333333,3.0,10.0,8.0,3.0,5.0,1.6,0.6,5.0,18.0,12.0,5.0,7.0,1.2,0.5,0.6666666666666666,0.4,0.5,109,4.0,0.4,1.2,0.4,A,1.0
2021-10-03,2021-22,Apertura,12,False,Tijuana,Cruz Azul,0.0,1.0,0.0,1.0,footballcsv,1051,1403.4566593936772,1619.0716826298672,-215.61502323618993,1,1,3,7.0,10.0,5,1,2,3,8.0,11.0,6,0.0,1.0,1.0,7.0,-6.0,0.3333333333333333,2.3333333333333335,1.0,5.0,5.0,10.0,-5.0,1.0,2.0,1.0,7.0,8.0,18.0,-10.0,0.8,1.8,0.3333333333333333,0.2,0.1,109,5.0,0.2,1.0,1.2,1.0,4.0,4.0,3.0,1.0,1.3333333333333333,1.0,1.0,6.0,5.0,4.0,1.0,1.0,0.8,3.0,14.0,13.0,9.0,4.0,1.3,0.9,0.3333333333333333,0.4,0.3,124,9.0,0.2,1.0,1.0,A,1.0
2021-10-03,2021-22,Apertura,12,False,Toluca,Querétaro,1.0,1.0,0.0,0.0,footballcsv,1052,1521.109498796232,1441.9018545769422,79.2076442192897,1,2,2,5.0,8.0,5,2,2,2,9.0,8.0,6,1.0,3.0,4.0,5.0,-1.0,1.3333333333333333,1.6666666666666667,3.0,9.0,8.0,7.0,1.0,1.6,1.4,5.0,17.0,15.0,14.0,1.0,1.5,1.4,0.0,0.0,0.2,113,7.0,0.6,2.2,1.4,2.0,6.0,4.0,2.0,2.0,1.3333333333333333,0.6666666666666666,2.0,6.0,4.0,5.0,-1.0,0.8,1.0,2.0,9.0,5.0,10.0,-5.0,0.5,1.0,0.6666666666666666,0.4,0.4,111,4.0,0.0,0.2,1.4,D,2.0
2021-10-03,2021-22,Apertura,12,False,América,Pumas UNAM,2.0,0.0,1.0,0.0,footballcsv,1053,1634.2783823941793,1492.332396652247,141.9459857419322,1,3,1,7.0,7.0,5,2,5,1,16.0,11.0,8,0.0,2.0,2.0,4.0,-2.0,0.6666666666666666,1.3333333333333333,1.0,6.0,5.0,5.0,0.0,1.0,1.0,6.0,21.0,14.0,7.0,7.0,1.4,0.7,0.3333333333333333,0.4,0.5,126,5.0,0.8,1.6,0.2,0.0,3.0,2.0,2.0,0.0,0.6666666666666666,0.6666666666666666,1.0,6.0,5.0,4.0,1.0,1.0,0.8,1.0,8.0,6.0,12.0,-6.0,0.6,1.2,0.6666666666666666,0.6,0.5,116,8.0,0.0,0.6,1.8,H,2.0
2021-10-03,2021-22,Apertura,12,False,Tigres UANL,Necaxa,0.0,0.0,0.0,0.0,footballcsv,1054,1569.0066947858465,1432.9271229847825,136.07957180106405,3,2,0,11.0,5.0,5,3,2,0,11.0,5.0,5,1.0,4.0,3.0,2.0,1.0,1.0,0.6666666666666666,1.0,6.0,6.0,5.0,1.0,1.2,1.0,3.0,14.0,15.0,10.0,5.0,1.5,1.0,0.6666666666666666,0.4,0.4,121,4.0,0.2,1.4,0.8,1.0,3.0,3.0,4.0,-1.0,1.0,1.3333333333333333,1.0,3.0,4.0,9.0,-5.0,0.8,1.8,4.0,12.0,12.0,13.0,-1.0,1.2,1.3,0.3333333333333333,0.2,0.4,114,5.0,0.2,0.8,1.6,D,0.0
2021-10-08,2021-22,Apertura,10,False,FC Juárez,Querétaro,0.0,0.0,0.0,0.0,footballcsv,1055,1438.1674833756224,1446.1883122573172,-8.020828881694797,1,0,2,1.0,3.0,3,1,0,2,1.0,3.0,3,2.0,6.0,5.0,4.0,1.0,1.6666666666666667,1.3333333333333333,4.0,12.0,8.0,5.0,3.0,1.6,1.0,4.0,14.0,12.0,13.0,-1.0,1.2,1.3,0.3333333333333333,0.4,0.2,74,7.0,0.6,1.6,1.0,1.0,4.0,2.0,3.0,-1.0,0.6666666666666666,1.0,2.0,7.0,5.0,4.0,1.0,1.0,0.8,2.0,9.0,6.0,11.0,-5.0,0.6,1.1,0.3333333333333333,0.4,0.3,112,5.0,0.0,0.2,1.4,D,0.0
2021-10-14,2021-22,Apertura,13,False,Querétaro,Tijuana,1.0,1.0,0.0,1.0,footballcsv,1056,1448.2308996367012,1399.354133471306,48.87676616539511,2,2,1,8.0,6.0,5,2,3,1,9.0,7.0,6,1.0,5.0,2.0,1.0,1.0,0.6666666666666666,0.3333333333333333,2.0,8.0,5.0,3.0,2.0,1.0,0.6,2.0,9.0,5.0,10.0,-5.0,0.5,1.0,0.6666666666666666,0.6,0.4,113,6.0,0.4,0.8,0.6,0.0,1.0,0.0,4.0,-4.0,0.0,1.3333333333333333,1.0,4.0,3.0,9.0,-6.0,0.6,1.8,1.0,7.0,7.0,17.0,-10.0,0.7,1.7,0.3333333333333333,0.2,0.1,110,11.0,0.0,0.6,2.4,D,2.0
2021-10-15,2021-22,Apertura,13,False,Necaxa,Puebla,0.0,1.0,0.0,0.0,footballcsv,1058,1438.4518059173868,1503.2354109550959,-64.7836050377091,2,0,3,6.0,6.0,5,2,1,3,8.0,8.0,6,1.0,4.0,3.0,1.0,2.0,1.0,0.3333333333333333,1.0,4.0,3.0,7.0,-4.0,0.6,1.4,4.0,13.0,11.0,11.0,0.0,1.1,1.1,0.6666666666666666,0.4,0.5,115,12.0,0.6,1.6,1.0,1.0,4.0,3.0,3.0,0.0,1.0,1.0,1.0,6.0,6.0,6.0,0.0,1.2,1.2,2.0,11.0,9.0,12.0,-3.0,0.9,1.2,0.3333333333333333,0.2,0.2,115,14.0,0.2,0.6,1.2,A,1.0
2021-10-15,2021-22,Apertura,13,False,Mazatlán FC,Atlas,1.0,0.0,1.0,0.0,footballcsv,1057,1466.7153663678653,1520.1350365710746,-53.41967020320931,0,2,0,1.0,1.0,2,0,2,0,1.0,1.0,2,1.0,4.0,3.0,2.0,1.0,1.0,0.6666666666666666,1.0,5.0,5.0,6.0,-1.0,1.0,1.2,1.0,8.0,10.0,17.0,-7.0,1.0,1.7,0.3333333333333333,0.2,0.1,46,13.0,0.2,1.6,1.8,2.0,6.0,3.0,1.0,2.0,1.0,0.3333333333333333,4.0,12.0,8.0,2.0,6.0,1.6,0.4,5.0,18.0,11.0,5.0,6.0,1.1,0.5,0.6666666666666666,0.6,0.5,110,13.0,0.6,1.4,0.4,H,1.0
2021-10-16,2021-22,Apertura,13,False,Monterrey,León,0.0,1.0,0.0,1.0,footballcsv,1061,1566.7435126312957,1592.9079506854755,-26.164438054179755,1,2,2,7.0,9.0,5,2,2,2,9.0,9.0,6,2.0,6.0,5.0,4.0,1.0,1.6666666666666667,1.3333333333333333,3.0,9.0,8.0,6.0,2.0,1.6,1.2,4.0,16.0,15.0,11.0,4.0,1.5,1.1,0.3333333333333333,0.4,0.3,125,15.0,0.8,1.8,0.2,0.0,1.0,0.0,3.0,-3.0,0.0,1.0,0.0,3.0,3.0,6.0,-3.0,0.6,1.2,4.0,16.0,13.0,8.0,5.0,1.3,0.8,0.3333333333333333,0.2,0.4,122,14.0,0.4,1.2,1.6,A,1.0
2021-10-16,2021-22,Apertura,13,False,Pachuca,Santos Laguna,1.0,1.0,0.0,0.0,footballcsv,1062,1558.6219962936138,1554.9694603064697,3.6525359871441196,3,2,0,8.0,3.0,5,3,4,0,9.0,4.0,7,2.0,7.0,4.0,2.0,2.0,1.3333333333333333,0.6666666666666666,2.0,7.0,5.0,5.0,0.0,1.0,1.0,3.0,11.0,10.0,12.0,-2.0,1.0,1.2,0.3333333333333333,0.2,0.2,117,15.0,0.4,1.4,0.8,1.0,4.0,3.0,3.0,0.0,1.0,1.0,2.0,7.0,6.0,5.0,1.0,1.2,1.0,2.0,12.0,10.0,9.0,1.0,1.0,0.9,0.3333333333333333,0.4,0.3,119,14.0,0.2,1.4,1.0,D,2.0
2021-10-16,2021-22,Apertura,13,False,Cruz Azul,Tigres UANL,1.0,1.0,1.0,1.0,footballcsv,1059,1623.1742085522383,1563.4820118532423,59.692196698995986,3,0,2,7.0,5.0,5,5,1,2,10.0,6.0,8,2.0,7.0,4.0,1.0,3.0,1.3333333333333333,0.3333333333333333,2.0,8.0,6.0,4.0,2.0,1.2,0.8,4.0,17.0,14.0,7.0,7.0,1.4,0.7,0.6666666666666666,0.4,0.4,125,13.0,0.4,1.6,0.8,1.0,5.0,3.0,0.0,3.0,1.0,0.0,1.0,6.0,5.0,4.0,1.0,1.0,0.8,3.0,15.0,14.0,7.0,7.0,1.4,0.7,1.0,0.6,0.5,122,13.0,0.4,1.6,1.2,D,2.0
2021-10-16,2021-22,Apertura,13,False,Atlético San Luis,América,0.0,1.0,0.0,0.0,footballcsv,1060,1419.1121329683483,1638.628484667407,-219.51635169905876,0,0,3,2.0,5.0,3,0,0,3,2.0,5.0,3,1.0,4.0,2.0,4.0,-2.0,0.6666666666666666,1.3333333333333333,2.0,7.0,6.0,6.0,0.0,1.2,1.2,3.0,13.0,13.0,13.0,0.0,1.3,1.3,0.3333333333333333,0.2,0.2,74,14.0,0.2,1.0,1.4,1.0,5.0,3.0,1.0,2.0,1.0,0.3333333333333333,2.0,8.0,6.0,4.0,2.0,1.2,0.8,6.0,21.0,14.0,6.0,8.0,1.4,0.6,0.6666666666666666,0.6,0.6,127,13.0,0.4,1.2,1.2,A,1.0
2021-10-17,2021-22,Apertura,13,False,Guadalajara,Toluca,2.0,0.0,1.0,0.0,footballcsv,1063,1522.1595734178104,1516.823041115857,5.336532301953412,2,2,1,7.0,5.0,5,2,3,1,9.0,7.0,6,0.0,1.0,0.0,2.0,-2.0,0.0,0.6666666666666666,1.0,5.0,1.0,2.0,-1.0,0.2,0.4,2.0,11.0,5.0,8.0,-3.0,0.5,0.8,0.3333333333333333,0.6,0.5,114,15.0,0.4,1.0,1.4,0.0,1.0,2.0,5.0,-3.0,0.6666666666666666,1.6666666666666667,2.0,7.0,7.0,7.0,0.0,1.4,1.4,4.0,15.0,13.0,14.0,-1.0,1.3,1.4,0.0,0.0,0.2,114,14.0,0.4,0.8,1.4,H,2.0
2021-10-17,2021-22,Apertura,13,False,Pumas UNAM,FC Juárez,1.0,0.0,0.0,0.0,footballcsv,1064,1487.9822943790193,1436.1248959962384,51.85739838278096,0,4,0,7.0,7.0,4,0,4,0,7.0,7.0,4,0.0,2.0,2.0,4.0,-2.0,0.6666666666666666,1.3333333333333333,0.0,3.0,3.0,6.0,-3.0,0.6,1.2,1.0,7.0,6.0,14.0,-8.0,0.6,1.4,0.3333333333333333,0.4,0.4,117,14.0,0.2,0.6,0.6,1.0,4.0,4.0,4.0,0.0,1.3333333333333333,1.3333333333333333,3.0,10.0,6.0,4.0,2.0,1.2,0.8,4.0,14.0,10.0,11.0,-1.0,1.0,1.1,0.3333333333333333,0.6,0.3,75,9.0,0.2,0.8,1.6,H,1.0
2021-10-19,2021-22,Apertura,14,False,Querétaro,Monterrey,1.0,0.0,1.0,0.0,footballcsv,1065,1444.6827880700673,1558.7465150258247,-114.06372695575737,2,0,3,7.0,8.0,5,2,0,4,8.0,10.0,6,0.0,3.0,2.0,2.0,0.0,0.6666666666666666,0.6666666666666666,1.0,6.0,3.0,4.0,-1.0,0.6,0.8,2.0,10.0,6.0,10.0,-4.0,0.6,1.0,0.3333333333333333,0.4,0.4,114,5.0,0.4,1.0,0.8,1.0,3.0,3.0,5.0,-2.0,1.0,1.6666666666666667,3.0,9.0,7.0,5.0,2.0,1.4,1.0,4.0,15.0,14.0,11.0,3.0,1.4,1.1,0.0,0.4,0.3,126,3.0,0.2,1.4,1.8,H,1.0
2021-10-19,2021-22,Apertura,14,False,Puebla,Mazatlán FC,2.0,0.0,0.0,0.0,footballcsv,1066,1510.4702616685902,1473.0411546920088,37.42910697658135,2,0,0,7.0,2.0,2,2,0,0,7.0,2.0,2,2.0,6.0,3.0,2.0,1.0,1.0,0.6666666666666666,2.0,8.0,5.0,4.0,1.0,1.0,0.8,3.0,14.0,10.0,10.0,0.0,1.0,1.0,0.6666666666666666,0.4,0.3,116,4.0,0.2,1.2,1.2,2.0,6.0,4.0,2.0,2.0,1.3333333333333333,0.6666666666666666,2.0,8.0,6.0,4.0,2.0,1.2,0.8,2.0,10.0,10.0,16.0,-6.0,1.0,1.6,0.3333333333333333,0.4,0.2,47,4.0,0.0,0.4,1.6,H,2.0
2021-10-19,2021-22,Apertura,14,False,Atlas,Cruz Azul,0.0,0.0,0.0,0.0,footballcsv,1067,1513.809248246931,1619.3570513747911,-105.5478031278601,2,0,3,6.0,9.0,5,2,0,4,6.0,11.0,6,1.0,3.0,1.0,2.0,-1.0,0.3333333333333333,0.6666666666666666,3.0,9.0,6.0,2.0,4.0,1.2,0.4,4.0,15.0,10.0,6.0,4.0,1.0,0.6,0.3333333333333333,0.6,0.4,111,4.0,0.4,0.8,0.6,1.0,5.0,3.0,2.0,1.0,1.0,0.6666666666666666,2.0,8.0,6.0,4.0,2.0,1.2,0.8,4.0,17.0,14.0,7.0,7.0,1.4,0.7,0.3333333333333333,0.4,0.4,126,3.0,0.4,1.0,0.8,D,0.0
2021-10-19,2021-22,Apertura,14,False,América,Santos Laguna,2.0,1.0,0.0,0.0,footballcsv,1068,1642.6613519058703,1557.3317022278018,85.32964967806856,2,2,1,7.0,5.0,5,2,2,1,7.0,5.0,5,2.0,7.0,4.0,1.0,3.0,1.3333333333333333,0.3333333333333333,2.0,8.0,5.0,4.0,1.0,1.0,0.8,6.0,21.0,13.0,6.0,7.0,1.3,0.6,0.6666666666666666,0.6,0.6,128,3.0,0.8,1.6,0.0,1.0,4.0,3.0,3.0,0.0,1.0,1.0,1.0,5.0,5.0,6.0,-1.0,1.0,1.2,2.0,12.0,10.0,9.0,1.0,1.0,0.9,0.3333333333333333,0.2,0.3,120,3.0,0.2,1.4,1.0,H,3.0
2021-10-20,2021-22,Apertura,14,False,Tigres UANL,Pachuca,3.0,0.0,2.0,0.0,footballcsv,1069,1567.2991690306894,1556.2597543722818,11.039414658407622,0,3,2,2.0,5.0,5,1,5,2,7.0,7.0,8,1.0,5.0,4.0,1.0,3.0,1.3333333333333333,0.3333333333333333,1.0,6.0,4.0,3.0,1.0,0.8,0.6,3.0,15.0,14.0,7.0,7.0,1.4,0.7,0.6666666666666666,0.6,0.5,123,4.0,0.2,1.2,0.6,1.0,5.0,4.0,3.0,1.0,1.3333333333333333,1.0,2.0,8.0,5.0,4.0,1.0,1.0,0.8,3.0,12.0,10.0,11.0,-1.0,1.0,1.1,0.0,0.2,0.2,118,4.0,0.4,1.2,1.2,H,3.0
2021-10-20,2021-22,Apertura,14,False,León,Pumas UNAM,1.0,2.0,0.0,1.0,footballcsv,1070,1600.9049482909465,1492.1526329909711,108.75231529997541,4,1,0,9.0,2.0,5,6,1,1,15.0,6.0,8,1.0,4.0,1.0,2.0,-1.0,0.3333333333333333,0.6666666666666666,1.0,5.0,3.0,5.0,-2.0,0.6,1.0,4.0,16.0,12.0,7.0,5.0,1.2,0.7,0.6666666666666666,0.4,0.5,123,4.0,0.2,1.0,0.6,1.0,4.0,1.0,2.0,-1.0,0.3333333333333333,0.6666666666666666,1.0,6.0,3.0,4.0,-1.0,0.6,0.8,2.0,10.0,7.0,12.0,-5.0,0.7,1.2,0.6666666666666666,0.6,0.5,118,3.0,0.0,0.6,1.8,A,3.0
2021-10-20,2021-22,Apertura,14,False,Tijuana,Guadalajara,0.0,0.0,0.0,0.0,footballcsv,1071,1402.90224503794,1530.1888387606407,-127.28659372270067,1,1,3,1.0,5.0,5,2,1,3,3.0,6.0,6,0.0,1.0,1.0,5.0,-4.0,0.3333333333333333,1.6666666666666667,0.0,2.0,2.0,9.0,-7.0,0.4,1.8,1.0,8.0,8.0,16.0,-8.0,0.8,1.6,0.0,0.2,0.1,111,6.0,0.2,1.0,1.0,1.0,3.0,2.0,2.0,0.0,0.6666666666666666,0.6666666666666666,2.0,7.0,3.0,2.0,1.0,0.6,0.4,3.0,13.0,5.0,6.0,-1.0,0.5,0.6,0.3333333333333333,0.6,0.6,115,3.0,0.0,0.0,0.2,D,0.0
2021-10-20,2021-22,Apertura,14,False,Toluca,Necaxa,1.0,1.0,0.0,0.0,footballcsv,1072,1508.7937757730267,1431.2169552038924,77.57682056913427,1,2,2,8.0,8.0,5,2,2,2,11.0,10.0,6,0.0,1.0,2.0,5.0,-3.0,0.6666666666666666,1.6666666666666667,1.0,4.0,5.0,8.0,-3.0,1.0,1.6,3.0,12.0,11.0,16.0,-5.0,1.1,1.6,0.0,0.0,0.1,115,3.0,0.4,1.8,1.4,1.0,4.0,3.0,1.0,2.0,1.0,0.3333333333333333,1.0,4.0,3.0,5.0,-2.0,0.6,1.0,4.0,13.0,10.0,10.0,0.0,1.0,1.0,0.6666666666666666,0.4,0.5,116,5.0,0.2,0.6,1.2,D,2.0
2021-10-22,2021-22,Apertura,15,False,Mazatlán FC,Querétaro,2.0,1.0,0.0,1.0,footballcsv,1073,1466.0083809119044,1452.2916749996778,13.716705912226644,1,1,0,4.0,1.0,2,1,1,0,4.0,1.0,2,1.0,3.0,1.0,3.0,-2.0,0.3333333333333333,1.0,2.0,7.0,4.0,4.0,0.0,0.8,0.8,2.0,10.0,10.0,15.0,-5.0,1.0,1.5,0.3333333333333333,0.4,0.2,48,3.0,0.4,1.6,1.6,1.0,5.0,2.0,1.0,1.0,0.6666666666666666,0.3333333333333333,2.0,9.0,4.0,2.0,2.0,0.8,0.4,3.0,12.0,7.0,10.0,-3.0,0.7,1.0,0.6666666666666666,0.6,0.4,115,3.0,0.0,0.2,1.4,H,3.0
2021-10-23,2021-22,Apertura,15,False,América,Tigres UANL,1.0,0.0,0.0,0.0,footballcsv,1077,1646.2528400613576,1577.2007447375331,69.05209532382446,4,0,1,12.0,6.0,5,6,1,1,19.0,9.0,8,3.0,9.0,5.0,1.0,4.0,1.6666666666666667,0.3333333333333333,3.0,11.0,6.0,2.0,4.0,1.2,0.4,6.0,21.0,14.0,7.0,7.0,1.4,0.7,0.6666666666666666,0.6,0.5,129,4.0,0.8,1.6,0.2,1.0,5.0,4.0,1.0,3.0,1.3333333333333333,0.3333333333333333,2.0,9.0,7.0,1.0,6.0,1.4,0.2,4.0,17.0,16.0,6.0,10.0,1.6,0.6,0.6666666666666666,0.8,0.6,124,3.0,0.4,1.6,0.8,H,1.0
2021-10-23,2021-22,Apertura,15,False,Guadalajara,Cruz Azul,1.0,1.0,0.0,1.0,footballcsv,1076,1528.8361630729844,1618.6230489387754,-89.78688586579096,1,1,3,3.0,6.0,5,1,1,4,3.0,7.0,6,1.0,4.0,2.0,1.0,1.0,0.6666666666666666,0.3333333333333333,1.0,5.0,2.0,2.0,0.0,0.4,0.4,3.0,13.0,5.0,6.0,-1.0,0.5,0.6,0.6666666666666666,0.6,0.6,116,3.0,0.6,1.0,1.0,1.0,5.0,2.0,1.0,1.0,0.6666666666666666,0.3333333333333333,2.0,9.0,5.0,2.0,3.0,1.0,0.4,3.0,15.0,12.0,6.0,6.0,1.2,0.6,0.6666666666666666,0.6,0.5,127,4.0,0.2,0.6,0.6,D,2.0
2021-10-23,2021-22,Apertura,15,False,Monterrey,Necaxa,0.0,1.0,0.0,0.0,footballcsv,1074,1551.1376280962143,1435.4650214619944,115.67260663421985,2,3,0,7.0,5.0,5,3,5,2,11.0,11.0,10,0.0,0.0,1.0,5.0,-4.0,0.3333333333333333,1.6666666666666667,2.0,6.0,5.0,6.0,-1.0,1.0,1.2,3.0,12.0,11.0,11.0,0.0,1.1,1.1,0.0,0.2,0.3,127,4.0,0.6,1.4,0.4,0.0,2.0,1.0,2.0,-1.0,0.3333333333333333,0.6666666666666666,1.0,5.0,4.0,3.0,1.0,0.8,0.6,3.0,11.0,9.0,11.0,-2.0,0.9,1.1,0.3333333333333333,0.4,0.4,117,3.0,0.0,0.4,1.4,A,1.0
2021-10-23,2021-22,Apertura,15,False,Puebla,León,0.0,1.0,0.0,0.0,footballcsv,1075,1517.5030354486946,1590.5391998912648,-73.03616444257023,3,0,2,7.0,7.0,5,4,0,3,11.0,10.0,7,2.0,6.0,4.0,2.0,2.0,1.3333333333333333,0.6666666666666666,3.0,10.0,6.0,3.0,3.0,1.2,0.6,4.0,16.0,11.0,9.0,2.0,1.1,0.9,0.6666666666666666,0.6,0.4,117,4.0,0.4,1.4,1.0,1.0,4.0,2.0,2.0,0.0,0.6666666666666666,0.6666666666666666,1.0,4.0,2.0,5.0,-3.0,0.4,1.0,3.0,13.0,12.0,9.0,3.0,1.2,0.9,0.6666666666666666,0.4,0.4,124,3.0,0.6,1.4,0.8,A,1.0
2021-10-24,2021-22,Apertura,15,False,Pachuca,FC Juárez,1.0,1.0,0.0,1.0,footballcsv,1078,1546.3581786654381,1431.9545573842865,114.40362128115157,0,2,1,2.0,3.0,3,0,2,1,2.0,3.0,3,1.0,4.0,3.0,5.0,-2.0,1.0,1.6666666666666667,2.0,8.0,5.0,6.0,-1.0,1.0,1.2,3.0,12.0,10.0,13.0,-3.0,1.0,1.3,0.0,0.2,0.2,119,4.0,0.2,0.8,1.0,1.0,4.0,3.0,2.0,1.0,1.0,0.6666666666666666,2.0,7.0,5.0,5.0,0.0,1.0,1.0,4.0,13.0,9.0,11.0,-2.0,0.9,1.1,0.3333333333333333,0.4,0.3,76,7.0,0.2,0.4,1.4,D,2.0
2021-10-24,2021-22,Apertura,15,False,Santos Laguna,Toluca,2.0,2.0,1.0,0.0,footballcsv,1079,1553.7402140723145,1504.5457095149247,49.19450455738979,3,1,1,12.0,6.0,5,3,1,1,12.0,6.0,5,1.0,4.0,3.0,3.0,0.0,1.0,1.0,1.0,5.0,5.0,6.0,-1.0,1.0,1.2,2.0,11.0,10.0,10.0,0.0,1.0,1.0,0.3333333333333333,0.2,0.3,121,5.0,0.4,1.2,0.8,0.0,2.0,2.0,4.0,-2.0,0.6666666666666666,1.3333333333333333,0.0,2.0,3.0,8.0,-5.0,0.6,1.6,3.0,13.0,12.0,13.0,-1.0,1.2,1.3,0.0,0.0,0.1,116,4.0,0.2,0.4,1.8,D,4.0
2021-10-24,2021-22,Apertura,15,False,Pumas UNAM,Tijuana,3.0,1.0,1.0,0.0,footballcsv,1080,1502.5183813906528,1404.2549207255963,98.26346066505653,3,1,1,5.0,1.0,5,3,1,1,5.0,1.0,5,2.0,6.0,3.0,3.0,0.0,1.0,1.0,2.0,8.0,5.0,5.0,0.0,1.0,1.0,3.0,13.0,8.0,10.0,-2.0,0.8,1.0,0.3333333333333333,0.4,0.5,119,4.0,0.4,0.8,0.6,0.0,2.0,1.0,2.0,-1.0,0.3333333333333333,0.6666666666666666,0.0,3.0,1.0,5.0,-4.0,0.2,1.0,1.0,8.0,7.0,15.0,-8.0,0.7,1.5,0.3333333333333333,0.4,0.2,112,4.0,0.0,0.6,2.2,H,4.0
2021-10-24,2021-22,Apertura,15,False,Atlético San Luis,Atlas,2.0,6.0,0.0,4.0,footballcsv,1081,1415.079265729885,1514.5432506829468,-99.46398495306175,1,1,1,4.0,5.0,3,1,1,1,4.0,5.0,3,0.0,1.0,0.0,4.0,-4.0,0.0,1.3333333333333333,1.0,4.0,2.0,6.0,-4.0,0.4,1.2,2.0,10.0,10.0,13.0,-3.0,1.0,1.3,0.3333333333333333,0.2,0.2,75,8.0,0.2,0.8,1.4,1.0,4.0,1.0,1.0,0.0,0.3333333333333333,0.3333333333333333,2.0,7.0,3.0,2.0,1.0,0.6,0.4,4.0,16.0,10.0,5.0,5.0,1.0,0.5,0.6666666666666666,0.6,0.5,112,5.0,0.4,1.2,0.6,A,8.0
2021-10-28,2021-22,Apertura,16,False,Atlas,Tijuana,0.0,2.0,0.0,1.0,footballcsv,1082,1529.6036912242414,1398.8925371907765,130.71115403346494,2,1,2,7.0,9.0,5,2,1,3,7.0,10.0,6,1.0,4.0,6.0,3.0,3.0,2.0,1.0,2.0,7.0,7.0,4.0,3.0,1.4,0.8,5.0,18.0,15.0,6.0,9.0,1.5,0.6,0.3333333333333333,0.4,0.5,113,4.0,0.4,0.8,0.4,0.0,2.0,2.0,4.0,-2.0,0.6666666666666666,1.3333333333333333,0.0,2.0,2.0,8.0,-6.0,0.4,1.6,1.0,7.0,7.0,17.0,-10.0,0.7,1.7,0.3333333333333333,0.2,0.2,113,4.0,0.0,0.6,2.6,A,2.0
2021-10-29,2021-22,Apertura,16,False,Necaxa,Mazatlán FC,2.0,1.0,1.0,0.0,footballcsv,1084,1445.933908971567,1470.9056172789528,-24.971708307385825,1,0,1,3.0,3.0,2,1,0,1,3.0,3.0,2,1.0,4.0,2.0,2.0,0.0,0.6666666666666666,0.6666666666666666,2.0,8.0,5.0,2.0,3.0,1.0,0.4,3.0,11.0,7.0,11.0,-4.0,0.7,1.1,0.3333333333333333,0.6,0.4,118,6.0,0.6,1.4,0.8,2.0,6.0,3.0,3.0,0.0,1.0,1.0,3.0,9.0,6.0,5.0,1.0,1.2,1.0,3.0,12.0,10.0,14.0,-4.0,1.0,1.4,0.3333333333333333,0.2,0.2,49,7.0,0.0,0.4,1.4,H,3.0
2021-10-29,2021-22,Apertura,16,False,FC Juárez,Puebla,0.0,2.0,0.0,0.0,footballcsv,1083,1437.0309075160314,1510.4326510823846,-73.40174356635316,1,0,2,2.0,6.0,3,1,0,2,2.0,6.0,3,0.0,2.0,1.0,2.0,-1.0,0.3333333333333333,0.6666666666666666,1.0,5.0,5.0,6.0,-1.0,1.0,1.2,4.0,14.0,9.0,10.0,-1.0,0.9,1.0,0.3333333333333333,0.2,0.3,77,5.0,0.6,1.4,0.8,2.0,6.0,3.0,1.0,2.0,1.0,0.3333333333333333,3.0,9.0,5.0,3.0,2.0,1.0,0.6,4.0,15.0,10.0,9.0,1.0,1.0,0.9,0.6666666666666666,0.6,0.4,118,6.0,0.4,0.8,0.8,A,2.0
2021-10-30,2021-22,Apertura,16,False,Pachuca,Pumas UNAM,1.0,1.0,0.0,1.0,footballcsv,1085,1541.2818285336932,1507.8807649254727,33.40106360822051,0,3,2,4.0,6.0,5,2,4,2,7.0,6.0,8,0.0,2.0,2.0,5.0,-3.0,0.6666666666666666,1.6666666666666667,1.0,6.0,5.0,7.0,-2.0,1.0,1.4,3.0,13.0,10.0,11.0,-1.0,1.0,1.1,0.0,0.0,0.2,120,6.0,0.2,1.0,1.0,3.0,9.0,6.0,2.0,4.0,2.0,0.6666666666666666,3.0,10.0,6.0,4.0,2.0,1.2,0.8,4.0,15.0,11.0,11.0,0.0,1.1,1.1,0.3333333333333333,0.4,0.4,120,6.0,0.2,1.0,1.4,D,2.0
2021-10-30,2021-22,Apertura,16,False,Querétaro,Santos Laguna,2.0,3.0,0.0,2.0,footballcsv,1086,1447.3944386326293,1550.1841111586857,-102.78967252605639,1,0,4,3.0,10.0,5,2,0,4,5.0,11.0,6,1.0,4.0,3.0,3.0,0.0,1.0,1.0,1.0,6.0,4.0,4.0,0.0,0.8,0.8,3.0,12.0,8.0,9.0,-1.0,0.8,0.9,0.3333333333333333,0.4,0.4,116,8.0,0.6,1.2,0.6,0.0,2.0,4.0,5.0,-1.0,1.3333333333333333,1.6666666666666667,1.0,5.0,6.0,7.0,-1.0,1.2,1.4,2.0,11.0,12.0,12.0,0.0,1.2,1.2,0.0,0.2,0.2,122,6.0,0.0,1.0,1.4,A,5.0
2021-10-30,2021-22,Apertura,16,False,Tigres UANL,Guadalajara,2.0,1.0,1.0,0.0,footballcsv,1087,1573.3349027485829,1529.1177778097056,44.217124938877305,2,1,2,6.0,6.0,5,3,1,2,7.0,6.0,6,1.0,4.0,4.0,2.0,2.0,1.3333333333333333,0.6666666666666666,2.0,8.0,7.0,2.0,5.0,1.4,0.4,3.0,14.0,13.0,7.0,6.0,1.3,0.7,0.3333333333333333,0.6,0.5,125,7.0,0.2,1.2,0.6,1.0,5.0,3.0,1.0,2.0,1.0,0.3333333333333333,1.0,5.0,3.0,3.0,0.0,0.6,0.6,3.0,14.0,6.0,4.0,2.0,0.6,0.4,0.6666666666666666,0.4,0.6,117,7.0,0.0,0.0,0.2,H,3.0
2021-10-31,2021-22,Apertura,16,False,Toluca,León,0.0,0.0,0.0,0.0,footballcsv,1088,1508.1018124285536,1597.6095842575749,-89.5077718290213,0,2,3,5.0,13.0,5,0,2,4,6.0,15.0,6,0.0,2.0,3.0,5.0,-2.0,1.0,1.6666666666666667,0.0,3.0,5.0,8.0,-3.0,1.0,1.6,3.0,13.0,12.0,13.0,-1.0,1.2,1.3,0.0,0.0,0.1,117,7.0,0.4,1.6,1.2,2.0,6.0,3.0,2.0,1.0,1.0,0.6666666666666666,2.0,7.0,3.0,4.0,-1.0,0.6,0.8,3.0,13.0,10.0,9.0,1.0,1.0,0.9,0.6666666666666666,0.6,0.4,125,8.0,0.6,1.4,0.8,D,0.0
2021-10-31,2021-22,Apertura,16,False,Atlético San Luis,Monterrey,1.0,1.0,0.0,1.0,footballcsv,1089,1400.0188251885904,1540.6687405866417,-140.64991539805123,1,1,2,4.0,6.0,4,1,1,2,4.0,6.0,4,0.0,1.0,2.0,7.0,-5.0,0.6666666666666666,2.3333333333333335,1.0,4.0,4.0,11.0,-7.0,0.8,2.2,2.0,10.0,12.0,17.0,-5.0,1.2,1.7,0.3333333333333333,0.2,0.2,76,7.0,0.2,1.2,2.2,0.0,0.0,0.0,3.0,-3.0,0.0,1.0,1.0,3.0,3.0,7.0,-4.0,0.6,1.4,3.0,11.0,10.0,11.0,-1.0,1.0,1.1,0.0,0.0,0.3,128,8.0,0.2,1.2,1.8,D,2.0
2021-10-31,2021-22,Apertura,16,False,Cruz Azul,América,2.0,1.0,1.0,0.0,footballcsv,1090,1618.3414342020542,1650.1186820503078,-31.777247848253637,3,2,0,8.0,3.0,5,3,5,2,9.0,8.0,10,0.0,3.0,2.0,2.0,0.0,0.6666666666666666,0.6666666666666666,1.0,7.0,4.0,3.0,1.0,0.8,0.6,2.0,13.0,9.0,7.0,2.0,0.9,0.7,0.3333333333333333,0.4,0.4,128,8.0,0.4,1.8,0.6,3.0,9.0,4.0,1.0,3.0,1.3333333333333333,0.3333333333333333,4.0,13.0,7.0,2.0,5.0,1.4,0.4,6.0,21.0,13.0,6.0,7.0,1.3,0.6,0.6666666666666666,0.6,0.6,130,8.0,0.4,1.2,1.2,H,3.0
2021-11-03,2021-22,Apertura,11,False,Cruz Azul,León,0.0,1.0,0.0,1.0,footballcsv,1091,1624.188803394816,1597.3359968773343,26.852806517481667,4,0,1,7.0,2.0,5,4,0,1,7.0,2.0,5,1.0,5.0,3.0,2.0,1.0,1.0,0.6666666666666666,2.0,9.0,5.0,3.0,2.0,1.0,0.6,3.0,15.0,10.0,7.0,3.0,1.0,0.7,0.3333333333333333,0.4,0.4,129,3.0,0.4,1.4,0.8,1.0,4.0,2.0,2.0,0.0,0.6666666666666666,0.6666666666666666,2.0,8.0,3.0,2.0,1.0,0.6,0.4,2.0,11.0,7.0,9.0,-2.0,0.7,0.9,0.6666666666666666,0.8,0.4,126,3.0,0.4,0.8,0.8,A,1.0
2021-11-03,2021-22,Apertura,5,False,Pachuca,Atlético San Luis,0.0,0.0,0.0,0.0,footballcsv,1092,1538.1290549106468,1401.7469520357743,136.38210287487254,2,0,1,8.0,4.0,3,2,0,1,8.0,4.0,3,0.0,2.0,2.0,5.0,-3.0,0.6666666666666666,1.6666666666666667,1.0,6.0,5.0,7.0,-2.0,1.0,1.4,2.0,11.0,9.0,12.0,-3.0,0.9,1.2,0.0,0.0,0.1,121,4.0,0.2,1.0,0.8,0.0,1.0,3.0,8.0,-5.0,1.0,2.6666666666666665,0.0,2.0,3.0,11.0,-8.0,0.6,2.2,2.0,10.0,13.0,18.0,-5.0,1.3,1.8,0.0,0.2,0.1,77,3.0,0.2,1.2,1.2,D,0.0
2021-11-04,2021-22,Apertura,11,False,Pumas UNAM,Santos Laguna,0.0,3.0,0.0,1.0,footballcsv,1094,1511.0335385485191,1556.5951596194325,-45.56162107091336,3,1,1,8.0,7.0,5,3,2,1,9.0,8.0,6,2.0,7.0,6.0,3.0,3.0,2.0,1.0,3.0,10.0,7.0,5.0,2.0,1.4,1.0,4.0,16.0,12.0,9.0,3.0,1.2,0.9,0.0,0.2,0.4,121,5.0,0.6,1.2,0.2,1.0,4.0,6.0,6.0,0.0,2.0,2.0,2.0,8.0,8.0,7.0,1.0,1.6,1.4,3.0,13.0,14.0,13.0,1.0,1.4,1.3,0.0,0.2,0.2,123,5.0,0.2,1.4,1.6,A,3.0
2021-11-04,2021-22,Apertura,17,False,Atlas,Querétaro,2.0,0.0,0.0,0.0,footballcsv,1093,1512.6670302076975,1440.9833901718825,71.68364003581496,3,1,1,5.0,2.0,5,3,1,1,5.0,2.0,5,1.0,4.0,6.0,4.0,2.0,2.0,1.3333333333333333,2.0,7.0,7.0,5.0,2.0,1.4,1.0,5.0,17.0,15.0,8.0,7.0,1.5,0.8,0.3333333333333333,0.4,0.4,114,7.0,0.4,0.8,0.8,1.0,3.0,4.0,5.0,-1.0,1.3333333333333333,1.6666666666666667,1.0,5.0,5.0,6.0,-1.0,1.0,1.2,3.0,12.0,10.0,10.0,0.0,1.0,1.0,0.3333333333333333,0.4,0.4,117,5.0,0.0,0.4,1.2,H,2.0
2021-11-05,2021-22,Apertura,17,False,Mazatlán FC,Guadalajara,0.0,1.0,0.0,0.0,footballcsv,1095,1465.2054690452076,1524.8074012455543,-59.60193220034671,0,1,1,2.0,3.0,2,0,1,1,2.0,3.0,2,1.0,3.0,3.0,5.0,-2.0,1.0,1.6666666666666667,2.0,6.0,4.0,6.0,-2.0,0.8,1.2,3.0,12.0,11.0,13.0,-2.0,1.1,1.3,0.0,0.2,0.2,50,7.0,0.6,2.0,1.2,0.0,2.0,2.0,3.0,-1.0,0.6666666666666666,1.0,1.0,5.0,4.0,4.0,0.0,0.8,0.8,3.0,13.0,7.0,6.0,1.0,0.7,0.6,0.3333333333333333,0.4,0.5,118,6.0,0.0,0.2,0.6,A,1.0
2021-11-05,2021-22,Apertura,17,False,Puebla,Toluca,1.0,0.0,0.0,0.0,footballcsv,1096,1521.6273897395854,1508.375399808794,13.251989930791297,2,2,1,11.0,8.0,5,3,2,1,13.0,9.0,6,2.0,6.0,4.0,1.0,3.0,1.3333333333333333,0.3333333333333333,3.0,9.0,6.0,3.0,3.0,1.2,0.6,5.0,18.0,12.0,7.0,5.0,1.2,0.7,0.6666666666666666,0.6,0.5,119,7.0,0.2,1.2,1.2,0.0,3.0,3.0,3.0,0.0,1.0,1.0,0.0,4.0,4.0,6.0,-2.0,0.8,1.2,3.0,13.0,12.0,13.0,-1.0,1.2,1.3,0.3333333333333333,0.2,0.1,118,5.0,0.2,0.8,1.4,H,1.0
2021-11-06,2021-22,Apertura,17,False,Tijuana,Pachuca,3.0,2.0,1.0,1.0,footballcsv,1097,1415.8291982073204,1532.598325071501,-116.76912686418063,1,0,4,5.0,14.0,5,2,0,4,6.0,14.0,6,1.0,4.0,3.0,3.0,0.0,1.0,1.0,1.0,5.0,4.0,5.0,-1.0,0.8,1.0,2.0,10.0,9.0,15.0,-6.0,0.9,1.5,0.6666666666666666,0.4,0.3,114,9.0,0.2,0.8,0.8,0.0,3.0,2.0,2.0,0.0,0.6666666666666666,0.6666666666666666,0.0,4.0,3.0,6.0,-3.0,0.6,1.2,2.0,11.0,8.0,11.0,-3.0,0.8,1.1,0.3333333333333333,0.2,0.2,122,3.0,0.4,1.0,1.2,H,5.0
2021-11-06,2021-22,Apertura,17,False,León,Necaxa,3.0,0.0,1.0,0.0,footballcsv,1098,1606.33446102433,1451.6340572053123,154.70040381901777,5,0,0,13.0,5.0,5,6,0,0,15.0,5.0,6,2.0,7.0,2.0,0.0,2.0,0.6666666666666666,0.0,3.0,10.0,4.0,2.0,2.0,0.8,0.4,3.0,13.0,7.0,8.0,-1.0,0.7,0.8,1.0,0.8,0.5,127,3.0,0.0,0.6,1.0,2.0,7.0,4.0,2.0,2.0,1.3333333333333333,0.6666666666666666,2.0,8.0,4.0,3.0,1.0,0.8,0.6,3.0,11.0,8.0,12.0,-4.0,0.8,1.2,0.3333333333333333,0.4,0.3,119,8.0,0.2,0.4,1.0,H,3.0
2021-11-06,2021-22,Apertura,17,False,América,Monterrey,0.0,0.0,0.0,0.0,footballcsv,1099,1644.271312857546,1538.9406137394578,105.3306991180882,2,0,3,5.0,7.0,5,4,0,4,14.0,12.0,8,2.0,6.0,4.0,3.0,1.0,1.3333333333333333,1.0,4.0,12.0,7.0,3.0,4.0,1.4,0.6,5.0,18.0,12.0,8.0,4.0,1.2,0.8,0.3333333333333333,0.6,0.5,131,6.0,0.8,1.4,0.2,0.0,1.0,1.0,3.0,-2.0,0.3333333333333333,1.0,0.0,1.0,2.0,7.0,-5.0,0.4,1.4,3.0,11.0,11.0,12.0,-1.0,1.1,1.2,0.0,0.0,0.2,129,6.0,0.2,1.0,1.6,D,0.0
2021-11-06,2021-22,Apertura,17,False,Tigres UANL,FC Juárez,3.0,0.0,1.0,0.0,footballcsv,1100,1577.6452793127341,1425.8361688588307,151.8091104539035,3,1,0,9.0,6.0,4,3,1,0,9.0,6.0,4,2.0,6.0,5.0,2.0,3.0,1.6666666666666667,0.6666666666666666,2.0,8.0,6.0,3.0,3.0,1.2,0.6,3.0,14.0,12.0,8.0,4.0,1.2,0.8,0.3333333333333333,0.4,0.4,126,7.0,0.4,1.4,0.6,0.0,1.0,1.0,4.0,-3.0,0.3333333333333333,1.3333333333333333,1.0,5.0,4.0,5.0,-1.0,0.8,1.0,4.0,14.0,9.0,11.0,-2.0,0.9,1.1,0.0,0.2,0.3,78,8.0,0.2,0.6,1.4,H,3.0
2021-11-07,2021-22,Apertura,17,False,Santos Laguna,Atlético San Luis,0.0,0.0,0.0,0.0,footballcsv,1101,1571.8277380306502,1407.27768187492,164.5500561557301,2,0,1,5.0,4.0,3,2,0,1,5.0,4.0,3,2.0,7.0,8.0,4.0,4.0,2.6666666666666665,1.3333333333333333,2.0,8.0,10.0,7.0,3.0,2.0,1.4,4.0,15.0,16.0,12.0,4.0,1.6,1.2,0.3333333333333333,0.2,0.3,124,3.0,0.4,1.4,1.0,0.0,2.0,3.0,7.0,-4.0,1.0,2.3333333333333335,0.0,3.0,3.0,8.0,-5.0,0.6,1.6,2.0,10.0,11.0,16.0,-5.0,1.1,1.6,0.3333333333333333,0.4,0.2,78,4.0,0.2,0.8,0.8,D,0.0
2021-11-07,2021-22,Apertura,17,False,Pumas UNAM,Cruz Azul,4.0,3.0,1.0,3.0,footballcsv,1102,1495.8009601373014,1615.1903392478202,-119.3893791105188,2,1,2,7.0,7.0,5,2,1,4,9.0,11.0,7,1.0,4.0,4.0,5.0,-1.0,1.3333333333333333,1.6666666666666667,3.0,10.0,7.0,6.0,1.0,1.4,1.2,3.0,13.0,10.0,12.0,-2.0,1.0,1.2,0.0,0.2,0.3,122,3.0,0.6,1.2,0.8,1.0,4.0,3.0,3.0,0.0,1.0,1.0,1.0,6.0,4.0,4.0,0.0,0.8,0.8,3.0,14.0,10.0,8.0,2.0,1.0,0.8,0.0,0.2,0.3,130,4.0,0.2,0.8,0.8,H,7.0
2021-11-20,2021-22,Apertura - Liguilla,Reclassification,True,Puebla,Guadalajara,2.0,2.0,1.0,1.0,footballcsv,1103,1526.533898683668,1532.1453553180227,-5.611456634354681,2,2,1,6.0,5.0,5,2,3,1,8.0,7.0,6,2.0,6.0,3.0,1.0,2.0,1.0,0.3333333333333333,4.0,12.0,6.0,1.0,5.0,1.2,0.2,5.0,18.0,12.0,7.0,5.0,1.2,0.7,0.6666666666666666,0.8,0.5,120,15.0,0.4,1.0,0.8,1.0,4.0,3.0,3.0,0.0,1.0,1.0,2.0,8.0,5.0,3.0,2.0,1.0,0.6,3.0,13.0,6.0,5.0,1.0,0.6,0.5,0.3333333333333333,0.6,0.6,119,15.0,0.2,0.4,0.6,D,4.0
2021-11-20,2021-22,Apertura - Liguilla,Reclassification,True,Santos Laguna,Atlético San Luis,2.0,0.0,0.0,0.0,footballcsv,1104,1565.759542903934,1413.3458770016362,152.4136659022979,2,1,1,5.0,4.0,4,2,1,1,5.0,4.0,4,2.0,7.0,6.0,2.0,4.0,2.0,0.6666666666666666,2.0,8.0,9.0,6.0,3.0,1.8,1.2,3.0,13.0,14.0,12.0,2.0,1.4,1.2,0.6666666666666666,0.4,0.3,125,13.0,0.2,1.0,1.0,0.0,3.0,1.0,1.0,0.0,0.3333333333333333,0.3333333333333333,0.0,3.0,3.0,8.0,-5.0,0.6,1.6,2.0,10.0,9.0,14.0,-5.0,0.9,1.4,0.6666666666666666,0.4,0.3,79,13.0,0.2,0.4,0.4,H,2.0
2021-11-21,2021-22,Apertura - Liguilla,Reclassification,True,Toluca,Pumas UNAM,1.0,2.0,0.0,1.0,footballcsv,1105,1503.4688908647115,1503.5149154162164,-0.04602455150484275,2,0,3,6.0,7.0,5,2,1,4,8.0,10.0,7,0.0,2.0,2.0,3.0,-1.0,0.6666666666666666,1.0,0.0,3.0,3.0,6.0,-3.0,0.6,1.2,2.0,10.0,10.0,13.0,-3.0,1.0,1.3,0.3333333333333333,0.2,0.1,119,16.0,0.2,1.2,1.0,1.0,4.0,5.0,7.0,-2.0,1.6666666666666667,2.3333333333333335,3.0,10.0,10.0,9.0,1.0,2.0,1.8,4.0,16.0,13.0,13.0,0.0,1.3,1.3,0.0,0.0,0.3,123,14.0,0.2,1.0,1.2,A,3.0
2021-11-21,2021-22,Apertura - Liguilla,Reclassification,True,Cruz Azul,Monterrey,1.0,4.0,1.0,2.0,footballcsv,1106,1607.4763839689053,1543.8205591610656,63.655824807839736,1,3,1,5.0,5.0,5,3,3,2,8.0,7.0,8,1.0,3.0,5.0,6.0,-1.0,1.6666666666666667,2.0,1.0,5.0,6.0,7.0,-1.0,1.2,1.4,3.0,13.0,12.0,11.0,1.0,1.2,1.1,0.0,0.2,0.3,131,14.0,0.4,1.2,0.8,0.0,2.0,1.0,2.0,-1.0,0.3333333333333333,0.6666666666666666,0.0,2.0,1.0,4.0,-3.0,0.2,0.8,3.0,11.0,9.0,10.0,-1.0,0.9,1.0,0.3333333333333333,0.2,0.3,130,15.0,0.2,0.8,1.2,A,5.0
2021-11-24,2021-22,Apertura - Liguilla,Quarterfinals,True,Monterrey,Atlas,0.0,0.0,0.0,0.0,footballcsv,1107,1563.1097225962992,1518.7224808428848,44.3872417534144,2,1,2,6.0,5.0,5,3,1,2,9.0,6.0,6,1.0,5.0,5.0,2.0,3.0,1.6666666666666667,0.6666666666666666,1.0,5.0,5.0,4.0,1.0,1.0,0.8,4.0,14.0,12.0,9.0,3.0,1.2,0.9,0.3333333333333333,0.2,0.3,131,3.0,0.4,0.8,0.4,2.0,6.0,8.0,4.0,4.0,2.6666666666666665,1.3333333333333333,2.0,7.0,8.0,5.0,3.0,1.6,1.0,6.0,19.0,16.0,7.0,9.0,1.6,0.7,0.3333333333333333,0.4,0.5,115,20.0,0.6,2.2,0.8,D,0.0
2021-11-24,2021-22,Apertura - Liguilla,Quarterfinals,True,Pumas UNAM,América,0.0,0.0,0.0,0.0,footballcsv,1108,1512.0139253585603,1639.3913674359383,-127.37744207737796,0,3,2,6.0,9.0,5,1,5,3,11.0,18.0,9,2.0,6.0,6.0,7.0,-1.0,2.0,2.3333333333333335,3.0,10.0,10.0,9.0,1.0,2.0,1.8,5.0,18.0,15.0,14.0,1.0,1.5,1.4,0.0,0.0,0.2,124,3.0,0.6,1.6,1.4,1.0,4.0,2.0,2.0,0.0,0.6666666666666666,0.6666666666666666,3.0,10.0,5.0,3.0,2.0,1.0,0.6,5.0,18.0,11.0,7.0,4.0,1.1,0.7,0.6666666666666666,0.6,0.6,132,18.0,0.2,1.0,1.4,D,0.0
2021-11-25,2021-22,Apertura - Liguilla,Quarterfinals,True,Santos Laguna,Tigres UANL,2.0,1.0,2.0,0.0,footballcsv,1110,1569.890285442426,1582.873379297221,-12.983093854795015,2,1,2,5.0,8.0,5,3,1,3,9.0,11.0,7,2.0,7.0,5.0,0.0,5.0,1.6666666666666667,0.0,3.0,11.0,10.0,4.0,6.0,2.0,0.8,4.0,16.0,15.0,10.0,5.0,1.5,1.0,1.0,0.6,0.4,126,5.0,0.4,1.2,0.8,2.0,6.0,5.0,2.0,3.0,1.6666666666666667,0.6666666666666666,3.0,10.0,9.0,3.0,6.0,1.8,0.6,4.0,16.0,14.0,7.0,7.0,1.4,0.7,0.3333333333333333,0.4,0.5,127,19.0,0.4,1.4,0.8,H,3.0
2021-11-25,2021-22,Apertura - Liguilla,Quarterfinals,True,Puebla,León,2.0,1.0,1.0,1.0,footballcsv,1109,1524.424952339233,1611.4878901823947,-87.06293784316176,2,0,3,5.0,7.0,5,4,0,4,11.0,11.0,8,2.0,7.0,5.0,2.0,3.0,1.6666666666666667,0.6666666666666666,3.0,10.0,7.0,3.0,4.0,1.4,0.6,5.0,18.0,12.0,7.0,5.0,1.2,0.7,0.6666666666666666,0.6,0.5,121,5.0,0.4,1.2,1.0,2.0,7.0,4.0,0.0,4.0,1.3333333333333333,0.0,3.0,10.0,6.0,2.0,4.0,1.2,0.4,4.0,15.0,9.0,7.0,2.0,0.9,0.7,1.0,0.8,0.6,128,19.0,0.6,0.6,0.4,H,3.0
2021-11-27,2021-22,Apertura - Liguilla,Quarterfinals,True,América,Pumas UNAM,1.0,3.0,1.0,2.0,footballcsv,1111,1638.0361248575841,1513.3691679369144,124.66695692066969,2,3,0,8.0,5.0,5,3,6,1,18.0,11.0,10,0.0,2.0,1.0,2.0,-1.0,0.3333333333333333,0.6666666666666666,2.0,8.0,4.0,3.0,1.0,0.8,0.6,4.0,16.0,9.0,7.0,2.0,0.9,0.7,0.6666666666666666,0.6,0.6,133,3.0,0.6,1.0,0.2,2.0,7.0,6.0,4.0,2.0,2.0,1.3333333333333333,2.0,8.0,7.0,8.0,-1.0,1.4,1.6,5.0,18.0,13.0,12.0,1.0,1.3,1.2,0.3333333333333333,0.2,0.3,125,3.0,0.4,1.0,1.0,A,4.0
2021-11-27,2021-22,Apertura - Liguilla,Quarterfinals,True,Atlas,Monterrey,1.0,1.0,1.0,0.0,footballcsv,1112,1522.1571270966206,1559.6750763425634,-37.51794924594287,1,2,2,3.0,6.0,5,2,2,3,6.0,9.0,7,1.0,4.0,2.0,2.0,0.0,0.6666666666666666,0.6666666666666666,2.0,8.0,8.0,4.0,4.0,1.6,0.8,5.0,17.0,14.0,6.0,8.0,1.4,0.6,0.6666666666666666,0.6,0.6,116,3.0,0.4,0.8,0.6,1.0,5.0,4.0,1.0,3.0,1.3333333333333333,0.3333333333333333,1.0,6.0,5.0,3.0,2.0,1.0,0.6,3.0,12.0,10.0,9.0,1.0,1.0,0.9,0.6666666666666666,0.4,0.3,132,3.0,0.2,1.2,1.2,D,2.0
2021-11-28,2021-22,Apertura - Liguilla,Quarterfinals,True,León,Puebla,2.0,0.0,1.0,0.0,footballcsv,1113,1604.4155294933046,1531.497313028323,72.91821646498147,2,0,3,6.0,6.0,5,4,0,5,12.0,13.0,9,2.0,6.0,5.0,2.0,3.0,1.6666666666666667,0.6666666666666666,3.0,10.0,6.0,2.0,4.0,1.2,0.4,4.0,14.0,8.0,7.0,1.0,0.8,0.7,0.6666666666666666,0.8,0.6,129,3.0,0.2,1.0,0.8,2.0,7.0,5.0,3.0,2.0,1.6666666666666667,1.0,3.0,10.0,7.0,4.0,3.0,1.4,0.8,6.0,20.0,13.0,7.0,6.0,1.3,0.7,0.3333333333333333,0.4,0.5,122,3.0,0.6,1.0,0.6,H,2.0
2021-11-28,2021-22,Apertura - Liguilla,Quarterfinals,True,Tigres UANL,Santos Laguna,1.0,0.0,0.0,0.0,footballcsv,1114,1577.428446226241,1575.3352185134058,2.093227712835187,1,1,3,5.0,7.0,5,3,1,4,12.0,11.0,8,2.0,6.0,6.0,3.0,3.0,2.0,1.0,3.0,9.0,9.0,4.0,5.0,1.8,0.8,4.0,15.0,13.0,7.0,6.0,1.3,0.7,0.3333333333333333,0.4,0.5,128,3.0,0.6,1.6,0.2,2.0,7.0,4.0,1.0,3.0,1.3333333333333333,0.3333333333333333,4.0,13.0,10.0,3.0,7.0,2.0,0.6,5.0,18.0,16.0,10.0,6.0,1.6,1.0,0.6666666666666666,0.6,0.4,127,3.0,0.4,1.8,1.4,H,1.0
2021-12-01,2021-22,Apertura - Liguilla,Semifinals,True,Tigres UANL,León,2.0,1.0,0.0,0.0,footballcsv,1115,1582.5604396767865,1610.4375062099798,-27.87706653319333,1,4,0,6.0,4.0,5,3,5,0,11.0,6.0,8,2.0,6.0,5.0,2.0,3.0,1.6666666666666667,0.6666666666666666,3.0,9.0,7.0,4.0,3.0,1.4,0.8,5.0,18.0,14.0,5.0,9.0,1.4,0.5,0.6666666666666666,0.4,0.6,129,3.0,0.8,1.8,0.2,2.0,6.0,6.0,2.0,4.0,2.0,0.6666666666666666,3.0,10.0,7.0,2.0,5.0,1.4,0.4,5.0,17.0,10.0,6.0,4.0,1.0,0.6,0.6666666666666666,0.8,0.7,130,3.0,0.6,0.8,0.4,H,3.0
2021-12-02,2021-22,Apertura - Liguilla,Semifinals,True,Pumas UNAM,Atlas,0.0,1.0,0.0,1.0,footballcsv,1116,1530.1695072564257,1520.9404527411705,9.229054515255257,2,3,0,9.0,4.0,5,3,3,0,12.0,4.0,6,2.0,7.0,5.0,2.0,3.0,1.6666666666666667,0.6666666666666666,3.0,10.0,9.0,8.0,1.0,1.8,1.6,6.0,20.0,16.0,13.0,3.0,1.6,1.3,0.3333333333333333,0.2,0.2,126,5.0,0.6,1.6,1.4,1.0,5.0,3.0,1.0,2.0,1.0,0.3333333333333333,2.0,8.0,9.0,5.0,4.0,1.8,1.0,4.0,15.0,12.0,7.0,5.0,1.2,0.7,0.6666666666666666,0.4,0.5,117,5.0,0.6,2.0,0.6,A,1.0
2021-12-04,2021-22,Apertura - Liguilla,Semifinals,True,León,Tigres UANL,2.0,1.0,1.0,1.0,footballcsv,1117,1604.6747085920993,1588.323237294667,16.351471297432226,0,3,2,5.0,8.0,5,0,5,4,7.0,13.0,9,1.0,3.0,4.0,4.0,0.0,1.3333333333333333,1.3333333333333333,3.0,9.0,8.0,4.0,4.0,1.6,0.8,5.0,17.0,11.0,6.0,5.0,1.1,0.6,0.3333333333333333,0.6,0.7,131,3.0,0.4,1.2,0.6,2.0,6.0,4.0,3.0,1.0,1.3333333333333333,1.0,4.0,12.0,9.0,4.0,5.0,1.8,0.8,6.0,20.0,16.0,6.0,10.0,1.6,0.6,0.3333333333333333,0.4,0.5,130,3.0,0.2,1.0,1.2,H,3.0
2021-12-05,2021-22,Apertura - Liguilla,Semifinals,True,Atlas,Pumas UNAM,0.0,1.0,0.0,0.0,footballcsv,1118,1529.6139456441658,1521.4960143534304,8.117931290735442,1,2,2,3.0,7.0,5,1,3,3,5.0,12.0,7,1.0,5.0,2.0,1.0,1.0,0.6666666666666666,0.3333333333333333,2.0,8.0,4.0,3.0,1.0,0.8,0.6,4.0,15.0,11.0,7.0,4.0,1.1,0.7,0.6666666666666666,0.6,0.5,118,3.0,0.2,0.6,0.8,1.0,4.0,3.0,2.0,1.0,1.0,0.6666666666666666,3.0,10.0,9.0,6.0,3.0,1.8,1.2,6.0,20.0,16.0,12.0,4.0,1.6,1.2,0.3333333333333333,0.2,0.2,127,3.0,0.6,1.6,1.2,A,1.0
2021-12-09,2021-22,Apertura - Liguilla,Final,True,León,Atlas,3.0,2.0,1.0,1.0,footballcsv,1119,1609.519554685531,1520.9612365722105,88.55831811332041,3,1,1,11.0,7.0,5,3,2,1,11.0,7.0,6,2.0,6.0,5.0,3.0,2.0,1.6666666666666667,1.0,3.0,9.0,9.0,5.0,4.0,1.8,1.0,6.0,19.0,13.0,7.0,6.0,1.3,0.7,0.3333333333333333,0.4,0.6,132,5.0,0.6,1.6,0.6,1.0,4.0,2.0,2.0,0.0,0.6666666666666666,0.6666666666666666,2.0,8.0,4.0,2.0,2.0,0.8,0.4,4.0,15.0,11.0,7.0,4.0,1.1,0.7,0.3333333333333333,0.6,0.5,119,4.0,0.6,1.6,0.6,H,5.0
2021-12-12,2021-22,Apertura - Liguilla,Final,True,Atlas,León,1.0,0.0,0.0,0.0,footballcsv,1120,1517.422537646413,1613.0582536113284,-95.63571596491533,1,1,3,7.0,9.0,5,1,2,4,9.0,14.0,7,1.0,3.0,3.0,4.0,-1.0,1.0,1.3333333333333333,1.0,5.0,4.0,5.0,-1.0,0.8,1.0,3.0,12.0,12.0,10.0,2.0,1.2,1.0,0.3333333333333333,0.4,0.4,120,3.0,0.2,0.6,0.8,2.0,6.0,6.0,5.0,1.0,2.0,1.6666666666666667,3.0,9.0,9.0,7.0,2.0,1.8,1.4,6.0,19.0,15.0,9.0,6.0,1.5,0.9,0.0,0.2,0.5,133,3.0,0.4,0.8,0.8,H,1.0
2022-01-06,2021-22,Clausura,1,False,Atlético San Luis,Pachuca,0.0,2.0,0.0,0.0,footballcsv,1121,1409.2151344631443,1524.9360216318141,-115.72088716866983,1,1,2,4.0,8.0,4,1,1,2,4.0,8.0,4,0.0,2.0,0.0,2.0,-2.0,0.0,0.6666666666666666,0.0,3.0,3.0,9.0,-6.0,0.6,1.8,1.0,7.0,5.0,15.0,-10.0,0.5,1.5,0.6666666666666666,0.4,0.3,80,47.0,0.2,1.4,2.4,0.0,2.0,3.0,4.0,-1.0,1.0,1.3333333333333333,0.0,3.0,4.0,8.0,-4.0,0.8,1.6,2.0,11.0,9.0,12.0,-3.0,0.9,1.2,0.3333333333333333,0.2,0.2,123,61.0,0.2,1.0,1.8,A,2.0
2022-01-07,2021-22,Clausura,1,False,Puebla,América,1.0,1.0,1.0,1.0,footballcsv,1122,1525.4753363116479,1621.2357855380728,-95.76044922642495,0,0,5,2.0,9.0,5,0,0,7,4.0,13.0,7,1.0,4.0,4.0,5.0,-1.0,1.3333333333333333,1.6666666666666667,3.0,10.0,7.0,5.0,2.0,1.4,1.0,6.0,19.0,12.0,8.0,4.0,1.2,0.8,0.0,0.4,0.5,123,40.0,0.6,1.4,0.8,0.0,2.0,1.0,3.0,-2.0,0.3333333333333333,1.0,1.0,5.0,3.0,5.0,-2.0,0.6,1.0,4.0,16.0,9.0,7.0,2.0,0.9,0.7,0.6666666666666666,0.6,0.6,134,41.0,0.2,0.8,1.2,D,2.0
2022-01-07,2021-22,Clausura,1,False,FC Juárez,Necaxa,2.0,1.0,1.0,0.0,footballcsv,1123,1420.6080688743439,1446.4806280472476,-25.87255917290372,2,1,2,3.0,3.0,5,2,1,2,3.0,3.0,5,0.0,1.0,1.0,6.0,-5.0,0.3333333333333333,2.0,0.0,2.0,1.0,7.0,-6.0,0.2,1.4,4.0,14.0,9.0,12.0,-3.0,0.9,1.2,0.0,0.2,0.3,79,62.0,0.6,1.2,0.8,2.0,6.0,3.0,4.0,-1.0,1.0,1.3333333333333333,2.0,7.0,4.0,6.0,-2.0,0.8,1.2,3.0,11.0,7.0,13.0,-6.0,0.7,1.3,0.3333333333333333,0.2,0.3,120,62.0,0.2,0.4,1.0,H,3.0
2022-01-08,2021-22,Clausura,1,False,Monterrey,Querétaro,0.0,0.0,0.0,0.0,footballcsv,1125,1560.8917506980135,1434.9279395366952,125.96381116131829,2,0,3,6.0,7.0,5,4,0,3,10.0,9.0,7,1.0,5.0,5.0,2.0,3.0,1.6666666666666667,0.6666666666666666,1.0,7.0,6.0,3.0,3.0,1.2,0.6,2.0,10.0,9.0,10.0,-1.0,0.9,1.0,0.3333333333333333,0.4,0.2,133,42.0,0.4,0.8,0.4,0.0,0.0,3.0,7.0,-4.0,1.0,2.3333333333333335,1.0,4.0,5.0,8.0,-3.0,1.0,1.6,3.0,12.0,10.0,11.0,-1.0,1.0,1.1,0.0,0.2,0.4,118,65.0,0.0,0.4,1.4,D,0.0
2022-01-08,2021-22,Clausura,1,False,Cruz Azul,Tijuana,2.0,0.0,1.0,0.0,footballcsv,1124,1588.1872205336717,1423.4915016470072,164.6957188866645,3,1,1,10.0,7.0,5,4,2,1,12.0,8.0,7,0.0,0.0,4.0,9.0,-5.0,1.3333333333333333,3.0,1.0,4.0,7.0,11.0,-4.0,1.4,2.2,3.0,13.0,12.0,13.0,-1.0,1.2,1.3,0.0,0.0,0.3,132,48.0,0.4,1.2,1.4,2.0,6.0,6.0,5.0,1.0,2.0,1.6666666666666667,2.0,8.0,7.0,6.0,1.0,1.4,1.2,3.0,12.0,10.0,15.0,-5.0,1.0,1.5,0.3333333333333333,0.4,0.3,115,63.0,0.2,1.0,2.2,H,2.0
2022-01-09,2021-22,Clausura,1,False,Guadalajara,Mazatlán FC,3.0,0.0,3.0,0.0,footballcsv,1126,1534.2543016624577,1457.8675149727392,76.38678668971852,2,1,0,4.0,2.0,3,2,1,0,4.0,2.0,3,1.0,4.0,4.0,4.0,0.0,1.3333333333333333,1.3333333333333333,1.0,6.0,5.0,5.0,0.0,1.0,1.0,3.0,13.0,8.0,7.0,1.0,0.8,0.7,0.3333333333333333,0.4,0.5,120,50.0,0.6,1.2,0.6,1.0,3.0,3.0,4.0,-1.0,1.0,1.3333333333333333,2.0,6.0,4.0,6.0,-2.0,0.8,1.2,3.0,11.0,9.0,12.0,-3.0,0.9,1.2,0.0,0.2,0.2,51,65.0,0.0,0.2,1.4,H,3.0
2022-01-10,2021-22,Clausura,1,False,Pumas UNAM,Toluca,5.0,0.0,1.0,0.0,footballcsv,1127,1530.1487234253857,1494.9698809223676,35.17884250301813,3,0,2,7.0,6.0,5,5,1,2,12.0,9.0,8,2.0,6.0,4.0,2.0,2.0,1.3333333333333333,0.6666666666666666,3.0,10.0,6.0,3.0,3.0,1.2,0.6,6.0,20.0,16.0,12.0,4.0,1.6,1.2,0.3333333333333333,0.4,0.2,128,36.0,0.4,1.4,1.6,0.0,1.0,1.0,3.0,-2.0,0.3333333333333333,1.0,0.0,3.0,4.0,6.0,-2.0,0.8,1.2,1.0,7.0,9.0,14.0,-5.0,0.9,1.4,0.3333333333333333,0.2,0.1,120,50.0,0.2,0.8,1.6,H,5.0
2022-01-12,2021-22,Clausura,1,False,Santos Laguna,Tigres UANL,1.0,1.0,0.0,0.0,footballcsv,1128,1570.2032250628604,1583.4783912012354,-13.27516613837497,2,1,2,5.0,5.0,5,4,1,4,11.0,13.0,9,2.0,6.0,4.0,2.0,2.0,1.3333333333333333,0.6666666666666666,3.0,10.0,7.0,2.0,5.0,1.4,0.4,5.0,18.0,15.0,9.0,6.0,1.5,0.9,0.3333333333333333,0.6,0.4,128,45.0,0.6,1.4,0.6,2.0,6.0,4.0,3.0,1.0,1.3333333333333333,1.0,3.0,9.0,8.0,5.0,3.0,1.6,1.0,5.0,17.0,14.0,8.0,6.0,1.4,0.8,0.3333333333333333,0.4,0.4,131,39.0,0.2,1.2,1.2,D,2.0
2022-01-14,2021-22,Clausura,2,False,Necaxa,Monterrey,0.0,4.0,0.0,3.0,footballcsv,1129,1440.7610868545162,1555.5726041370083,-114.8115172824921,1,3,1,5.0,5.0,5,3,4,3,11.0,10.0,10,1.0,3.0,3.0,6.0,-3.0,1.0,2.0,2.0,7.0,5.0,7.0,-2.0,1.0,1.4,3.0,11.0,8.0,12.0,-4.0,0.8,1.2,0.0,0.2,0.3,121,7.0,0.6,1.2,1.0,0.0,3.0,1.0,1.0,0.0,0.3333333333333333,0.3333333333333333,1.0,7.0,5.0,2.0,3.0,1.0,0.4,1.0,8.0,7.0,9.0,-2.0,0.7,0.9,0.6666666666666666,0.6,0.3,134,6.0,0.2,1.2,0.8,A,4.0
2022-01-14,2021-22,Clausura,2,False,Querétaro,Pumas UNAM,1.0,3.0,1.0,2.0,footballcsv,1130,1440.2470860977005,1541.7286171971912,-101.48153109949067,2,1,2,7.0,5.0,5,3,1,2,8.0,5.0,6,0.0,1.0,2.0,5.0,-3.0,0.6666666666666666,1.6666666666666667,1.0,4.0,4.0,7.0,-3.0,0.8,1.4,2.0,10.0,7.0,11.0,-4.0,0.7,1.1,0.3333333333333333,0.4,0.4,119,6.0,0.6,1.6,0.8,2.0,6.0,6.0,1.0,5.0,2.0,0.3333333333333333,3.0,10.0,9.0,2.0,7.0,1.8,0.4,6.0,20.0,19.0,11.0,8.0,1.9,1.1,0.6666666666666666,0.6,0.3,129,4.0,0.8,1.8,0.8,A,4.0
2022-01-15,2021-22,Clausura,2,False,Atlas,Atlético San Luis,1.0,0.0,0.0,0.0,footballcsv,1131,1524.6657375022567,1399.5121102315177,125.15362727073898,2,1,1,11.0,6.0,4,2,1,1,11.0,6.0,4,1.0,3.0,3.0,4.0,-1.0,1.0,1.3333333333333333,2.0,7.0,5.0,5.0,0.0,1.0,1.0,4.0,15.0,13.0,9.0,4.0,1.3,0.9,0.3333333333333333,0.4,0.5,121,34.0,0.4,0.8,0.8,0.0,1.0,0.0,4.0,-4.0,0.0,1.3333333333333333,0.0,3.0,1.0,5.0,-4.0,0.2,1.0,1.0,7.0,5.0,16.0,-11.0,0.5,1.6,0.3333333333333333,0.4,0.3,81,9.0,0.2,0.4,0.6,H,1.0
2022-01-15,2021-22,Clausura,2,False,Tigres UANL,Puebla,0.0,2.0,0.0,2.0,footballcsv,1132,1585.3756182999177,1525.92864761649,59.44697068342771,1,3,1,4.0,4.0,5,2,4,1,11.0,6.0,7,1.0,4.0,4.0,4.0,0.0,1.3333333333333333,1.3333333333333333,2.0,7.0,6.0,6.0,0.0,1.2,1.2,5.0,17.0,15.0,9.0,6.0,1.5,0.9,0.0,0.2,0.3,132,3.0,1.0,2.2,0.4,1.0,4.0,3.0,4.0,-1.0,1.0,1.3333333333333333,2.0,8.0,6.0,6.0,0.0,1.2,1.2,5.0,17.0,12.0,9.0,3.0,1.2,0.9,0.0,0.2,0.4,124,8.0,0.6,1.0,0.6,A,2.0
2022-01-15,2021-22,Clausura,2,False,Cruz Azul,FC Juárez,1.0,0.0,1.0,0.0,footballcsv,1133,1592.0717792181115,1426.3276100670753,165.7441691510362,3,0,1,7.0,4.0,4,3,0,1,7.0,4.0,4,1.0,3.0,6.0,8.0,-2.0,2.0,2.6666666666666665,2.0,6.0,8.0,10.0,-2.0,1.6,2.0,3.0,13.0,12.0,13.0,-1.0,1.2,1.3,0.3333333333333333,0.2,0.3,133,7.0,0.4,1.2,1.4,1.0,3.0,2.0,6.0,-4.0,0.6666666666666666,2.0,1.0,4.0,3.0,8.0,-5.0,0.6,1.6,4.0,14.0,9.0,12.0,-3.0,0.9,1.2,0.0,0.0,0.3,80,8.0,0.2,0.6,1.6,H,1.0
2022-01-15,2021-22,Clausura,2,False,Tijuana,León,1.0,1.0,0.0,1.0,footballcsv,1134,1419.6069429625675,1605.8150537554848,-186.2081107929173,1,0,4,6.0,8.0,5,2,1,5,9.0,12.0,8,2.0,6.0,5.0,4.0,1.0,1.6666666666666667,1.3333333333333333,2.0,7.0,6.0,7.0,-1.0,1.2,1.4,2.0,9.0,8.0,16.0,-8.0,0.8,1.6,0.3333333333333333,0.4,0.3,116,7.0,0.4,1.0,0.8,2.0,6.0,5.0,4.0,1.0,1.6666666666666667,1.3333333333333333,3.0,9.0,8.0,6.0,2.0,1.6,1.2,6.0,19.0,14.0,8.0,6.0,1.4,0.8,0.0,0.2,0.5,134,34.0,0.2,0.6,1.0,D,2.0
2022-01-16,2021-22,Clausura,2,False,Toluca,Santos Laguna,3.0,1.0,1.0,1.0,footballcsv,1135,1483.389987150562,1568.305997964178,-84.91601081361591,0,2,3,6.0,13.0,5,1,2,3,8.0,14.0,6,0.0,0.0,1.0,8.0,-7.0,0.3333333333333333,2.6666666666666665,0.0,2.0,3.0,10.0,-7.0,0.6,2.0,0.0,4.0,6.0,18.0,-12.0,0.6,1.8,0.0,0.2,0.1,121,6.0,0.0,0.8,1.2,1.0,4.0,3.0,3.0,0.0,1.0,1.0,2.0,8.0,5.0,3.0,2.0,1.0,0.6,4.0,16.0,15.0,10.0,5.0,1.5,1.0,0.0,0.4,0.3,129,4.0,0.4,1.6,1.2,H,4.0
2022-01-16,2021-22,Clausura,2,False,Pachuca,Guadalajara,2.0,1.0,2.0,0.0,footballcsv,1136,1534.6390458634407,1541.7353559060691,-7.0963100426283745,1,3,1,5.0,4.0,5,4,3,1,15.0,8.0,8,1.0,4.0,4.0,3.0,1.0,1.3333333333333333,1.0,1.0,6.0,6.0,5.0,1.0,1.2,1.0,3.0,14.0,11.0,11.0,0.0,1.1,1.1,0.6666666666666666,0.4,0.3,124,10.0,0.0,0.8,0.8,2.0,7.0,6.0,2.0,4.0,2.0,0.6666666666666666,2.0,8.0,8.0,5.0,3.0,1.6,1.0,3.0,13.0,10.0,7.0,3.0,1.0,0.7,0.6666666666666666,0.4,0.5,121,7.0,0.2,0.8,1.0,H,3.0
2022-01-19,2021-22,Clausura,1,False,León,Atlas,1.0,1.0,1.0,0.0,footballcsv,1137,1602.8499292412223,1527.6441231581844,75.20580608303794,3,0,2,8.0,7.0,5,4,2,2,14.0,10.0,8,1.0,4.0,4.0,4.0,0.0,1.3333333333333333,1.3333333333333333,2.0,7.0,7.0,7.0,0.0,1.4,1.4,5.0,17.0,14.0,9.0,5.0,1.4,0.9,0.0,0.0,0.4,135,4.0,0.8,2.2,1.0,2.0,6.0,4.0,3.0,1.0,1.3333333333333333,1.0,3.0,9.0,5.0,4.0,1.0,1.0,0.8,5.0,17.0,14.0,9.0,5.0,1.4,0.9,0.6666666666666666,0.6,0.5,122,4.0,0.4,1.8,1.2,D,2.0
2022-01-20,2021-22,Clausura,3,False,Atlético San Luis,FC Juárez,0.0,1.0,0.0,0.0,footballcsv,1138,1396.53372457559,1423.8896361871682,-27.35591161157822,1,1,3,4.0,8.0,5,1,1,3,4.0,8.0,5,0.0,0.0,0.0,5.0,-5.0,0.0,1.6666666666666667,0.0,2.0,0.0,5.0,-5.0,0.0,1.0,0.0,4.0,3.0,16.0,-13.0,0.3,1.6,0.0,0.4,0.3,82,5.0,0.0,0.6,2.6,1.0,3.0,2.0,5.0,-3.0,0.6666666666666666,1.6666666666666667,1.0,4.0,3.0,8.0,-5.0,0.6,1.6,3.0,11.0,8.0,13.0,-5.0,0.8,1.3,0.0,0.0,0.2,81,5.0,0.0,0.4,1.8,A,1.0
2022-01-21,2021-22,Clausura,3,False,Mazatlán FC,Toluca,1.0,2.0,1.0,0.0,footballcsv,1139,1450.3864607291277,1494.5315468929214,-44.14508616379362,1,1,1,5.0,7.0,3,1,1,1,5.0,7.0,3,0.0,0.0,1.0,6.0,-5.0,0.3333333333333333,2.0,1.0,3.0,3.0,9.0,-6.0,0.6,1.8,3.0,11.0,9.0,13.0,-4.0,0.9,1.3,0.0,0.0,0.2,52,12.0,0.6,1.6,1.0,1.0,3.0,4.0,8.0,-4.0,1.3333333333333333,2.6666666666666665,1.0,4.0,4.0,9.0,-5.0,0.8,1.8,1.0,7.0,9.0,17.0,-8.0,0.9,1.7,0.0,0.2,0.1,122,5.0,0.0,0.4,2.4,A,3.0
2022-01-22,2021-22,Clausura,3,False,América,Atlas,0.0,2.0,0.0,0.0,footballcsv,1143,1620.7824742332307,1531.8360996274246,88.94637460580611,4,0,1,6.0,4.0,5,5,0,1,9.0,4.0,6,0.0,2.0,2.0,4.0,-2.0,0.6666666666666666,1.3333333333333333,0.0,3.0,3.0,6.0,-3.0,0.6,1.2,4.0,16.0,10.0,8.0,2.0,1.0,0.8,0.3333333333333333,0.4,0.5,135,15.0,0.6,1.2,0.8,2.0,7.0,3.0,1.0,2.0,1.0,0.3333333333333333,2.0,7.0,5.0,5.0,0.0,1.0,1.0,4.0,15.0,9.0,8.0,1.0,0.9,0.8,0.6666666666666666,0.4,0.5,123,3.0,0.4,2.0,1.2,A,2.0
2022-01-22,2021-22,Clausura,3,False,Monterrey,Cruz Azul,2.0,2.0,0.0,1.0,footballcsv,1142,1569.834106330836,1594.5097530980186,-24.67564676718257,2,2,1,7.0,4.0,5,3,3,3,11.0,9.0,9,1.0,5.0,5.0,1.0,4.0,1.6666666666666667,0.3333333333333333,2.0,9.0,9.0,2.0,7.0,1.8,0.4,2.0,11.0,10.0,6.0,4.0,1.0,0.6,0.6666666666666666,0.6,0.4,135,8.0,0.2,0.4,0.4,2.0,6.0,4.0,4.0,0.0,1.3333333333333333,1.3333333333333333,2.0,6.0,7.0,9.0,-2.0,1.4,1.8,4.0,15.0,12.0,12.0,0.0,1.2,1.2,0.6666666666666666,0.4,0.4,134,7.0,0.2,1.2,1.2,D,4.0
2022-01-22,2021-22,Clausura,3,False,León,Pachuca,2.0,1.0,1.0,1.0,footballcsv,1140,1598.657952771982,1539.9606898076083,58.69726296437375,3,1,1,7.0,5.0,5,4,2,1,10.0,7.0,7,0.0,2.0,2.0,3.0,-1.0,0.6666666666666666,1.0,2.0,8.0,7.0,6.0,1.0,1.4,1.2,5.0,17.0,15.0,10.0,5.0,1.5,1.0,0.0,0.0,0.3,136,3.0,0.8,2.2,0.8,2.0,6.0,6.0,4.0,2.0,2.0,1.3333333333333333,2.0,8.0,7.0,5.0,2.0,1.4,1.0,3.0,14.0,12.0,12.0,0.0,1.2,1.2,0.3333333333333333,0.4,0.2,125,6.0,0.4,1.2,1.6,H,3.0
2022-01-22,2021-22,Clausura,3,False,Guadalajara,Querétaro,1.0,1.0,1.0,1.0,footballcsv,1141,1536.4137119619015,1430.0390327769728,106.37467918492871,1,3,1,6.0,6.0,5,1,4,1,7.0,7.0,6,1.0,4.0,6.0,4.0,2.0,2.0,1.3333333333333333,2.0,7.0,8.0,6.0,2.0,1.6,1.2,3.0,12.0,11.0,9.0,2.0,1.1,0.9,0.3333333333333333,0.4,0.4,122,6.0,0.6,1.4,0.4,0.0,1.0,1.0,5.0,-4.0,0.3333333333333333,1.6666666666666667,0.0,1.0,4.0,10.0,-6.0,0.8,2.0,2.0,10.0,8.0,12.0,-4.0,0.8,1.2,0.3333333333333333,0.2,0.4,120,8.0,0.0,0.4,1.0,D,2.0
2022-01-23,2021-22,Clausura,3,False,Pumas UNAM,Tigres UANL,1.0,2.0,1.0,0.0,footballcsv,1144,1551.9366705179189,1570.2025457694688,-18.265875251549915,0,3,2,1.0,5.0,5,1,4,4,8.0,13.0,9,3.0,9.0,9.0,1.0,8.0,3.0,0.3333333333333333,4.0,12.0,12.0,3.0,9.0,2.4,0.6,6.0,20.0,19.0,11.0,8.0,1.9,1.1,0.6666666666666666,0.4,0.3,130,9.0,0.4,1.8,1.4,0.0,1.0,2.0,5.0,-3.0,0.6666666666666666,1.6666666666666667,2.0,7.0,5.0,6.0,-1.0,1.0,1.2,5.0,16.0,14.0,10.0,4.0,1.4,1.0,0.0,0.2,0.3,133,8.0,0.0,0.8,1.4,A,3.0
2022-01-23,2021-22,Clausura,3,False,Santos Laguna,Necaxa,1.0,4.0,1.0,1.0,footballcsv,1145,1557.1644382218187,1426.4995846606885,130.66485356113026,3,0,2,9.0,7.0,5,4,0,3,11.0,9.0,7,0.0,1.0,2.0,5.0,-3.0,0.6666666666666666,1.6666666666666667,2.0,7.0,6.0,6.0,0.0,1.2,1.2,4.0,15.0,15.0,12.0,3.0,1.5,1.2,0.0,0.2,0.3,130,7.0,0.4,1.4,0.8,0.0,0.0,1.0,9.0,-8.0,0.3333333333333333,3.0,2.0,6.0,4.0,10.0,-6.0,0.8,2.0,3.0,11.0,8.0,13.0,-5.0,0.8,1.3,0.0,0.2,0.3,122,9.0,0.2,0.6,1.2,A,5.0
2022-01-28,2021-22,Clausura,3,False,Puebla,Tijuana,3.0,1.0,0.0,1.0,footballcsv,1146,1541.101720146939,1422.57206747683,118.52965267010904,1,1,3,3.0,6.0,5,1,2,4,3.0,10.0,7,1.0,4.0,3.0,3.0,0.0,1.0,1.0,2.0,8.0,7.0,6.0,1.0,1.4,1.2,6.0,20.0,13.0,7.0,6.0,1.3,0.7,0.3333333333333333,0.2,0.5,125,13.0,0.4,1.2,1.0,1.0,4.0,4.0,5.0,-1.0,1.3333333333333333,1.6666666666666667,2.0,7.0,7.0,8.0,-1.0,1.4,1.6,2.0,10.0,8.0,13.0,-5.0,0.8,1.3,0.0,0.2,0.3,117,13.0,0.2,0.8,1.8,H,4.0
2022-02-05,2021-22,Clausura,4,False,América,Atlético San Luis,2.0,3.0,0.0,1.0,footballcsv,1147,1604.8388811519806,1388.5599477594876,216.27893339249295,4,0,0,6.0,2.0,4,4,0,0,6.0,2.0,4,0.0,1.0,2.0,6.0,-4.0,0.6666666666666666,2.0,0.0,3.0,2.0,6.0,-4.0,0.4,1.2,4.0,15.0,9.0,9.0,0.0,0.9,0.9,0.0,0.4,0.5,136,14.0,0.4,0.8,1.2,0.0,0.0,0.0,4.0,-4.0,0.0,1.3333333333333333,0.0,1.0,0.0,6.0,-6.0,0.0,1.2,0.0,4.0,3.0,14.0,-11.0,0.3,1.4,0.0,0.2,0.3,83,16.0,0.0,0.0,0.6,A,5.0
2022-02-05,2021-22,Clausura,4,False,Necaxa,Pachuca,1.0,3.0,0.0,2.0,footballcsv,1148,1447.8699658540597,1535.9132610527336,-88.04329519867383,1,2,2,6.0,7.0,5,1,2,3,8.0,13.0,6,1.0,3.0,5.0,7.0,-2.0,1.6666666666666667,2.3333333333333335,2.0,6.0,7.0,11.0,-4.0,1.4,2.2,4.0,14.0,12.0,13.0,-1.0,1.2,1.3,0.0,0.0,0.3,123,13.0,0.4,1.0,1.8,2.0,6.0,5.0,3.0,2.0,1.6666666666666667,1.0,2.0,7.0,7.0,6.0,1.0,1.4,1.2,3.0,13.0,12.0,13.0,-1.0,1.2,1.3,0.3333333333333333,0.4,0.2,126,14.0,0.4,1.4,1.8,A,4.0
2022-02-05,2021-22,Clausura,4,False,Tijuana,Pumas UNAM,1.0,0.0,0.0,0.0,footballcsv,1149,1417.698905184835,1543.7863794256518,-126.08747424081685,1,1,3,2.0,7.0,5,1,1,4,2.0,8.0,6,0.0,1.0,2.0,6.0,-4.0,0.6666666666666666,2.0,2.0,7.0,7.0,8.0,-1.0,1.4,1.6,2.0,9.0,9.0,16.0,-7.0,0.9,1.6,0.0,0.2,0.2,118,8.0,0.2,0.8,0.8,2.0,6.0,9.0,3.0,6.0,3.0,1.0,3.0,9.0,10.0,4.0,6.0,2.0,0.8,6.0,19.0,19.0,12.0,7.0,1.9,1.2,0.3333333333333333,0.4,0.3,131,13.0,0.8,2.0,0.8,H,1.0
2022-02-06,2021-22,Clausura,4,False,Querétaro,Puebla,0.0,2.0,0.0,2.0,footballcsv,1150,1434.9418371433107,1545.974882438934,-111.0330452956232,1,3,1,6.0,6.0,5,1,3,3,6.0,8.0,7,0.0,2.0,2.0,4.0,-2.0,0.6666666666666666,1.3333333333333333,0.0,2.0,4.0,9.0,-5.0,0.8,1.8,1.0,8.0,8.0,13.0,-5.0,0.8,1.3,0.3333333333333333,0.2,0.3,121,15.0,0.4,1.2,1.4,2.0,7.0,6.0,2.0,4.0,2.0,0.6666666666666666,3.0,10.0,8.0,5.0,3.0,1.6,1.0,6.0,20.0,15.0,8.0,7.0,1.5,0.8,0.3333333333333333,0.2,0.4,126,9.0,0.8,1.2,0.4,A,2.0
2022-02-06,2021-22,Clausura,4,False,Atlas,Santos Laguna,2.0,1.0,2.0,0.0,footballcsv,1151,1547.7796927086747,1535.7940570284475,11.985635680227233,0,3,2,3.0,5.0,5,1,3,3,5.0,8.0,7,2.0,7.0,4.0,1.0,3.0,1.3333333333333333,0.3333333333333333,3.0,10.0,7.0,4.0,3.0,1.4,0.8,5.0,18.0,11.0,6.0,5.0,1.1,0.6,0.6666666666666666,0.6,0.6,124,15.0,0.6,1.0,0.4,0.0,1.0,3.0,8.0,-5.0,1.0,2.6666666666666665,1.0,4.0,5.0,10.0,-5.0,1.0,2.0,4.0,15.0,15.0,14.0,1.0,1.5,1.4,0.0,0.0,0.3,131,14.0,0.4,1.6,1.6,H,3.0
2022-02-06,2021-22,Clausura,4,False,Tigres UANL,Mazatlán FC,4.0,3.0,2.0,0.0,footballcsv,1152,1578.3528368617358,1442.7421983899721,135.61063847176365,1,1,1,5.0,3.0,3,1,1,1,5.0,3.0,3,1.0,4.0,3.0,4.0,-1.0,1.0,1.3333333333333333,2.0,7.0,6.0,7.0,-1.0,1.2,1.4,5.0,16.0,13.0,11.0,2.0,1.3,1.1,0.0,0.0,0.2,134,14.0,0.8,1.6,0.8,0.0,0.0,1.0,6.0,-5.0,0.3333333333333333,2.0,1.0,3.0,4.0,9.0,-5.0,0.8,1.8,3.0,10.0,8.0,13.0,-5.0,0.8,1.3,0.0,0.0,0.2,53,16.0,0.0,0.2,1.6,H,7.0
2022-02-07,2021-22,Clausura,4,False,León,Cruz Azul,0.0,1.0,0.0,1.0,footballcsv,1153,1602.7053815268569,1596.0887923493456,6.616589177511287,2,0,3,3.0,4.0,5,2,0,4,3.0,7.0,6,1.0,5.0,4.0,3.0,1.0,1.3333333333333333,1.0,2.0,8.0,7.0,6.0,1.0,1.4,1.2,5.0,17.0,16.0,11.0,5.0,1.6,1.1,0.0,0.0,0.2,137,16.0,0.8,2.0,1.0,2.0,7.0,5.0,2.0,3.0,1.6666666666666667,0.6666666666666666,2.0,7.0,9.0,10.0,-1.0,1.8,2.0,3.0,13.0,13.0,14.0,-1.0,1.3,1.4,0.6666666666666666,0.4,0.3,135,16.0,0.2,1.4,1.4,A,1.0
2022-02-09,2021-22,Clausura,4,False,FC Juárez,Guadalajara,1.0,3.0,1.0,1.0,footballcsv,1154,1431.8634130032706,1531.5109075955636,-99.64749459229301,1,1,3,5.0,9.0,5,1,1,3,5.0,9.0,5,2.0,6.0,3.0,2.0,1.0,1.0,0.6666666666666666,2.0,6.0,3.0,7.0,-4.0,0.6,1.4,3.0,11.0,8.0,13.0,-5.0,0.8,1.3,0.3333333333333333,0.2,0.2,82,20.0,0.6,1.2,0.8,1.0,4.0,5.0,3.0,2.0,1.6666666666666667,1.0,2.0,8.0,8.0,5.0,3.0,1.6,1.0,3.0,13.0,12.0,9.0,3.0,1.2,0.9,0.3333333333333333,0.4,0.4,123,18.0,0.2,1.0,1.2,A,4.0
2022-02-11,2021-22,Clausura,5,False,Mazatlán FC,Tijuana,2.0,0.0,1.0,0.0,footballcsv,1156,1439.9111013994784,1425.5444842894274,14.366617110051038,2,1,0,4.0,2.0,3,2,1,0,4.0,2.0,3,0.0,0.0,4.0,9.0,-5.0,1.3333333333333333,3.0,0.0,0.0,5.0,12.0,-7.0,1.0,2.4,3.0,9.0,11.0,17.0,-6.0,1.1,1.7,0.0,0.0,0.1,54,5.0,0.6,1.4,1.0,1.0,4.0,3.0,4.0,-1.0,1.0,1.3333333333333333,2.0,7.0,6.0,8.0,-2.0,1.2,1.6,3.0,12.0,10.0,13.0,-3.0,1.0,1.3,0.3333333333333333,0.2,0.3,119,6.0,0.2,1.0,1.8,H,2.0
2022-02-11,2021-22,Clausura,5,False,Puebla,Atlas,1.0,1.0,0.0,0.0,footballcsv,1155,1555.8431223039725,1552.7115180004885,3.131604303483982,3,0,2,3.0,2.0,5,6,0,3,8.0,4.0,9,3.0,9.0,7.0,1.0,6.0,2.3333333333333335,0.3333333333333333,3.0,10.0,8.0,4.0,4.0,1.6,0.8,6.0,20.0,15.0,8.0,7.0,1.5,0.8,0.6666666666666666,0.4,0.4,127,5.0,0.6,1.8,1.0,2.0,7.0,5.0,2.0,3.0,1.6666666666666667,0.6666666666666666,4.0,13.0,7.0,2.0,5.0,1.4,0.4,5.0,18.0,11.0,7.0,4.0,1.1,0.7,0.3333333333333333,0.6,0.5,125,5.0,0.4,1.2,0.8,D,2.0
2022-02-12,2021-22,Clausura,5,False,Guadalajara,Tigres UANL,1.0,3.0,0.0,2.0,footballcsv,1160,1541.7846745316956,1581.1839338522295,-39.39925932053393,2,1,2,6.0,6.0,5,2,1,4,7.0,9.0,7,1.0,4.0,5.0,4.0,1.0,1.6666666666666667,1.3333333333333333,2.0,8.0,10.0,6.0,4.0,2.0,1.2,4.0,16.0,15.0,9.0,6.0,1.5,0.9,0.0,0.2,0.4,124,3.0,0.4,1.4,0.6,2.0,6.0,6.0,6.0,0.0,2.0,2.0,2.0,7.0,8.0,9.0,-1.0,1.6,1.8,6.0,19.0,17.0,13.0,4.0,1.7,1.3,0.0,0.0,0.2,135,6.0,0.2,1.0,1.4,A,4.0
2022-02-12,2021-22,Clausura,5,False,Atlético San Luis,Toluca,0.0,1.0,0.0,1.0,footballcsv,1159,1400.291521005575,1502.175809232077,-101.8842882265019,1,1,2,5.0,7.0,4,1,1,2,5.0,7.0,4,1.0,3.0,3.0,4.0,-1.0,1.0,1.3333333333333333,1.0,3.0,3.0,8.0,-5.0,0.6,1.6,1.0,6.0,6.0,16.0,-10.0,0.6,1.6,0.0,0.0,0.2,84,7.0,0.0,0.6,2.2,2.0,6.0,5.0,7.0,-2.0,1.6666666666666667,2.3333333333333335,2.0,6.0,6.0,10.0,-4.0,1.2,2.0,2.0,10.0,10.0,16.0,-6.0,1.0,1.6,0.0,0.0,0.1,123,22.0,0.2,0.8,2.2,A,1.0
2022-02-12,2021-22,Clausura,5,False,Cruz Azul,Necaxa,1.0,2.0,1.0,0.0,footballcsv,1158,1604.713366037265,1437.1772245141165,167.53614152314844,4,1,0,9.0,2.0,5,4,1,1,9.0,4.0,6,2.0,7.0,4.0,2.0,2.0,1.3333333333333333,0.6666666666666666,3.0,10.0,7.0,6.0,1.0,1.4,1.2,4.0,15.0,13.0,13.0,0.0,1.3,1.3,0.6666666666666666,0.6,0.4,136,5.0,0.6,1.2,1.2,1.0,3.0,5.0,8.0,-3.0,1.6666666666666667,2.6666666666666665,1.0,3.0,6.0,13.0,-7.0,1.2,2.6,3.0,11.0,10.0,16.0,-6.0,1.0,1.6,0.0,0.0,0.2,124,7.0,0.4,1.4,1.4,A,3.0
2022-02-12,2021-22,Clausura,5,False,Santos Laguna,América,2.0,3.0,2.0,2.0,footballcsv,1157,1530.8622317366337,1593.107307905893,-62.24507616925939,1,1,3,5.0,8.0,5,1,2,3,6.0,9.0,6,0.0,0.0,3.0,9.0,-6.0,1.0,3.0,0.0,1.0,4.0,11.0,-7.0,0.8,2.2,4.0,14.0,14.0,14.0,0.0,1.4,1.4,0.0,0.0,0.3,132,6.0,0.4,1.2,1.2,0.0,1.0,3.0,6.0,-3.0,1.0,2.0,0.0,2.0,4.0,9.0,-5.0,0.8,1.8,3.0,12.0,9.0,12.0,-3.0,0.9,1.2,0.0,0.2,0.4,137,7.0,0.2,0.8,0.8,A,5.0
2022-02-13,2021-22,Clausura,5,False,Pumas UNAM,León,2.0,1.0,2.0,1.0,footballcsv,1161,1535.9408003210594,1594.0808078389375,-58.140007517878075,1,1,3,3.0,7.0,5,2,1,6,8.0,16.0,9,1.0,3.0,4.0,4.0,0.0,1.3333333333333333,1.3333333333333333,3.0,9.0,10.0,4.0,6.0,2.0,0.8,6.0,19.0,19.0,10.0,9.0,1.9,1.0,0.0,0.4,0.3,132,8.0,0.4,2.0,1.2,1.0,4.0,3.0,3.0,0.0,1.0,1.0,1.0,5.0,4.0,5.0,-1.0,0.8,1.0,4.0,14.0,13.0,12.0,1.0,1.3,1.2,0.0,0.0,0.1,138,6.0,0.2,0.8,1.2,H,3.0
2022-02-14,2021-22,Clausura,5,False,Pachuca,Querétaro,2.0,2.0,2.0,1.0,footballcsv,1162,1546.606002392677,1425.0735972782722,121.53240511440481,2,1,2,6.0,6.0,5,3,1,3,9.0,7.0,7,2.0,6.0,6.0,4.0,2.0,2.0,1.3333333333333333,3.0,9.0,10.0,7.0,3.0,2.0,1.4,3.0,13.0,13.0,13.0,0.0,1.3,1.3,0.0,0.2,0.2,127,9.0,0.2,1.0,0.8,0.0,1.0,2.0,6.0,-4.0,0.6666666666666666,2.0,0.0,2.0,2.0,8.0,-6.0,0.4,1.6,1.0,7.0,7.0,14.0,-7.0,0.7,1.4,0.0,0.2,0.3,122,8.0,0.0,0.4,1.0,D,4.0
2022-02-16,2021-22,Clausura,2,False,Mazatlán FC,América,2.0,1.0,2.0,0.0,footballcsv,1163,1447.6525093840073,1600.3926891572248,-152.7401797732175,0,0,3,1.0,6.0,3,0,0,3,1.0,6.0,3,1.0,3.0,6.0,6.0,0.0,2.0,2.0,1.0,3.0,6.0,10.0,-4.0,1.2,2.0,3.0,9.0,10.0,16.0,-6.0,1.0,1.6,0.3333333333333333,0.2,0.2,55,5.0,0.6,1.2,0.8,1.0,3.0,5.0,7.0,-2.0,1.6666666666666667,2.3333333333333335,1.0,4.0,7.0,11.0,-4.0,1.4,2.2,3.0,12.0,11.0,14.0,-3.0,1.1,1.4,0.0,0.0,0.3,138,4.0,0.4,1.2,1.0,H,3.0
2022-02-18,2021-22,Clausura,6,False,FC Juárez,Santos Laguna,0.0,0.0,0.0,0.0,footballcsv,1164,1421.5896460671386,1523.576850485302,-101.9872044181634,0,1,4,4.0,11.0,5,0,1,4,4.0,11.0,5,1.0,3.0,2.0,4.0,-2.0,0.6666666666666666,1.3333333333333333,2.0,6.0,4.0,8.0,-4.0,0.8,1.6,3.0,11.0,8.0,13.0,-5.0,0.8,1.3,0.3333333333333333,0.2,0.2,83,9.0,0.4,1.2,1.4,0.0,0.0,4.0,9.0,-5.0,1.3333333333333333,3.0,0.0,1.0,6.0,13.0,-7.0,1.2,2.6,3.0,11.0,13.0,15.0,-2.0,1.3,1.5,0.0,0.0,0.3,133,6.0,0.4,1.6,1.6,D,0.0
2022-02-18,2021-22,Clausura,6,False,Puebla,Monterrey,1.0,0.0,1.0,0.0,footballcsv,1165,1553.4950423351338,1568.255067079509,-14.760024744375187,0,3,2,6.0,9.0,5,1,4,2,8.0,10.0,7,2.0,7.0,6.0,2.0,4.0,2.0,0.6666666666666666,3.0,11.0,9.0,3.0,6.0,1.8,0.6,6.0,21.0,16.0,8.0,8.0,1.6,0.8,0.3333333333333333,0.4,0.4,128,7.0,0.4,1.8,1.2,1.0,5.0,6.0,2.0,4.0,2.0,0.6666666666666666,1.0,7.0,7.0,3.0,4.0,1.4,0.6,2.0,12.0,12.0,7.0,5.0,1.2,0.7,0.6666666666666666,0.6,0.4,136,27.0,0.4,2.0,0.6,H,1.0
2022-02-18,2021-22,Clausura,6,False,Tijuana,Necaxa,1.0,1.0,0.0,0.0,footballcsv,1166,1417.8030763048985,1448.3522892512938,-30.5492129463953,2,0,3,5.0,9.0,5,3,0,3,6.0,9.0,6,1.0,3.0,2.0,5.0,-3.0,0.6666666666666666,1.6666666666666667,1.0,4.0,3.0,8.0,-5.0,0.6,1.6,3.0,12.0,10.0,14.0,-4.0,1.0,1.4,0.3333333333333333,0.2,0.3,120,7.0,0.4,1.0,0.8,2.0,6.0,7.0,5.0,2.0,2.3333333333333335,1.6666666666666667,2.0,6.0,8.0,11.0,-3.0,1.6,2.2,4.0,13.0,12.0,17.0,-5.0,1.2,1.7,0.0,0.0,0.1,125,6.0,0.6,1.6,1.4,D,2.0
2022-02-19,2021-22,Clausura,6,False,León,Guadalajara,2.0,1.0,1.0,0.0,footballcsv,1167,1587.6487874802117,1529.5205438687428,58.12824361146886,2,2,1,6.0,4.0,5,3,2,4,11.0,12.0,9,1.0,3.0,3.0,4.0,-1.0,1.0,1.3333333333333333,1.0,5.0,5.0,6.0,-1.0,1.0,1.2,4.0,14.0,13.0,12.0,1.0,1.3,1.2,0.0,0.0,0.1,139,6.0,0.6,1.6,1.2,1.0,4.0,5.0,5.0,0.0,1.6666666666666667,1.6666666666666667,2.0,7.0,9.0,7.0,2.0,1.8,1.4,3.0,13.0,14.0,12.0,2.0,1.4,1.2,0.0,0.2,0.3,125,7.0,0.4,1.6,1.4,H,3.0
2022-02-19,2021-22,Clausura,6,False,Tigres UANL,Atlético San Luis,2.0,1.0,0.0,0.0,footballcsv,1168,1593.4480645151823,1393.86004901757,199.58801549761233,2,3,0,9.0,3.0,5,2,3,0,9.0,3.0,5,3.0,9.0,9.0,5.0,4.0,3.0,1.6666666666666667,3.0,10.0,10.0,8.0,2.0,2.0,1.6,6.0,19.0,18.0,13.0,5.0,1.8,1.3,0.0,0.0,0.2,136,7.0,0.8,2.0,1.2,1.0,3.0,3.0,4.0,-1.0,1.0,1.3333333333333333,1.0,3.0,3.0,7.0,-4.0,0.6,1.4,1.0,6.0,6.0,16.0,-10.0,0.6,1.6,0.0,0.0,0.2,85,7.0,0.2,0.6,1.0,H,3.0
2022-02-19,2021-22,Clausura,6,False,Querétaro,Mazatlán FC,2.0,0.0,0.0,0.0,footballcsv,1169,1430.300665049142,1456.0143373196586,-25.713672270516554,0,1,2,2.0,6.0,3,0,1,2,2.0,6.0,3,0.0,2.0,3.0,5.0,-2.0,1.0,1.6666666666666667,0.0,3.0,4.0,8.0,-4.0,0.8,1.6,1.0,7.0,9.0,16.0,-7.0,0.9,1.6,0.0,0.2,0.2,123,5.0,0.2,1.0,1.8,2.0,6.0,7.0,5.0,2.0,2.3333333333333335,1.6666666666666667,2.0,6.0,8.0,10.0,-2.0,1.6,2.0,4.0,12.0,12.0,16.0,-4.0,1.2,1.6,0.3333333333333333,0.2,0.2,56,3.0,0.0,0.8,2.4,H,2.0
2022-02-20,2021-22,Clausura,6,False,América,Pachuca,1.0,3.0,0.0,2.0,footballcsv,1170,1592.0308612215736,1541.3789346218073,50.651926599766284,3,1,1,10.0,7.0,5,5,2,1,17.0,9.0,8,1.0,3.0,6.0,7.0,-1.0,2.0,2.3333333333333335,1.0,4.0,7.0,10.0,-3.0,1.4,2.0,2.0,9.0,10.0,15.0,-5.0,1.0,1.5,0.0,0.0,0.3,139,4.0,0.2,0.8,1.6,1.0,4.0,6.0,5.0,1.0,2.0,1.6666666666666667,3.0,10.0,10.0,6.0,4.0,2.0,1.2,3.0,13.0,14.0,14.0,0.0,1.4,1.4,0.0,0.2,0.2,128,6.0,0.4,1.6,1.8,A,4.0
2022-02-20,2021-22,Clausura,6,False,Atlas,Pumas UNAM,0.0,0.0,0.0,0.0,footballcsv,1171,1555.0595979693271,1542.3728206797853,12.686777289541851,1,2,2,2.0,3.0,5,1,3,4,5.0,13.0,8,2.0,7.0,5.0,2.0,3.0,1.6666666666666667,0.6666666666666666,3.0,11.0,7.0,3.0,4.0,1.4,0.6,5.0,18.0,12.0,8.0,4.0,1.2,0.8,0.3333333333333333,0.4,0.4,126,9.0,0.6,1.0,0.6,1.0,3.0,3.0,4.0,-1.0,1.0,1.3333333333333333,3.0,9.0,11.0,5.0,6.0,2.2,1.0,6.0,19.0,17.0,8.0,9.0,1.7,0.8,0.0,0.2,0.3,133,7.0,0.8,1.8,0.8,D,0.0
2022-02-20,2021-22,Clausura,6,False,Toluca,Cruz Azul,1.0,4.0,1.0,1.0,footballcsv,1172,1508.607281220082,1593.5383013000876,-84.93102008000551,2,0,3,7.0,11.0,5,2,3,4,12.0,17.0,9,3.0,9.0,6.0,2.0,4.0,2.0,0.6666666666666666,3.0,9.0,7.0,9.0,-2.0,1.4,1.8,3.0,12.0,10.0,15.0,-5.0,1.0,1.5,0.3333333333333333,0.2,0.2,124,8.0,0.2,1.2,1.0,1.0,4.0,4.0,4.0,0.0,1.3333333333333333,1.3333333333333333,3.0,10.0,7.0,4.0,3.0,1.4,0.8,4.0,14.0,14.0,15.0,-1.0,1.4,1.5,0.3333333333333333,0.6,0.3,137,8.0,0.2,1.4,1.4,A,5.0
2022-02-24,2021-22,Clausura,7,False,Querétaro,Toluca,1.0,1.0,1.0,0.0,footballcsv,1174,1439.3604987520148,1494.9716384022806,-55.61113965026584,2,2,1,9.0,6.0,5,2,3,2,9.0,10.0,7,1.0,4.0,4.0,4.0,0.0,1.3333333333333333,1.3333333333333333,1.0,5.0,6.0,8.0,-2.0,1.2,1.6,2.0,9.0,10.0,15.0,-5.0,1.0,1.5,0.3333333333333333,0.2,0.3,124,5.0,0.4,1.2,1.6,2.0,6.0,4.0,5.0,-1.0,1.3333333333333333,1.6666666666666667,3.0,9.0,7.0,11.0,-4.0,1.4,2.2,3.0,12.0,11.0,17.0,-6.0,1.1,1.7,0.3333333333333333,0.2,0.2,125,4.0,0.4,1.0,1.8,D,2.0
2022-02-24,2021-22,Clausura,7,False,Pachuca,Mazatlán FC,3.0,1.0,2.0,1.0,footballcsv,1173,1556.312032442984,1446.9545036167858,109.35752882619818,1,0,2,5.0,6.0,3,1,0,2,5.0,6.0,3,2.0,7.0,8.0,4.0,4.0,2.6666666666666665,1.3333333333333333,3.0,10.0,11.0,7.0,4.0,2.2,1.4,4.0,16.0,17.0,12.0,5.0,1.7,1.2,0.0,0.0,0.2,129,4.0,0.2,1.2,1.0,2.0,6.0,4.0,3.0,1.0,1.3333333333333333,1.0,2.0,6.0,8.0,9.0,-1.0,1.6,1.8,3.0,9.0,11.0,18.0,-7.0,1.1,1.8,0.3333333333333333,0.2,0.1,57,5.0,0.0,0.8,2.6,H,4.0
2022-02-25,2021-22,Clausura,7,False,FC Juárez,Tigres UANL,2.0,3.0,0.0,3.0,footballcsv,1175,1422.2216452091252,1595.4980336861645,-173.2763884770393,0,1,4,6.0,12.0,5,0,1,4,6.0,12.0,5,1.0,4.0,2.0,3.0,-1.0,0.6666666666666666,1.0,2.0,7.0,4.0,5.0,-1.0,0.8,1.0,2.0,9.0,5.0,12.0,-7.0,0.5,1.2,0.6666666666666666,0.4,0.3,84,7.0,0.2,0.6,1.2,3.0,9.0,9.0,5.0,4.0,3.0,1.6666666666666667,4.0,12.0,11.0,8.0,3.0,2.2,1.6,6.0,19.0,17.0,14.0,3.0,1.7,1.4,0.0,0.0,0.1,137,6.0,0.4,1.6,1.4,A,5.0
2022-02-25,2021-22,Clausura,7,False,Tijuana,Atlas,2.0,0.0,2.0,0.0,footballcsv,1176,1416.3893021458018,1552.45339315037,-136.06409100456813,2,1,2,8.0,6.0,5,4,1,2,12.0,7.0,7,1.0,4.0,2.0,3.0,-1.0,0.6666666666666666,1.0,1.0,5.0,4.0,7.0,-3.0,0.8,1.4,3.0,12.0,10.0,14.0,-4.0,1.0,1.4,0.3333333333333333,0.2,0.3,121,7.0,0.4,1.2,0.8,1.0,5.0,3.0,2.0,1.0,1.0,0.6666666666666666,2.0,9.0,6.0,3.0,3.0,1.2,0.6,5.0,18.0,11.0,7.0,4.0,1.1,0.7,0.3333333333333333,0.4,0.5,127,5.0,0.4,1.4,1.0,H,2.0
2022-02-25,2021-22,Clausura,7,False,Necaxa,León,0.0,1.0,0.0,1.0,footballcsv,1177,1449.7660634103904,1591.7063519601486,-141.94028854975818,0,0,5,4.0,14.0,5,0,0,7,5.0,18.0,7,1.0,4.0,4.0,5.0,-1.0,1.3333333333333333,1.6666666666666667,2.0,7.0,8.0,10.0,-2.0,1.6,2.0,4.0,14.0,13.0,17.0,-4.0,1.3,1.7,0.0,0.0,0.1,126,7.0,0.4,1.2,1.8,1.0,3.0,3.0,4.0,-1.0,1.0,1.3333333333333333,2.0,7.0,6.0,6.0,0.0,1.2,1.2,4.0,14.0,13.0,13.0,0.0,1.3,1.3,0.0,0.0,0.0,140,6.0,0.0,0.8,1.6,A,1.0
2022-02-26,2021-22,Clausura,7,False,Guadalajara,Puebla,2.0,3.0,2.0,0.0,footballcsv,1178,1525.462979388806,1558.9774582399666,-33.514478851160675,1,3,1,6.0,5.0,5,1,4,2,9.0,10.0,7,1.0,3.0,5.0,6.0,-1.0,1.6666666666666667,2.0,1.0,4.0,7.0,9.0,-2.0,1.4,1.8,3.0,12.0,15.0,14.0,1.0,1.5,1.4,0.0,0.0,0.2,126,7.0,0.4,1.6,1.0,2.0,7.0,4.0,1.0,3.0,1.3333333333333333,0.3333333333333333,4.0,13.0,9.0,2.0,7.0,1.8,0.4,6.0,21.0,15.0,8.0,7.0,1.5,0.8,0.6666666666666666,0.6,0.4,129,8.0,0.8,1.4,0.4,A,5.0
2022-02-26,2021-22,Clausura,7,False,Pumas UNAM,América,0.0,0.0,0.0,0.0,footballcsv,1179,1544.9790254987424,1577.0977634003968,-32.11873790165441,1,2,2,5.0,6.0,5,2,5,3,12.0,17.0,10,1.0,4.0,2.0,2.0,0.0,0.6666666666666666,0.6666666666666666,2.0,7.0,6.0,5.0,1.0,1.2,1.0,5.0,17.0,15.0,7.0,8.0,1.5,0.7,0.3333333333333333,0.2,0.4,134,6.0,0.4,1.6,0.8,1.0,3.0,5.0,7.0,-2.0,1.6666666666666667,2.3333333333333335,1.0,3.0,7.0,12.0,-5.0,1.4,2.4,1.0,6.0,10.0,18.0,-8.0,1.0,1.8,0.0,0.0,0.2,140,6.0,0.2,1.2,1.4,D,0.0
2022-02-26,2021-22,Clausura,7,False,Monterrey,Atlético San Luis,0.0,2.0,0.0,1.0,footballcsv,1180,1562.7726511746762,1391.8100798465878,170.96257132808842,2,2,1,7.0,5.0,5,2,2,1,7.0,5.0,5,1.0,4.0,6.0,3.0,3.0,2.0,1.0,1.0,6.0,7.0,4.0,3.0,1.4,0.8,2.0,12.0,12.0,7.0,5.0,1.2,0.7,0.3333333333333333,0.4,0.4,137,8.0,0.0,0.4,0.8,1.0,3.0,4.0,5.0,-1.0,1.3333333333333333,1.6666666666666667,1.0,3.0,4.0,7.0,-3.0,0.8,1.4,1.0,6.0,5.0,12.0,-7.0,0.5,1.2,0.0,0.0,0.2,86,7.0,0.2,0.8,1.4,A,2.0
2022-02-27,2021-22,Clausura,7,False,Cruz Azul,Santos Laguna,1.0,2.0,0.0,1.0,footballcsv,1181,1607.173944117889,1522.9448513433153,84.2290927745737,2,2,1,5.0,3.0,5,3,3,3,11.0,9.0,9,2.0,6.0,6.0,3.0,3.0,2.0,1.0,3.0,10.0,9.0,5.0,4.0,1.8,1.0,5.0,16.0,17.0,15.0,2.0,1.7,1.5,0.3333333333333333,0.4,0.3,138,7.0,0.4,1.0,1.4,0.0,1.0,3.0,5.0,-2.0,1.0,1.6666666666666667,0.0,1.0,5.0,12.0,-7.0,1.0,2.4,2.0,9.0,10.0,15.0,-5.0,1.0,1.5,0.3333333333333333,0.2,0.3,134,9.0,0.2,1.0,1.2,A,3.0
2022-03-01,2021-22,Clausura,8,False,León,Monterrey,0.0,0.0,0.0,0.0,footballcsv,1182,1597.2586946095014,1544.9932651156798,52.26542949382156,3,1,1,8.0,5.0,5,3,2,2,10.0,9.0,7,2.0,6.0,4.0,3.0,1.0,1.3333333333333333,1.0,3.0,9.0,6.0,5.0,1.0,1.2,1.0,5.0,17.0,13.0,11.0,2.0,1.3,1.1,0.3333333333333333,0.2,0.1,141,4.0,0.6,1.6,1.2,0.0,1.0,2.0,5.0,-3.0,0.6666666666666666,1.6666666666666667,1.0,5.0,6.0,5.0,1.0,1.2,1.0,2.0,12.0,12.0,8.0,4.0,1.2,0.8,0.0,0.4,0.4,138,3.0,0.4,1.8,0.6,D,0.0
2022-03-01,2021-22,Clausura,8,False,Toluca,Tijuana,1.0,2.0,1.0,1.0,footballcsv,1183,1495.6724554959967,1429.132976991374,66.5394785046226,3,1,1,9.0,4.0,5,4,1,2,12.0,6.0,7,1.0,4.0,3.0,5.0,-2.0,1.0,1.6666666666666667,3.0,10.0,8.0,7.0,1.0,1.6,1.4,3.0,12.0,11.0,17.0,-6.0,1.1,1.7,0.3333333333333333,0.2,0.2,126,5.0,0.2,1.2,1.6,1.0,4.0,3.0,3.0,0.0,1.0,1.0,2.0,7.0,5.0,6.0,-1.0,1.0,1.2,4.0,14.0,12.0,14.0,-2.0,1.2,1.4,0.3333333333333333,0.4,0.3,122,4.0,0.2,0.8,2.0,A,3.0
2022-03-01,2021-22,Clausura,8,False,Puebla,FC Juárez,1.0,1.0,0.0,0.0,footballcsv,1184,1566.830839238084,1417.3156233325865,149.5152159054976,3,0,1,8.0,2.0,4,3,0,1,8.0,2.0,4,2.0,7.0,5.0,3.0,2.0,1.6666666666666667,1.0,4.0,13.0,10.0,4.0,6.0,2.0,0.8,6.0,21.0,17.0,10.0,7.0,1.7,1.0,0.3333333333333333,0.4,0.3,130,3.0,0.6,1.6,0.8,0.0,1.0,3.0,6.0,-3.0,1.0,2.0,1.0,4.0,4.0,7.0,-3.0,0.8,1.4,2.0,8.0,7.0,15.0,-8.0,0.7,1.5,0.3333333333333333,0.4,0.2,85,4.0,0.2,0.4,1.2,D,2.0
2022-03-01,2021-22,Clausura,8,False,América,Querétaro,1.0,1.0,1.0,0.0,footballcsv,1185,1578.4672379384438,1438.6596816582987,139.80755628014504,2,2,1,7.0,8.0,5,3,3,1,10.0,9.0,7,0.0,1.0,2.0,5.0,-3.0,0.6666666666666666,1.6666666666666667,1.0,4.0,7.0,10.0,-3.0,1.4,2.0,1.0,7.0,9.0,16.0,-7.0,0.9,1.6,0.3333333333333333,0.2,0.3,141,3.0,0.0,0.8,2.2,1.0,5.0,5.0,3.0,2.0,1.6666666666666667,1.0,1.0,6.0,6.0,6.0,0.0,1.2,1.2,1.0,7.0,10.0,16.0,-6.0,1.0,1.6,0.3333333333333333,0.2,0.2,125,5.0,0.0,0.8,1.4,D,2.0
2022-03-01,2021-22,Clausura,8,False,Mazatlán FC,Necaxa,0.0,0.0,0.0,0.0,footballcsv,1186,1441.8641427800999,1444.2137207610376,-2.349577980937738,1,0,2,4.0,5.0,3,1,0,2,4.0,5.0,3,1.0,3.0,3.0,6.0,-3.0,1.0,2.0,2.0,6.0,8.0,10.0,-2.0,1.6,2.0,3.0,9.0,12.0,19.0,-7.0,1.2,1.9,0.0,0.2,0.1,58,5.0,0.6,1.4,1.0,1.0,4.0,3.0,3.0,0.0,1.0,1.0,2.0,7.0,8.0,7.0,1.0,1.6,1.4,4.0,13.0,12.0,17.0,-5.0,1.2,1.7,0.0,0.0,0.1,127,4.0,0.4,1.6,1.6,D,0.0
2022-03-02,2021-22,Clausura,8,False,Atlas,Pachuca,0.0,1.0,0.0,0.0,footballcsv,1190,1539.7097183047977,1561.40239327967,-21.69267497487226,2,0,3,3.0,6.0,5,2,1,4,3.0,7.0,7,0.0,2.0,1.0,3.0,-2.0,0.3333333333333333,1.0,2.0,8.0,5.0,4.0,1.0,1.0,0.8,4.0,15.0,10.0,9.0,1.0,1.0,0.9,0.3333333333333333,0.4,0.4,128,5.0,0.6,0.8,0.4,2.0,7.0,8.0,4.0,4.0,2.6666666666666665,1.3333333333333333,3.0,10.0,12.0,7.0,5.0,2.4,1.4,5.0,18.0,19.0,12.0,7.0,1.9,1.2,0.0,0.0,0.2,130,6.0,0.6,2.2,1.4,A,1.0
2022-03-02,2021-22,Clausura,8,False,Atlético San Luis,Guadalajara,2.0,2.0,2.0,0.0,footballcsv,1189,1409.5894659055841,1517.6095983906885,-108.02013248510434,2,1,2,8.0,9.0,5,2,1,2,8.0,9.0,5,1.0,3.0,3.0,3.0,0.0,1.0,1.0,2.0,6.0,6.0,6.0,0.0,1.2,1.2,2.0,8.0,6.0,11.0,-5.0,0.6,1.1,0.3333333333333333,0.2,0.3,87,4.0,0.0,0.6,2.2,0.0,0.0,4.0,8.0,-4.0,1.3333333333333333,2.6666666666666665,1.0,4.0,8.0,10.0,-2.0,1.6,2.0,3.0,11.0,16.0,16.0,0.0,1.6,1.6,0.0,0.0,0.2,127,4.0,0.4,1.6,1.4,D,4.0
2022-03-02,2021-22,Clausura,8,False,Tigres UANL,Cruz Azul,2.0,2.0,2.0,1.0,footballcsv,1187,1600.4040555627032,1597.1900623103709,3.2139932523323296,2,1,2,5.0,6.0,5,2,2,5,7.0,11.0,9,3.0,9.0,8.0,4.0,4.0,2.6666666666666665,1.3333333333333333,5.0,15.0,14.0,8.0,6.0,2.8,1.6,7.0,22.0,19.0,14.0,5.0,1.9,1.4,0.0,0.0,0.1,138,5.0,0.8,1.8,1.4,1.0,3.0,6.0,5.0,1.0,2.0,1.6666666666666667,2.0,7.0,9.0,7.0,2.0,1.8,1.4,4.0,13.0,16.0,16.0,0.0,1.6,1.6,0.0,0.2,0.3,139,3.0,0.4,2.2,1.6,D,4.0
2022-03-02,2021-22,Clausura,8,False,Santos Laguna,Pumas UNAM,3.0,2.0,1.0,1.0,footballcsv,1188,1532.9287331508335,1543.6095509606955,-10.680817809861992,1,1,3,5.0,6.0,5,2,2,3,11.0,9.0,7,1.0,4.0,4.0,4.0,0.0,1.3333333333333333,1.3333333333333333,1.0,4.0,6.0,10.0,-4.0,1.2,2.0,3.0,11.0,12.0,16.0,-4.0,1.2,1.6,0.3333333333333333,0.2,0.2,135,3.0,0.4,1.6,1.8,1.0,5.0,2.0,1.0,1.0,0.6666666666666666,0.3333333333333333,1.0,5.0,3.0,4.0,-1.0,0.6,0.8,5.0,17.0,15.0,7.0,8.0,1.5,0.7,0.6666666666666666,0.4,0.4,135,4.0,0.6,1.4,0.6,H,5.0
2022-03-04,2021-22,Clausura,9,False,Necaxa,Toluca,0.0,1.0,0.0,1.0,footballcsv,1191,1446.4121959703773,1485.9793167581602,-39.56712078778287,2,2,1,8.0,8.0,5,2,3,2,11.0,12.0,7,0.0,2.0,1.0,2.0,-1.0,0.3333333333333333,0.6666666666666666,1.0,5.0,4.0,6.0,-2.0,0.8,1.2,3.0,11.0,11.0,17.0,-6.0,1.1,1.7,0.3333333333333333,0.2,0.1,128,3.0,0.2,0.6,2.0,0.0,1.0,3.0,7.0,-4.0,1.0,2.3333333333333335,2.0,7.0,6.0,8.0,-2.0,1.2,1.6,3.0,11.0,10.0,17.0,-7.0,1.0,1.7,0.0,0.2,0.2,127,3.0,0.4,0.8,1.6,A,1.0
2022-03-04,2021-22,Clausura,9,False,FC Juárez,León,0.0,1.0,0.0,0.0,footballcsv,1192,1423.1032350426797,1593.625624767165,-170.52238972448527,1,1,3,3.0,9.0,5,1,1,3,3.0,9.0,5,0.0,2.0,3.0,4.0,-1.0,1.0,1.3333333333333333,1.0,5.0,5.0,7.0,-2.0,1.0,1.4,2.0,9.0,8.0,15.0,-7.0,0.8,1.5,0.3333333333333333,0.4,0.2,86,3.0,0.2,1.0,1.8,2.0,7.0,3.0,1.0,2.0,1.0,0.3333333333333333,2.0,7.0,4.0,4.0,0.0,0.8,0.8,4.0,15.0,11.0,10.0,1.0,1.1,1.0,0.6666666666666666,0.4,0.2,142,3.0,0.2,0.8,1.2,A,1.0
2022-03-05,2021-22,Clausura,9,False,Guadalajara,Santos Laguna,1.0,0.0,0.0,0.0,footballcsv,1193,1516.8048581146484,1538.3252851981931,-21.520427083544746,0,2,3,1.0,7.0,5,0,2,4,2.0,9.0,6,0.0,1.0,5.0,7.0,-2.0,1.6666666666666667,2.3333333333333335,1.0,4.0,9.0,11.0,-2.0,1.8,2.2,3.0,12.0,17.0,16.0,1.0,1.7,1.6,0.0,0.0,0.2,128,3.0,0.2,1.6,1.6,2.0,7.0,5.0,3.0,2.0,1.6666666666666667,1.0,2.0,7.0,8.0,8.0,0.0,1.6,1.6,3.0,11.0,13.0,18.0,-5.0,1.3,1.8,0.3333333333333333,0.2,0.1,136,3.0,0.2,0.8,1.4,H,1.0
2022-03-05,2021-22,Clausura,9,False,Cruz Azul,Puebla,1.0,3.0,1.0,2.0,footballcsv,1194,1599.540382755386,1561.043227527991,38.49715522739507,0,4,1,4.0,5.0,5,1,4,1,7.0,5.0,6,1.0,4.0,7.0,5.0,2.0,2.3333333333333335,1.6666666666666667,2.0,7.0,9.0,7.0,2.0,1.8,1.4,4.0,14.0,18.0,17.0,1.0,1.8,1.7,0.0,0.2,0.3,140,3.0,0.4,1.2,1.6,2.0,7.0,5.0,3.0,2.0,1.6666666666666667,1.0,3.0,11.0,8.0,4.0,4.0,1.6,0.8,6.0,21.0,16.0,9.0,7.0,1.6,0.9,0.3333333333333333,0.4,0.3,131,4.0,0.8,1.8,0.8,A,4.0
2022-03-05,2021-22,Clausura,9,False,Monterrey,América,2.0,1.0,1.0,1.0,footballcsv,1195,1548.6263349580163,1572.8684473822839,-24.24211242426759,2,1,2,5.0,4.0,5,4,1,4,12.0,14.0,9,0.0,1.0,0.0,3.0,-3.0,0.0,1.0,1.0,5.0,6.0,5.0,1.0,1.2,1.0,2.0,12.0,11.0,7.0,4.0,1.1,0.7,0.3333333333333333,0.4,0.5,139,4.0,0.0,0.4,1.0,0.0,2.0,2.0,4.0,-2.0,0.6666666666666666,1.3333333333333333,1.0,5.0,6.0,8.0,-2.0,1.2,1.6,1.0,7.0,10.0,17.0,-7.0,1.0,1.7,0.3333333333333333,0.2,0.2,142,4.0,0.2,1.0,1.0,H,3.0
2022-03-11,2021-22,Clausura,10,False,Necaxa,Querétaro,1.0,0.0,1.0,0.0,footballcsv,1196,1438.677694799851,1444.2584722144586,-5.58077741460761,2,1,2,6.0,8.0,5,5,1,3,12.0,10.0,9,0.0,1.0,0.0,2.0,-2.0,0.0,0.6666666666666666,1.0,5.0,3.0,4.0,-1.0,0.6,0.8,2.0,8.0,9.0,17.0,-8.0,0.9,1.7,0.3333333333333333,0.2,0.1,129,7.0,0.2,0.6,2.0,1.0,5.0,4.0,2.0,2.0,1.3333333333333333,0.6666666666666666,1.0,6.0,6.0,6.0,0.0,1.2,1.2,1.0,8.0,10.0,15.0,-5.0,1.0,1.5,0.3333333333333333,0.2,0.2,126,10.0,0.0,0.8,1.2,H,1.0
2022-03-11,2021-22,Clausura,10,False,Monterrey,Mazatlán FC,2.0,1.0,2.0,0.0,footballcsv,1197,1554.3107984521766,1439.6656675707602,114.64513088141643,2,1,0,4.0,2.0,3,2,1,0,4.0,2.0,3,1.0,4.0,2.0,3.0,-1.0,0.6666666666666666,1.0,1.0,5.0,4.0,6.0,-2.0,0.8,1.2,3.0,14.0,13.0,8.0,5.0,1.3,0.8,0.3333333333333333,0.2,0.4,140,6.0,0.2,0.8,1.0,0.0,1.0,1.0,5.0,-4.0,0.3333333333333333,1.6666666666666667,2.0,7.0,5.0,6.0,-1.0,1.0,1.2,2.0,7.0,10.0,18.0,-8.0,1.0,1.8,0.3333333333333333,0.4,0.2,59,10.0,0.0,1.0,2.8,H,3.0
2022-03-11,2021-22,Clausura,10,False,FC Juárez,Atlas,1.0,2.0,0.0,1.0,footballcsv,1198,1418.1420692298257,1531.6257922956947,-113.48372306586907,0,0,4,0.0,6.0,4,0,0,4,0.0,6.0,4,0.0,1.0,3.0,5.0,-2.0,1.0,1.6666666666666667,0.0,2.0,4.0,8.0,-4.0,0.8,1.6,2.0,8.0,7.0,15.0,-8.0,0.7,1.5,0.0,0.2,0.2,87,7.0,0.2,1.0,1.6,0.0,1.0,0.0,3.0,-3.0,0.0,1.0,1.0,5.0,3.0,5.0,-2.0,0.6,1.0,4.0,15.0,10.0,9.0,1.0,1.0,0.9,0.3333333333333333,0.2,0.4,129,9.0,0.2,1.2,1.4,A,3.0
2022-03-12,2021-22,Clausura,10,False,Cruz Azul,Pumas UNAM,2.0,1.0,1.0,1.0,footballcsv,1199,1584.9461382991376,1538.212998913336,46.73313938580168,2,0,3,9.0,10.0,5,4,1,3,14.0,13.0,8,0.0,1.0,4.0,7.0,-3.0,1.3333333333333333,2.3333333333333335,1.0,4.0,9.0,10.0,-1.0,1.8,2.0,4.0,14.0,16.0,16.0,0.0,1.6,1.6,0.0,0.0,0.3,141,7.0,0.4,1.2,1.4,0.0,2.0,2.0,3.0,-1.0,0.6666666666666666,1.0,1.0,5.0,4.0,5.0,-1.0,0.8,1.0,4.0,14.0,14.0,9.0,5.0,1.4,0.9,0.6666666666666666,0.4,0.4,136,10.0,0.4,1.2,1.0,H,3.0
2022-03-12,2021-22,Clausura,10,False,Guadalajara,América,0.0,0.0,0.0,0.0,footballcsv,1200,1522.4309830391603,1567.1839838881235,-44.75300084896321,2,1,2,3.0,5.0,5,2,2,4,5.0,12.0,8,1.0,4.0,5.0,5.0,0.0,1.6666666666666667,1.6666666666666667,1.0,4.0,7.0,10.0,-3.0,1.4,2.0,3.0,12.0,17.0,16.0,1.0,1.7,1.6,0.3333333333333333,0.2,0.2,129,7.0,0.4,1.6,1.4,0.0,2.0,2.0,3.0,-1.0,0.6666666666666666,1.0,0.0,2.0,4.0,8.0,-4.0,0.8,1.6,1.0,6.0,11.0,19.0,-8.0,1.1,1.9,0.3333333333333333,0.2,0.1,143,7.0,0.2,1.2,1.4,D,0.0
2022-03-12,2021-22,Clausura,10,False,León,Tigres UANL,0.0,3.0,0.0,2.0,footballcsv,1201,1598.586790580019,1598.0537351176881,0.5330554623308217,1,2,2,6.0,8.0,5,1,5,4,9.0,14.0,10,2.0,7.0,2.0,0.0,2.0,0.6666666666666666,0.0,3.0,10.0,5.0,3.0,2.0,1.0,0.6,4.0,15.0,9.0,8.0,1.0,0.9,0.8,1.0,0.6,0.3,143,8.0,0.4,1.0,0.8,2.0,7.0,7.0,5.0,2.0,2.3333333333333335,1.6666666666666667,4.0,13.0,14.0,9.0,5.0,2.8,1.8,6.0,20.0,20.0,16.0,4.0,2.0,1.6,0.0,0.0,0.0,139,10.0,0.6,2.0,1.4,A,3.0
2022-03-13,2021-22,Clausura,10,False,Toluca,Pachuca,0.0,3.0,0.0,1.0,footballcsv,1204,1493.7138179286865,1569.4863192887728,-75.77250136008638,2,1,2,6.0,6.0,5,3,1,2,8.0,7.0,6,1.0,4.0,3.0,3.0,0.0,1.0,1.0,2.0,7.0,5.0,7.0,-2.0,1.0,1.4,4.0,13.0,11.0,17.0,-6.0,1.1,1.7,0.3333333333333333,0.4,0.2,128,9.0,0.2,1.2,1.8,3.0,9.0,7.0,2.0,5.0,2.3333333333333335,0.6666666666666666,4.0,13.0,12.0,5.0,7.0,2.4,1.0,6.0,20.0,19.0,11.0,8.0,1.9,1.1,0.3333333333333333,0.2,0.3,131,11.0,0.8,2.0,0.8,A,3.0
2022-03-13,2021-22,Clausura,10,False,Atlético San Luis,Puebla,2.0,1.0,1.0,0.0,footballcsv,1203,1410.3942061816242,1575.6374719842393,-165.24326580261504,1,1,3,6.0,9.0,5,1,1,3,6.0,9.0,5,1.0,4.0,5.0,4.0,1.0,1.6666666666666667,1.3333333333333333,2.0,7.0,8.0,7.0,1.0,1.6,1.4,2.0,8.0,8.0,13.0,-5.0,0.8,1.3,0.3333333333333333,0.2,0.2,88,11.0,0.0,0.6,1.4,2.0,7.0,7.0,4.0,3.0,2.3333333333333335,1.3333333333333333,3.0,11.0,9.0,5.0,4.0,1.8,1.0,6.0,21.0,17.0,9.0,8.0,1.7,0.9,0.0,0.2,0.3,132,8.0,0.8,2.0,1.0,H,3.0
2022-03-13,2021-22,Clausura,10,False,Santos Laguna,Tijuana,4.0,0.0,1.0,0.0,footballcsv,1202,1532.6991602736812,1438.8261157292106,93.87304454447053,3,0,2,9.0,5.0,5,3,2,2,12.0,8.0,7,2.0,6.0,5.0,4.0,1.0,1.6666666666666667,1.3333333333333333,2.0,7.0,7.0,7.0,0.0,1.4,1.4,2.0,8.0,11.0,18.0,-7.0,1.1,1.8,0.0,0.2,0.1,137,8.0,0.4,1.8,2.2,2.0,7.0,5.0,2.0,3.0,1.6666666666666667,0.6666666666666666,3.0,10.0,6.0,4.0,2.0,1.2,0.8,5.0,17.0,13.0,12.0,1.0,1.3,1.2,0.3333333333333333,0.4,0.3,123,12.0,0.4,1.0,1.6,H,4.0
2022-03-15,2021-22,Clausura,5,False,Monterrey,FC Juárez,3.0,0.0,0.0,0.0,footballcsv,1205,1557.4429223061102,1411.9704807113965,145.4724415947137,2,1,2,10.0,7.0,5,2,1,2,10.0,7.0,5,2.0,7.0,4.0,2.0,2.0,1.3333333333333333,0.6666666666666666,2.0,7.0,4.0,5.0,-1.0,0.8,1.0,3.0,14.0,11.0,8.0,3.0,1.1,0.8,0.3333333333333333,0.2,0.4,141,4.0,0.4,1.2,1.2,0.0,1.0,2.0,4.0,-2.0,0.6666666666666666,1.3333333333333333,0.0,2.0,4.0,7.0,-3.0,0.8,1.4,2.0,8.0,8.0,15.0,-7.0,0.8,1.5,0.0,0.2,0.2,88,4.0,0.2,0.6,1.2,H,3.0
2022-03-17,2021-22,Clausura,11,False,Querétaro,Atlético San Luis,2.0,1.0,0.0,0.0,footballcsv,1206,1438.968344184493,1418.9929914867744,19.975352697718563,2,1,2,6.0,5.0,5,2,1,2,6.0,5.0,5,0.0,2.0,2.0,3.0,-1.0,0.6666666666666666,1.0,1.0,6.0,6.0,5.0,1.0,1.2,1.0,1.0,8.0,8.0,13.0,-5.0,0.8,1.3,0.0,0.2,0.2,127,6.0,0.2,1.2,1.8,2.0,7.0,6.0,3.0,3.0,2.0,1.0,2.0,7.0,7.0,6.0,1.0,1.4,1.2,3.0,10.0,10.0,14.0,-4.0,1.0,1.4,0.3333333333333333,0.2,0.1,89,4.0,0.4,1.2,1.4,H,3.0
2022-03-18,2021-22,Clausura,11,False,Puebla,Santos Laguna,2.0,2.0,0.0,0.0,footballcsv,1207,1567.038686679089,1540.7167408136,26.32194586548917,1,2,2,2.0,6.0,5,1,4,4,6.0,15.0,9,1.0,4.0,5.0,4.0,1.0,1.6666666666666667,1.3333333333333333,3.0,10.0,9.0,6.0,3.0,1.8,1.2,6.0,21.0,18.0,9.0,9.0,1.8,0.9,0.0,0.2,0.3,133,5.0,0.4,1.4,0.8,2.0,6.0,7.0,3.0,4.0,2.3333333333333335,1.0,3.0,10.0,9.0,4.0,5.0,1.8,0.8,3.0,11.0,15.0,17.0,-2.0,1.5,1.7,0.3333333333333333,0.4,0.2,138,5.0,0.2,0.8,1.4,D,4.0
2022-03-19,2021-22,Clausura,11,False,Tigres UANL,Monterrey,2.0,0.0,0.0,0.0,footballcsv,1208,1615.0736707595609,1562.8376405608713,52.236030198689605,4,0,1,7.0,3.0,5,4,2,2,8.0,5.0,8,2.0,7.0,8.0,4.0,4.0,2.6666666666666665,1.3333333333333333,4.0,13.0,13.0,6.0,7.0,2.6,1.2,6.0,20.0,21.0,15.0,6.0,2.1,1.5,0.3333333333333333,0.2,0.1,140,7.0,0.6,2.0,1.8,3.0,9.0,7.0,2.0,5.0,2.3333333333333335,0.6666666666666666,3.0,10.0,7.0,4.0,3.0,1.4,0.8,4.0,16.0,14.0,8.0,6.0,1.4,0.8,0.3333333333333333,0.4,0.4,142,4.0,0.4,1.8,0.6,H,2.0
2022-03-19,2021-22,Clausura,11,False,Pachuca,Cruz Azul,1.0,0.0,1.0,0.0,footballcsv,1209,1583.5179349808507,1589.210081796419,-5.6921468155683215,0,2,3,1.0,4.0,5,2,2,5,8.0,12.0,9,3.0,9.0,7.0,1.0,6.0,2.3333333333333335,0.3333333333333333,4.0,13.0,12.0,4.0,8.0,2.4,0.8,7.0,22.0,22.0,11.0,11.0,2.2,1.1,0.6666666666666666,0.4,0.3,132,6.0,0.4,1.6,1.0,1.0,4.0,5.0,6.0,-1.0,1.6666666666666667,2.0,2.0,7.0,10.0,9.0,1.0,2.0,1.8,5.0,17.0,17.0,13.0,4.0,1.7,1.3,0.0,0.0,0.3,142,7.0,0.4,2.4,1.8,H,1.0
2022-03-19,2021-22,Clausura,11,False,Pumas UNAM,Necaxa,1.0,3.0,0.0,2.0,footballcsv,1210,1533.9490554160545,1443.9678228298167,89.98123258623787,2,1,2,5.0,6.0,5,3,1,2,10.0,9.0,6,0.0,1.0,3.0,5.0,-2.0,1.0,1.6666666666666667,1.0,5.0,5.0,6.0,-1.0,1.0,1.2,4.0,14.0,15.0,10.0,5.0,1.5,1.0,0.3333333333333333,0.4,0.4,137,7.0,0.4,1.6,0.8,1.0,4.0,1.0,1.0,0.0,0.3333333333333333,0.3333333333333333,1.0,5.0,2.0,3.0,-1.0,0.4,0.6,3.0,11.0,10.0,14.0,-4.0,1.0,1.4,0.6666666666666666,0.4,0.2,130,8.0,0.4,1.6,1.0,A,4.0
2022-03-20,2021-22,Clausura,11,False,Atlas,Guadalajara,1.0,1.0,0.0,0.0,footballcsv,1211,1537.797380814124,1521.419958930606,16.377421883517854,1,0,4,4.0,7.0,5,1,0,6,4.0,11.0,7,1.0,3.0,2.0,4.0,-2.0,0.6666666666666666,1.3333333333333333,1.0,5.0,3.0,5.0,-2.0,0.6,1.0,5.0,18.0,10.0,7.0,3.0,1.0,0.7,0.0,0.2,0.4,130,9.0,0.6,0.8,0.4,1.0,5.0,3.0,2.0,1.0,1.0,0.6666666666666666,1.0,5.0,6.0,7.0,-1.0,1.2,1.4,3.0,12.0,15.0,14.0,1.0,1.5,1.4,0.6666666666666666,0.4,0.3,130,8.0,0.2,1.8,1.8,D,2.0
2022-03-20,2021-22,Clausura,11,False,América,Toluca,3.0,0.0,3.0,0.0,footballcsv,1212,1568.1950079966778,1479.6822022366086,88.51280576006911,1,1,3,6.0,10.0,5,2,3,3,12.0,15.0,8,0.0,2.0,2.0,3.0,-1.0,0.6666666666666666,1.0,0.0,3.0,3.0,6.0,-3.0,0.6,1.2,1.0,7.0,10.0,16.0,-6.0,1.0,1.6,0.3333333333333333,0.4,0.2,144,8.0,0.0,1.0,2.4,1.0,3.0,2.0,5.0,-3.0,0.6666666666666666,1.6666666666666667,1.0,4.0,4.0,10.0,-6.0,0.8,2.0,4.0,13.0,11.0,19.0,-8.0,1.1,1.9,0.3333333333333333,0.2,0.2,129,7.0,0.6,1.0,1.4,H,3.0
2022-03-20,2021-22,Clausura,11,False,Mazatlán FC,León,1.0,2.0,0.0,2.0,footballcsv,1213,1436.5335437168267,1581.5668549381462,-145.03331122131954,1,0,2,5.0,8.0,3,1,0,2,5.0,8.0,3,0.0,1.0,2.0,5.0,-3.0,0.6666666666666666,1.6666666666666667,1.0,4.0,4.0,8.0,-4.0,0.8,1.6,2.0,7.0,10.0,18.0,-8.0,1.0,1.8,0.3333333333333333,0.2,0.2,60,9.0,0.4,1.0,0.8,1.0,4.0,1.0,3.0,-2.0,0.3333333333333333,1.0,3.0,10.0,4.0,4.0,0.0,0.8,0.8,4.0,15.0,9.0,10.0,-1.0,0.9,1.0,0.6666666666666666,0.6,0.3,144,8.0,0.4,0.8,0.8,A,3.0
2022-03-20,2021-22,Clausura,11,False,Tijuana,FC Juárez,1.0,0.0,0.0,0.0,footballcsv,1214,1430.808535189292,1406.5757624566354,24.232772732656485,1,2,1,3.0,5.0,4,1,2,1,3.0,5.0,4,2.0,6.0,4.0,5.0,-1.0,1.3333333333333333,1.6666666666666667,2.0,7.0,5.0,8.0,-3.0,1.0,1.6,4.0,14.0,11.0,16.0,-5.0,1.1,1.6,0.3333333333333333,0.2,0.2,124,7.0,0.6,1.6,0.8,0.0,0.0,1.0,6.0,-5.0,0.3333333333333333,2.0,0.0,1.0,4.0,10.0,-6.0,0.8,2.0,2.0,8.0,8.0,15.0,-7.0,0.8,1.5,0.0,0.0,0.2,89,5.0,0.2,0.4,1.6,H,1.0
2022-03-26,2021-22,Clausura,9,False,Pumas UNAM,Mazatlán FC,1.0,1.0,0.0,0.0,footballcsv,1215,1517.9794377472272,1431.0467604665823,86.93267728064484,1,2,0,5.0,2.0,3,1,2,0,5.0,2.0,3,0.0,0.0,4.0,8.0,-4.0,1.3333333333333333,2.6666666666666665,0.0,2.0,4.0,8.0,-4.0,0.8,1.6,3.0,11.0,15.0,13.0,2.0,1.5,1.3,0.0,0.4,0.3,138,7.0,0.4,1.8,1.2,0.0,1.0,2.0,4.0,-2.0,0.6666666666666666,1.3333333333333333,0.0,1.0,3.0,9.0,-6.0,0.6,1.8,2.0,7.0,11.0,19.0,-8.0,1.1,1.9,0.3333333333333333,0.2,0.2,61,6.0,0.0,1.0,2.8,D,2.0
2022-04-01,2021-22,Clausura,12,False,Atlético San Luis,Mazatlán FC,1.0,0.0,0.0,0.0,footballcsv,1216,1414.2196943070483,1435.5129667997141,-21.293272492665892,1,1,1,5.0,7.0,3,1,1,1,5.0,7.0,3,1.0,4.0,5.0,5.0,0.0,1.6666666666666667,1.6666666666666667,2.0,7.0,8.0,7.0,1.0,1.6,1.4,3.0,10.0,11.0,14.0,-3.0,1.1,1.4,0.0,0.2,0.1,90,15.0,0.2,0.8,1.4,0.0,1.0,3.0,5.0,-2.0,1.0,1.6666666666666667,0.0,2.0,4.0,8.0,-4.0,0.8,1.6,2.0,8.0,12.0,17.0,-5.0,1.2,1.7,0.0,0.2,0.2,62,6.0,0.0,1.2,2.4,H,1.0
2022-04-02,2021-22,Clausura,12,False,FC Juárez,Pumas UNAM,0.0,1.0,0.0,0.0,footballcsv,1218,1401.8857595553113,1513.5132314140953,-111.62747185878402,0,4,1,7.0,8.0,5,0,4,1,7.0,8.0,5,0.0,0.0,1.0,6.0,-5.0,0.3333333333333333,2.0,0.0,1.0,2.0,8.0,-6.0,0.4,1.6,1.0,5.0,6.0,15.0,-9.0,0.6,1.5,0.0,0.0,0.2,90,13.0,0.0,0.8,1.8,0.0,1.0,3.0,6.0,-3.0,1.0,2.0,0.0,2.0,5.0,9.0,-4.0,1.0,1.8,2.0,9.0,11.0,14.0,-3.0,1.1,1.4,0.0,0.2,0.2,139,7.0,0.2,1.2,1.4,A,1.0
2022-04-02,2021-22,Clausura,12,False,Necaxa,América,0.0,1.0,0.0,0.0,footballcsv,1219,1459.937440498644,1575.2738865833387,-115.33644608469467,1,2,2,8.0,7.0,5,3,2,2,13.0,9.0,7,2.0,6.0,4.0,2.0,2.0,1.3333333333333333,0.6666666666666666,2.0,7.0,4.0,3.0,1.0,0.8,0.6,4.0,14.0,12.0,13.0,-1.0,1.2,1.3,0.3333333333333333,0.4,0.2,131,14.0,0.2,0.4,1.8,1.0,4.0,4.0,2.0,2.0,1.3333333333333333,0.6666666666666666,1.0,6.0,5.0,3.0,2.0,1.0,0.6,2.0,9.0,12.0,15.0,-3.0,1.2,1.5,0.6666666666666666,0.6,0.3,145,13.0,0.2,1.0,1.2,A,1.0
2022-04-02,2021-22,Clausura,12,False,Cruz Azul,Atlas,1.0,0.0,1.0,0.0,footballcsv,1217,1583.917640979075,1535.092442900114,48.825198078960966,2,1,2,7.0,6.0,5,4,1,2,11.0,6.0,7,1.0,3.0,3.0,5.0,-2.0,1.0,1.6666666666666667,1.0,4.0,6.0,9.0,-3.0,1.2,1.8,4.0,14.0,15.0,14.0,1.0,1.5,1.4,0.0,0.0,0.2,143,14.0,0.4,1.2,1.6,1.0,4.0,3.0,3.0,0.0,1.0,1.0,1.0,5.0,3.0,5.0,-2.0,0.6,1.0,4.0,16.0,10.0,8.0,2.0,1.0,0.8,0.0,0.2,0.3,131,13.0,0.4,1.2,1.0,H,1.0
2022-04-03,2021-22,Clausura,12,False,Tigres UANL,Tijuana,2.0,0.0,0.0,0.0,footballcsv,1223,1621.6726204575054,1435.498538090616,186.17408236688948,3,2,0,9.0,4.0,5,4,2,0,10.0,4.0,6,2.0,7.0,7.0,2.0,5.0,2.3333333333333335,0.6666666666666666,4.0,13.0,12.0,5.0,7.0,2.4,1.0,7.0,23.0,22.0,13.0,9.0,2.2,1.3,0.6666666666666666,0.4,0.2,141,15.0,0.6,2.0,1.6,2.0,6.0,3.0,5.0,-2.0,1.0,1.6666666666666667,3.0,10.0,6.0,6.0,0.0,1.2,1.2,4.0,14.0,9.0,14.0,-5.0,0.9,1.4,0.3333333333333333,0.4,0.3,125,14.0,0.2,0.6,2.4,H,2.0
2022-04-03,2021-22,Clausura,12,False,León,Querétaro,1.0,1.0,0.0,1.0,footballcsv,1222,1587.0536381883906,1443.741641364219,143.3119968241715,5,0,0,13.0,4.0,5,7,0,0,21.0,4.0,7,2.0,6.0,3.0,4.0,-1.0,1.0,1.3333333333333333,3.0,10.0,4.0,4.0,0.0,0.8,0.8,5.0,17.0,10.0,10.0,0.0,1.0,1.0,0.3333333333333333,0.6,0.3,145,14.0,0.4,0.8,1.2,1.0,4.0,3.0,3.0,0.0,1.0,1.0,2.0,8.0,6.0,4.0,2.0,1.2,0.8,2.0,11.0,10.0,12.0,-2.0,1.0,1.2,0.0,0.2,0.2,128,17.0,0.0,0.8,1.0,D,2.0
2022-04-03,2021-22,Clausura,12,False,Toluca,Puebla,2.0,1.0,2.0,1.0,footballcsv,1221,1472.6033236499477,1564.0705740815833,-91.46725043163565,0,2,3,6.0,12.0,5,1,2,4,9.0,14.0,7,1.0,3.0,1.0,6.0,-5.0,0.3333333333333333,2.0,1.0,4.0,3.0,9.0,-6.0,0.6,1.8,4.0,13.0,10.0,20.0,-10.0,1.0,2.0,0.3333333333333333,0.2,0.2,130,14.0,0.2,1.2,2.4,1.0,4.0,6.0,5.0,1.0,2.0,1.6666666666666667,2.0,8.0,10.0,8.0,2.0,2.0,1.6,6.0,21.0,19.0,10.0,9.0,1.9,1.0,0.0,0.0,0.3,134,16.0,0.8,2.2,1.0,H,3.0
2022-04-03,2021-22,Clausura,12,False,Santos Laguna,Pachuca,3.0,1.0,1.0,0.0,footballcsv,1220,1543.6848534111057,1588.8103757981946,-45.12552238708895,0,2,3,2.0,7.0,5,0,5,3,5.0,10.0,8,1.0,4.0,6.0,3.0,3.0,2.0,1.0,3.0,10.0,11.0,6.0,5.0,2.2,1.2,3.0,11.0,16.0,18.0,-2.0,1.6,1.8,0.3333333333333333,0.2,0.2,139,16.0,0.4,2.2,2.0,3.0,9.0,5.0,0.0,5.0,1.6666666666666667,0.0,5.0,15.0,11.0,2.0,9.0,2.2,0.4,8.0,25.0,21.0,8.0,13.0,2.1,0.8,1.0,0.6,0.4,133,15.0,0.8,2.2,0.8,H,4.0
2022-04-06,2021-22,Clausura,4,False,Toluca,Monterrey,2.0,2.0,1.0,2.0,footballcsv,1224,1479.763488417541,1556.2386908629267,-76.47520244538555,1,0,4,4.0,9.0,5,2,0,5,10.0,12.0,7,1.0,3.0,2.0,7.0,-5.0,0.6666666666666666,2.3333333333333335,2.0,6.0,4.0,9.0,-5.0,0.8,1.8,5.0,16.0,12.0,16.0,-4.0,1.2,1.6,0.0,0.2,0.2,131,3.0,0.4,1.4,2.2,2.0,6.0,5.0,3.0,2.0,1.6666666666666667,1.0,3.0,10.0,7.0,4.0,3.0,1.4,0.8,4.0,15.0,13.0,9.0,4.0,1.3,0.9,0.3333333333333333,0.4,0.4,143,18.0,0.2,1.0,0.8,D,4.0
2022-04-06,2021-22,Clausura,9,False,Tijuana,Atlético San Luis,1.0,1.0,0.0,0.0,footballcsv,1225,1432.0160880714075,1419.8409625857967,12.175125485610806,1,1,2,6.0,10.0,4,1,1,2,6.0,10.0,4,1.0,3.0,1.0,6.0,-5.0,0.3333333333333333,2.0,3.0,9.0,5.0,7.0,-2.0,1.0,1.4,4.0,14.0,9.0,14.0,-5.0,0.9,1.4,0.3333333333333333,0.4,0.3,126,3.0,0.6,1.2,0.4,2.0,6.0,4.0,3.0,1.0,1.3333333333333333,1.0,3.0,10.0,8.0,5.0,3.0,1.6,1.0,4.0,13.0,12.0,12.0,0.0,1.2,1.2,0.3333333333333333,0.4,0.2,91,5.0,0.4,1.4,1.4,D,2.0
2022-04-07,2021-22,Clausura,9,False,Pachuca,Tigres UANL,2.0,1.0,0.0,0.0,footballcsv,1226,1579.0776005082057,1625.155070476714,-46.07746996850824,2,2,1,4.0,4.0,5,2,5,2,7.0,10.0,9,2.0,6.0,5.0,3.0,2.0,1.6666666666666667,1.0,4.0,12.0,9.0,4.0,5.0,1.8,0.8,7.0,22.0,20.0,11.0,9.0,2.0,1.1,0.6666666666666666,0.6,0.3,134,4.0,0.6,1.6,0.8,3.0,9.0,7.0,0.0,7.0,2.3333333333333335,0.0,4.0,13.0,12.0,4.0,8.0,2.4,0.8,8.0,25.0,23.0,12.0,11.0,2.3,1.2,1.0,0.6,0.3,142,4.0,0.8,2.4,1.0,H,3.0
2022-04-07,2021-22,Clausura,13,False,Atlas,Necaxa,2.0,1.0,1.0,0.0,footballcsv,1227,1530.8668716762886,1453.8069908280386,77.05988084825003,2,0,3,9.0,6.0,5,2,1,3,11.0,8.0,6,1.0,4.0,3.0,3.0,0.0,1.0,1.0,1.0,4.0,3.0,6.0,-3.0,0.6,1.2,3.0,13.0,9.0,9.0,0.0,0.9,0.9,0.0,0.0,0.2,132,5.0,0.4,0.8,0.6,2.0,6.0,4.0,2.0,2.0,1.3333333333333333,0.6666666666666666,2.0,7.0,4.0,3.0,1.0,0.8,0.6,4.0,14.0,12.0,10.0,2.0,1.2,1.0,0.3333333333333333,0.4,0.2,132,5.0,0.6,2.0,0.8,H,3.0
2022-04-08,2021-22,Clausura,13,False,Puebla,Pumas UNAM,2.0,2.0,2.0,1.0,footballcsv,1228,1556.91040931399,1519.7261427219973,37.18426659199258,1,2,2,3.0,7.0,5,1,3,2,5.0,9.0,6,0.0,1.0,4.0,6.0,-2.0,1.3333333333333333,2.0,1.0,5.0,8.0,8.0,0.0,1.6,1.6,5.0,18.0,18.0,12.0,6.0,1.8,1.2,0.0,0.0,0.2,135,5.0,0.4,1.6,1.0,1.0,4.0,3.0,4.0,-1.0,1.0,1.3333333333333333,1.0,4.0,6.0,9.0,-3.0,1.2,1.8,2.0,9.0,9.0,13.0,-4.0,0.9,1.3,0.3333333333333333,0.2,0.3,140,6.0,0.2,0.8,1.2,D,4.0
2022-04-08,2021-22,Clausura,13,False,Mazatlán FC,Cruz Azul,1.0,1.0,1.0,0.0,footballcsv,1229,1429.8916985209657,1588.1432122029005,-158.25151368193474,1,0,2,4.0,4.0,3,1,0,2,4.0,4.0,3,0.0,1.0,2.0,4.0,-2.0,0.6666666666666666,1.3333333333333333,0.0,2.0,3.0,6.0,-3.0,0.6,1.2,2.0,8.0,11.0,16.0,-5.0,1.1,1.6,0.0,0.2,0.2,63,7.0,0.4,1.2,1.0,2.0,6.0,3.0,2.0,1.0,1.0,0.6666666666666666,2.0,7.0,6.0,7.0,-1.0,1.2,1.4,4.0,14.0,15.0,14.0,1.0,1.5,1.4,0.3333333333333333,0.2,0.2,144,6.0,0.4,1.8,1.2,D,2.0
2022-04-09,2021-22,Clausura,13,False,Monterrey,Santos Laguna,1.0,0.0,0.0,0.0,footballcsv,1230,1556.3401392112492,1553.4176287010946,2.9225105101545523,1,2,2,6.0,7.0,5,4,3,3,19.0,12.0,10,1.0,4.0,5.0,4.0,1.0,1.6666666666666667,1.3333333333333333,3.0,10.0,9.0,6.0,3.0,1.8,1.2,4.0,15.0,15.0,11.0,4.0,1.5,1.1,0.3333333333333333,0.2,0.3,144,3.0,0.6,1.8,1.2,2.0,7.0,9.0,3.0,6.0,3.0,1.0,3.0,10.0,12.0,6.0,6.0,2.4,1.2,4.0,14.0,18.0,16.0,2.0,1.8,1.6,0.3333333333333333,0.2,0.2,140,6.0,0.2,1.0,1.2,H,1.0
2022-04-09,2021-22,Clausura,13,False,Atlético San Luis,León,2.0,0.0,1.0,0.0,footballcsv,1231,1422.4334358918989,1581.385990800425,-158.95255490852605,1,1,3,6.0,9.0,5,1,1,3,6.0,9.0,5,1.0,4.0,3.0,3.0,0.0,1.0,1.0,2.0,8.0,7.0,6.0,1.0,1.4,1.2,4.0,14.0,13.0,12.0,1.0,1.3,1.2,0.3333333333333333,0.2,0.2,92,3.0,0.4,1.0,1.0,1.0,4.0,3.0,5.0,-2.0,1.0,1.6666666666666667,2.0,8.0,4.0,5.0,-1.0,0.8,1.0,5.0,17.0,10.0,10.0,0.0,1.0,1.0,0.0,0.4,0.3,146,6.0,0.6,1.2,0.8,H,2.0
2022-04-09,2021-22,Clausura,13,False,América,FC Juárez,3.0,0.0,2.0,0.0,footballcsv,1232,1581.4043362539442,1395.6728482474093,185.73148800653485,2,2,1,7.0,6.0,5,2,2,1,7.0,6.0,5,2.0,7.0,4.0,0.0,4.0,1.3333333333333333,0.0,2.0,8.0,6.0,3.0,3.0,1.2,0.6,3.0,12.0,13.0,13.0,0.0,1.3,1.3,1.0,0.6,0.4,146,7.0,0.2,1.4,1.8,0.0,0.0,0.0,5.0,-5.0,0.0,1.6666666666666667,0.0,0.0,1.0,8.0,-7.0,0.2,1.6,1.0,5.0,6.0,15.0,-9.0,0.6,1.5,0.0,0.0,0.2,91,7.0,0.2,0.4,1.2,H,3.0
2022-04-09,2021-22,Clausura,13,False,Toluca,Guadalajara,1.0,1.0,0.0,0.0,footballcsv,1233,1479.6620400692186,1524.124896844616,-44.46285677539731,1,2,2,5.0,8.0,5,1,3,3,7.0,11.0,7,1.0,4.0,4.0,6.0,-2.0,1.3333333333333333,2.0,2.0,7.0,5.0,9.0,-4.0,1.0,1.8,4.0,14.0,11.0,17.0,-6.0,1.1,1.7,0.0,0.2,0.2,132,3.0,0.2,1.2,2.4,1.0,5.0,2.0,1.0,1.0,0.6666666666666666,0.3333333333333333,1.0,6.0,6.0,6.0,0.0,1.2,1.2,2.0,10.0,13.0,15.0,-2.0,1.3,1.5,0.6666666666666666,0.4,0.2,131,20.0,0.2,1.6,1.6,D,2.0
2022-04-10,2021-22,Clausura,13,False,Querétaro,Tigres UANL,0.0,1.0,0.0,0.0,footballcsv,1234,1449.4092887521847,1618.993235042625,-169.58394629044028,0,1,4,1.0,11.0,5,0,1,5,1.0,13.0,6,1.0,4.0,3.0,3.0,0.0,1.0,1.0,1.0,6.0,5.0,5.0,0.0,1.0,1.0,2.0,11.0,11.0,13.0,-2.0,1.1,1.3,0.0,0.0,0.1,129,7.0,0.4,1.2,1.4,2.0,6.0,5.0,2.0,3.0,1.6666666666666667,0.6666666666666666,3.0,10.0,10.0,4.0,6.0,2.0,0.8,8.0,25.0,24.0,12.0,12.0,2.4,1.2,0.6666666666666666,0.6,0.3,143,3.0,0.8,2.4,1.2,A,1.0
2022-04-11,2021-22,Clausura,13,False,Pachuca,Tijuana,0.0,0.0,0.0,0.0,footballcsv,1235,1585.2394359422947,1429.4236147653053,155.8158211769894,3,0,2,12.0,8.0,5,4,0,3,16.0,9.0,7,2.0,6.0,4.0,4.0,0.0,1.3333333333333333,1.3333333333333333,4.0,12.0,8.0,4.0,4.0,1.6,0.8,7.0,22.0,20.0,11.0,9.0,2.0,1.1,0.3333333333333333,0.6,0.3,135,4.0,0.8,2.0,1.0,1.0,4.0,2.0,3.0,-1.0,0.6666666666666666,1.0,2.0,7.0,4.0,8.0,-4.0,0.8,1.6,4.0,14.0,9.0,14.0,-5.0,0.9,1.4,0.3333333333333333,0.2,0.3,127,5.0,0.2,0.6,2.4,D,0.0
2022-04-13,2021-22,Clausura,12,False,Guadalajara,Monterrey,1.0,3.0,1.0,1.0,footballcsv,1236,1525.1441859095876,1561.4551912698844,-36.311005360296804,2,3,0,7.0,4.0,5,3,3,1,11.0,8.0,7,0.0,3.0,2.0,2.0,0.0,0.6666666666666666,0.6666666666666666,1.0,7.0,5.0,4.0,1.0,1.0,0.8,2.0,11.0,13.0,14.0,-1.0,1.3,1.4,0.3333333333333333,0.4,0.2,132,4.0,0.2,1.0,1.4,1.0,4.0,3.0,4.0,-1.0,1.0,1.3333333333333333,3.0,10.0,8.0,5.0,3.0,1.6,1.0,4.0,15.0,12.0,11.0,1.0,1.2,1.1,0.3333333333333333,0.4,0.3,145,4.0,0.2,1.2,1.0,A,4.0
2022-04-14,2021-22,Clausura,14,False,Atlas,Mazatlán FC,1.0,2.0,0.0,2.0,footballcsv,1237,1534.5960373712533,1432.1066320638502,102.4894053074031,0,2,1,1.0,2.0,3,0,2,1,1.0,2.0,3,1.0,4.0,3.0,3.0,0.0,1.0,1.0,2.0,7.0,5.0,5.0,0.0,1.0,1.0,4.0,15.0,10.0,9.0,1.0,1.0,0.9,0.0,0.0,0.2,133,7.0,0.4,1.0,0.8,0.0,2.0,2.0,3.0,-1.0,0.6666666666666666,1.0,0.0,2.0,4.0,7.0,-3.0,0.8,1.4,2.0,9.0,9.0,13.0,-4.0,0.9,1.3,0.0,0.0,0.2,64,6.0,0.0,0.6,1.8,A,3.0
2022-04-15,2021-22,Clausura,14,False,FC Juárez,Pachuca,1.0,2.0,1.0,1.0,footballcsv,1238,1391.268480882642,1579.3324882890822,-188.06400740644017,1,3,0,4.0,3.0,4,1,3,0,4.0,3.0,4,0.0,0.0,0.0,5.0,-5.0,0.0,1.6666666666666667,0.0,0.0,1.0,10.0,-9.0,0.2,2.0,0.0,2.0,5.0,18.0,-13.0,0.5,1.8,0.0,0.0,0.1,92,6.0,0.0,0.6,1.4,1.0,4.0,3.0,4.0,-1.0,1.0,1.3333333333333333,3.0,10.0,7.0,4.0,3.0,1.4,0.8,7.0,23.0,19.0,9.0,10.0,1.9,0.9,0.3333333333333333,0.6,0.4,136,4.0,0.8,2.2,1.0,A,3.0
2022-04-15,2021-22,Clausura,14,False,Tijuana,América,1.0,3.0,1.0,2.0,footballcsv,1239,1435.3305624185177,1585.8087036187114,-150.4781412001937,0,1,4,1.0,11.0,5,1,1,5,4.0,16.0,7,0.0,2.0,1.0,3.0,-2.0,0.3333333333333333,1.0,1.0,5.0,2.0,7.0,-5.0,0.4,1.4,4.0,15.0,8.0,11.0,-3.0,0.8,1.1,0.3333333333333333,0.4,0.4,128,4.0,0.6,1.2,0.4,3.0,9.0,7.0,0.0,7.0,2.3333333333333335,0.0,3.0,10.0,8.0,2.0,6.0,1.6,0.4,4.0,15.0,14.0,10.0,4.0,1.4,1.0,1.0,0.8,0.5,147,6.0,0.2,0.6,0.8,A,4.0
2022-04-15,2021-22,Clausura,14,False,Necaxa,Atlético San Luis,4.0,2.0,3.0,1.0,footballcsv,1240,1450.077825133074,1435.8739823740107,14.203842759063264,3,1,1,7.0,3.0,5,3,1,1,7.0,3.0,5,1.0,3.0,4.0,4.0,0.0,1.3333333333333333,1.3333333333333333,2.0,6.0,5.0,5.0,0.0,1.0,1.0,3.0,11.0,9.0,11.0,-2.0,0.9,1.1,0.0,0.2,0.2,133,8.0,0.2,0.4,1.2,2.0,7.0,4.0,1.0,3.0,1.3333333333333333,0.3333333333333333,3.0,10.0,7.0,4.0,3.0,1.4,0.8,5.0,17.0,15.0,11.0,4.0,1.5,1.1,0.6666666666666666,0.4,0.3,93,6.0,0.4,1.6,1.4,H,6.0
2022-04-16,2021-22,Clausura,14,False,León,Puebla,0.0,1.0,0.0,1.0,footballcsv,1241,1567.945444318313,1553.659909296247,14.285535022066142,3,0,2,7.0,4.0,5,5,0,5,14.0,13.0,10,1.0,4.0,3.0,4.0,-1.0,1.0,1.3333333333333333,2.0,7.0,4.0,7.0,-3.0,0.8,1.4,4.0,14.0,8.0,11.0,-3.0,0.8,1.1,0.0,0.2,0.3,147,7.0,0.2,0.6,1.2,0.0,2.0,5.0,6.0,-1.0,1.6666666666666667,2.0,1.0,5.0,9.0,9.0,0.0,1.8,1.8,4.0,16.0,17.0,13.0,4.0,1.7,1.3,0.0,0.0,0.2,136,8.0,0.6,2.0,1.4,A,1.0
2022-04-16,2021-22,Clausura,14,False,Cruz Azul,Guadalajara,0.0,1.0,0.0,0.0,footballcsv,1242,1585.928278660016,1512.783826311366,73.14445234865002,3,2,0,7.0,3.0,5,4,2,1,8.0,4.0,7,1.0,4.0,2.0,2.0,0.0,0.6666666666666666,0.6666666666666666,2.0,7.0,5.0,6.0,-1.0,1.0,1.2,4.0,14.0,14.0,13.0,1.0,1.4,1.3,0.3333333333333333,0.2,0.2,145,8.0,0.4,1.2,1.6,0.0,2.0,3.0,5.0,-2.0,1.0,1.6666666666666667,1.0,6.0,4.0,5.0,-1.0,0.8,1.0,2.0,10.0,13.0,16.0,-3.0,1.3,1.6,0.0,0.4,0.2,133,3.0,0.2,1.6,1.4,A,1.0
2022-04-16,2021-22,Clausura,14,False,Santos Laguna,Querétaro,1.0,1.0,0.0,0.0,footballcsv,1243,1548.3025766424594,1444.429256168916,103.87332047354334,4,0,1,11.0,4.0,5,5,0,2,14.0,7.0,7,1.0,4.0,5.0,4.0,1.0,1.6666666666666667,1.3333333333333333,2.0,7.0,9.0,5.0,4.0,1.8,1.0,4.0,14.0,17.0,13.0,4.0,1.7,1.3,0.0,0.2,0.2,141,7.0,0.6,2.6,2.0,1.0,4.0,3.0,3.0,0.0,1.0,1.0,1.0,5.0,4.0,5.0,-1.0,0.8,1.0,2.0,11.0,10.0,11.0,-1.0,1.0,1.1,0.0,0.0,0.1,130,6.0,0.0,1.0,1.2,D,2.0
2022-04-16,2021-22,Clausura,14,False,Tigres UANL,Toluca,3.0,0.0,0.0,0.0,footballcsv,1244,1623.9732676258936,1478.642751004247,145.33051662164667,2,0,3,6.0,8.0,5,3,0,4,8.0,10.0,7,2.0,6.0,4.0,2.0,2.0,1.3333333333333333,0.6666666666666666,4.0,12.0,9.0,2.0,7.0,1.8,0.4,8.0,25.0,23.0,11.0,12.0,2.3,1.1,0.6666666666666666,0.8,0.4,144,6.0,0.8,2.4,1.2,1.0,5.0,5.0,4.0,1.0,1.6666666666666667,1.3333333333333333,1.0,5.0,5.0,10.0,-5.0,1.0,2.0,3.0,12.0,10.0,17.0,-7.0,1.0,1.7,0.0,0.0,0.2,133,7.0,0.6,1.0,1.0,H,3.0
2022-04-17,2021-22,Clausura,14,False,Pumas UNAM,Monterrey,2.0,0.0,0.0,0.0,footballcsv,1245,1522.9766427397403,1573.815550868106,-50.838908128365574,1,1,3,2.0,6.0,5,1,2,4,3.0,8.0,7,1.0,5.0,4.0,3.0,1.0,1.3333333333333333,1.0,1.0,5.0,6.0,8.0,-2.0,1.2,1.6,2.0,10.0,10.0,13.0,-3.0,1.0,1.3,0.3333333333333333,0.2,0.3,141,9.0,0.2,1.0,1.4,2.0,7.0,6.0,3.0,3.0,2.0,1.0,3.0,10.0,9.0,5.0,4.0,1.8,1.0,5.0,17.0,13.0,10.0,3.0,1.3,1.0,0.3333333333333333,0.4,0.3,146,4.0,0.2,1.0,1.2,H,2.0
2022-04-19,2021-22,Clausura,15,False,Mazatlán FC,Santos Laguna,1.0,0.0,1.0,0.0,footballcsv,1246,1442.377266188583,1543.4546541741179,-101.07738798553487,0,1,2,0.0,5.0,3,0,1,2,0.0,5.0,3,1.0,4.0,3.0,3.0,0.0,1.0,1.0,1.0,5.0,5.0,6.0,-1.0,1.0,1.2,2.0,9.0,9.0,14.0,-5.0,0.9,1.4,0.0,0.0,0.1,65,5.0,0.4,1.2,0.8,1.0,4.0,4.0,3.0,1.0,1.3333333333333333,1.0,2.0,8.0,10.0,5.0,5.0,2.0,1.0,4.0,15.0,17.0,12.0,5.0,1.7,1.2,0.0,0.2,0.2,142,3.0,0.2,0.8,1.0,H,1.0
2022-04-19,2021-22,Clausura,15,False,Pachuca,Puebla,1.0,0.0,1.0,0.0,footballcsv,1247,1583.94824937807,1562.4275581663512,21.520691211718713,4,0,1,9.0,4.0,5,5,1,1,12.0,5.0,7,2.0,7.0,4.0,2.0,2.0,1.3333333333333333,0.6666666666666666,3.0,10.0,6.0,5.0,1.0,1.2,1.0,7.0,23.0,18.0,9.0,9.0,1.8,0.9,0.3333333333333333,0.4,0.4,137,4.0,0.6,1.6,0.8,1.0,4.0,4.0,4.0,0.0,1.3333333333333333,1.3333333333333333,1.0,5.0,7.0,8.0,-1.0,1.4,1.6,4.0,16.0,16.0,13.0,3.0,1.6,1.3,0.3333333333333333,0.2,0.2,137,3.0,0.6,1.8,1.4,H,1.0
2022-04-19,2021-22,Clausura,15,False,Necaxa,Tigres UANL,2.0,0.0,2.0,0.0,footballcsv,1248,1457.82437169457,1629.3717645323202,-171.5473928377503,0,2,3,4.0,10.0,5,0,3,3,5.0,11.0,6,1.0,3.0,5.0,5.0,0.0,1.6666666666666667,1.6666666666666667,3.0,9.0,9.0,6.0,3.0,1.8,1.2,4.0,14.0,12.0,10.0,2.0,1.2,1.0,0.0,0.2,0.2,134,4.0,0.4,1.0,1.0,2.0,6.0,5.0,2.0,3.0,1.6666666666666667,0.6666666666666666,4.0,12.0,9.0,2.0,7.0,1.8,0.4,8.0,25.0,22.0,8.0,14.0,2.2,0.8,0.6666666666666666,0.8,0.5,145,3.0,0.8,2.2,1.0,H,2.0
2022-04-19,2021-22,Clausura,15,False,Guadalajara,Tijuana,2.0,1.0,1.0,1.0,footballcsv,1249,1522.5869726012554,1426.8157058665324,95.77126673472299,2,2,1,3.0,1.0,5,3,2,2,6.0,3.0,7,1.0,4.0,3.0,4.0,-1.0,1.0,1.3333333333333333,1.0,6.0,4.0,5.0,-1.0,0.8,1.0,2.0,10.0,11.0,15.0,-4.0,1.1,1.5,0.3333333333333333,0.4,0.3,134,3.0,0.2,1.0,1.8,0.0,2.0,2.0,4.0,-2.0,0.6666666666666666,1.3333333333333333,1.0,5.0,3.0,6.0,-3.0,0.6,1.2,3.0,12.0,8.0,14.0,-6.0,0.8,1.4,0.3333333333333333,0.4,0.3,129,4.0,0.2,0.4,1.8,H,3.0
2022-04-19,2021-22,Clausura,15,False,Toluca,FC Juárez,0.0,1.0,0.0,0.0,footballcsv,1250,1473.2442540978204,1386.6527197936543,86.59153430416609,1,0,3,3.0,5.0,4,1,0,3,3.0,5.0,4,0.0,2.0,3.0,6.0,-3.0,1.0,2.0,1.0,5.0,5.0,10.0,-5.0,1.0,2.0,2.0,9.0,9.0,20.0,-11.0,0.9,2.0,0.0,0.0,0.1,134,3.0,0.2,1.2,1.8,0.0,0.0,1.0,6.0,-5.0,0.3333333333333333,2.0,0.0,0.0,1.0,10.0,-9.0,0.2,2.0,0.0,2.0,5.0,17.0,-12.0,0.5,1.7,0.0,0.0,0.1,93,4.0,0.2,0.4,1.6,A,1.0
2022-04-20,2021-22,Clausura,15,False,Monterrey,Atlas,0.0,0.0,0.0,0.0,footballcsv,1253,1563.881042444849,1524.3254032465204,39.55563919832866,1,3,1,5.0,4.0,5,3,3,2,10.0,7.0,8,2.0,6.0,4.0,3.0,1.0,1.3333333333333333,1.0,2.0,7.0,6.0,7.0,-1.0,1.2,1.4,5.0,17.0,13.0,11.0,2.0,1.3,1.1,0.3333333333333333,0.2,0.3,147,3.0,0.8,1.6,0.8,1.0,3.0,3.0,4.0,-1.0,1.0,1.3333333333333333,2.0,7.0,6.0,6.0,0.0,1.2,1.2,3.0,12.0,9.0,11.0,-2.0,0.9,1.1,0.0,0.0,0.1,134,6.0,0.4,1.0,1.0,D,0.0
2022-04-20,2021-22,Clausura,15,False,América,León,2.0,0.0,1.0,0.0,footballcsv,1252,1594.3235601706967,1559.1777954482088,35.14576472248791,2,2,1,6.0,5.0,5,2,2,4,6.0,11.0,8,3.0,9.0,7.0,1.0,6.0,2.3333333333333335,0.3333333333333333,4.0,13.0,10.0,1.0,9.0,2.0,0.2,4.0,15.0,14.0,9.0,5.0,1.4,0.9,0.6666666666666666,0.8,0.5,148,5.0,0.4,2.0,1.4,0.0,1.0,1.0,4.0,-3.0,0.3333333333333333,1.3333333333333333,1.0,4.0,3.0,8.0,-5.0,0.6,1.6,4.0,14.0,8.0,11.0,-3.0,0.8,1.1,0.0,0.0,0.3,148,4.0,0.6,1.0,1.0,H,2.0
2022-04-20,2021-22,Clausura,15,False,Atlético San Luis,Pumas UNAM,2.0,0.0,1.0,0.0,footballcsv,1251,1428.1274358125147,1532.9111511629972,-104.78371535048245,1,0,4,3.0,11.0,5,1,0,4,3.0,11.0,5,1.0,4.0,5.0,5.0,0.0,1.6666666666666667,1.6666666666666667,2.0,7.0,7.0,7.0,0.0,1.4,1.4,4.0,14.0,14.0,13.0,1.0,1.4,1.3,0.3333333333333333,0.4,0.3,94,5.0,0.6,1.4,0.8,2.0,7.0,5.0,2.0,3.0,1.6666666666666667,0.6666666666666666,2.0,8.0,7.0,6.0,1.0,1.4,1.2,3.0,13.0,12.0,12.0,0.0,1.2,1.2,0.6666666666666666,0.4,0.4,142,3.0,0.2,1.2,1.4,H,2.0
2022-04-21,2021-22,Clausura,15,False,Querétaro,Cruz Azul,0.0,1.0,0.0,0.0,footballcsv,1254,1449.2771786372575,1576.1251323701267,-126.8479537328692,2,0,3,5.0,9.0,5,3,1,4,8.0,12.0,8,0.0,2.0,2.0,3.0,-1.0,0.6666666666666666,1.0,1.0,5.0,4.0,5.0,-1.0,0.8,1.0,2.0,11.0,10.0,11.0,-1.0,1.0,1.1,0.0,0.0,0.1,131,5.0,0.4,1.0,1.0,1.0,4.0,2.0,2.0,0.0,0.6666666666666666,0.6666666666666666,2.0,7.0,4.0,4.0,0.0,0.8,0.8,3.0,11.0,13.0,14.0,-1.0,1.3,1.4,0.3333333333333333,0.2,0.1,146,5.0,0.4,1.6,1.0,A,1.0
2022-04-22,2021-22,Clausura,16,False,Puebla,Necaxa,0.0,1.0,0.0,0.0,footballcsv,1255,1557.6845906517296,1471.6400937259843,86.0444969257453,4,0,1,6.0,2.0,5,4,1,2,9.0,8.0,7,1.0,4.0,3.0,3.0,0.0,1.0,1.0,1.0,5.0,6.0,7.0,-1.0,1.2,1.4,4.0,15.0,15.0,13.0,2.0,1.5,1.3,0.3333333333333333,0.2,0.2,138,3.0,0.2,1.4,1.2,2.0,6.0,7.0,4.0,3.0,2.3333333333333335,1.3333333333333333,3.0,9.0,10.0,6.0,4.0,2.0,1.2,4.0,14.0,12.0,9.0,3.0,1.2,0.9,0.3333333333333333,0.2,0.3,135,3.0,0.4,1.4,1.0,A,1.0
2022-04-22,2021-22,Clausura,16,False,FC Juárez,Mazatlán FC,0.0,2.0,0.0,1.0,footballcsv,1256,1396.6744791855876,1449.7287247832207,-53.0542455976331,1,0,2,4.0,6.0,3,1,0,2,4.0,6.0,3,1.0,3.0,2.0,5.0,-3.0,0.6666666666666666,1.6666666666666667,1.0,3.0,2.0,7.0,-5.0,0.4,1.4,1.0,4.0,6.0,17.0,-11.0,0.6,1.7,0.3333333333333333,0.2,0.1,94,3.0,0.0,0.8,1.8,2.0,7.0,4.0,2.0,2.0,1.3333333333333333,0.6666666666666666,2.0,8.0,5.0,4.0,1.0,1.0,0.8,2.0,9.0,8.0,13.0,-5.0,0.8,1.3,0.3333333333333333,0.2,0.2,66,3.0,0.2,1.0,1.6,A,2.0
2022-04-23,2021-22,Clausura,16,False,Tigres UANL,América,0.0,2.0,0.0,1.0,footballcsv,1257,1615.5560425009057,1601.4247332197124,14.131309281193353,0,0,5,4.0,12.0,5,1,1,7,9.0,20.0,9,2.0,6.0,4.0,2.0,2.0,1.3333333333333333,0.6666666666666666,3.0,9.0,7.0,4.0,3.0,1.4,0.8,7.0,22.0,19.0,9.0,10.0,1.9,0.9,0.6666666666666666,0.6,0.5,146,4.0,0.8,2.2,0.6,3.0,9.0,8.0,1.0,7.0,2.6666666666666665,0.3333333333333333,5.0,15.0,12.0,1.0,11.0,2.4,0.2,5.0,18.0,15.0,7.0,8.0,1.5,0.7,0.6666666666666666,0.8,0.6,149,3.0,0.4,1.0,0.6,A,2.0
2022-04-23,2021-22,Clausura,16,False,Guadalajara,Pumas UNAM,3.0,1.0,2.0,0.0,footballcsv,1258,1526.009699348236,1521.142678768578,4.867020579657947,1,3,1,6.0,6.0,5,1,3,2,7.0,8.0,6,2.0,6.0,4.0,4.0,0.0,1.3333333333333333,1.3333333333333333,2.0,8.0,6.0,6.0,0.0,1.2,1.2,3.0,13.0,12.0,13.0,-1.0,1.2,1.3,0.3333333333333333,0.2,0.3,135,4.0,0.4,1.2,1.4,1.0,4.0,4.0,4.0,0.0,1.3333333333333333,1.3333333333333333,2.0,8.0,6.0,5.0,1.0,1.2,1.0,2.0,10.0,10.0,13.0,-3.0,1.0,1.3,0.3333333333333333,0.4,0.4,143,3.0,0.2,1.2,1.8,H,4.0
2022-04-23,2021-22,Clausura,16,False,Pachuca,Monterrey,3.0,0.0,1.0,0.0,footballcsv,1259,1588.6912168926915,1560.5696364117168,28.12158048097467,1,1,3,5.0,12.0,5,1,1,4,5.0,13.0,6,2.0,7.0,3.0,1.0,2.0,1.0,0.3333333333333333,3.0,10.0,6.0,5.0,1.0,1.2,1.0,8.0,25.0,17.0,7.0,10.0,1.7,0.7,0.6666666666666666,0.4,0.5,138,4.0,0.8,1.4,0.4,1.0,4.0,3.0,3.0,0.0,1.0,1.0,2.0,8.0,6.0,5.0,1.0,1.2,1.0,5.0,18.0,13.0,9.0,4.0,1.3,0.9,0.3333333333333333,0.4,0.4,148,3.0,0.2,1.0,1.4,H,3.0
2022-04-24,2021-22,Clausura,16,False,Toluca,Atlas,2.0,4.0,1.0,2.0,footballcsv,1260,1463.2224947058871,1527.6368092796527,-64.41431457376552,2,2,1,5.0,4.0,5,3,2,2,7.0,6.0,7,0.0,1.0,1.0,5.0,-4.0,0.3333333333333333,1.6666666666666667,1.0,5.0,5.0,8.0,-3.0,1.0,1.6,2.0,9.0,8.0,17.0,-9.0,0.8,1.7,0.0,0.0,0.1,135,5.0,0.2,1.0,1.6,1.0,4.0,3.0,3.0,0.0,1.0,1.0,1.0,5.0,4.0,5.0,-1.0,0.8,1.0,2.0,10.0,7.0,10.0,-3.0,0.7,1.0,0.3333333333333333,0.2,0.2,135,4.0,0.2,0.6,1.0,A,6.0
2022-04-24,2021-22,Clausura,16,False,Cruz Azul,Atlético San Luis,0.0,1.0,0.0,1.0,footballcsv,1261,1582.002438768631,1439.8959082069339,142.10653056169713,3,1,1,10.0,6.0,5,3,1,1,10.0,6.0,5,1.0,4.0,2.0,2.0,0.0,0.6666666666666666,0.6666666666666666,2.0,7.0,3.0,3.0,0.0,0.6,0.6,4.0,14.0,13.0,12.0,1.0,1.3,1.2,0.3333333333333333,0.4,0.2,147,3.0,0.4,1.0,1.4,2.0,6.0,6.0,4.0,2.0,2.0,1.3333333333333333,3.0,10.0,8.0,5.0,3.0,1.6,1.0,5.0,17.0,16.0,12.0,4.0,1.6,1.2,0.6666666666666666,0.6,0.4,95,4.0,0.2,1.4,1.8,A,1.0
2022-04-24,2021-22,Clausura,16,False,Santos Laguna,León,1.0,1.0,0.0,0.0,footballcsv,1262,1536.1031955794801,1552.0766223991932,-15.97342681971304,1,2,2,8.0,9.0,5,2,2,3,11.0,12.0,7,0.0,1.0,1.0,3.0,-2.0,0.3333333333333333,1.0,1.0,5.0,6.0,6.0,0.0,1.2,1.2,4.0,15.0,15.0,10.0,5.0,1.5,1.0,0.0,0.0,0.2,143,5.0,0.6,2.6,1.4,0.0,0.0,0.0,5.0,-5.0,0.0,1.6666666666666667,1.0,4.0,3.0,7.0,-4.0,0.6,1.4,4.0,14.0,7.0,11.0,-4.0,0.7,1.1,0.0,0.0,0.3,149,4.0,0.6,0.8,1.0,D,2.0
2022-04-24,2021-22,Clausura,16,False,Tijuana,Querétaro,2.0,2.0,2.0,0.0,footballcsv,1263,1423.392979119552,1443.3998722387532,-20.006893119201322,1,3,1,7.0,8.0,5,1,4,2,8.0,10.0,7,0.0,1.0,2.0,5.0,-3.0,0.6666666666666666,1.6666666666666667,0.0,2.0,3.0,8.0,-5.0,0.6,1.6,3.0,12.0,9.0,14.0,-5.0,0.9,1.4,0.3333333333333333,0.2,0.3,130,5.0,0.4,1.2,1.0,0.0,1.0,1.0,3.0,-2.0,0.3333333333333333,1.0,1.0,5.0,4.0,5.0,-1.0,0.8,1.0,2.0,11.0,10.0,10.0,0.0,1.0,1.0,0.0,0.0,0.1,132,3.0,0.0,1.0,1.2,D,4.0
2022-04-29,2021-22,Clausura,17,False,Mazatlán FC,Puebla,2.0,1.0,0.0,0.0,footballcsv,1264,1461.5651844573736,1547.6715817212992,-86.1063972639256,0,0,3,2.0,9.0,3,0,0,3,2.0,9.0,3,3.0,9.0,5.0,1.0,4.0,1.6666666666666667,0.3333333333333333,3.0,10.0,6.0,3.0,3.0,1.2,0.6,3.0,12.0,10.0,11.0,-1.0,1.0,1.1,0.6666666666666666,0.4,0.3,67,7.0,0.4,1.0,0.8,1.0,3.0,1.0,2.0,-1.0,0.3333333333333333,0.6666666666666666,1.0,4.0,4.0,6.0,-2.0,0.8,1.2,3.0,12.0,14.0,14.0,0.0,1.4,1.4,0.3333333333333333,0.2,0.1,139,7.0,0.4,1.2,1.2,H,3.0
2022-04-29,2021-22,Clausura,17,False,Necaxa,Guadalajara,0.0,1.0,0.0,0.0,footballcsv,1265,1481.6531026564148,1534.0540849412564,-52.400982284841575,1,1,3,6.0,8.0,5,1,2,4,9.0,12.0,7,3.0,9.0,7.0,2.0,5.0,2.3333333333333335,0.6666666666666666,3.0,9.0,8.0,5.0,3.0,1.6,1.0,5.0,16.0,12.0,8.0,4.0,1.2,0.8,0.6666666666666666,0.4,0.4,136,7.0,0.6,1.4,0.8,3.0,9.0,6.0,2.0,4.0,2.0,0.6666666666666666,3.0,10.0,8.0,6.0,2.0,1.6,1.2,4.0,16.0,14.0,12.0,2.0,1.4,1.2,0.3333333333333333,0.2,0.3,136,6.0,0.2,1.2,1.2,A,1.0
2022-04-30,2021-22,Clausura,17,False,Monterrey,Tijuana,2.0,0.0,1.0,0.0,footballcsv,1269,1551.340335124739,1421.6831981454554,129.65713697928368,1,2,2,8.0,6.0,5,2,2,2,11.0,6.0,6,0.0,1.0,0.0,5.0,-5.0,0.0,1.6666666666666667,2.0,7.0,4.0,6.0,-2.0,0.8,1.2,5.0,17.0,13.0,12.0,1.0,1.3,1.2,0.3333333333333333,0.4,0.3,149,7.0,0.8,1.6,0.4,0.0,1.0,4.0,7.0,-3.0,1.3333333333333333,2.3333333333333335,0.0,3.0,5.0,8.0,-3.0,1.0,1.6,3.0,12.0,10.0,15.0,-5.0,1.0,1.5,0.0,0.2,0.3,131,6.0,0.2,0.6,1.8,H,2.0
2022-04-30,2021-22,Clausura,17,False,Atlas,Tigres UANL,1.0,1.0,0.0,0.0,footballcsv,1268,1539.1154306300316,1601.664182846413,-62.548752216381445,1,2,2,4.0,6.0,5,1,3,4,6.0,11.0,8,1.0,4.0,5.0,4.0,1.0,1.6666666666666667,1.3333333333333333,2.0,7.0,7.0,6.0,1.0,1.4,1.2,3.0,12.0,10.0,11.0,-1.0,1.0,1.1,0.3333333333333333,0.2,0.2,136,6.0,0.2,0.8,1.0,1.0,3.0,3.0,4.0,-1.0,1.0,1.3333333333333333,2.0,6.0,5.0,6.0,-1.0,1.0,1.2,6.0,19.0,17.0,10.0,7.0,1.7,1.0,0.3333333333333333,0.4,0.5,147,7.0,0.6,1.6,1.2,D,2.0
2022-04-30,2021-22,Clausura,17,False,América,Cruz Azul,0.0,0.0,0.0,0.0,footballcsv,1267,1615.316592874205,1571.1588095255345,44.15778334867059,0,2,3,4.0,9.0,5,2,4,4,9.0,11.0,10,3.0,9.0,7.0,1.0,6.0,2.3333333333333335,0.3333333333333333,5.0,15.0,11.0,1.0,10.0,2.2,0.2,6.0,21.0,16.0,4.0,12.0,1.6,0.4,0.6666666666666666,0.8,0.7,150,7.0,0.6,2.0,0.8,1.0,3.0,1.0,2.0,-1.0,0.3333333333333333,0.6666666666666666,2.0,7.0,3.0,3.0,0.0,0.6,0.6,3.0,11.0,9.0,12.0,-3.0,0.9,1.2,0.3333333333333333,0.4,0.2,148,6.0,0.4,1.6,1.0,D,0.0
2022-04-30,2021-22,Clausura,17,False,Querétaro,FC Juárez,4.0,0.0,2.0,0.0,footballcsv,1266,1445.1096532128497,1384.8380195114348,60.271633701414885,2,1,1,3.0,1.0,4,2,1,1,3.0,1.0,4,0.0,2.0,3.0,4.0,-1.0,1.0,1.3333333333333333,0.0,3.0,4.0,6.0,-2.0,0.8,1.2,2.0,11.0,10.0,10.0,0.0,1.0,1.0,0.0,0.0,0.1,133,6.0,0.4,1.0,0.8,1.0,3.0,2.0,4.0,-2.0,0.6666666666666666,1.3333333333333333,1.0,3.0,2.0,8.0,-6.0,0.4,1.6,1.0,4.0,4.0,16.0,-12.0,0.4,1.6,0.3333333333333333,0.2,0.1,95,8.0,0.2,0.4,1.6,H,4.0
2022-05-01,2021-22,Clausura,17,False,Pumas UNAM,Pachuca,2.0,0.0,0.0,0.0,footballcsv,1270,1513.0982931755575,1597.9205181796692,-84.82222500411171,1,4,0,5.0,4.0,5,2,5,2,7.0,8.0,9,1.0,3.0,3.0,5.0,-2.0,1.0,1.6666666666666667,2.0,7.0,6.0,7.0,-1.0,1.2,1.4,2.0,9.0,11.0,16.0,-5.0,1.1,1.6,0.3333333333333333,0.4,0.3,144,8.0,0.4,1.2,1.0,3.0,9.0,6.0,1.0,5.0,2.0,0.3333333333333333,4.0,13.0,8.0,2.0,6.0,1.6,0.4,8.0,25.0,17.0,6.0,11.0,1.7,0.6,0.6666666666666666,0.6,0.6,139,8.0,0.8,2.0,1.0,H,2.0
2022-05-01,2021-22,Clausura,17,False,Atlético San Luis,Santos Laguna,1.0,3.0,0.0,0.0,footballcsv,1271,1450.7395374500304,1534.280944202465,-83.54140675243457,1,1,3,4.0,7.0,5,1,1,3,4.0,7.0,5,2.0,6.0,5.0,4.0,1.0,1.6666666666666667,1.3333333333333333,3.0,10.0,8.0,5.0,3.0,1.6,1.0,6.0,20.0,16.0,10.0,6.0,1.6,1.0,0.6666666666666666,0.6,0.5,96,7.0,0.8,1.8,0.6,0.0,2.0,2.0,3.0,-1.0,0.6666666666666666,1.0,1.0,5.0,5.0,5.0,0.0,1.0,1.0,4.0,15.0,16.0,11.0,5.0,1.6,1.1,0.0,0.0,0.1,144,7.0,0.2,0.8,1.2,A,4.0
2022-05-01,2021-22,Clausura,17,False,León,Toluca,4.0,4.0,3.0,3.0,footballcsv,1272,1553.8988737762083,1451.7438733555082,102.15500042070016,2,3,0,10.0,5.0,5,4,3,0,15.0,6.0,7,0.0,1.0,1.0,4.0,-3.0,0.3333333333333333,1.3333333333333333,0.0,2.0,2.0,7.0,-5.0,0.4,1.4,3.0,12.0,6.0,11.0,-5.0,0.6,1.1,0.0,0.0,0.3,150,7.0,0.2,0.6,1.2,0.0,0.0,2.0,8.0,-6.0,0.6666666666666666,2.6666666666666665,0.0,2.0,5.0,11.0,-6.0,1.0,2.2,2.0,8.0,9.0,20.0,-11.0,0.9,2.0,0.0,0.0,0.1,136,7.0,0.4,0.6,1.4,D,8.0
2022-05-07,2021-22,Clausura - Liguilla,Reclassification,True,Monterrey,Atlético San Luis,2.0,2.0,1.0,0.0,footballcsv,1273,1555.9593256366322,1439.8828684135945,116.07645722303778,2,2,1,7.0,6.0,5,2,2,2,7.0,7.0,6,1.0,4.0,2.0,3.0,-1.0,0.6666666666666666,1.0,2.0,7.0,5.0,6.0,-1.0,1.0,1.2,5.0,17.0,13.0,11.0,2.0,1.3,1.1,0.6666666666666666,0.4,0.4,150,7.0,0.8,1.6,0.2,2.0,6.0,4.0,3.0,1.0,1.3333333333333333,1.0,3.0,9.0,8.0,7.0,1.0,1.6,1.4,5.0,17.0,15.0,13.0,2.0,1.5,1.3,0.6666666666666666,0.6,0.4,97,6.0,0.4,1.4,1.4,D,4.0
2022-05-07,2021-22,Clausura - Liguilla,Reclassification,True,Cruz Azul,Necaxa,1.0,1.0,0.0,0.0,footballcsv,1274,1574.5876292155551,1474.1721751990071,100.41545401654798,3,1,1,8.0,3.0,5,4,1,2,10.0,6.0,7,1.0,4.0,1.0,1.0,0.0,0.3333333333333333,0.3333333333333333,1.0,5.0,2.0,3.0,-1.0,0.4,0.6,3.0,12.0,8.0,10.0,-2.0,0.8,1.0,0.6666666666666666,0.4,0.3,149,7.0,0.4,0.8,1.2,2.0,6.0,3.0,1.0,2.0,1.0,0.3333333333333333,3.0,9.0,8.0,5.0,3.0,1.6,1.0,5.0,16.0,12.0,8.0,4.0,1.2,0.8,0.6666666666666666,0.4,0.4,137,8.0,0.4,1.2,0.8,D,2.0
2022-05-08,2021-22,Clausura - Liguilla,Reclassification,True,Puebla,Mazatlán FC,2.0,2.0,2.0,1.0,footballcsv,1275,1540.6182975149718,1468.618468663701,71.99982885127088,3,0,1,10.0,4.0,4,3,0,1,10.0,4.0,4,0.0,0.0,1.0,4.0,-3.0,0.3333333333333333,1.3333333333333333,1.0,4.0,4.0,6.0,-2.0,0.8,1.2,2.0,9.0,12.0,14.0,-2.0,1.2,1.4,0.0,0.2,0.1,140,9.0,0.2,1.2,1.2,3.0,9.0,5.0,1.0,4.0,1.6666666666666667,0.3333333333333333,4.0,13.0,8.0,3.0,5.0,1.6,0.6,4.0,15.0,11.0,9.0,2.0,1.1,0.9,0.6666666666666666,0.4,0.3,68,9.0,0.4,1.2,1.0,D,4.0
2022-05-08,2021-22,Clausura - Liguilla,Reclassification,True,Guadalajara,Pumas UNAM,4.0,1.0,1.0,1.0,footballcsv,1276,1541.535012398664,1524.2368879364144,17.29812446224969,2,3,0,8.0,5.0,5,2,3,2,10.0,9.0,7,3.0,9.0,6.0,2.0,4.0,2.0,0.6666666666666666,4.0,12.0,8.0,5.0,3.0,1.6,1.0,5.0,19.0,13.0,9.0,4.0,1.3,0.9,0.3333333333333333,0.4,0.4,137,9.0,0.6,1.4,1.0,1.0,3.0,3.0,5.0,-2.0,1.0,1.6666666666666667,2.0,7.0,7.0,7.0,0.0,1.4,1.4,3.0,11.0,13.0,16.0,-3.0,1.3,1.6,0.3333333333333333,0.4,0.3,145,7.0,0.2,1.0,1.8,H,5.0
2022-05-10,2021-22,Clausura - Liguilla,Quarterfinals,True,Puebla,América,1.0,1.0,0.0,0.0,footballcsv,1277,1536.5026744123945,1611.8877731841844,-75.3850987717899,0,1,4,3.0,8.0,5,0,1,7,5.0,14.0,8,0.0,1.0,3.0,5.0,-2.0,1.0,1.6666666666666667,1.0,4.0,4.0,6.0,-2.0,0.8,1.2,2.0,9.0,13.0,15.0,-2.0,1.3,1.5,0.0,0.2,0.1,141,2.0,0.0,1.4,1.6,2.0,7.0,4.0,0.0,4.0,1.3333333333333333,0.0,4.0,13.0,10.0,1.0,9.0,2.0,0.2,6.0,21.0,16.0,4.0,12.0,1.6,0.4,1.0,0.8,0.7,151,10.0,0.6,1.4,0.6,D,2.0
2022-05-11,2021-22,Clausura - Liguilla,Quarterfinals,True,Atlético San Luis,Pachuca,2.0,2.0,1.0,1.0,footballcsv,1278,1444.9948717760115,1586.7819234188123,-141.78705164280086,1,1,3,4.0,10.0,5,1,1,3,4.0,10.0,5,1.0,4.0,4.0,5.0,-1.0,1.3333333333333333,1.6666666666666667,2.0,7.0,8.0,9.0,-1.0,1.6,1.8,5.0,17.0,15.0,13.0,2.0,1.5,1.3,0.3333333333333333,0.4,0.4,98,4.0,0.8,1.6,0.8,2.0,6.0,4.0,2.0,2.0,1.3333333333333333,0.6666666666666666,3.0,10.0,6.0,3.0,3.0,1.2,0.6,7.0,22.0,14.0,7.0,7.0,1.4,0.7,0.6666666666666666,0.6,0.6,140,10.0,0.6,1.4,1.2,D,4.0
2022-05-12,2021-22,Clausura - Liguilla,Quarterfinals,True,Guadalajara,Atlas,1.0,2.0,0.0,2.0,footballcsv,1279,1551.187209362786,1538.6135653277568,12.573644035029247,3,1,1,7.0,5.0,5,6,1,1,12.0,5.0,8,3.0,9.0,8.0,2.0,6.0,2.6666666666666665,0.6666666666666666,5.0,15.0,11.0,3.0,8.0,2.2,0.6,6.0,21.0,15.0,8.0,7.0,1.5,0.8,0.3333333333333333,0.4,0.4,138,4.0,0.6,2.0,1.2,1.0,5.0,5.0,3.0,2.0,1.6666666666666667,1.0,2.0,8.0,8.0,6.0,2.0,1.6,1.2,3.0,12.0,11.0,12.0,-1.0,1.1,1.2,0.3333333333333333,0.2,0.1,137,12.0,0.4,1.2,1.2,A,3.0
2022-05-12,2021-22,Clausura - Liguilla,Quarterfinals,True,Cruz Azul,Tigres UANL,0.0,1.0,0.0,1.0,footballcsv,1280,1569.8162079205126,1602.1660481486879,-32.34984022817525,2,2,1,8.0,5.0,5,5,3,2,13.0,9.0,10,0.0,2.0,1.0,2.0,-1.0,0.3333333333333333,0.6666666666666666,1.0,5.0,2.0,3.0,-1.0,0.4,0.6,3.0,12.0,7.0,9.0,-2.0,0.7,0.9,0.3333333333333333,0.4,0.3,150,5.0,0.4,0.8,0.8,0.0,1.0,1.0,5.0,-4.0,0.3333333333333333,1.6666666666666667,2.0,7.0,5.0,5.0,0.0,1.0,1.0,5.0,17.0,15.0,9.0,6.0,1.5,0.9,0.0,0.4,0.5,148,12.0,0.4,1.2,1.0,A,1.0
2022-05-14,2021-22,Clausura - Liguilla,Quarterfinals,True,América,Puebla,3.0,2.0,1.0,1.0,footballcsv,1281,1612.0205929077517,1536.3698546888272,75.65073821892452,3,2,0,8.0,4.0,5,7,2,0,15.0,6.0,9,1.0,5.0,3.0,1.0,2.0,1.0,0.3333333333333333,3.0,11.0,8.0,2.0,6.0,1.6,0.4,6.0,21.0,16.0,4.0,12.0,1.6,0.4,0.6666666666666666,0.6,0.7,152,4.0,0.6,1.8,0.2,0.0,2.0,4.0,5.0,-1.0,1.3333333333333333,1.6666666666666667,0.0,2.0,4.0,7.0,-3.0,0.8,1.4,1.0,7.0,11.0,15.0,-4.0,1.1,1.5,0.0,0.0,0.1,142,4.0,0.2,0.8,1.4,H,5.0
2022-05-14,2021-22,Clausura - Liguilla,Quarterfinals,True,Pachuca,Atlético San Luis,3.0,2.0,0.0,0.0,footballcsv,1282,1585.0220626602443,1446.7547325345795,138.26733012566478,3,2,0,12.0,4.0,5,3,2,1,12.0,6.0,6,1.0,4.0,5.0,4.0,1.0,1.6666666666666667,1.3333333333333333,3.0,10.0,8.0,5.0,3.0,1.6,1.0,6.0,20.0,15.0,9.0,6.0,1.5,0.9,0.3333333333333333,0.4,0.5,141,3.0,0.8,1.4,0.2,0.0,2.0,5.0,7.0,-2.0,1.6666666666666667,2.3333333333333335,2.0,8.0,8.0,7.0,1.0,1.6,1.4,4.0,15.0,15.0,14.0,1.0,1.5,1.4,0.0,0.4,0.4,99,3.0,0.2,1.4,1.8,H,5.0
2022-05-15,2021-22,Clausura - Liguilla,Quarterfinals,True,Atlas,Guadalajara,1.0,1.0,1.0,0.0,footballcsv,1284,1547.3494167315162,1542.4513579590266,4.898058772489549,2,1,2,6.0,6.0,5,2,1,6,7.0,13.0,9,2.0,7.0,7.0,4.0,3.0,2.3333333333333335,1.3333333333333333,2.0,8.0,8.0,6.0,2.0,1.6,1.2,4.0,15.0,13.0,11.0,2.0,1.3,1.1,0.0,0.2,0.1,138,3.0,0.2,1.0,1.2,2.0,6.0,6.0,3.0,3.0,2.0,1.0,4.0,12.0,11.0,5.0,6.0,2.2,1.0,5.0,18.0,15.0,10.0,5.0,1.5,1.0,0.3333333333333333,0.2,0.3,139,3.0,0.4,1.2,0.8,D,2.0
2022-05-15,2021-22,Clausura - Liguilla,Quarterfinals,True,Tigres UANL,Cruz Azul,0.0,1.0,0.0,1.0,footballcsv,1283,1610.0422428481577,1561.9400132210428,48.102229627114866,2,2,1,5.0,5.0,5,3,3,4,10.0,12.0,10,1.0,4.0,2.0,3.0,-1.0,0.6666666666666666,1.0,2.0,7.0,5.0,5.0,0.0,1.0,1.0,6.0,19.0,14.0,7.0,7.0,1.4,0.7,0.3333333333333333,0.4,0.6,149,3.0,0.6,1.8,0.8,0.0,2.0,1.0,2.0,-1.0,0.3333333333333333,0.6666666666666666,1.0,5.0,2.0,3.0,-1.0,0.4,0.6,3.0,12.0,6.0,7.0,-1.0,0.6,0.7,0.3333333333333333,0.4,0.3,151,3.0,0.2,0.8,0.8,A,1.0
2022-05-18,2021-22,Clausura - Liguilla,Semifinals,True,Atlas,Tigres UANL,3.0,0.0,1.0,0.0,footballcsv,1285,1544.9533550102994,1600.6649251769802,-55.71157016668076,1,3,1,4.0,5.0,5,1,4,4,7.0,12.0,9,1.0,5.0,4.0,3.0,1.0,1.3333333333333333,1.0,2.0,9.0,8.0,5.0,3.0,1.6,1.0,4.0,16.0,14.0,11.0,3.0,1.4,1.1,0.0,0.2,0.1,139,3.0,0.2,1.2,1.2,1.0,4.0,2.0,2.0,0.0,0.6666666666666666,0.6666666666666666,1.0,4.0,2.0,6.0,-4.0,0.4,1.2,5.0,16.0,11.0,8.0,3.0,1.1,0.8,0.3333333333333333,0.2,0.5,150,3.0,0.4,0.8,1.0,H,3.0
2022-05-19,2021-22,Clausura - Liguilla,Semifinals,True,América,Pachuca,1.0,1.0,0.0,0.0,footballcsv,1286,1615.7735708106889,1587.8166400617208,27.956930748968034,2,1,2,9.0,9.0,5,5,2,2,18.0,12.0,9,1.0,5.0,4.0,3.0,1.0,1.3333333333333333,1.0,3.0,11.0,8.0,3.0,5.0,1.6,0.6,7.0,24.0,18.0,4.0,14.0,1.8,0.4,0.3333333333333333,0.6,0.7,153,5.0,0.8,2.2,0.4,1.0,4.0,5.0,6.0,-1.0,1.6666666666666667,2.0,3.0,10.0,9.0,6.0,3.0,1.8,1.2,6.0,20.0,15.0,11.0,4.0,1.5,1.1,0.0,0.4,0.4,142,5.0,0.4,1.6,1.6,D,2.0
2022-05-21,2021-22,Clausura - Liguilla,Semifinals,True,Tigres UANL,Atlas,4.0,2.0,0.0,1.0,footballcsv,1287,1587.9103457467556,1557.707934440524,30.202411306231625,1,2,2,4.0,6.0,5,4,4,2,12.0,10.0,10,1.0,3.0,1.0,4.0,-3.0,0.3333333333333333,1.3333333333333333,1.0,4.0,2.0,7.0,-5.0,0.4,1.4,4.0,13.0,9.0,11.0,-2.0,0.9,1.1,0.3333333333333333,0.2,0.4,151,3.0,0.6,1.4,0.6,2.0,7.0,6.0,2.0,4.0,2.0,0.6666666666666666,3.0,11.0,11.0,5.0,6.0,2.2,1.0,4.0,16.0,15.0,10.0,5.0,1.5,1.0,0.3333333333333333,0.2,0.2,140,3.0,0.6,1.6,1.0,H,6.0
2022-05-22,2021-22,Clausura - Liguilla,Semifinals,True,Pachuca,América,3.0,0.0,2.0,0.0,footballcsv,1288,1590.827605413798,1612.7626054586117,-21.935000044813705,2,2,1,10.0,8.0,5,2,3,5,13.0,19.0,10,1.0,5.0,6.0,5.0,1.0,2.0,1.6666666666666667,2.0,8.0,9.0,7.0,2.0,1.8,1.4,5.0,18.0,15.0,12.0,3.0,1.5,1.2,0.0,0.2,0.3,143,3.0,0.8,1.8,0.6,1.0,5.0,5.0,4.0,1.0,1.6666666666666667,1.3333333333333333,2.0,9.0,7.0,4.0,3.0,1.4,0.8,7.0,24.0,19.0,5.0,14.0,1.9,0.5,0.0,0.4,0.6,154,3.0,0.6,1.4,0.4,H,3.0
2022-05-26,2021-22,Clausura - Liguilla,Final,True,Atlas,Pachuca,2.0,0.0,1.0,0.0,footballcsv,1289,1550.4573323313152,1602.097592555764,-51.640260224448866,2,0,3,2.0,4.0,5,2,1,5,3.0,8.0,8,1.0,4.0,6.0,5.0,1.0,2.0,1.6666666666666667,2.0,8.0,9.0,7.0,2.0,1.8,1.4,4.0,15.0,16.0,13.0,3.0,1.6,1.3,0.3333333333333333,0.2,0.2,141,5.0,0.4,1.6,1.0,2.0,7.0,7.0,3.0,4.0,2.3333333333333335,1.0,2.0,8.0,9.0,7.0,2.0,1.8,1.4,6.0,21.0,17.0,9.0,8.0,1.7,0.9,0.3333333333333333,0.2,0.4,144,4.0,0.2,1.2,1.8,H,2.0
2022-05-29,2021-22,Clausura - Liguilla,Final,True,Pachuca,Atlas,2.0,1.0,2.0,1.0,footballcsv,1290,1592.1346654359252,1560.4202594511542,31.71440598477102,2,0,3,2.0,4.0,5,5,1,3,8.0,5.0,9,1.0,4.0,4.0,3.0,1.0,1.3333333333333333,1.0,2.0,8.0,9.0,7.0,2.0,1.8,1.4,5.0,18.0,15.0,10.0,5.0,1.5,1.0,0.3333333333333333,0.2,0.4,145,3.0,0.8,2.0,0.4,2.0,6.0,7.0,4.0,3.0,2.3333333333333335,1.3333333333333333,3.0,10.0,10.0,6.0,4.0,2.0,1.2,5.0,18.0,18.0,12.0,6.0,1.8,1.2,0.6666666666666666,0.4,0.3,142,3.0,0.4,1.6,1.6,H,3.0
2022-07-01,2022-23,Apertura,1,False,Mazatlán FC,Puebla,2.0,4.0,0.0,2.0,footballcsv,1291,1472.7340917662782,1532.61687678589,-59.8827850196119,1,1,3,6.0,12.0,5,1,1,3,6.0,12.0,5,2.0,7.0,6.0,3.0,3.0,2.0,1.0,4.0,13.0,9.0,4.0,5.0,1.8,0.8,4.0,15.0,13.0,11.0,2.0,1.3,1.1,0.3333333333333333,0.4,0.2,69,54.0,0.4,1.0,0.8,0.0,2.0,5.0,6.0,-1.0,1.6666666666666667,2.0,0.0,2.0,6.0,9.0,-3.0,1.2,1.8,1.0,7.0,12.0,16.0,-4.0,1.2,1.6,0.0,0.0,0.1,143,48.0,0.2,1.0,1.6,A,6.0
2022-07-02,2022-23,Apertura,1,False,Necaxa,Toluca,1.0,3.0,1.0,2.0,footballcsv,1292,1478.9435964940496,1456.5538715890052,22.38972490504443,2,1,2,7.0,8.0,5,2,3,3,11.0,13.0,8,1.0,4.0,2.0,2.0,0.0,0.6666666666666666,0.6666666666666666,3.0,10.0,8.0,4.0,4.0,1.6,0.8,5.0,16.0,13.0,9.0,4.0,1.3,0.9,0.3333333333333333,0.4,0.3,138,56.0,0.6,1.4,0.8,0.0,1.0,6.0,9.0,-3.0,2.0,3.0,0.0,2.0,7.0,13.0,-6.0,1.4,2.6,2.0,9.0,12.0,22.0,-10.0,1.2,2.2,0.0,0.0,0.1,137,62.0,0.2,1.2,2.2,A,4.0
2022-07-02,2022-23,Apertura,1,False,Guadalajara,FC Juárez,0.0,0.0,0.0,0.0,footballcsv,1293,1544.8474196802433,1375.5050991784437,169.34232050179958,3,1,1,10.0,5.0,5,4,1,1,12.0,6.0,6,1.0,4.0,6.0,4.0,2.0,2.0,1.3333333333333333,3.0,10.0,10.0,5.0,5.0,2.0,1.0,5.0,18.0,16.0,11.0,5.0,1.6,1.1,0.0,0.2,0.2,140,48.0,0.6,2.2,1.6,1.0,3.0,1.0,6.0,-5.0,0.3333333333333333,2.0,1.0,3.0,2.0,11.0,-9.0,0.4,2.2,1.0,3.0,3.0,19.0,-16.0,0.3,1.9,0.3333333333333333,0.2,0.1,96,63.0,0.2,0.2,2.2,D,0.0
2022-07-02,2022-23,Apertura,1,False,Tigres UANL,Cruz Azul,2.0,3.0,0.0,1.0,footballcsv,1294,1595.1609478559644,1571.3173308922203,23.843616963744125,1,2,2,4.0,6.0,5,3,3,4,10.0,12.0,10,1.0,3.0,4.0,6.0,-2.0,1.3333333333333333,2.0,2.0,7.0,6.0,7.0,-1.0,1.2,1.4,4.0,13.0,11.0,13.0,-2.0,1.1,1.3,0.0,0.2,0.3,152,42.0,0.6,1.8,1.0,1.0,4.0,2.0,2.0,0.0,0.6666666666666666,0.6666666666666666,1.0,5.0,2.0,3.0,-1.0,0.4,0.6,3.0,12.0,5.0,6.0,-1.0,0.5,0.6,0.3333333333333333,0.4,0.4,152,48.0,0.4,0.6,0.4,A,5.0
2022-07-02,2022-23,Apertura,1,False,América,Atlas,0.0,0.0,0.0,0.0,footballcsv,1295,1601.4926183166456,1555.8745982508383,45.618020065807286,3,0,2,4.0,5.0,5,5,0,2,9.0,6.0,7,1.0,4.0,4.0,6.0,-2.0,1.3333333333333333,2.0,1.0,6.0,5.0,7.0,-2.0,1.0,1.4,6.0,21.0,16.0,8.0,8.0,1.6,0.8,0.0,0.2,0.5,155,41.0,0.6,1.8,0.6,1.0,3.0,5.0,6.0,-1.0,1.6666666666666667,2.0,2.0,7.0,9.0,7.0,2.0,1.8,1.4,4.0,15.0,17.0,13.0,4.0,1.7,1.3,0.3333333333333333,0.4,0.3,143,34.0,0.4,1.8,1.8,D,0.0
2022-07-03,2022-23,Apertura,1,False,Atlético San Luis,León,1.0,2.0,0.0,1.0,footballcsv,1296,1443.960155133103,1549.0888755427113,-105.12872040960838,2,1,2,6.0,6.0,5,2,1,3,8.0,9.0,6,0.0,2.0,6.0,7.0,-1.0,2.0,2.3333333333333335,1.0,5.0,8.0,10.0,-2.0,1.6,2.0,4.0,15.0,16.0,15.0,1.0,1.6,1.5,0.0,0.2,0.4,100,50.0,0.6,1.6,1.0,0.0,2.0,5.0,7.0,-2.0,1.6666666666666667,2.3333333333333335,0.0,2.0,5.0,10.0,-5.0,1.0,2.0,2.0,10.0,9.0,15.0,-6.0,0.9,1.5,0.0,0.0,0.2,151,63.0,0.4,0.8,1.2,A,3.0
2022-07-03,2022-23,Apertura,1,False,Santos Laguna,Monterrey,4.0,3.0,2.0,2.0,footballcsv,1297,1545.137613238901,1550.8473222742152,-5.70970903531429,2,1,2,5.0,5.0,5,3,3,4,12.0,18.0,10,1.0,4.0,4.0,3.0,1.0,1.3333333333333333,1.0,1.0,5.0,5.0,5.0,0.0,1.0,1.0,4.0,15.0,17.0,11.0,6.0,1.7,1.1,0.0,0.0,0.1,145,63.0,0.6,2.4,1.0,1.0,4.0,4.0,5.0,-1.0,1.3333333333333333,1.6666666666666667,1.0,5.0,4.0,7.0,-3.0,0.8,1.4,4.0,15.0,13.0,12.0,1.0,1.3,1.2,0.3333333333333333,0.4,0.4,151,57.0,0.2,1.0,2.0,H,7.0
2022-07-03,2022-23,Apertura,1,False,Pumas UNAM,Tijuana,1.0,1.0,0.0,1.0,footballcsv,1298,1514.5846909722925,1417.0642076335623,97.52048333873017,2,1,2,6.0,3.0,5,4,1,2,8.0,3.0,7,1.0,3.0,4.0,7.0,-3.0,1.3333333333333333,2.3333333333333335,2.0,6.0,6.0,9.0,-3.0,1.2,1.8,3.0,11.0,12.0,17.0,-5.0,1.2,1.7,0.3333333333333333,0.4,0.3,146,56.0,0.4,1.2,0.8,0.0,1.0,3.0,6.0,-3.0,1.0,2.0,0.0,2.0,4.0,9.0,-5.0,0.8,1.8,2.0,9.0,8.0,17.0,-9.0,0.8,1.7,0.0,0.2,0.2,132,64.0,0.0,0.2,2.0,D,2.0
2022-07-04,2022-23,Apertura,1,False,Pachuca,Querétaro,2.0,0.0,1.0,0.0,footballcsv,1299,1596.680326636241,1454.4425735458408,142.23775309040025,2,2,1,7.0,6.0,5,3,2,3,11.0,9.0,8,2.0,6.0,5.0,3.0,2.0,1.6666666666666667,1.0,3.0,10.0,9.0,6.0,3.0,1.8,1.2,6.0,20.0,17.0,11.0,6.0,1.7,1.1,0.3333333333333333,0.2,0.3,146,36.0,1.0,2.4,0.6,1.0,4.0,6.0,3.0,3.0,2.0,1.0,1.0,5.0,7.0,5.0,2.0,1.4,1.0,2.0,11.0,12.0,10.0,2.0,1.2,1.0,0.3333333333333333,0.2,0.1,134,65.0,0.0,1.0,1.2,H,2.0
2022-07-08,2022-23,Apertura,2,False,Mazatlán FC,Tigres UANL,0.0,1.0,0.0,1.0,footballcsv,1300,1461.112560341812,1586.2173198399282,-125.10475949811621,1,1,2,6.0,9.0,4,1,1,2,6.0,9.0,4,1.0,4.0,6.0,7.0,-1.0,2.0,2.3333333333333335,3.0,10.0,9.0,7.0,2.0,1.8,1.4,4.0,15.0,14.0,13.0,1.0,1.4,1.3,0.0,0.4,0.2,70,7.0,0.4,1.4,1.6,1.0,3.0,6.0,8.0,-2.0,2.0,2.6666666666666665,2.0,6.0,7.0,9.0,-2.0,1.4,1.8,4.0,13.0,12.0,14.0,-2.0,1.2,1.4,0.0,0.2,0.3,153,6.0,0.4,0.6,1.2,A,1.0
2022-07-08,2022-23,Apertura,2,False,Tijuana,FC Juárez,0.0,2.0,0.0,0.0,footballcsv,1301,1421.7710195153873,1381.659707147065,40.11131236832216,2,2,1,4.0,5.0,5,2,2,1,4.0,5.0,5,0.0,2.0,3.0,5.0,-2.0,1.0,1.6666666666666667,0.0,2.0,5.0,10.0,-5.0,1.0,2.0,1.0,7.0,7.0,17.0,-10.0,0.7,1.7,0.0,0.0,0.2,133,5.0,0.4,1.4,1.2,0.0,1.0,0.0,6.0,-6.0,0.0,2.0,1.0,4.0,2.0,8.0,-6.0,0.4,1.6,1.0,4.0,3.0,18.0,-15.0,0.3,1.8,0.3333333333333333,0.4,0.2,97,6.0,0.2,0.2,1.6,A,2.0
2022-07-08,2022-23,Apertura,2,False,Puebla,Santos Laguna,1.0,0.0,1.0,0.0,footballcsv,1302,1544.2384082103563,1550.4304188135616,-6.19201060320529,1,3,1,4.0,6.0,5,1,5,4,8.0,17.0,10,1.0,4.0,7.0,6.0,1.0,2.3333333333333335,2.0,1.0,5.0,10.0,10.0,0.0,2.0,2.0,2.0,9.0,14.0,16.0,-2.0,1.4,1.6,0.0,0.0,0.1,144,7.0,0.0,1.4,1.6,2.0,7.0,8.0,5.0,3.0,2.6666666666666665,1.6666666666666667,2.0,8.0,9.0,7.0,2.0,1.8,1.4,4.0,15.0,18.0,12.0,6.0,1.8,1.2,0.0,0.0,0.1,146,5.0,0.2,1.0,1.2,H,1.0
2022-07-09,2022-23,Apertura,2,False,Monterrey,América,3.0,2.0,1.0,2.0,footballcsv,1306,1545.5545166995546,1598.0267644896212,-52.472247790066604,3,1,1,6.0,3.0,5,5,1,4,14.0,15.0,10,1.0,4.0,7.0,6.0,1.0,2.3333333333333335,2.0,1.0,5.0,7.0,9.0,-2.0,1.4,1.8,3.0,12.0,13.0,16.0,-3.0,1.3,1.6,0.3333333333333333,0.4,0.3,152,6.0,0.6,1.6,0.4,0.0,2.0,1.0,4.0,-3.0,0.3333333333333333,1.3333333333333333,1.0,6.0,5.0,7.0,-2.0,1.0,1.4,5.0,19.0,15.0,8.0,7.0,1.5,0.8,0.3333333333333333,0.2,0.5,156,7.0,0.6,1.4,1.0,H,5.0
2022-07-09,2022-23,Apertura,2,False,Guadalajara,Atlético San Luis,0.0,1.0,0.0,1.0,footballcsv,1305,1538.692811711622,1437.601764958513,101.09104675310891,1,2,2,8.0,10.0,5,2,2,2,11.0,10.0,6,0.0,2.0,2.0,3.0,-1.0,0.6666666666666666,1.0,2.0,8.0,7.0,4.0,3.0,1.4,0.8,5.0,18.0,15.0,10.0,5.0,1.5,1.0,0.3333333333333333,0.4,0.3,141,7.0,0.6,2.0,1.0,0.0,1.0,5.0,7.0,-2.0,1.6666666666666667,2.3333333333333335,0.0,2.0,8.0,12.0,-4.0,1.6,2.4,3.0,12.0,16.0,17.0,-1.0,1.6,1.7,0.0,0.0,0.3,101,6.0,0.2,1.6,2.0,A,1.0
2022-07-09,2022-23,Apertura,2,False,Cruz Azul,Pachuca,1.0,2.0,0.0,2.0,footballcsv,1304,1580.2609589082565,1601.0241945372188,-20.76323562896232,2,2,1,3.0,2.0,5,5,2,3,12.0,9.0,10,2.0,6.0,4.0,3.0,1.0,1.3333333333333333,1.0,2.0,8.0,5.0,4.0,1.0,1.0,0.8,4.0,15.0,8.0,7.0,1.0,0.8,0.7,0.3333333333333333,0.4,0.4,153,7.0,0.2,0.4,0.8,2.0,6.0,4.0,3.0,1.0,1.3333333333333333,1.0,3.0,10.0,8.0,4.0,4.0,1.6,0.8,6.0,20.0,17.0,10.0,7.0,1.7,1.0,0.3333333333333333,0.4,0.4,147,5.0,0.2,1.0,1.6,A,3.0
2022-07-09,2022-23,Apertura,2,False,León,Pumas UNAM,3.0,3.0,0.0,2.0,footballcsv,1303,1555.4472657173012,1509.8778790904676,45.56938662683365,2,1,2,6.0,5.0,5,6,1,3,17.0,10.0,10,1.0,5.0,7.0,6.0,1.0,2.3333333333333335,2.0,1.0,5.0,7.0,9.0,-2.0,1.4,1.8,3.0,12.0,11.0,16.0,-5.0,1.1,1.6,0.0,0.0,0.1,152,6.0,0.0,1.0,1.8,1.0,4.0,4.0,5.0,-1.0,1.3333333333333333,1.6666666666666667,1.0,4.0,5.0,10.0,-5.0,1.0,2.0,3.0,12.0,12.0,16.0,-4.0,1.2,1.6,0.3333333333333333,0.2,0.3,147,6.0,0.2,1.0,2.2,D,6.0
2022-07-10,2022-23,Apertura,2,False,Querétaro,Necaxa,1.0,2.0,1.0,1.0,footballcsv,1307,1450.098705644863,1464.8104312334813,-14.711725588618265,2,1,2,6.0,4.0,5,3,1,6,10.0,13.0,10,1.0,4.0,6.0,4.0,2.0,2.0,1.3333333333333333,1.0,5.0,7.0,6.0,1.0,1.4,1.2,2.0,10.0,11.0,11.0,0.0,1.1,1.1,0.3333333333333333,0.2,0.1,135,6.0,0.4,1.4,0.8,0.0,1.0,2.0,5.0,-3.0,0.6666666666666666,1.6666666666666667,2.0,7.0,5.0,5.0,0.0,1.0,1.0,5.0,16.0,14.0,11.0,3.0,1.4,1.1,0.0,0.4,0.3,139,8.0,0.4,1.2,0.8,A,3.0
2022-07-10,2022-23,Apertura,2,False,Toluca,Atlas,3.0,2.0,3.0,1.0,footballcsv,1308,1470.6870368495736,1559.3404520778627,-88.65341522828908,1,2,2,6.0,8.0,5,3,2,3,9.0,10.0,8,1.0,4.0,9.0,9.0,0.0,3.0,3.0,1.0,4.0,9.0,13.0,-4.0,1.8,2.6,2.0,9.0,14.0,23.0,-9.0,1.4,2.3,0.0,0.0,0.0,138,8.0,0.2,1.4,1.8,1.0,4.0,3.0,2.0,1.0,1.0,0.6666666666666666,2.0,7.0,8.0,6.0,2.0,1.6,1.2,4.0,16.0,16.0,11.0,5.0,1.6,1.1,0.6666666666666666,0.6,0.4,144,8.0,0.4,1.8,1.8,H,5.0
2022-07-13,2022-23,Apertura,3,False,América,Toluca,1.0,0.0,0.0,0.0,footballcsv,1309,1591.7222217863098,1477.7911118843629,113.93110990194691,2,1,2,7.0,7.0,5,3,3,3,15.0,15.0,9,0.0,1.0,2.0,6.0,-4.0,0.6666666666666666,2.0,1.0,5.0,6.0,9.0,-3.0,1.2,1.8,4.0,16.0,14.0,11.0,3.0,1.4,1.1,0.3333333333333333,0.2,0.4,157,4.0,0.4,1.2,0.6,2.0,7.0,10.0,7.0,3.0,3.3333333333333335,2.3333333333333335,2.0,7.0,12.0,12.0,0.0,2.4,2.4,3.0,12.0,17.0,22.0,-5.0,1.7,2.2,0.0,0.0,0.0,139,3.0,0.4,1.6,2.2,H,1.0
2022-07-15,2022-23,Apertura,3,False,Puebla,León,1.0,1.0,1.0,0.0,footballcsv,1310,1549.5412358074636,1551.9826435889995,-2.4414077815358723,3,0,2,5.0,5.0,5,5,0,5,10.0,14.0,10,2.0,6.0,7.0,5.0,2.0,2.3333333333333335,1.6666666666666667,2.0,8.0,10.0,8.0,2.0,2.0,1.6,3.0,12.0,14.0,14.0,0.0,1.4,1.4,0.3333333333333333,0.2,0.2,145,7.0,0.2,1.2,1.2,1.0,5.0,9.0,8.0,1.0,3.0,2.6666666666666665,1.0,6.0,10.0,11.0,-1.0,2.0,2.2,2.0,10.0,13.0,19.0,-6.0,1.3,1.9,0.0,0.0,0.0,153,6.0,0.4,1.0,1.4,D,2.0
2022-07-15,2022-23,Apertura,3,False,FC Juárez,Querétaro,1.0,1.0,1.0,1.0,footballcsv,1311,1396.299417119716,1441.879826058822,-45.58040893910584,1,1,3,1.0,7.0,5,1,1,3,1.0,7.0,5,1.0,4.0,2.0,4.0,-2.0,0.6666666666666666,1.3333333333333333,2.0,7.0,3.0,6.0,-3.0,0.6,1.2,2.0,7.0,4.0,16.0,-12.0,0.4,1.6,0.6666666666666666,0.6,0.3,98,7.0,0.0,0.4,1.6,1.0,3.0,5.0,4.0,1.0,1.6666666666666667,1.3333333333333333,1.0,4.0,7.0,7.0,0.0,1.4,1.4,2.0,9.0,11.0,12.0,-1.0,1.1,1.2,0.3333333333333333,0.2,0.1,136,5.0,0.0,0.8,1.4,D,2.0
2022-07-16,2022-23,Apertura,3,False,Atlas,Cruz Azul,3.0,2.0,1.0,1.0,footballcsv,1312,1552.2363770430734,1572.1590108784899,-19.92263383541649,2,1,2,5.0,5.0,5,2,1,5,6.0,12.0,8,0.0,1.0,3.0,5.0,-2.0,1.0,1.6666666666666667,1.0,4.0,7.0,9.0,-2.0,1.4,1.8,4.0,15.0,18.0,14.0,4.0,1.8,1.4,0.3333333333333333,0.4,0.3,145,6.0,0.4,1.6,0.8,2.0,6.0,5.0,4.0,1.0,1.6666666666666667,1.3333333333333333,2.0,7.0,6.0,6.0,0.0,1.2,1.2,3.0,12.0,8.0,9.0,-1.0,0.8,0.9,0.3333333333333333,0.2,0.3,154,7.0,0.6,1.2,0.6,H,5.0
2022-07-16,2022-23,Apertura,3,False,Santos Laguna,Guadalajara,1.0,1.0,0.0,0.0,footballcsv,1313,1545.1275912164542,1528.4436425581273,16.683948658326926,2,2,1,6.0,2.0,5,4,2,1,9.0,3.0,7,2.0,6.0,7.0,5.0,2.0,2.3333333333333335,1.6666666666666667,2.0,7.0,8.0,7.0,1.0,1.6,1.4,4.0,15.0,18.0,12.0,6.0,1.8,1.2,0.0,0.0,0.1,147,8.0,0.6,2.6,1.2,0.0,2.0,1.0,2.0,-1.0,0.3333333333333333,0.6666666666666666,1.0,5.0,6.0,5.0,1.0,1.2,1.0,5.0,17.0,14.0,10.0,4.0,1.4,1.0,0.3333333333333333,0.2,0.3,142,7.0,0.4,1.0,0.6,D,2.0
2022-07-17,2022-23,Apertura,3,False,Pumas UNAM,Necaxa,1.0,0.0,1.0,0.0,footballcsv,1314,1513.3425012187693,1473.0293108195224,40.31319039924688,2,1,2,5.0,7.0,5,3,1,3,11.0,12.0,7,0.0,2.0,5.0,8.0,-3.0,1.6666666666666667,2.6666666666666665,1.0,5.0,8.0,11.0,-3.0,1.6,2.2,3.0,13.0,14.0,16.0,-2.0,1.4,1.6,0.0,0.2,0.3,148,8.0,0.4,1.4,1.0,1.0,4.0,4.0,5.0,-1.0,1.3333333333333333,1.6666666666666667,2.0,7.0,5.0,6.0,-1.0,1.0,1.2,5.0,16.0,15.0,12.0,3.0,1.5,1.2,0.0,0.2,0.2,140,7.0,0.6,1.6,1.0,H,1.0
2022-07-17,2022-23,Apertura,3,False,Atlético San Luis,Monterrey,0.0,1.0,0.0,0.0,footballcsv,1315,1447.8509341120077,1551.859059402866,-104.00812529085829,1,2,2,6.0,7.0,5,2,3,2,9.0,9.0,7,1.0,3.0,4.0,5.0,-1.0,1.3333333333333333,1.6666666666666667,1.0,5.0,8.0,9.0,-1.0,1.6,1.8,4.0,14.0,16.0,16.0,0.0,1.6,1.6,0.3333333333333333,0.2,0.4,102,8.0,0.4,1.6,1.4,1.0,4.0,8.0,8.0,0.0,2.6666666666666665,2.6666666666666665,2.0,7.0,10.0,11.0,-1.0,2.0,2.2,4.0,15.0,16.0,16.0,0.0,1.6,1.6,0.0,0.2,0.3,153,8.0,0.2,1.6,2.4,A,1.0
2022-07-17,2022-23,Apertura,3,False,Tigres UANL,Tijuana,1.0,0.0,0.0,0.0,footballcsv,1316,1592.1326783935567,1407.1313095427363,185.00136885082043,3,2,0,8.0,4.0,5,5,2,0,12.0,4.0,7,2.0,6.0,7.0,5.0,2.0,2.3333333333333335,1.6666666666666667,2.0,6.0,7.0,9.0,-2.0,1.4,1.8,4.0,13.0,12.0,14.0,-2.0,1.2,1.4,0.3333333333333333,0.2,0.3,154,9.0,0.4,1.8,1.6,0.0,1.0,1.0,5.0,-4.0,0.3333333333333333,1.6666666666666667,0.0,2.0,4.0,9.0,-5.0,0.8,1.8,1.0,7.0,7.0,15.0,-8.0,0.7,1.5,0.0,0.0,0.2,134,9.0,0.0,0.4,1.4,H,1.0
2022-07-18,2022-23,Apertura,3,False,Pachuca,Mazatlán FC,1.0,1.0,0.0,0.0,footballcsv,1317,1609.1261425669854,1455.1972017881835,153.92894077880192,2,0,2,8.0,7.0,4,2,0,2,8.0,7.0,4,3.0,9.0,6.0,2.0,4.0,2.0,0.6666666666666666,4.0,12.0,9.0,4.0,5.0,1.8,0.8,6.0,20.0,18.0,11.0,7.0,1.8,1.1,0.3333333333333333,0.4,0.3,148,9.0,1.0,2.6,0.6,0.0,1.0,4.0,7.0,-3.0,1.3333333333333333,2.3333333333333335,2.0,7.0,8.0,8.0,0.0,1.6,1.6,4.0,15.0,13.0,12.0,1.0,1.3,1.2,0.0,0.2,0.2,71,10.0,0.4,1.4,1.0,D,2.0
2022-07-20,2022-23,Apertura,4,False,Guadalajara,León,0.0,0.0,0.0,0.0,footballcsv,1318,1531.1567555503175,1554.1786033256292,-23.0218477753117,1,1,3,5.0,8.0,5,4,2,4,13.0,13.0,10,0.0,2.0,1.0,2.0,-1.0,0.3333333333333333,0.6666666666666666,0.0,3.0,3.0,5.0,-2.0,0.6,1.0,5.0,18.0,14.0,8.0,6.0,1.4,0.8,0.3333333333333333,0.2,0.3,143,4.0,0.4,1.6,1.0,1.0,5.0,6.0,5.0,1.0,2.0,1.6666666666666667,1.0,7.0,11.0,10.0,1.0,2.2,2.0,2.0,11.0,14.0,17.0,-3.0,1.4,1.7,0.0,0.0,0.0,154,5.0,0.2,0.8,1.4,D,0.0
2022-07-21,2022-23,Apertura,4,False,Querétaro,Monterrey,0.0,3.0,0.0,1.0,footballcsv,1319,1442.8672732429488,1558.2426580611766,-115.37538481822776,2,1,2,5.0,5.0,5,3,1,4,9.0,10.0,8,0.0,1.0,2.0,5.0,-3.0,0.6666666666666666,1.6666666666666667,1.0,5.0,8.0,7.0,1.0,1.6,1.4,2.0,10.0,12.0,12.0,0.0,1.2,1.2,0.0,0.2,0.1,137,6.0,0.4,1.4,1.0,2.0,6.0,7.0,6.0,1.0,2.3333333333333335,2.0,3.0,10.0,11.0,8.0,3.0,2.2,1.6,5.0,17.0,15.0,14.0,1.0,1.5,1.4,0.3333333333333333,0.4,0.4,154,4.0,0.4,1.4,2.0,A,3.0
2022-07-22,2022-23,Apertura,4,False,Mazatlán FC,Atlético San Luis,1.0,1.0,1.0,1.0,footballcsv,1321,1461.0686766475962,1441.4673354536972,19.60134119389909,1,1,2,7.0,6.0,4,1,1,2,7.0,6.0,4,0.0,1.0,3.0,6.0,-3.0,1.0,2.0,1.0,5.0,7.0,9.0,-2.0,1.4,1.8,4.0,15.0,13.0,12.0,1.0,1.3,1.2,0.0,0.0,0.2,72,4.0,0.4,1.2,1.4,1.0,3.0,2.0,3.0,-1.0,0.6666666666666666,1.0,1.0,4.0,6.0,8.0,-2.0,1.2,1.6,3.0,11.0,14.0,17.0,-3.0,1.4,1.7,0.3333333333333333,0.2,0.3,103,5.0,0.4,1.6,1.8,D,2.0
2022-07-22,2022-23,Apertura,4,False,Necaxa,FC Juárez,1.0,0.0,1.0,0.0,footballcsv,1320,1468.6462758252705,1395.311969935589,73.33430588968145,2,0,3,4.0,5.0,5,2,1,3,4.0,5.0,6,1.0,3.0,3.0,5.0,-2.0,1.0,1.6666666666666667,1.0,4.0,4.0,7.0,-3.0,0.8,1.4,4.0,13.0,12.0,12.0,0.0,1.2,1.2,0.0,0.0,0.2,141,5.0,0.4,1.4,1.4,1.0,5.0,3.0,1.0,2.0,1.0,0.3333333333333333,1.0,5.0,3.0,7.0,-4.0,0.6,1.4,2.0,8.0,5.0,14.0,-9.0,0.5,1.4,0.6666666666666666,0.4,0.3,99,7.0,0.4,0.6,1.4,H,1.0
2022-07-23,2022-23,Apertura,4,False,Tigres UANL,Atlas,2.0,0.0,2.0,0.0,footballcsv,1322,1594.3431345949195,1557.82838133299,36.51475326192963,1,2,2,6.0,8.0,5,4,4,2,13.0,11.0,10,2.0,6.0,4.0,3.0,1.0,1.3333333333333333,1.0,3.0,9.0,8.0,8.0,0.0,1.6,1.6,4.0,13.0,10.0,14.0,-4.0,1.0,1.4,0.6666666666666666,0.4,0.3,155,6.0,0.4,1.4,1.6,1.0,4.0,5.0,5.0,0.0,1.6666666666666667,1.6666666666666667,2.0,7.0,8.0,7.0,1.0,1.6,1.4,4.0,15.0,17.0,14.0,3.0,1.7,1.4,0.3333333333333333,0.4,0.3,146,7.0,0.2,1.4,2.0,H,2.0
2022-07-23,2022-23,Apertura,4,False,Tijuana,América,2.0,0.0,1.0,0.0,footballcsv,1323,1404.9208533413735,1594.8650006602004,-189.94414731882694,0,1,4,1.0,11.0,5,1,1,6,5.0,19.0,8,0.0,1.0,1.0,4.0,-3.0,0.3333333333333333,1.3333333333333333,0.0,2.0,3.0,8.0,-5.0,0.6,1.6,0.0,4.0,6.0,16.0,-10.0,0.6,1.6,0.0,0.0,0.1,135,6.0,0.2,1.0,1.6,1.0,4.0,3.0,3.0,0.0,1.0,1.0,1.0,5.0,4.0,7.0,-3.0,0.8,1.4,4.0,16.0,12.0,10.0,2.0,1.2,1.0,0.6666666666666666,0.4,0.5,158,10.0,0.4,1.6,1.6,H,2.0
2022-07-23,2022-23,Apertura,4,False,Toluca,Santos Laguna,2.0,1.0,2.0,0.0,footballcsv,1324,1474.6483330104722,1542.414478224264,-67.76614521379179,1,2,2,9.0,10.0,5,2,2,3,11.0,15.0,7,2.0,6.0,6.0,4.0,2.0,2.0,1.3333333333333333,2.0,7.0,12.0,12.0,0.0,2.4,2.4,3.0,12.0,17.0,20.0,-3.0,1.7,2.0,0.0,0.0,0.0,140,10.0,0.2,1.6,2.0,1.0,4.0,5.0,5.0,0.0,1.6666666666666667,1.6666666666666667,2.0,8.0,9.0,7.0,2.0,1.8,1.4,3.0,13.0,15.0,13.0,2.0,1.5,1.3,0.0,0.0,0.0,148,7.0,0.2,1.0,1.2,H,3.0
2022-07-23,2022-23,Apertura,4,False,Cruz Azul,Puebla,2.0,2.0,2.0,2.0,footballcsv,1325,1566.5670065885733,1547.345276070834,19.22173051773939,0,3,2,4.0,7.0,5,1,4,2,8.0,8.0,7,1.0,3.0,6.0,7.0,-1.0,2.0,2.3333333333333335,2.0,6.0,7.0,8.0,-1.0,1.4,1.6,3.0,11.0,9.0,11.0,-2.0,0.9,1.1,0.0,0.2,0.3,155,7.0,0.0,0.4,1.2,2.0,7.0,6.0,3.0,3.0,2.0,1.0,2.0,8.0,9.0,7.0,2.0,1.8,1.4,3.0,12.0,13.0,13.0,0.0,1.3,1.3,0.3333333333333333,0.2,0.2,146,8.0,0.4,1.6,1.6,D,4.0
2022-07-24,2022-23,Apertura,4,False,Pachuca,Pumas UNAM,0.0,0.0,0.0,0.0,footballcsv,1326,1603.2546677075727,1517.725536213021,85.52913149455162,0,3,2,3.0,6.0,5,2,5,3,8.0,9.0,10,2.0,7.0,5.0,2.0,3.0,1.6666666666666667,0.6666666666666666,3.0,10.0,7.0,5.0,2.0,1.4,1.0,5.0,18.0,16.0,12.0,4.0,1.6,1.2,0.3333333333333333,0.2,0.2,149,6.0,0.8,2.2,0.8,1.0,5.0,5.0,4.0,1.0,1.6666666666666667,1.3333333333333333,2.0,8.0,8.0,8.0,0.0,1.6,1.6,4.0,15.0,14.0,15.0,-1.0,1.4,1.5,0.3333333333333333,0.4,0.4,149,7.0,0.0,1.4,2.8,D,0.0
2022-07-26,2022-23,Apertura,5,False,Monterrey,Puebla,1.0,0.0,1.0,0.0,footballcsv,1327,1570.5018304542682,1550.1259205659096,20.375909888358592,1,3,1,6.0,5.0,5,2,4,2,10.0,9.0,8,3.0,9.0,7.0,2.0,5.0,2.3333333333333335,0.6666666666666666,3.0,10.0,12.0,8.0,4.0,2.4,1.6,5.0,17.0,17.0,14.0,3.0,1.7,1.4,0.6666666666666666,0.4,0.4,155,5.0,0.6,1.6,0.8,1.0,5.0,4.0,3.0,1.0,1.3333333333333333,1.0,2.0,8.0,10.0,8.0,2.0,2.0,1.6,2.0,10.0,14.0,15.0,-1.0,1.4,1.5,0.3333333333333333,0.2,0.1,147,3.0,0.2,1.8,2.0,H,1.0
2022-07-26,2022-23,Apertura,5,False,FC Juárez,Tigres UANL,0.0,1.0,0.0,1.0,footballcsv,1328,1391.5196259973002,1601.4032510599916,-209.8836250626914,0,1,4,7.0,13.0,5,0,1,5,8.0,15.0,6,1.0,4.0,3.0,2.0,1.0,1.0,0.6666666666666666,1.0,5.0,3.0,6.0,-3.0,0.6,1.2,2.0,8.0,5.0,14.0,-9.0,0.5,1.4,0.3333333333333333,0.4,0.3,100,4.0,0.0,0.6,1.6,3.0,9.0,4.0,0.0,4.0,1.3333333333333333,0.0,4.0,12.0,10.0,5.0,5.0,2.0,1.0,5.0,16.0,12.0,12.0,0.0,1.2,1.2,1.0,0.6,0.4,156,3.0,0.4,0.6,1.2,A,1.0
2022-07-26,2022-23,Apertura,5,False,Atlético San Luis,Cruz Azul,0.0,0.0,0.0,0.0,footballcsv,1329,1444.2580581541629,1563.7863620934977,-119.52830393933482,2,1,2,6.0,7.0,5,2,1,3,7.0,10.0,6,1.0,4.0,2.0,2.0,0.0,0.6666666666666666,0.6666666666666666,1.0,4.0,5.0,7.0,-2.0,1.0,1.4,3.0,12.0,13.0,14.0,-1.0,1.3,1.4,0.3333333333333333,0.2,0.3,104,4.0,0.2,1.2,1.6,0.0,1.0,5.0,7.0,-2.0,1.6666666666666667,2.3333333333333335,2.0,7.0,9.0,9.0,0.0,1.8,1.8,3.0,12.0,11.0,12.0,-1.0,1.1,1.2,0.0,0.2,0.3,156,3.0,0.6,1.4,1.0,D,0.0
2022-07-26,2022-23,Apertura,5,False,León,Toluca,0.0,1.0,0.0,0.0,footballcsv,1330,1555.804020683304,1481.2988530930788,74.50516759022526,1,4,0,10.0,9.0,5,4,4,0,19.0,10.0,8,0.0,3.0,4.0,4.0,0.0,1.3333333333333333,1.3333333333333333,1.0,7.0,10.0,9.0,1.0,2.0,1.8,1.0,9.0,12.0,16.0,-4.0,1.2,1.6,0.3333333333333333,0.2,0.1,155,6.0,0.0,1.6,2.4,2.0,6.0,5.0,4.0,1.0,1.6666666666666667,1.3333333333333333,3.0,10.0,12.0,9.0,3.0,2.4,1.8,3.0,12.0,17.0,20.0,-3.0,1.7,2.0,0.0,0.0,0.0,141,3.0,0.2,1.4,2.4,A,1.0
2022-07-26,2022-23,Apertura,5,False,Atlas,Tijuana,1.0,2.0,1.0,2.0,footballcsv,1331,1550.7682648679179,1419.2719011484805,131.49636371943734,2,0,3,4.0,8.0,5,2,1,5,7.0,14.0,8,1.0,3.0,5.0,7.0,-2.0,1.6666666666666667,2.3333333333333335,1.0,4.0,6.0,9.0,-3.0,1.2,1.8,4.0,14.0,16.0,15.0,1.0,1.6,1.5,0.0,0.2,0.3,147,3.0,0.6,2.0,0.8,1.0,3.0,2.0,3.0,-1.0,0.6666666666666666,1.0,1.0,4.0,3.0,6.0,-3.0,0.6,1.2,1.0,7.0,8.0,14.0,-6.0,0.8,1.4,0.3333333333333333,0.2,0.2,136,3.0,0.0,0.4,1.2,A,3.0
2022-07-27,2022-23,Apertura,5,False,Pumas UNAM,Mazatlán FC,1.0,1.0,0.0,0.0,footballcsv,1332,1522.1593450229072,1458.2779539471305,63.88139107577672,1,3,0,6.0,3.0,4,1,3,0,6.0,3.0,4,1.0,5.0,4.0,3.0,1.0,1.3333333333333333,1.0,1.0,6.0,6.0,8.0,-2.0,1.2,1.6,3.0,13.0,13.0,15.0,-2.0,1.3,1.5,0.6666666666666666,0.4,0.4,150,3.0,0.6,1.4,0.4,0.0,2.0,2.0,3.0,-1.0,0.6666666666666666,1.0,0.0,3.0,6.0,9.0,-3.0,1.2,1.8,4.0,16.0,14.0,12.0,2.0,1.4,1.2,0.0,0.0,0.2,73,5.0,0.4,1.4,1.0,D,2.0
2022-07-27,2022-23,Apertura,5,False,Querétaro,Guadalajara,2.0,2.0,1.0,1.0,footballcsv,1333,1430.6081008498572,1529.5313381926426,-98.92323734278534,1,3,1,7.0,7.0,5,1,5,1,8.0,8.0,7,0.0,1.0,2.0,6.0,-4.0,0.6666666666666666,2.0,1.0,4.0,6.0,8.0,-2.0,1.2,1.6,1.0,7.0,10.0,14.0,-4.0,1.0,1.4,0.0,0.2,0.1,138,6.0,0.2,1.0,1.4,0.0,2.0,1.0,2.0,-1.0,0.3333333333333333,0.6666666666666666,0.0,4.0,2.0,3.0,-1.0,0.4,0.6,4.0,16.0,13.0,8.0,5.0,1.3,0.8,0.3333333333333333,0.4,0.3,144,7.0,0.4,1.0,0.6,D,4.0
2022-07-27,2022-23,Apertura,5,False,Necaxa,Pachuca,2.0,0.0,1.0,0.0,footballcsv,1334,1472.4386197635595,1598.8208588976865,-126.38223913412708,1,1,3,5.0,8.0,5,1,2,4,9.0,16.0,7,2.0,6.0,3.0,2.0,1.0,1.0,0.6666666666666666,2.0,7.0,5.0,6.0,-1.0,1.0,1.2,5.0,16.0,13.0,11.0,2.0,1.3,1.1,0.3333333333333333,0.2,0.3,142,5.0,0.6,1.6,1.2,1.0,5.0,3.0,2.0,1.0,1.0,0.6666666666666666,3.0,11.0,7.0,3.0,4.0,1.4,0.6,5.0,19.0,16.0,10.0,6.0,1.6,1.0,0.3333333333333333,0.4,0.3,150,3.0,0.2,1.0,1.6,H,2.0
2022-07-29,2022-23,Apertura,6,False,FC Juárez,Toluca,1.0,1.0,0.0,0.0,footballcsv,1335,1387.313386093319,1491.1244501409644,-103.81106404764546,4,0,1,6.0,3.0,5,4,0,1,6.0,3.0,5,0.0,1.0,1.0,3.0,-2.0,0.3333333333333333,1.0,1.0,5.0,3.0,3.0,0.0,0.6,0.6,2.0,8.0,5.0,14.0,-9.0,0.5,1.4,0.0,0.4,0.3,101,3.0,0.0,0.4,1.4,2.0,6.0,3.0,2.0,1.0,1.0,0.6666666666666666,4.0,12.0,9.0,5.0,4.0,1.8,1.0,4.0,14.0,16.0,18.0,-2.0,1.6,1.8,0.3333333333333333,0.2,0.1,142,3.0,0.4,1.6,1.8,D,2.0
2022-07-30,2022-23,Apertura,6,False,Cruz Azul,Necaxa,1.0,0.0,1.0,0.0,footballcsv,1340,1562.653529624499,1484.882725955442,77.77080366905693,3,1,1,9.0,4.0,5,4,2,2,11.0,7.0,8,0.0,2.0,4.0,5.0,-1.0,1.3333333333333333,1.6666666666666667,1.0,5.0,8.0,9.0,-1.0,1.6,1.8,2.0,10.0,10.0,12.0,-2.0,1.0,1.2,0.3333333333333333,0.2,0.3,157,4.0,0.0,0.8,1.4,2.0,6.0,3.0,1.0,2.0,1.0,0.3333333333333333,3.0,9.0,6.0,5.0,1.0,1.2,1.0,6.0,19.0,14.0,9.0,5.0,1.4,0.9,0.6666666666666666,0.4,0.4,143,3.0,0.4,1.0,1.0,H,1.0
2022-07-30,2022-23,Apertura,6,False,Guadalajara,Pachuca,0.0,0.0,0.0,0.0,footballcsv,1339,1528.9872215716384,1586.376752705804,-57.38953113416551,1,2,2,5.0,7.0,5,1,3,5,9.0,17.0,9,0.0,3.0,3.0,3.0,0.0,1.0,1.0,0.0,4.0,3.0,4.0,-1.0,0.6,0.8,3.0,14.0,13.0,9.0,4.0,1.3,0.9,0.3333333333333333,0.4,0.3,145,3.0,0.2,1.0,0.8,0.0,2.0,1.0,3.0,-2.0,0.3333333333333333,1.0,2.0,8.0,5.0,4.0,1.0,1.0,0.8,5.0,18.0,14.0,10.0,4.0,1.4,1.0,0.3333333333333333,0.4,0.3,151,3.0,0.2,1.0,1.6,D,0.0
2022-07-30,2022-23,Apertura,6,False,Puebla,Atlético San Luis,0.0,0.0,0.0,0.0,footballcsv,1336,1545.360495387004,1445.3908906231616,99.96960476384243,3,1,1,9.0,5.0,5,3,1,2,10.0,8.0,6,0.0,2.0,3.0,4.0,-1.0,1.0,1.3333333333333333,2.0,8.0,8.0,6.0,2.0,1.6,1.2,2.0,10.0,14.0,15.0,-1.0,1.4,1.5,0.0,0.2,0.1,148,4.0,0.2,1.0,1.0,0.0,2.0,1.0,2.0,-1.0,0.3333333333333333,0.6666666666666666,1.0,5.0,3.0,4.0,-1.0,0.6,0.8,2.0,10.0,11.0,14.0,-3.0,1.1,1.4,0.3333333333333333,0.4,0.3,105,4.0,0.4,1.4,1.2,D,0.0
2022-07-30,2022-23,Apertura,6,False,Tigres UANL,Querétaro,2.0,1.0,1.0,1.0,footballcsv,1337,1605.6094909639728,1431.1522174708614,174.45727349311142,4,1,0,8.0,0.0,5,6,1,0,14.0,1.0,7,3.0,9.0,4.0,0.0,4.0,1.3333333333333333,0.0,4.0,12.0,7.0,3.0,4.0,1.4,0.6,6.0,19.0,13.0,10.0,3.0,1.3,1.0,1.0,0.8,0.5,157,4.0,0.6,1.8,1.2,0.0,2.0,3.0,6.0,-3.0,1.0,2.0,0.0,2.0,4.0,10.0,-6.0,0.8,2.0,1.0,7.0,11.0,15.0,-4.0,1.1,1.5,0.0,0.0,0.1,139,3.0,0.0,1.0,1.4,H,3.0
2022-07-30,2022-23,Apertura,6,False,Tijuana,Mazatlán FC,2.0,0.0,0.0,0.0,footballcsv,1338,1429.9688003964434,1462.1976404034315,-32.228840006988094,0,1,3,2.0,6.0,4,0,1,3,2.0,6.0,4,2.0,6.0,4.0,2.0,2.0,1.3333333333333333,0.6666666666666666,2.0,7.0,5.0,5.0,0.0,1.0,1.0,2.0,9.0,9.0,14.0,-5.0,0.9,1.4,0.3333333333333333,0.2,0.2,137,4.0,0.2,1.2,1.6,0.0,3.0,3.0,3.0,0.0,1.0,1.0,0.0,3.0,5.0,8.0,-3.0,1.0,1.6,4.0,16.0,14.0,12.0,2.0,1.4,1.2,0.0,0.0,0.2,74,3.0,0.4,1.6,1.0,H,2.0
2022-07-31,2022-23,Apertura,6,False,Santos Laguna,Atlas,1.0,0.0,0.0,0.0,footballcsv,1341,1535.7639581416574,1540.071365619955,-4.307407478297591,1,3,1,4.0,4.0,5,3,3,2,9.0,7.0,8,0.0,1.0,2.0,4.0,-2.0,0.6666666666666666,1.3333333333333333,2.0,7.0,9.0,8.0,1.0,1.8,1.6,3.0,12.0,14.0,13.0,1.0,1.4,1.3,0.0,0.0,0.0,149,8.0,0.4,2.0,1.4,1.0,3.0,4.0,6.0,-2.0,1.3333333333333333,2.0,1.0,4.0,6.0,9.0,-3.0,1.2,1.8,3.0,11.0,15.0,16.0,-1.0,1.5,1.6,0.0,0.2,0.3,148,5.0,0.0,1.0,2.2,H,1.0
2022-07-31,2022-23,Apertura,6,False,León,América,3.0,2.0,1.0,1.0,footballcsv,1342,1545.9784236354185,1580.5139528530933,-34.53552921767482,1,2,2,5.0,7.0,5,4,2,3,11.0,8.0,9,0.0,2.0,1.0,2.0,-1.0,0.3333333333333333,0.6666666666666666,1.0,6.0,6.0,6.0,0.0,1.2,1.2,1.0,8.0,11.0,16.0,-5.0,1.1,1.6,0.3333333333333333,0.2,0.1,156,5.0,0.0,1.6,2.0,1.0,3.0,3.0,5.0,-2.0,1.0,1.6666666666666667,1.0,4.0,3.0,8.0,-5.0,0.6,1.6,3.0,13.0,10.0,12.0,-2.0,1.0,1.2,0.3333333333333333,0.4,0.4,159,8.0,0.2,1.0,1.8,H,5.0
2022-07-31,2022-23,Apertura,6,False,Pumas UNAM,Monterrey,1.0,1.0,1.0,1.0,footballcsv,1343,1518.2396585666063,1575.2672556331738,-57.02759706656752,2,1,2,4.0,4.0,5,2,2,4,5.0,8.0,8,1.0,5.0,2.0,1.0,1.0,0.6666666666666666,0.3333333333333333,1.0,7.0,6.0,5.0,1.0,1.2,1.0,3.0,13.0,12.0,14.0,-2.0,1.2,1.4,0.6666666666666666,0.4,0.4,151,4.0,0.6,1.4,0.4,3.0,9.0,5.0,0.0,5.0,1.6666666666666667,0.0,4.0,12.0,11.0,6.0,5.0,2.2,1.2,5.0,17.0,15.0,13.0,2.0,1.5,1.3,1.0,0.6,0.5,156,5.0,0.4,1.4,1.8,D,2.0
2022-08-02,2022-23,Apertura,16,False,Toluca,Puebla,1.0,1.0,0.0,1.0,footballcsv,1344,1490.440183596434,1540.5989912090095,-50.1588076125754,1,1,3,7.0,12.0,5,2,2,4,11.0,15.0,8,2.0,7.0,4.0,2.0,2.0,1.3333333333333333,0.6666666666666666,3.0,10.0,7.0,5.0,2.0,1.4,1.0,4.0,14.0,16.0,18.0,-2.0,1.6,1.8,0.3333333333333333,0.2,0.1,143,4.0,0.4,1.6,1.8,0.0,2.0,2.0,3.0,-1.0,0.6666666666666666,1.0,1.0,6.0,4.0,4.0,0.0,0.8,0.8,2.0,11.0,14.0,14.0,0.0,1.4,1.4,0.3333333333333333,0.4,0.2,149,3.0,0.2,1.8,2.0,D,2.0
2022-08-03,2022-23,Apertura,16,False,FC Juárez,Atlético San Luis,1.0,1.0,0.0,1.0,footballcsv,1345,1387.9976526378493,1450.152394801156,-62.154742163306764,4,1,0,8.0,2.0,5,4,1,1,9.0,4.0,6,0.0,1.0,1.0,3.0,-2.0,0.3333333333333333,1.0,1.0,5.0,4.0,4.0,0.0,0.8,0.8,2.0,9.0,6.0,12.0,-6.0,0.6,1.2,0.0,0.2,0.3,102,5.0,0.0,0.6,1.4,0.0,3.0,1.0,1.0,0.0,0.3333333333333333,0.3333333333333333,1.0,6.0,2.0,2.0,0.0,0.4,0.4,1.0,8.0,10.0,14.0,-4.0,1.0,1.4,0.6666666666666666,0.6,0.3,106,4.0,0.2,1.2,1.2,D,2.0
2022-08-04,2022-23,Apertura,7,False,Atlas,Querétaro,3.0,1.0,0.0,1.0,footballcsv,1346,1534.8076455105513,1428.8194284116055,105.98821709894582,4,0,1,7.0,2.0,5,4,1,1,7.0,2.0,6,0.0,0.0,1.0,5.0,-4.0,0.3333333333333333,1.6666666666666667,1.0,3.0,6.0,10.0,-4.0,1.2,2.0,3.0,10.0,14.0,16.0,-2.0,1.4,1.6,0.0,0.0,0.3,149,4.0,0.6,2.0,1.0,0.0,1.0,3.0,7.0,-4.0,1.0,2.3333333333333335,0.0,2.0,5.0,10.0,-5.0,1.0,2.0,1.0,7.0,12.0,16.0,-4.0,1.2,1.6,0.0,0.0,0.1,140,5.0,0.0,1.0,1.6,H,4.0
2022-08-05,2022-23,Apertura,7,False,Mazatlán FC,Guadalajara,2.0,1.0,0.0,0.0,footballcsv,1347,1452.9142047647026,1528.3373571339014,-75.42315236919876,0,1,3,2.0,7.0,4,0,1,3,2.0,7.0,4,0.0,2.0,2.0,4.0,-2.0,0.6666666666666666,1.3333333333333333,0.0,3.0,3.0,6.0,-3.0,0.6,1.2,3.0,13.0,12.0,13.0,-1.0,1.2,1.3,0.0,0.0,0.2,75,6.0,0.4,1.2,1.4,0.0,3.0,2.0,2.0,0.0,0.6666666666666666,0.6666666666666666,0.0,4.0,3.0,4.0,-1.0,0.6,0.8,2.0,12.0,10.0,8.0,2.0,1.0,0.8,0.6666666666666666,0.4,0.4,146,6.0,0.4,1.2,0.8,H,3.0
2022-08-06,2022-23,Apertura,7,False,Santos Laguna,Cruz Azul,4.0,0.0,1.0,0.0,footballcsv,1348,1541.0276782510612,1566.370720736187,-25.343042485125807,2,2,1,5.0,4.0,5,4,3,3,11.0,12.0,10,1.0,4.0,3.0,3.0,0.0,1.0,1.0,2.0,7.0,7.0,7.0,0.0,1.4,1.4,3.0,12.0,12.0,12.0,0.0,1.2,1.2,0.3333333333333333,0.2,0.1,150,6.0,0.4,1.6,1.2,1.0,5.0,3.0,2.0,1.0,1.0,0.6666666666666666,1.0,5.0,6.0,7.0,-1.0,1.2,1.4,3.0,13.0,11.0,11.0,0.0,1.1,1.1,0.6666666666666666,0.4,0.4,158,7.0,0.4,1.2,1.0,H,4.0
2022-08-06,2022-23,Apertura,7,False,Monterrey,León,5.0,1.0,3.0,0.0,footballcsv,1349,1575.9274926700746,1551.885921613231,24.041571056843623,0,2,3,2.0,6.0,5,2,3,3,9.0,10.0,8,2.0,7.0,5.0,1.0,4.0,1.6666666666666667,0.3333333333333333,4.0,13.0,9.0,3.0,6.0,1.8,0.6,5.0,18.0,16.0,12.0,4.0,1.6,1.2,0.6666666666666666,0.6,0.5,157,6.0,0.6,1.6,0.8,1.0,4.0,3.0,3.0,0.0,1.0,1.0,1.0,6.0,7.0,7.0,0.0,1.4,1.4,2.0,11.0,14.0,16.0,-2.0,1.4,1.6,0.3333333333333333,0.2,0.1,157,6.0,0.2,0.8,1.0,H,6.0
2022-08-07,2022-23,Apertura,7,False,Toluca,Tijuana,3.0,1.0,1.0,1.0,footballcsv,1353,1489.5833908741763,1439.2522360351722,50.33115483900406,2,1,2,8.0,6.0,5,4,1,3,13.0,8.0,8,1.0,5.0,3.0,2.0,1.0,1.0,0.6666666666666666,2.0,8.0,5.0,4.0,1.0,1.0,0.8,4.0,15.0,17.0,16.0,1.0,1.7,1.6,0.3333333333333333,0.2,0.1,144,5.0,0.4,1.6,1.8,3.0,9.0,6.0,1.0,5.0,2.0,0.3333333333333333,3.0,9.0,6.0,4.0,2.0,1.2,0.8,3.0,11.0,11.0,14.0,-3.0,1.1,1.4,0.6666666666666666,0.4,0.2,138,8.0,0.2,0.8,1.4,H,4.0
2022-08-07,2022-23,Apertura,7,False,América,FC Juárez,2.0,1.0,0.0,0.0,footballcsv,1352,1574.6064548752809,1387.4844760264953,187.1219788487856,3,1,1,9.0,5.0,5,3,2,1,10.0,6.0,6,1.0,3.0,3.0,5.0,-2.0,1.0,1.6666666666666667,1.0,4.0,5.0,8.0,-3.0,1.0,1.6,2.0,10.0,10.0,15.0,-5.0,1.0,1.5,0.3333333333333333,0.4,0.3,160,7.0,0.4,1.0,0.6,0.0,2.0,2.0,3.0,-1.0,0.6666666666666666,1.0,0.0,3.0,3.0,5.0,-2.0,0.6,1.0,2.0,10.0,6.0,11.0,-5.0,0.6,1.1,0.0,0.0,0.3,103,4.0,0.4,0.6,1.0,H,3.0
2022-08-07,2022-23,Apertura,7,False,Pachuca,Tigres UANL,2.0,0.0,1.0,0.0,footballcsv,1351,1587.026617143541,1607.9422800232287,-20.915662879687716,3,1,1,6.0,5.0,5,3,5,2,9.0,11.0,10,0.0,2.0,0.0,2.0,-2.0,0.0,0.6666666666666666,1.0,6.0,3.0,4.0,-1.0,0.6,0.8,4.0,16.0,11.0,8.0,3.0,1.1,0.8,0.6666666666666666,0.4,0.4,152,8.0,0.6,1.6,0.4,3.0,9.0,5.0,1.0,4.0,1.6666666666666667,0.3333333333333333,5.0,15.0,7.0,1.0,6.0,1.4,0.2,7.0,21.0,14.0,10.0,4.0,1.4,1.0,0.6666666666666666,0.8,0.5,158,8.0,0.6,0.8,0.8,H,2.0
2022-08-07,2022-23,Apertura,7,False,Atlético San Luis,Necaxa,1.0,2.0,1.0,2.0,footballcsv,1350,1450.6655714125102,1481.1655348437541,-30.49996343124394,1,1,3,5.0,9.0,5,1,1,4,5.0,11.0,6,0.0,3.0,1.0,1.0,0.0,0.3333333333333333,0.3333333333333333,0.0,4.0,2.0,3.0,-1.0,0.4,0.6,1.0,9.0,10.0,12.0,-2.0,1.0,1.2,0.6666666666666666,0.4,0.3,107,4.0,0.0,0.8,1.6,2.0,6.0,3.0,1.0,2.0,1.0,0.3333333333333333,3.0,9.0,5.0,3.0,2.0,1.0,0.6,5.0,16.0,10.0,8.0,2.0,1.0,0.8,0.6666666666666666,0.4,0.4,144,8.0,0.4,0.8,0.8,A,3.0
2022-08-11,2022-23,Apertura,8,False,Querétaro,Atlético San Luis,1.0,1.0,0.0,0.0,footballcsv,1354,1423.647531519537,1442.7531831460878,-19.105651626550753,2,1,2,6.0,6.0,5,3,1,2,8.0,6.0,6,0.0,1.0,4.0,7.0,-3.0,1.3333333333333333,2.3333333333333335,0.0,2.0,5.0,11.0,-6.0,1.0,2.2,1.0,6.0,12.0,18.0,-6.0,1.2,1.8,0.0,0.0,0.1,141,7.0,0.2,1.4,1.6,0.0,2.0,2.0,3.0,-1.0,0.6666666666666666,1.0,0.0,4.0,3.0,4.0,-1.0,0.6,0.8,1.0,8.0,9.0,12.0,-3.0,0.9,1.2,0.3333333333333333,0.4,0.3,108,4.0,0.2,1.0,1.0,D,2.0
2022-08-12,2022-23,Apertura,8,False,Necaxa,Monterrey,1.0,2.0,1.0,0.0,footballcsv,1355,1489.0779231101765,1586.8259865324628,-97.74806342228635,1,3,1,5.0,8.0,5,3,3,4,9.0,12.0,10,2.0,6.0,4.0,2.0,2.0,1.3333333333333333,0.6666666666666666,3.0,9.0,5.0,3.0,2.0,1.0,0.6,5.0,16.0,10.0,9.0,1.0,1.0,0.9,0.3333333333333333,0.4,0.3,145,5.0,0.6,1.2,0.8,2.0,7.0,7.0,2.0,5.0,2.3333333333333335,0.6666666666666666,4.0,13.0,11.0,2.0,9.0,2.2,0.4,6.0,20.0,21.0,13.0,8.0,2.1,1.3,0.3333333333333333,0.6,0.4,158,6.0,0.4,1.6,1.6,A,3.0
2022-08-12,2022-23,Apertura,8,False,Tijuana,Puebla,3.0,3.0,1.0,1.0,footballcsv,1356,1432.5984322367683,1541.4557839312672,-108.8573516944989,2,1,2,4.0,5.0,5,4,2,2,11.0,6.0,8,2.0,6.0,5.0,4.0,1.0,1.6666666666666667,1.3333333333333333,3.0,9.0,7.0,5.0,2.0,1.4,1.0,3.0,11.0,11.0,14.0,-3.0,1.1,1.4,0.3333333333333333,0.4,0.2,139,5.0,0.4,1.4,1.4,0.0,2.0,1.0,2.0,-1.0,0.3333333333333333,0.6666666666666666,0.0,4.0,4.0,5.0,-1.0,0.8,1.0,2.0,12.0,14.0,13.0,1.0,1.4,1.3,0.3333333333333333,0.2,0.2,150,10.0,0.2,1.8,1.8,D,6.0
2022-08-13,2022-23,Apertura,8,False,Guadalajara,Atlas,1.0,1.0,0.0,0.0,footballcsv,1357,1521.5113905348107,1539.9795424026197,-18.468151867808956,1,2,2,4.0,5.0,5,6,2,2,14.0,8.0,10,0.0,2.0,3.0,4.0,-1.0,1.0,1.3333333333333333,0.0,4.0,4.0,5.0,-1.0,0.8,1.0,1.0,9.0,10.0,10.0,0.0,1.0,1.0,0.3333333333333333,0.4,0.3,147,8.0,0.0,0.2,0.6,1.0,3.0,4.0,4.0,0.0,1.3333333333333333,1.3333333333333333,2.0,6.0,7.0,8.0,-1.0,1.4,1.6,3.0,10.0,14.0,17.0,-3.0,1.4,1.7,0.0,0.0,0.2,150,9.0,0.0,0.6,1.6,D,2.0
2022-08-13,2022-23,Apertura,8,False,León,Mazatlán FC,0.0,3.0,0.0,3.0,footballcsv,1358,1540.9874277508427,1459.7401713637933,81.24725638704945,3,0,1,10.0,6.0,4,3,0,1,10.0,6.0,4,1.0,3.0,4.0,8.0,-4.0,1.3333333333333333,2.6666666666666665,1.0,5.0,5.0,9.0,-4.0,1.0,1.8,2.0,11.0,15.0,20.0,-5.0,1.5,2.0,0.0,0.2,0.1,158,7.0,0.2,2.0,2.2,1.0,4.0,3.0,4.0,-1.0,1.0,1.3333333333333333,1.0,6.0,5.0,6.0,-1.0,1.0,1.2,3.0,13.0,13.0,14.0,-1.0,1.3,1.4,0.0,0.0,0.1,76,8.0,0.2,1.2,1.2,A,3.0
2022-08-13,2022-23,Apertura,8,False,Pumas UNAM,América,0.0,3.0,0.0,1.0,footballcsv,1359,1517.5794215297055,1576.792954223727,-59.213532694021524,1,2,2,3.0,4.0,5,2,5,3,11.0,16.0,10,0.0,3.0,2.0,2.0,0.0,0.6666666666666666,0.6666666666666666,1.0,7.0,6.0,5.0,1.0,1.2,1.0,2.0,11.0,11.0,15.0,-4.0,1.1,1.5,0.3333333333333333,0.4,0.3,152,13.0,0.4,1.2,0.6,1.0,3.0,4.0,6.0,-2.0,1.3333333333333333,2.0,2.0,6.0,7.0,9.0,-2.0,1.4,1.8,3.0,12.0,12.0,16.0,-4.0,1.2,1.6,0.0,0.2,0.2,161,6.0,0.0,1.0,2.4,A,3.0
2022-08-14,2022-23,Apertura,8,False,Tigres UANL,Santos Laguna,2.0,0.0,1.0,0.0,footballcsv,1360,1599.0455699537279,1554.281565479676,44.764004474051944,1,2,2,4.0,6.0,5,4,2,4,14.0,12.0,10,2.0,6.0,3.0,3.0,0.0,1.0,1.0,4.0,12.0,6.0,3.0,3.0,1.2,0.6,6.0,18.0,13.0,12.0,1.0,1.3,1.2,0.3333333333333333,0.6,0.4,159,7.0,0.8,2.2,1.2,2.0,6.0,6.0,2.0,4.0,2.0,0.6666666666666666,2.0,7.0,7.0,4.0,3.0,1.4,0.8,4.0,15.0,16.0,11.0,5.0,1.6,1.1,0.6666666666666666,0.4,0.2,151,8.0,0.2,0.8,1.2,H,2.0
2022-08-14,2022-23,Apertura,8,False,Cruz Azul,Toluca,2.0,3.0,1.0,2.0,footballcsv,1361,1553.1168335075722,1496.2371946725802,56.879638834991965,4,0,1,15.0,6.0,5,5,3,2,21.0,13.0,10,1.0,4.0,1.0,4.0,-3.0,0.3333333333333333,1.3333333333333333,1.0,5.0,5.0,9.0,-4.0,1.0,1.8,3.0,12.0,11.0,15.0,-4.0,1.1,1.5,0.6666666666666666,0.4,0.3,159,8.0,0.2,1.0,1.2,1.0,5.0,5.0,3.0,2.0,1.6666666666666667,1.0,3.0,11.0,8.0,4.0,4.0,1.6,0.8,5.0,18.0,20.0,16.0,4.0,2.0,1.6,0.0,0.2,0.1,145,7.0,0.4,1.8,1.4,A,5.0
2022-08-16,2022-23,Apertura,9,False,Puebla,Necaxa,2.0,2.0,1.0,0.0,footballcsv,1362,1540.6271072919103,1482.5528638598673,58.07424343204298,3,0,2,3.0,3.0,5,4,1,3,9.0,9.0,8,0.0,3.0,4.0,4.0,0.0,1.3333333333333333,1.3333333333333333,0.0,4.0,6.0,7.0,-1.0,1.2,1.4,2.0,12.0,15.0,14.0,1.0,1.5,1.4,0.3333333333333333,0.2,0.2,151,4.0,0.2,1.0,0.8,1.0,3.0,3.0,4.0,-1.0,1.0,1.3333333333333333,3.0,9.0,6.0,4.0,2.0,1.2,0.8,4.0,13.0,10.0,11.0,-1.0,1.0,1.1,0.0,0.4,0.2,146,4.0,0.4,1.0,1.0,D,4.0
2022-08-16,2022-23,Apertura,9,False,Atlas,FC Juárez,0.0,1.0,0.0,0.0,footballcsv,1363,1541.7322843882328,1385.297976678049,156.4343077101837,5,0,0,8.0,1.0,5,5,0,0,8.0,1.0,5,1.0,4.0,4.0,3.0,1.0,1.3333333333333333,1.0,1.0,4.0,5.0,7.0,-2.0,1.0,1.4,3.0,11.0,13.0,14.0,-1.0,1.3,1.4,0.0,0.0,0.2,151,3.0,0.8,2.4,1.0,0.0,2.0,3.0,4.0,-1.0,1.0,1.3333333333333333,0.0,2.0,3.0,6.0,-3.0,0.6,1.2,1.0,7.0,6.0,13.0,-7.0,0.6,1.3,0.0,0.0,0.2,104,9.0,0.2,0.6,1.4,A,1.0
2022-08-16,2022-23,Apertura,9,False,Mazatlán FC,Querétaro,1.0,1.0,0.0,0.0,footballcsv,1364,1479.611668747364,1421.9125802617875,57.69908848557657,2,1,1,6.0,4.0,4,2,1,1,6.0,4.0,4,2.0,6.0,5.0,3.0,2.0,1.6666666666666667,1.0,2.0,8.0,7.0,5.0,2.0,1.4,1.0,3.0,13.0,14.0,14.0,0.0,1.4,1.4,0.3333333333333333,0.2,0.1,77,3.0,0.4,1.4,1.6,0.0,1.0,3.0,6.0,-3.0,1.0,2.0,0.0,2.0,5.0,11.0,-6.0,1.0,2.2,1.0,7.0,13.0,18.0,-5.0,1.3,1.8,0.0,0.0,0.1,142,5.0,0.0,1.0,2.0,D,2.0
2022-08-17,2022-23,Apertura,9,False,Toluca,Monterrey,1.0,1.0,1.0,0.0,footballcsv,1366,1505.766434932786,1593.351045782772,-87.58461084998589,1,1,3,6.0,9.0,5,2,1,5,12.0,14.0,8,2.0,7.0,7.0,4.0,3.0,2.3333333333333335,1.3333333333333333,3.0,11.0,9.0,5.0,4.0,1.8,1.0,6.0,21.0,21.0,14.0,7.0,2.1,1.4,0.0,0.2,0.1,146,3.0,0.6,2.2,1.8,2.0,7.0,8.0,3.0,5.0,2.6666666666666665,1.0,4.0,13.0,12.0,3.0,9.0,2.4,0.6,7.0,23.0,23.0,11.0,12.0,2.3,1.1,0.0,0.4,0.4,159,5.0,0.6,2.0,1.2,D,2.0
2022-08-17,2022-23,Apertura,9,False,Pachuca,América,0.0,3.0,0.0,1.0,footballcsv,1367,1595.9233272130418,1591.4843054892779,4.439021723763972,2,2,1,10.0,7.0,5,3,3,4,15.0,16.0,10,1.0,4.0,2.0,2.0,0.0,0.6666666666666666,0.6666666666666666,1.0,6.0,3.0,3.0,0.0,0.6,0.6,5.0,18.0,12.0,7.0,5.0,1.2,0.7,0.6666666666666666,0.6,0.5,153,10.0,0.6,1.4,0.4,2.0,6.0,7.0,4.0,3.0,2.3333333333333335,1.3333333333333333,3.0,9.0,8.0,6.0,2.0,1.6,1.2,4.0,14.0,14.0,15.0,-1.0,1.4,1.5,0.3333333333333333,0.4,0.3,162,4.0,0.2,1.4,2.2,A,3.0
2022-08-17,2022-23,Apertura,9,False,Cruz Azul,Tijuana,1.0,2.0,1.0,1.0,footballcsv,1365,1543.5875932473664,1433.4271088761252,110.16048437124118,4,1,0,10.0,4.0,5,5,2,1,14.0,8.0,8,1.0,3.0,3.0,7.0,-4.0,1.0,2.3333333333333335,1.0,5.0,5.0,9.0,-4.0,1.0,1.8,3.0,11.0,12.0,17.0,-5.0,1.2,1.7,0.3333333333333333,0.4,0.3,160,3.0,0.2,1.2,1.6,1.0,4.0,6.0,6.0,0.0,2.0,2.0,3.0,10.0,10.0,7.0,3.0,2.0,1.4,3.0,12.0,13.0,15.0,-2.0,1.3,1.5,0.3333333333333333,0.4,0.2,140,5.0,0.2,0.8,1.6,A,3.0
2022-08-18,2022-23,Apertura,9,False,Santos Laguna,León,2.0,1.0,1.0,1.0,footballcsv,1368,1547.4658185349667,1521.1159303672719,26.34988816769487,1,2,2,7.0,8.0,5,2,3,3,12.0,13.0,8,2.0,6.0,5.0,2.0,3.0,1.6666666666666667,0.6666666666666666,2.0,7.0,7.0,5.0,2.0,1.4,1.0,4.0,14.0,15.0,12.0,3.0,1.5,1.2,0.6666666666666666,0.4,0.2,152,4.0,0.6,2.2,1.0,1.0,3.0,4.0,10.0,-6.0,1.3333333333333333,3.3333333333333335,1.0,4.0,4.0,11.0,-7.0,0.8,2.2,2.0,11.0,15.0,21.0,-6.0,1.5,2.1,0.0,0.2,0.1,159,5.0,0.2,1.0,1.6,H,3.0
2022-08-18,2022-23,Apertura,9,False,Atlético San Luis,Pumas UNAM,3.0,2.0,1.0,2.0,footballcsv,1369,1444.4881344038374,1502.8880702641547,-58.39993586031733,2,0,3,5.0,9.0,5,2,0,4,5.0,11.0,6,0.0,2.0,3.0,4.0,-1.0,1.0,1.3333333333333333,0.0,4.0,3.0,4.0,-1.0,0.6,0.8,1.0,8.0,8.0,11.0,-3.0,0.8,1.1,0.0,0.4,0.3,109,7.0,0.0,0.8,1.4,0.0,2.0,2.0,5.0,-3.0,0.6666666666666666,1.6666666666666667,1.0,6.0,3.0,5.0,-2.0,0.6,1.0,2.0,11.0,11.0,16.0,-5.0,1.1,1.6,0.0,0.4,0.3,153,5.0,0.0,1.0,2.4,H,5.0
2022-08-19,2022-23,Apertura,10,False,Necaxa,Guadalajara,0.0,4.0,0.0,2.0,footballcsv,1370,1486.3301673858089,1519.7586485491977,-33.428481163388824,0,1,4,4.0,8.0,5,1,2,5,9.0,13.0,8,1.0,4.0,5.0,5.0,0.0,1.6666666666666667,1.6666666666666667,2.0,7.0,7.0,6.0,1.0,1.4,1.2,4.0,14.0,12.0,12.0,0.0,1.2,1.2,0.0,0.2,0.2,147,3.0,0.4,1.0,1.2,0.0,2.0,2.0,3.0,-1.0,0.6666666666666666,1.0,0.0,4.0,4.0,5.0,-1.0,0.8,1.0,0.0,7.0,7.0,10.0,-3.0,0.7,1.0,0.3333333333333333,0.4,0.3,148,6.0,0.2,1.2,1.2,A,4.0
2022-08-20,2022-23,Apertura,10,False,Atlas,Puebla,1.0,1.0,1.0,1.0,footballcsv,1371,1530.6984032192117,1536.8498037659688,-6.151400546757031,2,1,2,3.0,3.0,5,3,1,6,5.0,9.0,10,1.0,4.0,4.0,3.0,1.0,1.3333333333333333,1.0,1.0,4.0,5.0,6.0,-1.0,1.0,1.2,2.0,8.0,11.0,15.0,-4.0,1.1,1.5,0.0,0.0,0.1,152,4.0,0.6,1.8,1.2,0.0,3.0,6.0,6.0,0.0,2.0,2.0,0.0,4.0,6.0,7.0,-1.0,1.2,1.4,2.0,12.0,16.0,15.0,1.0,1.6,1.5,0.0,0.2,0.2,152,4.0,0.2,2.0,1.8,D,2.0
2022-08-20,2022-23,Apertura,10,False,Querétaro,Tijuana,2.0,0.0,1.0,0.0,footballcsv,1372,1425.6806228231205,1443.8140117368325,-18.133388913711997,1,3,1,9.0,8.0,5,2,5,1,12.0,10.0,8,0.0,2.0,3.0,5.0,-2.0,1.0,1.6666666666666667,0.0,3.0,6.0,9.0,-3.0,1.2,1.8,1.0,7.0,12.0,17.0,-5.0,1.2,1.7,0.0,0.0,0.1,143,4.0,0.2,1.6,1.6,1.0,4.0,6.0,7.0,-1.0,2.0,2.3333333333333335,3.0,10.0,10.0,8.0,2.0,2.0,1.6,4.0,14.0,13.0,14.0,-1.0,1.3,1.4,0.0,0.2,0.2,141,3.0,0.4,1.2,1.4,H,2.0
2022-08-20,2022-23,Apertura,10,False,Monterrey,Tigres UANL,0.0,0.0,0.0,0.0,footballcsv,1373,1593.132777805808,1605.861316898437,-12.728539092629035,1,0,4,3.0,8.0,5,2,2,5,5.0,10.0,9,2.0,7.0,8.0,3.0,5.0,2.6666666666666665,1.0,3.0,11.0,10.0,4.0,6.0,2.0,0.8,6.0,21.0,22.0,12.0,10.0,2.2,1.2,0.0,0.2,0.3,160,3.0,0.8,2.6,1.0,2.0,6.0,4.0,3.0,1.0,1.3333333333333333,1.0,4.0,12.0,7.0,3.0,4.0,1.4,0.6,7.0,21.0,15.0,11.0,4.0,1.5,1.1,0.3333333333333333,0.6,0.5,160,6.0,0.6,0.6,1.0,D,0.0
2022-08-20,2022-23,Apertura,10,False,FC Juárez,Mazatlán FC,1.0,1.0,0.0,1.0,footballcsv,1374,1396.33185784707,1475.843626186031,-79.51176833896102,1,0,3,4.0,8.0,4,1,0,3,4.0,8.0,4,1.0,4.0,3.0,3.0,0.0,1.0,1.0,1.0,5.0,4.0,5.0,-1.0,0.8,1.0,2.0,10.0,7.0,11.0,-4.0,0.7,1.1,0.3333333333333333,0.2,0.3,105,4.0,0.0,0.6,1.2,2.0,7.0,6.0,2.0,4.0,2.0,0.6666666666666666,2.0,8.0,7.0,5.0,2.0,1.4,1.0,2.0,11.0,13.0,14.0,-1.0,1.3,1.4,0.3333333333333333,0.2,0.1,78,4.0,0.2,1.4,1.2,D,2.0
2022-08-20,2022-23,Apertura,10,False,América,Cruz Azul,7.0,0.0,3.0,0.0,footballcsv,1375,1608.6516261075187,1533.200690386659,75.45093572085966,0,3,2,2.0,4.0,5,2,4,4,9.0,11.0,10,3.0,9.0,8.0,1.0,7.0,2.6666666666666665,0.3333333333333333,3.0,9.0,10.0,6.0,4.0,2.0,1.2,4.0,14.0,14.0,13.0,1.0,1.4,1.3,0.6666666666666666,0.4,0.4,163,3.0,0.6,1.4,0.8,0.0,0.0,3.0,9.0,-6.0,1.0,3.0,1.0,4.0,4.0,9.0,-5.0,0.8,1.8,3.0,11.0,13.0,18.0,-5.0,1.3,1.8,0.0,0.4,0.3,161,3.0,0.4,1.2,1.8,H,7.0
2022-08-21,2022-23,Apertura,10,False,Atlético San Luis,Toluca,1.0,0.0,1.0,0.0,footballcsv,1376,1450.9260225265316,1505.98470290975,-55.058680383218416,1,1,3,5.0,8.0,5,1,1,3,5.0,8.0,5,1.0,4.0,5.0,5.0,0.0,1.6666666666666667,1.6666666666666667,1.0,6.0,6.0,6.0,0.0,1.2,1.2,2.0,11.0,9.0,10.0,-1.0,0.9,1.0,0.0,0.2,0.3,110,3.0,0.2,1.0,1.4,2.0,7.0,7.0,4.0,3.0,2.3333333333333335,1.3333333333333333,2.0,9.0,9.0,6.0,3.0,1.8,1.2,6.0,21.0,18.0,11.0,7.0,1.8,1.1,0.0,0.0,0.1,147,4.0,0.6,1.6,1.0,H,1.0
2022-08-21,2022-23,Apertura,10,False,Pumas UNAM,Santos Laguna,1.0,5.0,0.0,3.0,footballcsv,1377,1496.4501821414606,1552.1147116423315,-55.66452950087091,2,1,2,6.0,8.0,5,3,2,3,11.0,14.0,8,0.0,1.0,3.0,7.0,-4.0,1.0,2.3333333333333335,0.0,3.0,4.0,8.0,-4.0,0.8,1.6,2.0,11.0,12.0,16.0,-4.0,1.2,1.6,0.0,0.2,0.3,154,3.0,0.2,0.8,1.2,2.0,6.0,6.0,3.0,3.0,2.0,1.0,3.0,9.0,8.0,5.0,3.0,1.6,1.0,5.0,17.0,17.0,12.0,5.0,1.7,1.2,0.3333333333333333,0.4,0.2,153,3.0,0.2,0.8,1.4,A,6.0
2022-08-21,2022-23,Apertura,10,False,Pachuca,León,1.0,0.0,0.0,0.0,footballcsv,1378,1578.756006594801,1516.467037259907,62.288969334893864,1,1,3,5.0,6.0,5,1,2,5,8.0,12.0,8,1.0,4.0,2.0,3.0,-1.0,0.6666666666666666,1.0,1.0,5.0,2.0,5.0,-3.0,0.4,1.0,4.0,15.0,9.0,10.0,-1.0,0.9,1.0,0.6666666666666666,0.6,0.4,154,4.0,0.4,1.0,0.8,0.0,0.0,2.0,10.0,-8.0,0.6666666666666666,3.3333333333333335,1.0,3.0,5.0,13.0,-8.0,1.0,2.6,2.0,10.0,15.0,22.0,-7.0,1.5,2.2,0.0,0.0,0.1,160,3.0,0.2,1.0,1.8,H,1.0
2022-08-23,2022-23,Apertura,16,False,Querétaro,América,0.0,1.0,0.0,0.0,footballcsv,1380,1434.4833599341414,1619.9207136635084,-185.43735372936703,1,2,2,7.0,6.0,5,1,4,3,10.0,11.0,8,1.0,5.0,4.0,2.0,2.0,1.3333333333333333,0.6666666666666666,1.0,5.0,6.0,7.0,-1.0,1.2,1.4,1.0,7.0,10.0,17.0,-7.0,1.0,1.7,0.3333333333333333,0.2,0.1,144,3.0,0.2,1.2,1.6,3.0,9.0,13.0,0.0,13.0,4.333333333333333,0.0,4.0,12.0,17.0,4.0,13.0,3.4,0.8,5.0,16.0,20.0,12.0,8.0,2.0,1.2,1.0,0.6,0.5,164,3.0,0.4,2.0,1.6,A,1.0
2022-08-23,2022-23,Apertura,16,False,Guadalajara,Monterrey,1.0,0.0,0.0,0.0,footballcsv,1379,1537.9975476291277,1591.2203883660204,-53.22284073689275,2,2,1,7.0,6.0,5,3,3,2,12.0,11.0,8,1.0,4.0,6.0,3.0,3.0,2.0,1.0,1.0,6.0,8.0,5.0,3.0,1.6,1.0,1.0,10.0,10.0,8.0,2.0,1.0,0.8,0.3333333333333333,0.4,0.4,149,4.0,0.0,0.2,0.4,1.0,5.0,3.0,2.0,1.0,1.0,0.6666666666666666,2.0,9.0,9.0,4.0,5.0,1.8,0.8,6.0,21.0,20.0,10.0,10.0,2.0,1.0,0.3333333333333333,0.2,0.4,161,3.0,0.6,1.6,0.6,H,1.0
2022-08-24,2022-23,Apertura,16,False,Pumas UNAM,Tigres UANL,1.0,1.0,0.0,0.0,footballcsv,1381,1479.2303424928905,1607.7737063382247,-128.54336384533417,0,3,2,2.0,6.0,5,1,4,5,9.0,15.0,10,0.0,0.0,3.0,11.0,-8.0,1.0,3.6666666666666665,0.0,2.0,5.0,13.0,-8.0,1.0,2.6,1.0,8.0,11.0,21.0,-10.0,1.1,2.1,0.0,0.0,0.2,155,3.0,0.2,0.8,2.0,1.0,4.0,2.0,2.0,0.0,0.6666666666666666,0.6666666666666666,3.0,10.0,5.0,3.0,2.0,1.0,0.6,7.0,22.0,15.0,8.0,7.0,1.5,0.8,0.6666666666666666,0.6,0.6,161,4.0,0.4,0.4,1.0,D,2.0
2022-08-25,2022-23,Apertura,16,False,Pachuca,Atlas,3.0,1.0,0.0,0.0,footballcsv,1383,1582.739834137466,1528.6043113637143,54.135522773751745,2,0,3,3.0,5.0,5,6,1,3,10.0,6.0,10,2.0,6.0,3.0,3.0,0.0,1.0,1.0,2.0,7.0,3.0,5.0,-2.0,0.6,1.0,5.0,18.0,10.0,8.0,2.0,1.0,0.8,0.6666666666666666,0.6,0.5,155,4.0,0.4,0.8,0.8,0.0,2.0,2.0,3.0,-1.0,0.6666666666666666,1.0,1.0,5.0,5.0,5.0,0.0,1.0,1.0,2.0,9.0,11.0,14.0,-3.0,1.1,1.4,0.0,0.0,0.1,153,5.0,0.0,0.6,1.4,H,4.0
2022-08-25,2022-23,Apertura,16,False,Tijuana,Santos Laguna,0.0,2.0,0.0,0.0,footballcsv,1382,1435.0112746258117,1569.3345512909016,-134.3232766650899,2,0,3,4.0,9.0,5,2,2,4,8.0,16.0,8,1.0,4.0,5.0,6.0,-1.0,1.6666666666666667,2.0,2.0,7.0,8.0,9.0,-1.0,1.6,1.8,4.0,14.0,13.0,14.0,-1.0,1.3,1.4,0.0,0.2,0.2,142,5.0,0.4,1.8,1.4,2.0,6.0,7.0,4.0,3.0,2.3333333333333335,1.3333333333333333,4.0,12.0,12.0,4.0,8.0,2.4,0.8,6.0,19.0,21.0,12.0,9.0,2.1,1.2,0.0,0.4,0.2,154,4.0,0.4,1.8,1.4,A,2.0
2022-08-26,2022-23,Apertura,11,False,Mazatlán FC,América,1.0,3.0,1.0,2.0,footballcsv,1384,1475.8576786135893,1624.5873007658818,-148.72962215229245,1,0,3,3.0,7.0,4,1,0,3,3.0,7.0,4,1.0,5.0,5.0,2.0,3.0,1.6666666666666667,0.6666666666666666,2.0,8.0,7.0,5.0,2.0,1.4,1.0,2.0,11.0,12.0,13.0,-1.0,1.2,1.3,0.3333333333333333,0.2,0.1,79,6.0,0.2,1.2,1.6,3.0,9.0,11.0,0.0,11.0,3.6666666666666665,0.0,5.0,15.0,16.0,1.0,15.0,3.2,0.2,6.0,19.0,21.0,9.0,12.0,2.1,0.9,1.0,0.8,0.6,165,3.0,0.6,1.8,1.0,A,4.0
2022-08-26,2022-23,Apertura,11,False,Puebla,FC Juárez,2.0,2.0,1.0,1.0,footballcsv,1385,1538.9438956214663,1396.3178054195118,142.6260902019544,3,1,1,9.0,3.0,5,3,1,1,9.0,3.0,5,0.0,3.0,6.0,6.0,0.0,2.0,2.0,0.0,5.0,7.0,7.0,0.0,1.4,1.4,2.0,13.0,15.0,13.0,2.0,1.5,1.3,0.0,0.2,0.2,153,6.0,0.2,1.0,0.8,1.0,4.0,3.0,3.0,0.0,1.0,1.0,1.0,6.0,5.0,5.0,0.0,1.0,1.0,2.0,11.0,8.0,8.0,0.0,0.8,0.8,0.3333333333333333,0.2,0.3,106,6.0,0.4,0.8,0.6,D,4.0
2022-08-27,2022-23,Apertura,11,False,Guadalajara,Pumas UNAM,3.0,1.0,3.0,1.0,footballcsv,1386,1544.3189199873632,1480.618511546466,63.70040844089726,3,2,0,11.0,5.0,5,3,3,2,14.0,10.0,8,2.0,7.0,6.0,1.0,5.0,2.0,0.3333333333333333,2.0,8.0,7.0,3.0,4.0,1.4,0.6,2.0,12.0,10.0,7.0,3.0,1.0,0.7,0.6666666666666666,0.6,0.5,150,4.0,0.2,0.4,0.4,0.0,1.0,4.0,9.0,-5.0,1.3333333333333333,3.0,0.0,2.0,5.0,13.0,-8.0,1.0,2.6,1.0,9.0,11.0,18.0,-7.0,1.1,1.8,0.0,0.0,0.2,156,3.0,0.0,1.4,2.6,H,4.0
2022-08-27,2022-23,Apertura,11,False,Cruz Azul,Querétaro,2.0,1.0,1.0,0.0,footballcsv,1387,1521.9316028306694,1429.816772831768,92.11482999890131,3,0,2,7.0,5.0,5,5,1,3,13.0,8.0,9,0.0,0.0,3.0,12.0,-9.0,1.0,4.0,1.0,3.0,4.0,16.0,-12.0,0.8,3.2,2.0,8.0,12.0,25.0,-13.0,1.2,2.5,0.0,0.2,0.2,162,7.0,0.2,1.4,1.8,1.0,4.0,3.0,2.0,1.0,1.0,0.6666666666666666,1.0,5.0,5.0,6.0,-1.0,1.0,1.2,1.0,7.0,10.0,16.0,-6.0,1.0,1.6,0.3333333333333333,0.2,0.1,145,4.0,0.0,0.8,1.8,H,3.0
2022-08-27,2022-23,Apertura,11,False,Tigres UANL,Necaxa,0.0,0.0,0.0,0.0,footballcsv,1388,1606.3855372846492,1468.0912683058789,138.29426897877033,2,2,1,7.0,4.0,5,3,3,1,11.0,7.0,7,1.0,5.0,3.0,1.0,2.0,1.0,0.3333333333333333,2.0,8.0,5.0,4.0,1.0,1.0,0.8,6.0,20.0,12.0,7.0,5.0,1.2,0.7,0.6666666666666666,0.4,0.6,162,3.0,0.8,1.8,0.8,0.0,1.0,3.0,8.0,-5.0,1.0,2.6666666666666665,1.0,4.0,5.0,10.0,-5.0,1.0,2.0,4.0,13.0,11.0,15.0,-4.0,1.1,1.5,0.0,0.0,0.2,148,8.0,0.4,1.2,1.2,D,0.0
2022-08-28,2022-23,Apertura,11,False,Toluca,Pachuca,1.0,4.0,0.0,2.0,footballcsv,1389,1499.6220995069737,1589.2843693456125,-89.66226983863885,2,1,2,4.0,6.0,5,3,1,3,8.0,10.0,7,1.0,4.0,4.0,4.0,0.0,1.3333333333333333,1.3333333333333333,2.0,8.0,8.0,6.0,2.0,1.6,1.2,5.0,18.0,15.0,11.0,4.0,1.5,1.1,0.0,0.0,0.1,148,7.0,0.6,2.0,1.2,2.0,6.0,4.0,4.0,0.0,1.3333333333333333,1.3333333333333333,3.0,10.0,6.0,4.0,2.0,1.2,0.8,5.0,18.0,11.0,8.0,3.0,1.1,0.8,0.3333333333333333,0.6,0.5,156,3.0,0.2,0.6,1.2,A,5.0
2022-08-28,2022-23,Apertura,11,False,Santos Laguna,Atlético San Luis,4.0,1.0,1.0,0.0,footballcsv,1390,1578.3931237149916,1457.288625929308,121.10449778568363,3,1,1,7.0,3.0,5,4,1,1,10.0,5.0,6,3.0,9.0,9.0,2.0,7.0,3.0,0.6666666666666666,4.0,12.0,13.0,4.0,9.0,2.6,0.8,6.0,19.0,20.0,11.0,9.0,2.0,1.1,0.3333333333333333,0.4,0.3,155,3.0,0.8,2.4,1.0,2.0,7.0,5.0,3.0,2.0,1.6666666666666667,1.0,2.0,8.0,7.0,6.0,1.0,1.4,1.2,3.0,14.0,9.0,8.0,1.0,0.9,0.8,0.3333333333333333,0.2,0.4,111,7.0,0.2,0.8,0.6,H,5.0
2022-08-28,2022-23,Apertura,11,False,León,Atlas,4.0,2.0,1.0,1.0,footballcsv,1391,1512.483209717242,1522.0597761555678,-9.576566438325699,2,1,2,7.0,7.0,5,4,3,2,15.0,11.0,9,0.0,0.0,1.0,6.0,-5.0,0.3333333333333333,2.0,1.0,3.0,5.0,13.0,-8.0,1.0,2.6,2.0,9.0,11.0,19.0,-8.0,1.1,1.9,0.0,0.0,0.1,161,7.0,0.2,2.0,2.6,0.0,1.0,2.0,5.0,-3.0,0.6666666666666666,1.6666666666666667,1.0,5.0,6.0,7.0,-1.0,1.2,1.4,2.0,8.0,12.0,17.0,-5.0,1.2,1.7,0.0,0.0,0.0,154,3.0,0.0,0.8,2.0,H,6.0
2022-08-28,2022-23,Apertura,11,False,Tijuana,Monterrey,0.0,3.0,0.0,0.0,footballcsv,1392,1425.9527022017216,1584.899016007785,-158.94631380606324,1,2,2,5.0,10.0,5,2,2,3,6.0,13.0,7,1.0,3.0,2.0,5.0,-3.0,0.6666666666666666,1.6666666666666667,1.0,4.0,6.0,11.0,-5.0,1.2,2.2,4.0,13.0,12.0,15.0,-3.0,1.2,1.5,0.0,0.0,0.2,143,3.0,0.4,1.4,1.4,0.0,2.0,1.0,2.0,-1.0,0.3333333333333333,0.6666666666666666,2.0,8.0,8.0,4.0,4.0,1.6,0.8,6.0,21.0,17.0,7.0,10.0,1.7,0.7,0.3333333333333333,0.2,0.4,162,5.0,0.4,1.4,0.8,A,3.0
2022-09-01,2022-23,Apertura,12,False,Querétaro,Puebla,1.0,1.0,1.0,0.0,footballcsv,1393,1426.3355956066266,1533.2896636427283,-106.95406803610172,1,2,2,5.0,7.0,5,1,3,4,6.0,10.0,8,1.0,3.0,3.0,3.0,0.0,1.0,1.0,1.0,5.0,5.0,5.0,0.0,1.0,1.0,1.0,7.0,10.0,16.0,-6.0,1.0,1.6,0.3333333333333333,0.2,0.1,146,5.0,0.2,1.0,1.4,0.0,3.0,5.0,5.0,0.0,1.6666666666666667,1.6666666666666667,0.0,5.0,9.0,9.0,0.0,1.8,1.8,1.0,11.0,13.0,13.0,0.0,1.3,1.3,0.0,0.0,0.2,154,6.0,0.0,1.4,1.6,D,2.0
2022-09-01,2022-23,Apertura,12,False,Atlético San Luis,Tijuana,0.0,0.0,0.0,0.0,footballcsv,1394,1451.2147407695388,1415.5596125241755,35.65512824536336,2,2,1,11.0,7.0,5,2,2,1,11.0,7.0,5,2.0,6.0,5.0,6.0,-1.0,1.6666666666666667,2.0,2.0,7.0,7.0,9.0,-2.0,1.4,1.8,2.0,11.0,9.0,12.0,-3.0,0.9,1.2,0.3333333333333333,0.2,0.3,112,4.0,0.4,1.0,1.0,0.0,0.0,0.0,7.0,-7.0,0.0,2.3333333333333335,1.0,4.0,5.0,11.0,-6.0,1.0,2.2,4.0,13.0,12.0,16.0,-4.0,1.2,1.6,0.0,0.0,0.2,144,4.0,0.4,1.0,1.6,D,0.0
2022-09-02,2022-23,Apertura,12,False,Necaxa,León,3.0,2.0,3.0,0.0,footballcsv,1395,1473.6600832771974,1520.9998805969635,-47.33979731976615,0,0,5,2.0,11.0,5,0,0,8,5.0,19.0,8,0.0,2.0,2.0,6.0,-4.0,0.6666666666666666,2.0,1.0,5.0,5.0,9.0,-4.0,1.0,1.8,4.0,14.0,10.0,12.0,-2.0,1.0,1.2,0.3333333333333333,0.2,0.3,149,6.0,0.4,1.0,1.8,1.0,3.0,5.0,5.0,0.0,1.6666666666666667,1.6666666666666667,1.0,3.0,6.0,13.0,-7.0,1.2,2.6,2.0,9.0,13.0,20.0,-7.0,1.3,2.0,0.0,0.0,0.1,162,5.0,0.0,0.6,1.8,H,5.0
2022-09-02,2022-23,Apertura,12,False,FC Juárez,Cruz Azul,2.0,2.0,0.0,2.0,footballcsv,1396,1401.9720373982498,1525.4127800558108,-123.44074265756103,1,0,4,4.0,8.0,5,1,0,4,4.0,8.0,5,1.0,5.0,4.0,3.0,1.0,1.3333333333333333,1.0,1.0,6.0,6.0,6.0,0.0,1.2,1.2,2.0,11.0,10.0,10.0,0.0,1.0,1.0,0.3333333333333333,0.2,0.2,107,7.0,0.0,0.8,1.0,1.0,3.0,3.0,10.0,-7.0,1.0,3.3333333333333335,1.0,3.0,5.0,17.0,-12.0,1.0,3.4,2.0,8.0,11.0,24.0,-13.0,1.1,2.4,0.0,0.0,0.2,163,6.0,0.2,1.0,3.2,D,4.0
2022-09-03,2022-23,Apertura,12,False,Pachuca,Santos Laguna,2.0,0.0,0.0,0.0,footballcsv,1398,1602.70294681763,1584.4670088747607,18.235937942869214,2,2,1,7.0,5.0,5,3,5,1,11.0,8.0,9,3.0,9.0,8.0,2.0,6.0,2.6666666666666665,0.6666666666666666,4.0,12.0,10.0,5.0,5.0,2.0,1.0,5.0,18.0,13.0,9.0,4.0,1.3,0.9,0.3333333333333333,0.4,0.4,157,6.0,0.6,1.2,0.8,3.0,9.0,11.0,2.0,9.0,3.6666666666666665,0.6666666666666666,4.0,12.0,13.0,5.0,8.0,2.6,1.0,6.0,19.0,20.0,9.0,11.0,2.0,0.9,0.3333333333333333,0.2,0.3,156,6.0,0.4,1.6,1.2,H,2.0
2022-09-03,2022-23,Apertura,12,False,América,Tigres UANL,2.0,1.0,2.0,1.0,footballcsv,1400,1633.1602384408347,1600.8167223133307,32.34351612750402,5,0,0,10.0,2.0,5,8,1,1,22.0,9.0,10,3.0,9.0,11.0,1.0,10.0,3.6666666666666665,0.3333333333333333,5.0,15.0,17.0,1.0,16.0,3.4,0.2,7.0,21.0,24.0,10.0,14.0,2.4,1.0,0.6666666666666666,0.8,0.5,166,8.0,0.6,2.2,0.4,0.0,3.0,1.0,1.0,0.0,0.3333333333333333,0.3333333333333333,1.0,6.0,3.0,3.0,0.0,0.6,0.6,6.0,21.0,10.0,4.0,6.0,1.0,0.4,0.6666666666666666,0.6,0.7,163,7.0,0.4,0.6,0.6,H,3.0
2022-09-03,2022-23,Apertura,12,False,Monterrey,Mazatlán FC,0.0,0.0,0.0,0.0,footballcsv,1397,1595.292105685331,1467.2847409386363,128.00736474669475,3,1,0,6.0,3.0,4,3,1,0,6.0,3.0,4,1.0,4.0,3.0,1.0,2.0,1.0,0.3333333333333333,2.0,8.0,6.0,3.0,3.0,1.2,0.6,6.0,21.0,17.0,5.0,12.0,1.7,0.5,0.6666666666666666,0.4,0.5,163,6.0,0.6,2.2,1.0,0.0,2.0,3.0,5.0,-2.0,1.0,1.6666666666666667,2.0,8.0,8.0,6.0,2.0,1.6,1.2,2.0,11.0,11.0,12.0,-1.0,1.1,1.2,0.0,0.2,0.1,80,8.0,0.2,1.2,1.0,D,0.0
2022-09-03,2022-23,Apertura,12,False,Atlas,Pumas UNAM,0.0,0.0,0.0,0.0,footballcsv,1399,1513.5431052758463,1474.343625177843,39.19948009800328,1,3,1,1.0,1.0,5,1,4,4,5.0,13.0,9,0.0,1.0,4.0,8.0,-4.0,1.3333333333333333,2.6666666666666665,0.0,2.0,5.0,10.0,-5.0,1.0,2.0,2.0,8.0,12.0,18.0,-6.0,1.2,1.8,0.0,0.0,0.0,155,6.0,0.4,1.6,1.4,0.0,1.0,3.0,9.0,-6.0,1.0,3.0,0.0,1.0,5.0,15.0,-10.0,1.0,3.0,1.0,8.0,11.0,20.0,-9.0,1.1,2.0,0.0,0.0,0.2,157,7.0,0.0,1.4,2.6,D,0.0
2022-09-04,2022-23,Apertura,12,False,Toluca,Guadalajara,0.0,0.0,0.0,0.0,footballcsv,1401,1486.2035220349562,1550.593806355986,-64.39028432102987,1,3,1,5.0,6.0,5,1,4,3,8.0,12.0,8,0.0,1.0,2.0,6.0,-4.0,0.6666666666666666,2.0,2.0,7.0,8.0,9.0,-1.0,1.6,1.8,4.0,15.0,13.0,13.0,0.0,1.3,1.3,0.0,0.0,0.1,149,7.0,0.4,1.6,1.6,3.0,9.0,8.0,1.0,7.0,2.6666666666666665,0.3333333333333333,3.0,10.0,10.0,4.0,6.0,2.0,0.8,3.0,14.0,13.0,8.0,5.0,1.3,0.8,0.6666666666666666,0.4,0.4,151,8.0,0.2,1.8,1.2,D,0.0
2022-09-06,2022-23,Apertura,13,False,Monterrey,Cruz Azul,3.0,2.0,2.0,1.0,footballcsv,1402,1589.9309145722943,1524.1689299854336,65.76198458686076,2,2,1,8.0,5.0,5,3,4,3,13.0,11.0,10,1.0,4.0,3.0,1.0,2.0,1.0,0.3333333333333333,1.0,6.0,4.0,2.0,2.0,0.8,0.4,5.0,19.0,16.0,5.0,11.0,1.6,0.5,0.6666666666666666,0.6,0.5,164,3.0,0.6,1.8,0.6,1.0,4.0,4.0,10.0,-6.0,1.3333333333333333,3.3333333333333335,1.0,4.0,7.0,15.0,-8.0,1.4,3.0,2.0,9.0,12.0,24.0,-12.0,1.2,2.4,0.0,0.0,0.2,164,4.0,0.0,0.8,3.2,H,5.0
2022-09-06,2022-23,Apertura,13,False,León,FC Juárez,1.0,0.0,0.0,0.0,footballcsv,1403,1514.8099722858487,1403.215887468627,111.59408481722176,3,1,1,7.0,2.0,5,4,1,1,10.0,3.0,6,1.0,3.0,6.0,6.0,0.0,2.0,2.0,1.0,3.0,7.0,11.0,-4.0,1.4,2.2,2.0,8.0,12.0,20.0,-8.0,1.2,2.0,0.0,0.0,0.1,163,4.0,0.4,2.0,2.2,0.0,3.0,5.0,5.0,0.0,1.6666666666666667,1.6666666666666667,1.0,6.0,7.0,7.0,0.0,1.4,1.4,1.0,9.0,10.0,12.0,-2.0,1.0,1.2,0.0,0.2,0.1,108,4.0,0.4,1.2,1.0,H,1.0
2022-09-06,2022-23,Apertura,13,False,América,Atlético San Luis,3.0,0.0,1.0,0.0,footballcsv,1404,1637.6938820090618,1448.0036588160694,189.69022319299233,4,0,1,8.0,5.0,5,4,0,1,8.0,5.0,5,3.0,9.0,6.0,2.0,4.0,2.0,0.6666666666666666,5.0,15.0,16.0,2.0,14.0,3.2,0.4,8.0,24.0,24.0,8.0,16.0,2.4,0.8,0.3333333333333333,0.6,0.5,167,3.0,0.8,2.4,0.4,1.0,4.0,2.0,4.0,-2.0,0.6666666666666666,1.3333333333333333,2.0,8.0,6.0,7.0,-1.0,1.2,1.4,2.0,12.0,9.0,11.0,-2.0,0.9,1.1,0.6666666666666666,0.4,0.4,113,5.0,0.0,0.8,1.4,H,3.0
2022-09-06,2022-23,Apertura,13,False,Santos Laguna,Necaxa,3.0,1.0,1.0,0.0,footballcsv,1405,1576.8471975200837,1479.8499915883122,96.99720593177153,3,0,2,10.0,8.0,5,4,0,4,12.0,13.0,8,2.0,6.0,6.0,3.0,3.0,2.0,1.0,4.0,12.0,13.0,5.0,8.0,2.6,1.0,6.0,19.0,20.0,10.0,10.0,2.0,1.0,0.3333333333333333,0.2,0.3,157,3.0,0.8,2.4,0.6,1.0,4.0,3.0,6.0,-3.0,1.0,2.0,1.0,5.0,6.0,10.0,-4.0,1.2,2.0,4.0,14.0,11.0,13.0,-2.0,1.1,1.3,0.3333333333333333,0.2,0.3,150,4.0,0.2,0.8,1.0,H,4.0
2022-09-07,2022-23,Apertura,13,False,Pumas UNAM,Querétaro,4.0,1.0,1.0,1.0,footballcsv,1410,1477.6459011052393,1427.109843358061,50.53605774717835,2,1,2,6.0,8.0,5,3,1,3,8.0,9.0,7,0.0,2.0,2.0,4.0,-2.0,0.6666666666666666,1.3333333333333333,0.0,2.0,5.0,12.0,-7.0,1.0,2.4,1.0,8.0,8.0,17.0,-9.0,0.8,1.7,0.3333333333333333,0.2,0.3,158,4.0,0.0,0.8,2.2,0.0,1.0,2.0,4.0,-2.0,0.6666666666666666,1.3333333333333333,1.0,5.0,5.0,5.0,0.0,1.0,1.0,1.0,7.0,10.0,16.0,-6.0,1.0,1.6,0.0,0.2,0.1,147,6.0,0.0,1.0,1.8,H,5.0
2022-09-07,2022-23,Apertura,13,False,Tigres UANL,Toluca,3.0,1.0,1.0,0.0,footballcsv,1406,1596.2830787451037,1485.754540360083,110.52853838502074,2,0,3,8.0,8.0,5,4,0,4,11.0,10.0,8,0.0,2.0,2.0,3.0,-1.0,0.6666666666666666,1.0,1.0,6.0,4.0,3.0,1.0,0.8,0.6,5.0,18.0,10.0,6.0,4.0,1.0,0.6,0.3333333333333333,0.6,0.6,164,4.0,0.8,1.4,0.2,0.0,1.0,1.0,5.0,-4.0,0.3333333333333333,1.6666666666666667,1.0,5.0,5.0,8.0,-3.0,1.0,1.6,4.0,16.0,13.0,12.0,1.0,1.3,1.2,0.3333333333333333,0.2,0.2,150,3.0,0.4,1.0,1.0,H,4.0
2022-09-07,2022-23,Apertura,13,False,Puebla,Pachuca,2.0,2.0,1.0,0.0,footballcsv,1407,1532.515415891294,1610.322758172307,-77.807342281013,1,0,4,4.0,6.0,5,1,1,6,5.0,13.0,8,0.0,3.0,4.0,4.0,0.0,1.3333333333333333,1.3333333333333333,0.0,5.0,9.0,9.0,0.0,1.8,1.8,0.0,9.0,13.0,14.0,-1.0,1.3,1.4,0.0,0.0,0.1,155,6.0,0.2,1.2,1.0,3.0,9.0,9.0,2.0,7.0,3.0,0.6666666666666666,4.0,12.0,10.0,5.0,5.0,2.0,1.0,5.0,18.0,13.0,8.0,5.0,1.3,0.8,0.3333333333333333,0.4,0.5,158,4.0,0.4,1.2,1.2,D,4.0
2022-09-07,2022-23,Apertura,13,False,Mazatlán FC,Atlas,1.0,0.0,1.0,0.0,footballcsv,1408,1472.645932051673,1510.24082934845,-37.594897296776935,2,2,0,4.0,2.0,4,2,2,0,4.0,2.0,4,0.0,2.0,2.0,4.0,-2.0,0.6666666666666666,1.3333333333333333,1.0,6.0,6.0,5.0,1.0,1.2,1.0,2.0,12.0,11.0,11.0,0.0,1.1,1.1,0.3333333333333333,0.4,0.2,81,4.0,0.2,1.0,1.4,0.0,1.0,3.0,7.0,-4.0,1.0,2.3333333333333335,0.0,2.0,4.0,9.0,-5.0,0.8,1.8,1.0,6.0,9.0,16.0,-7.0,0.9,1.6,0.3333333333333333,0.2,0.1,156,4.0,0.0,0.8,2.2,H,1.0
2022-09-07,2022-23,Apertura,13,False,Tijuana,Guadalajara,1.0,2.0,0.0,0.0,footballcsv,1409,1418.7706944776448,1551.0427880308594,-132.27209355321452,0,2,3,1.0,5.0,5,2,2,4,4.0,8.0,8,0.0,1.0,0.0,5.0,-5.0,0.0,1.6666666666666667,1.0,4.0,2.0,8.0,-6.0,0.4,1.6,4.0,14.0,12.0,15.0,-3.0,1.2,1.5,0.3333333333333333,0.2,0.3,145,6.0,0.4,1.4,1.6,2.0,7.0,4.0,1.0,3.0,1.3333333333333333,0.3333333333333333,3.0,11.0,9.0,2.0,7.0,1.8,0.4,3.0,15.0,13.0,7.0,6.0,1.3,0.7,0.6666666666666666,0.6,0.5,152,3.0,0.2,1.6,1.0,A,3.0
2022-09-09,2022-23,Apertura,14,False,FC Juárez,Monterrey,0.0,1.0,0.0,0.0,footballcsv,1411,1400.0380479744124,1593.853863347068,-193.8158153726556,1,1,3,6.0,13.0,5,2,1,3,7.0,13.0,6,0.0,2.0,4.0,5.0,-1.0,1.3333333333333333,1.6666666666666667,1.0,6.0,6.0,6.0,0.0,1.2,1.2,1.0,8.0,9.0,12.0,-3.0,0.9,1.2,0.0,0.2,0.1,109,3.0,0.0,1.0,1.2,2.0,7.0,6.0,2.0,4.0,2.0,0.6666666666666666,2.0,8.0,6.0,3.0,3.0,1.2,0.6,5.0,19.0,16.0,7.0,9.0,1.6,0.7,0.6666666666666666,0.6,0.4,165,3.0,0.4,1.4,0.8,A,1.0
2022-09-10,2022-23,Apertura,14,False,Necaxa,América,1.0,2.0,1.0,0.0,footballcsv,1415,1474.4559116869284,1642.0094267405768,-167.55351505364843,1,1,3,6.0,6.0,5,3,2,3,13.0,10.0,8,1.0,4.0,4.0,5.0,-1.0,1.3333333333333333,1.6666666666666667,1.0,5.0,6.0,11.0,-5.0,1.2,2.2,4.0,14.0,12.0,15.0,-3.0,1.2,1.5,0.3333333333333333,0.2,0.3,151,4.0,0.6,1.4,1.6,3.0,9.0,8.0,2.0,6.0,2.6666666666666665,0.6666666666666666,5.0,15.0,16.0,2.0,14.0,3.2,0.4,8.0,24.0,26.0,8.0,18.0,2.6,0.8,0.3333333333333333,0.6,0.5,168,4.0,0.8,2.4,0.8,A,3.0
2022-09-10,2022-23,Apertura,14,False,Guadalajara,Puebla,1.0,0.0,0.0,0.0,footballcsv,1414,1556.80236189596,1532.4523069669124,24.3500549290477,1,2,2,7.0,7.0,5,1,4,3,11.0,13.0,8,2.0,7.0,5.0,2.0,3.0,1.6666666666666667,0.6666666666666666,4.0,13.0,10.0,2.0,8.0,2.0,0.4,4.0,17.0,14.0,7.0,7.0,1.4,0.7,0.3333333333333333,0.6,0.5,153,3.0,0.4,1.0,0.4,0.0,3.0,5.0,5.0,0.0,1.6666666666666667,1.6666666666666667,0.0,5.0,8.0,8.0,0.0,1.6,1.6,0.0,9.0,14.0,15.0,-1.0,1.4,1.5,0.0,0.0,0.1,156,3.0,0.0,1.2,1.4,H,1.0
2022-09-10,2022-23,Apertura,14,False,Tigres UANL,León,0.0,1.0,0.0,1.0,footballcsv,1416,1601.345321860457,1517.9878117800633,83.3575100803937,3,1,1,10.0,5.0,5,4,5,1,15.0,9.0,10,1.0,4.0,4.0,3.0,1.0,1.3333333333333333,1.0,1.0,6.0,5.0,4.0,1.0,1.0,0.8,5.0,18.0,12.0,7.0,5.0,1.2,0.7,0.3333333333333333,0.4,0.5,165,3.0,0.8,1.8,0.4,2.0,6.0,7.0,5.0,2.0,2.3333333333333335,1.6666666666666667,2.0,6.0,8.0,8.0,0.0,1.6,1.6,3.0,10.0,12.0,19.0,-7.0,1.2,1.9,0.3333333333333333,0.2,0.2,164,4.0,0.0,0.8,2.2,A,1.0
2022-09-10,2022-23,Apertura,14,False,Toluca,Pumas UNAM,2.0,2.0,0.0,1.0,footballcsv,1412,1480.6922972447296,1486.034603784307,-5.342306539577294,2,0,3,4.0,9.0,5,2,1,6,9.0,17.0,9,0.0,1.0,2.0,7.0,-5.0,0.6666666666666666,2.3333333333333335,0.0,2.0,3.0,9.0,-6.0,0.6,1.8,3.0,13.0,12.0,14.0,-2.0,1.2,1.4,0.3333333333333333,0.2,0.2,151,3.0,0.2,1.2,1.4,1.0,4.0,5.0,4.0,1.0,1.6666666666666667,1.3333333333333333,1.0,5.0,7.0,10.0,-3.0,1.4,2.0,1.0,8.0,11.0,18.0,-7.0,1.1,1.8,0.3333333333333333,0.2,0.2,159,3.0,0.0,1.2,1.8,D,4.0
2022-09-10,2022-23,Apertura,14,False,Querétaro,Santos Laguna,3.0,3.0,2.0,1.0,footballcsv,1413,1418.7211406789934,1582.2412774214674,-163.52013674247405,1,1,3,5.0,11.0,5,2,1,5,8.0,15.0,8,0.0,1.0,3.0,7.0,-4.0,1.0,2.3333333333333335,1.0,4.0,5.0,8.0,-3.0,1.0,1.6,1.0,7.0,11.0,17.0,-6.0,1.1,1.7,0.0,0.2,0.1,148,3.0,0.2,1.2,1.0,2.0,6.0,7.0,4.0,3.0,2.3333333333333335,1.3333333333333333,4.0,12.0,14.0,5.0,9.0,2.8,1.0,7.0,21.0,22.0,10.0,12.0,2.2,1.0,0.0,0.2,0.3,158,4.0,0.4,1.6,1.4,D,6.0
2022-09-11,2022-23,Apertura,14,False,Cruz Azul,Mazatlán FC,2.0,0.0,2.0,0.0,footballcsv,1417,1520.24598121066,1478.6204233189335,41.62555789172643,2,1,1,5.0,5.0,4,2,1,1,5.0,5.0,4,1.0,4.0,6.0,6.0,0.0,2.0,2.0,1.0,4.0,7.0,15.0,-8.0,1.4,3.0,2.0,9.0,12.0,24.0,-12.0,1.2,2.4,0.0,0.0,0.2,165,5.0,0.4,1.6,1.6,1.0,4.0,2.0,3.0,-1.0,0.6666666666666666,1.0,1.0,6.0,4.0,5.0,-1.0,0.8,1.0,3.0,14.0,11.0,10.0,1.0,1.1,1.0,0.6666666666666666,0.4,0.3,82,4.0,0.2,1.0,0.8,H,2.0
2022-09-11,2022-23,Apertura,14,False,Pachuca,Tijuana,6.0,1.0,2.0,0.0,footballcsv,1418,1610.3858670966886,1413.0111206125441,197.37474648414445,2,1,2,8.0,7.0,5,4,1,3,16.0,9.0,8,2.0,7.0,8.0,3.0,5.0,2.6666666666666665,1.0,4.0,13.0,12.0,4.0,8.0,2.4,0.8,5.0,18.0,14.0,9.0,5.0,1.4,0.9,0.3333333333333333,0.4,0.5,159,4.0,0.8,1.6,0.8,0.0,1.0,1.0,5.0,-4.0,0.3333333333333333,1.6666666666666667,0.0,1.0,1.0,9.0,-8.0,0.2,1.8,3.0,11.0,11.0,17.0,-6.0,1.1,1.7,0.3333333333333333,0.2,0.2,146,4.0,0.4,1.0,1.4,H,7.0
2022-09-11,2022-23,Apertura,14,False,Atlas,Atlético San Luis,1.0,3.0,1.0,0.0,footballcsv,1419,1504.2663380811896,1443.6881140845544,60.57822399663519,3,1,1,12.0,6.0,5,3,1,1,12.0,6.0,5,0.0,1.0,2.0,5.0,-3.0,0.6666666666666666,1.6666666666666667,0.0,2.0,4.0,9.0,-5.0,0.8,1.8,1.0,6.0,9.0,15.0,-6.0,0.9,1.5,0.3333333333333333,0.2,0.1,157,4.0,0.2,1.0,1.0,0.0,1.0,1.0,7.0,-6.0,0.3333333333333333,2.3333333333333335,2.0,7.0,5.0,9.0,-4.0,1.0,1.8,2.0,11.0,8.0,13.0,-5.0,0.8,1.3,0.3333333333333333,0.4,0.4,114,5.0,0.0,0.6,1.8,A,4.0
2022-09-13,2022-23,Apertura,9,False,Guadalajara,Tigres UANL,1.0,4.0,0.0,2.0,footballcsv,1420,1561.4900820081343,1591.3754718758714,-29.885389867737103,1,1,3,5.0,9.0,5,2,1,5,8.0,12.0,8,2.0,7.0,3.0,1.0,2.0,1.0,0.3333333333333333,4.0,13.0,7.0,2.0,5.0,1.4,0.4,5.0,19.0,15.0,7.0,8.0,1.5,0.7,0.6666666666666666,0.6,0.5,154,3.0,0.6,1.2,0.4,1.0,3.0,4.0,4.0,0.0,1.3333333333333333,1.3333333333333333,1.0,5.0,5.0,5.0,0.0,1.0,1.0,4.0,15.0,10.0,8.0,2.0,1.0,0.8,0.0,0.2,0.4,166,3.0,0.2,0.6,1.0,A,5.0
2022-09-14,2022-23,Apertura,5,False,América,Santos Laguna,3.0,3.0,1.0,2.0,footballcsv,1421,1647.0304111203645,1579.8826339331385,67.14777718722598,3,1,1,10.0,7.0,5,4,2,1,12.0,8.0,7,3.0,9.0,7.0,2.0,5.0,2.3333333333333335,0.6666666666666666,5.0,15.0,11.0,3.0,8.0,2.2,0.6,9.0,27.0,28.0,7.0,21.0,2.8,0.7,0.3333333333333333,0.4,0.5,169,4.0,1.0,3.0,0.4,1.0,4.0,6.0,6.0,0.0,2.0,2.0,3.0,10.0,12.0,7.0,5.0,2.4,1.4,7.0,22.0,24.0,11.0,13.0,2.4,1.1,0.0,0.2,0.3,159,4.0,0.4,2.0,1.6,D,6.0
2022-09-14,2022-23,Apertura,8,False,FC Juárez,Pachuca,2.0,1.0,2.0,1.0,footballcsv,1422,1395.5324558668312,1615.746245728535,-220.21378986170384,1,3,1,5.0,5.0,5,1,3,1,5.0,5.0,5,0.0,1.0,2.0,4.0,-2.0,0.6666666666666666,1.3333333333333333,0.0,3.0,5.0,7.0,-2.0,1.0,1.4,1.0,8.0,9.0,12.0,-3.0,0.9,1.2,0.0,0.0,0.1,110,5.0,0.0,1.0,1.2,2.0,7.0,10.0,3.0,7.0,3.3333333333333335,1.0,4.0,13.0,17.0,5.0,12.0,3.4,1.0,6.0,20.0,20.0,10.0,10.0,2.0,1.0,0.3333333333333333,0.2,0.4,160,3.0,0.4,1.6,1.2,H,3.0
2022-09-15,2022-23,Apertura,16,False,Cruz Azul,León,2.0,1.0,0.0,0.0,footballcsv,1423,1527.1540832798912,1527.957661764649,-0.8035784847577361,4,0,1,5.0,1.0,5,5,0,2,8.0,3.0,7,1.0,4.0,6.0,5.0,1.0,2.0,1.6666666666666667,2.0,7.0,8.0,13.0,-5.0,1.6,2.6,3.0,11.0,12.0,22.0,-10.0,1.2,2.2,0.3333333333333333,0.2,0.3,166,4.0,0.6,1.6,1.2,2.0,6.0,4.0,3.0,1.0,1.3333333333333333,1.0,3.0,9.0,8.0,6.0,2.0,1.6,1.2,4.0,12.0,13.0,19.0,-6.0,1.3,1.9,0.6666666666666666,0.4,0.2,165,5.0,0.2,1.0,2.2,H,3.0
2022-09-16,2022-23,Apertura,15,False,Puebla,Tigres UANL,2.0,1.0,2.0,1.0,footballcsv,1424,1527.7645868547381,1607.2242732233562,-79.45968636861812,1,3,1,5.0,4.0,5,2,4,2,8.0,11.0,8,0.0,2.0,3.0,4.0,-1.0,1.0,1.3333333333333333,0.0,4.0,6.0,7.0,-1.0,1.2,1.4,0.0,8.0,12.0,14.0,-2.0,1.2,1.4,0.0,0.0,0.1,157,6.0,0.0,1.4,1.4,2.0,6.0,7.0,3.0,4.0,2.3333333333333335,1.0,2.0,7.0,8.0,5.0,3.0,1.6,1.0,4.0,15.0,13.0,9.0,4.0,1.3,0.9,0.0,0.2,0.3,167,3.0,0.2,1.2,1.2,H,3.0
2022-09-16,2022-23,Apertura,15,False,Mazatlán FC,Toluca,1.0,1.0,1.0,0.0,footballcsv,1425,1471.7123212497022,1478.5759498977072,-6.863628648005033,1,1,2,6.0,9.0,4,1,1,2,6.0,9.0,4,1.0,4.0,1.0,2.0,-1.0,0.3333333333333333,0.6666666666666666,1.0,5.0,3.0,6.0,-3.0,0.6,1.2,3.0,13.0,10.0,11.0,-1.0,1.0,1.1,0.6666666666666666,0.4,0.3,83,5.0,0.4,1.2,1.2,0.0,2.0,3.0,5.0,-2.0,1.0,1.6666666666666667,0.0,2.0,4.0,10.0,-6.0,0.8,2.0,2.0,11.0,13.0,16.0,-3.0,1.3,1.6,0.3333333333333333,0.2,0.1,152,6.0,0.4,1.2,1.4,D,2.0
2022-09-17,2022-23,Apertura,15,False,Monterrey,Atlas,2.0,0.0,0.0,0.0,footballcsv,1426,1598.3594554546492,1489.0627282506466,109.29672720400254,1,3,1,4.0,3.0,5,3,4,2,10.0,7.0,9,2.0,7.0,4.0,2.0,2.0,1.3333333333333333,0.6666666666666666,3.0,10.0,7.0,3.0,4.0,1.4,0.6,5.0,19.0,16.0,7.0,9.0,1.6,0.7,0.6666666666666666,0.6,0.4,166,8.0,0.6,1.8,0.6,0.0,1.0,1.0,4.0,-3.0,0.3333333333333333,1.3333333333333333,0.0,1.0,4.0,11.0,-7.0,0.8,2.2,1.0,6.0,9.0,16.0,-7.0,0.9,1.6,0.3333333333333333,0.2,0.1,158,6.0,0.0,0.8,2.0,H,2.0
2022-09-17,2022-23,Apertura,15,False,América,Guadalajara,2.0,1.0,1.0,0.0,footballcsv,1427,1643.0314492640096,1545.6412806606495,97.39016860336005,1,2,2,4.0,3.0,5,4,3,2,12.0,5.0,9,2.0,7.0,8.0,4.0,4.0,2.6666666666666665,1.3333333333333333,4.0,13.0,13.0,6.0,7.0,2.6,1.2,9.0,28.0,29.0,7.0,22.0,2.9,0.7,0.3333333333333333,0.2,0.5,170,3.0,0.8,3.4,1.0,2.0,6.0,4.0,5.0,-1.0,1.3333333333333333,1.6666666666666667,3.0,10.0,7.0,6.0,1.0,1.4,1.2,5.0,18.0,14.0,9.0,5.0,1.4,0.9,0.3333333333333333,0.4,0.5,155,4.0,0.4,1.8,1.0,H,3.0
2022-09-18,2022-23,Apertura,15,False,Santos Laguna,FC Juárez,2.0,0.0,1.0,0.0,footballcsv,1432,1583.8815957894935,1405.1186640680137,178.76293172147984,3,2,0,8.0,4.0,5,4,2,0,11.0,4.0,6,1.0,5.0,9.0,7.0,2.0,3.0,2.3333333333333335,2.0,8.0,13.0,10.0,3.0,2.6,2.0,6.0,20.0,26.0,14.0,12.0,2.6,1.4,0.0,0.0,0.2,160,4.0,1.0,2.8,0.6,1.0,3.0,2.0,3.0,-1.0,0.6666666666666666,1.0,1.0,5.0,6.0,7.0,-1.0,1.2,1.4,2.0,11.0,11.0,12.0,-1.0,1.1,1.2,0.0,0.0,0.1,111,4.0,0.2,0.8,1.2,H,2.0
2022-09-18,2022-23,Apertura,15,False,Tijuana,Necaxa,1.0,1.0,1.0,1.0,footballcsv,1431,1407.6507419806976,1469.4349273071407,-61.784185326443094,1,1,3,4.0,9.0,5,3,1,3,7.0,10.0,7,0.0,1.0,2.0,8.0,-6.0,0.6666666666666666,2.6666666666666665,0.0,1.0,2.0,13.0,-11.0,0.4,2.6,2.0,8.0,10.0,22.0,-12.0,1.0,2.2,0.3333333333333333,0.2,0.2,147,7.0,0.2,1.2,2.0,1.0,3.0,5.0,7.0,-2.0,1.6666666666666667,2.3333333333333335,1.0,4.0,5.0,11.0,-6.0,1.0,2.2,3.0,11.0,12.0,17.0,-5.0,1.2,1.7,0.0,0.2,0.2,152,8.0,0.2,1.0,1.4,D,2.0
2022-09-18,2022-23,Apertura,15,False,Atlético San Luis,Pachuca,1.0,2.0,1.0,1.0,footballcsv,1430,1458.8917239150974,1606.1600375273526,-147.26831361225527,0,2,3,5.0,12.0,5,1,2,4,8.0,15.0,7,1.0,4.0,3.0,4.0,-1.0,1.0,1.3333333333333333,2.0,7.0,5.0,8.0,-3.0,1.0,1.6,3.0,13.0,11.0,14.0,-3.0,1.1,1.4,0.3333333333333333,0.4,0.3,115,7.0,0.4,1.0,0.8,1.0,4.0,9.0,5.0,4.0,3.0,1.6666666666666667,3.0,10.0,15.0,6.0,9.0,3.0,1.2,6.0,20.0,21.0,10.0,11.0,2.1,1.0,0.0,0.2,0.4,161,4.0,0.2,1.4,1.4,A,3.0
2022-09-18,2022-23,Apertura,15,False,León,Querétaro,3.0,1.0,2.0,1.0,footballcsv,1429,1522.7662624344712,1421.0797841673223,101.68647826714891,4,1,0,10.0,5.0,5,7,1,0,22.0,5.0,8,2.0,6.0,3.0,2.0,1.0,1.0,0.6666666666666666,3.0,9.0,9.0,7.0,2.0,1.8,1.4,4.0,12.0,14.0,20.0,-6.0,1.4,2.0,0.6666666666666666,0.4,0.2,166,3.0,0.6,1.6,1.6,0.0,2.0,5.0,8.0,-3.0,1.6666666666666667,2.6666666666666665,0.0,2.0,6.0,11.0,-5.0,1.2,2.2,1.0,7.0,12.0,18.0,-6.0,1.2,1.8,0.0,0.0,0.1,149,8.0,0.0,1.0,2.4,H,4.0
2022-09-18,2022-23,Apertura,15,False,Pumas UNAM,Cruz Azul,1.0,2.0,0.0,2.0,footballcsv,1428,1488.1509511313293,1532.345482610069,-44.19453147873969,2,0,3,9.0,10.0,5,3,1,5,14.0,16.0,9,1.0,5.0,6.0,3.0,3.0,2.0,1.0,1.0,6.0,8.0,7.0,1.0,1.6,1.4,1.0,8.0,13.0,20.0,-7.0,1.3,2.0,0.3333333333333333,0.2,0.1,160,8.0,0.2,1.4,2.2,2.0,6.0,6.0,4.0,2.0,2.0,1.3333333333333333,3.0,10.0,10.0,7.0,3.0,2.0,1.4,4.0,13.0,14.0,23.0,-9.0,1.4,2.3,0.3333333333333333,0.2,0.2,167,3.0,0.0,0.8,3.2,A,3.0
2022-09-23,2022-23,Apertura,16,False,Necaxa,Mazatlán FC,2.0,2.0,1.0,2.0,footballcsv,1433,1469.9587407278132,1469.637838405599,0.32090232221412407,2,1,1,5.0,4.0,4,2,1,1,5.0,4.0,4,0.0,1.0,3.0,6.0,-3.0,1.0,2.0,1.0,5.0,6.0,8.0,-2.0,1.2,1.6,2.0,9.0,11.0,18.0,-7.0,1.1,1.8,0.0,0.2,0.1,153,5.0,0.4,1.4,2.0,1.0,4.0,2.0,3.0,-1.0,0.6666666666666666,1.0,1.0,5.0,3.0,6.0,-3.0,0.6,1.2,3.0,13.0,10.0,11.0,-1.0,1.0,1.1,0.3333333333333333,0.4,0.3,84,7.0,0.2,0.8,1.0,D,4.0
2022-09-23,2022-23,Apertura,7,False,Puebla,Pumas UNAM,2.0,1.0,2.0,0.0,footballcsv,1434,1534.6835799223293,1480.5076648276927,54.17591509463659,0,3,2,4.0,9.0,5,1,4,2,7.0,11.0,7,1.0,4.0,4.0,4.0,0.0,1.3333333333333333,1.3333333333333333,1.0,6.0,7.0,7.0,0.0,1.4,1.4,1.0,11.0,14.0,14.0,0.0,1.4,1.4,0.0,0.0,0.1,158,7.0,0.2,1.6,1.4,1.0,4.0,7.0,5.0,2.0,2.3333333333333335,1.6666666666666667,1.0,5.0,8.0,8.0,0.0,1.6,1.6,1.0,7.0,13.0,21.0,-8.0,1.3,2.1,0.0,0.2,0.1,161,5.0,0.0,1.0,1.6,H,3.0
2022-09-30,2022-23,Apertura,17,False,Puebla,América,1.0,2.0,0.0,1.0,footballcsv,1435,1538.8119938034342,1646.4285196776807,-107.61652587424646,0,2,3,4.0,8.0,5,0,2,8,8.0,18.0,10,2.0,6.0,4.0,3.0,1.0,1.3333333333333333,1.0,2.0,8.0,7.0,6.0,1.0,1.4,1.2,2.0,13.0,16.0,15.0,1.0,1.6,1.5,0.0,0.0,0.0,159,7.0,0.4,2.0,1.6,2.0,7.0,7.0,5.0,2.0,2.3333333333333335,1.6666666666666667,4.0,13.0,12.0,6.0,6.0,2.4,1.2,9.0,28.0,29.0,7.0,22.0,2.9,0.7,0.0,0.2,0.5,171,13.0,1.0,2.4,0.4,A,3.0
2022-09-30,2022-23,Apertura,17,False,FC Juárez,Pumas UNAM,3.0,1.0,2.0,1.0,footballcsv,1436,1401.5014872401416,1476.3792509465877,-74.8777637064461,0,3,2,6.0,8.0,5,0,4,2,7.0,9.0,6,1.0,3.0,2.0,4.0,-2.0,0.6666666666666666,1.3333333333333333,1.0,4.0,4.0,7.0,-3.0,0.8,1.4,2.0,10.0,10.0,13.0,-3.0,1.0,1.3,0.0,0.0,0.1,112,12.0,0.2,1.2,1.2,0.0,1.0,4.0,6.0,-2.0,1.3333333333333333,2.0,1.0,5.0,8.0,7.0,1.0,1.6,1.4,1.0,6.0,13.0,22.0,-9.0,1.3,2.2,0.0,0.2,0.1,162,7.0,0.0,1.2,2.0,H,4.0
2022-10-01,2022-23,Apertura,17,False,Monterrey,Pachuca,0.0,0.0,0.0,0.0,footballcsv,1437,1603.4512793332508,1611.5996772989668,-8.148397965715958,2,1,2,7.0,8.0,5,4,1,2,13.0,8.0,7,3.0,9.0,6.0,2.0,4.0,2.0,0.6666666666666666,4.0,13.0,9.0,2.0,7.0,1.8,0.4,6.0,21.0,17.0,6.0,11.0,1.7,0.6,0.6666666666666666,0.8,0.5,167,14.0,0.6,2.0,0.6,2.0,6.0,9.0,4.0,5.0,3.0,1.3333333333333333,3.0,10.0,13.0,6.0,7.0,2.6,1.2,7.0,22.0,23.0,11.0,12.0,2.3,1.1,0.0,0.2,0.3,162,13.0,0.4,1.8,1.2,D,0.0
2022-10-01,2022-23,Apertura,17,False,Atlas,Necaxa,1.0,0.0,0.0,0.0,footballcsv,1438,1483.970904372045,1467.6872427439855,16.283661628059463,3,0,2,10.0,5.0,5,3,1,3,13.0,9.0,7,0.0,0.0,1.0,6.0,-5.0,0.3333333333333333,2.0,0.0,1.0,3.0,10.0,-7.0,0.6,2.0,1.0,6.0,9.0,17.0,-8.0,0.9,1.7,0.0,0.2,0.1,159,14.0,0.2,1.0,1.2,0.0,2.0,4.0,5.0,-1.0,1.3333333333333333,1.6666666666666667,1.0,5.0,8.0,10.0,-2.0,1.6,2.0,2.0,10.0,13.0,19.0,-6.0,1.3,1.9,0.0,0.0,0.1,154,8.0,0.2,1.2,1.4,H,1.0
2022-10-01,2022-23,Apertura,17,False,Cruz Azul,Guadalajara,2.0,1.0,1.0,0.0,footballcsv,1439,1539.9887689137056,1542.2442102469784,-2.2554413332727563,3,1,1,6.0,3.0,5,4,2,2,8.0,5.0,8,3.0,9.0,6.0,2.0,4.0,2.0,0.6666666666666666,3.0,10.0,10.0,7.0,3.0,2.0,1.4,4.0,13.0,15.0,24.0,-9.0,1.5,2.4,0.3333333333333333,0.2,0.1,168,13.0,0.6,1.8,1.4,1.0,3.0,3.0,6.0,-3.0,1.0,2.0,2.0,7.0,5.0,7.0,-2.0,1.0,1.4,5.0,17.0,15.0,11.0,4.0,1.5,1.1,0.3333333333333333,0.4,0.4,156,14.0,0.4,1.6,1.0,H,3.0
2022-10-01,2022-23,Apertura,17,False,Atlético San Luis,Tigres UANL,0.0,3.0,0.0,0.0,footballcsv,1440,1453.4520841434833,1600.305280155765,-146.85319601228184,0,2,3,3.0,10.0,5,0,3,3,4.0,11.0,6,1.0,3.0,4.0,6.0,-2.0,1.3333333333333333,2.0,1.0,4.0,5.0,10.0,-5.0,1.0,2.0,3.0,12.0,12.0,16.0,-4.0,1.2,1.6,0.0,0.2,0.2,116,13.0,0.4,1.2,1.2,1.0,3.0,5.0,4.0,1.0,1.6666666666666667,1.3333333333333333,2.0,6.0,9.0,7.0,2.0,1.8,1.4,3.0,12.0,12.0,10.0,2.0,1.2,1.0,0.0,0.0,0.3,168,15.0,0.2,1.4,1.2,A,3.0
2022-10-02,2022-23,Apertura,17,False,Toluca,Querétaro,4.0,1.0,2.0,0.0,footballcsv,1441,1480.6504327418104,1415.802419611273,64.84801313053731,1,3,1,7.0,8.0,5,2,4,2,11.0,10.0,8,0.0,2.0,4.0,6.0,-2.0,1.3333333333333333,2.0,0.0,3.0,5.0,10.0,-5.0,1.0,2.0,2.0,11.0,13.0,16.0,-3.0,1.3,1.6,0.0,0.2,0.1,153,16.0,0.2,1.4,1.6,0.0,1.0,5.0,10.0,-5.0,1.6666666666666667,3.3333333333333335,0.0,2.0,7.0,13.0,-6.0,1.4,2.6,1.0,7.0,12.0,19.0,-7.0,1.2,1.9,0.0,0.0,0.1,150,14.0,0.0,1.0,2.6,H,5.0
2022-10-02,2022-23,Apertura,17,False,León,Tijuana,2.0,2.0,0.0,0.0,footballcsv,1442,1528.0436269905204,1407.1269285600251,120.91669843049522,3,1,1,7.0,6.0,5,5,2,2,13.0,10.0,9,2.0,6.0,5.0,3.0,2.0,1.6666666666666667,1.0,3.0,9.0,8.0,6.0,2.0,1.6,1.2,4.0,12.0,14.0,19.0,-5.0,1.4,1.9,0.3333333333333333,0.4,0.2,167,14.0,0.8,2.2,1.6,0.0,1.0,3.0,9.0,-6.0,1.0,3.0,0.0,2.0,3.0,12.0,-9.0,0.6,2.4,1.0,6.0,9.0,23.0,-14.0,0.9,2.3,0.0,0.2,0.1,148,14.0,0.2,0.8,2.4,D,4.0
2022-10-02,2022-23,Apertura,17,False,Santos Laguna,Mazatlán FC,3.0,0.0,0.0,0.0,footballcsv,1443,1587.4987726173656,1471.9093363894267,115.5894362279389,2,1,1,5.0,1.0,4,2,1,1,5.0,1.0,4,1.0,5.0,8.0,6.0,2.0,2.6666666666666665,2.0,2.0,8.0,11.0,9.0,2.0,2.2,1.8,6.0,20.0,24.0,14.0,10.0,2.4,1.4,0.3333333333333333,0.2,0.2,161,14.0,1.0,3.0,0.6,0.0,2.0,3.0,5.0,-2.0,1.0,1.6666666666666667,1.0,6.0,4.0,5.0,-1.0,0.8,1.0,3.0,14.0,12.0,11.0,1.0,1.2,1.1,0.0,0.4,0.3,85,9.0,0.2,1.2,1.0,H,3.0
2022-10-08,2022-23,Apertura - Liguilla,Reclassification,True,Tigres UANL,Necaxa,2.0,0.0,0.0,0.0,footballcsv,1444,1611.2020426746712,1462.8410521971186,148.3609904775526,1,3,1,4.0,3.0,5,3,4,1,11.0,7.0,8,2.0,6.0,8.0,3.0,5.0,2.6666666666666665,1.0,3.0,9.0,11.0,5.0,6.0,2.2,1.0,4.0,15.0,15.0,8.0,7.0,1.5,0.8,0.3333333333333333,0.2,0.4,169,7.0,0.6,1.4,0.6,0.0,2.0,3.0,4.0,-1.0,1.0,1.3333333333333333,0.0,2.0,5.0,9.0,-4.0,1.0,1.8,1.0,7.0,11.0,19.0,-8.0,1.1,1.9,0.0,0.0,0.1,155,7.0,0.0,0.8,1.4,H,2.0
2022-10-08,2022-23,Apertura - Liguilla,Reclassification,True,Cruz Azul,León,1.0,0.0,0.0,0.0,footballcsv,1445,1545.2100738927336,1522.8294507104308,22.38062318230277,4,0,1,6.0,2.0,5,6,0,2,10.0,4.0,8,3.0,9.0,6.0,3.0,3.0,2.0,1.0,4.0,12.0,10.0,6.0,4.0,2.0,1.2,5.0,16.0,17.0,21.0,-4.0,1.7,2.1,0.0,0.2,0.1,169,7.0,0.8,1.8,1.0,1.0,4.0,6.0,5.0,1.0,2.0,1.6666666666666667,3.0,10.0,8.0,5.0,3.0,1.6,1.0,4.0,13.0,15.0,16.0,-1.0,1.5,1.6,0.0,0.4,0.2,168,6.0,0.2,1.0,1.6,H,1.0
2022-10-09,2022-23,Apertura - Liguilla,Reclassification,True,Toluca,FC Juárez,3.0,0.0,1.0,0.0,footballcsv,1447,1488.5282537409378,1412.3005104086196,76.22774333231814,1,1,3,4.0,5.0,5,1,1,4,4.0,7.0,6,1.0,5.0,7.0,4.0,3.0,2.3333333333333335,1.3333333333333333,1.0,6.0,8.0,7.0,1.0,1.6,1.4,3.0,13.0,16.0,16.0,0.0,1.6,1.6,0.0,0.2,0.1,154,7.0,0.2,1.6,1.6,2.0,6.0,5.0,4.0,1.0,1.6666666666666667,1.3333333333333333,2.0,6.0,5.0,6.0,-1.0,1.0,1.2,3.0,12.0,12.0,13.0,-1.0,1.2,1.3,0.0,0.0,0.1,113,9.0,0.2,0.8,1.4,H,3.0
2022-10-09,2022-23,Apertura - Liguilla,Reclassification,True,Puebla,Guadalajara,1.0,1.0,0.0,0.0,footballcsv,1446,1532.5094404872425,1537.0229052679504,-4.513464780707864,1,2,2,6.0,8.0,5,3,4,2,13.0,12.0,9,2.0,6.0,5.0,4.0,1.0,1.6666666666666667,1.3333333333333333,2.0,7.0,7.0,7.0,0.0,1.4,1.4,2.0,12.0,16.0,16.0,0.0,1.6,1.6,0.0,0.0,0.0,160,9.0,0.4,1.8,1.6,0.0,0.0,3.0,8.0,-5.0,1.0,2.6666666666666665,2.0,6.0,6.0,9.0,-3.0,1.2,1.8,5.0,17.0,15.0,11.0,4.0,1.5,1.1,0.0,0.2,0.4,157,8.0,0.4,1.6,1.0,D,2.0
2022-10-12,2022-23,Apertura - Liguilla,Quarterfinals,True,Cruz Azul,Monterrey,0.0,0.0,0.0,0.0,footballcsv,1448,1549.9362111328583,1601.4122107602939,-51.47599962743561,1,2,2,7.0,10.0,5,2,4,4,11.0,15.0,10,3.0,9.0,5.0,2.0,3.0,1.6666666666666667,0.6666666666666666,5.0,15.0,9.0,3.0,6.0,1.8,0.6,6.0,19.0,16.0,18.0,-2.0,1.6,1.8,0.3333333333333333,0.4,0.2,170,4.0,1.0,1.8,0.6,2.0,7.0,3.0,0.0,3.0,1.0,0.0,3.0,11.0,6.0,2.0,4.0,1.2,0.4,5.0,19.0,12.0,5.0,7.0,1.2,0.5,1.0,0.8,0.6,168,11.0,0.6,1.4,0.6,D,0.0
2022-10-12,2022-23,Apertura - Liguilla,Quarterfinals,True,Puebla,América,1.0,6.0,1.0,2.0,footballcsv,1449,1530.3703171908335,1652.7310729938724,-122.36075580303896,0,2,3,5.0,9.0,5,0,2,8,7.0,17.0,10,1.0,4.0,4.0,4.0,0.0,1.3333333333333333,1.3333333333333333,2.0,7.0,6.0,6.0,0.0,1.2,1.2,2.0,12.0,14.0,14.0,0.0,1.4,1.4,0.0,0.0,0.0,161,3.0,0.4,1.6,1.4,2.0,7.0,7.0,5.0,2.0,2.3333333333333335,1.6666666666666667,4.0,13.0,12.0,6.0,6.0,2.4,1.2,9.0,28.0,28.0,8.0,20.0,2.8,0.8,0.0,0.2,0.4,172,12.0,1.0,2.2,0.6,A,7.0
2022-10-13,2022-23,Apertura - Liguilla,Quarterfinals,True,Tigres UANL,Pachuca,1.0,0.0,0.0,0.0,footballcsv,1450,1615.4166633617497,1613.6387458719237,1.7779174898259953,1,1,3,5.0,6.0,5,2,4,4,10.0,10.0,10,2.0,6.0,6.0,2.0,4.0,2.0,0.6666666666666666,3.0,9.0,10.0,4.0,6.0,2.0,0.8,4.0,15.0,15.0,8.0,7.0,1.5,0.8,0.6666666666666666,0.4,0.4,170,5.0,0.6,1.4,0.4,1.0,4.0,3.0,3.0,0.0,1.0,1.0,2.0,8.0,11.0,6.0,5.0,2.2,1.2,6.0,20.0,21.0,11.0,10.0,2.1,1.1,0.3333333333333333,0.2,0.3,163,12.0,0.4,1.8,1.2,H,1.0
2022-10-13,2022-23,Apertura - Liguilla,Quarterfinals,True,Toluca,Santos Laguna,4.0,3.0,2.0,2.0,footballcsv,1451,1496.0146839191239,1593.7349191909257,-97.72023527180181,2,1,2,9.0,9.0,5,3,2,3,13.0,16.0,8,2.0,7.0,8.0,2.0,6.0,2.6666666666666665,0.6666666666666666,2.0,8.0,11.0,7.0,4.0,2.2,1.4,3.0,13.0,16.0,15.0,1.0,1.6,1.5,0.3333333333333333,0.2,0.2,155,4.0,0.4,2.0,1.4,2.0,7.0,8.0,3.0,5.0,2.6666666666666665,1.0,3.0,11.0,14.0,7.0,7.0,2.8,1.4,7.0,23.0,27.0,12.0,15.0,2.7,1.2,0.6666666666666666,0.4,0.3,162,11.0,0.4,2.6,1.8,H,7.0
2022-10-15,2022-23,Apertura - Liguilla,Quarterfinals,True,América,Puebla,5.0,1.0,2.0,1.0,footballcsv,1452,1668.1774250587296,1514.9239651259763,153.25345993275323,3,2,0,13.0,6.0,5,8,2,0,22.0,8.0,10,3.0,9.0,10.0,3.0,7.0,3.3333333333333335,1.0,4.0,13.0,15.0,7.0,8.0,3.0,1.4,9.0,28.0,31.0,9.0,22.0,3.1,0.9,0.0,0.0,0.3,173,3.0,0.8,3.4,1.0,0.0,1.0,3.0,9.0,-6.0,1.0,3.0,2.0,7.0,7.0,11.0,-4.0,1.4,2.2,2.0,11.0,13.0,18.0,-5.0,1.3,1.8,0.0,0.0,0.0,162,3.0,0.0,1.2,1.4,H,6.0
2022-10-15,2022-23,Apertura - Liguilla,Quarterfinals,True,Monterrey,Cruz Azul,3.0,0.0,1.0,0.0,footballcsv,1453,1602.2313579093413,1549.1170639838108,53.114293925530546,2,3,0,10.0,6.0,5,3,5,2,14.0,11.0,10,1.0,5.0,2.0,0.0,2.0,0.6666666666666666,0.0,3.0,11.0,6.0,2.0,4.0,1.2,0.4,4.0,17.0,10.0,4.0,6.0,1.0,0.4,1.0,0.8,0.7,169,3.0,0.4,1.0,0.4,2.0,7.0,3.0,1.0,2.0,1.0,0.3333333333333333,4.0,13.0,7.0,3.0,4.0,1.4,0.6,6.0,20.0,15.0,16.0,-1.0,1.5,1.6,0.6666666666666666,0.4,0.3,171,3.0,0.2,1.2,3.4,H,3.0
2022-10-16,2022-23,Apertura - Liguilla,Quarterfinals,True,Pachuca,Tigres UANL,2.0,1.0,1.0,0.0,footballcsv,1454,1608.500303334093,1620.5551058995804,-12.054802565487535,3,0,2,5.0,5.0,5,4,4,2,10.0,8.0,10,1.0,4.0,2.0,2.0,0.0,0.6666666666666666,0.6666666666666666,2.0,7.0,9.0,5.0,4.0,1.8,1.0,6.0,20.0,21.0,9.0,12.0,2.1,0.9,0.3333333333333333,0.2,0.3,164,3.0,0.8,2.4,1.0,3.0,9.0,6.0,0.0,6.0,2.0,0.0,4.0,12.0,11.0,3.0,8.0,2.2,0.6,5.0,17.0,16.0,8.0,8.0,1.6,0.8,1.0,0.6,0.4,171,3.0,0.4,2.0,1.2,H,3.0
2022-10-16,2022-23,Apertura - Liguilla,Quarterfinals,True,Santos Laguna,Toluca,1.0,2.0,0.0,0.0,footballcsv,1455,1586.4502281888854,1503.2993749211641,83.15085326772123,1,1,3,10.0,12.0,5,3,2,4,19.0,17.0,9,2.0,6.0,8.0,4.0,4.0,2.6666666666666665,1.3333333333333333,2.0,8.0,14.0,10.0,4.0,2.8,2.0,6.0,20.0,28.0,15.0,13.0,2.8,1.5,0.6666666666666666,0.4,0.3,163,3.0,1.0,2.8,0.6,3.0,9.0,11.0,4.0,7.0,3.6666666666666665,1.3333333333333333,3.0,11.0,14.0,7.0,7.0,2.8,1.4,3.0,13.0,17.0,16.0,1.0,1.7,1.6,0.3333333333333333,0.2,0.2,156,3.0,0.2,1.2,1.6,A,3.0
2022-10-19,2022-23,Apertura - Liguilla,Semifinals,True,Toluca,América,2.0,1.0,2.0,0.0,footballcsv,1456,1513.2658933534387,1674.203632310184,-160.9377389567453,2,1,2,7.0,7.0,5,3,3,4,15.0,16.0,10,3.0,9.0,9.0,4.0,5.0,3.0,1.3333333333333333,4.0,13.0,14.0,6.0,8.0,2.8,1.2,4.0,15.0,18.0,16.0,2.0,1.8,1.6,0.3333333333333333,0.2,0.2,157,3.0,0.6,2.6,1.2,3.0,9.0,13.0,3.0,10.0,4.333333333333333,1.0,4.0,13.0,18.0,7.0,11.0,3.6,1.4,9.0,28.0,29.0,10.0,19.0,2.9,1.0,0.0,0.0,0.2,174,4.0,1.0,2.8,0.8,H,3.0
2022-10-20,2022-23,Apertura - Liguilla,Semifinals,True,Pachuca,Monterrey,5.0,2.0,2.0,2.0,footballcsv,1457,1613.9257038390854,1610.5265129193908,3.399190919694547,2,2,1,6.0,4.0,5,2,2,4,8.0,13.0,8,1.0,4.0,2.0,2.0,0.0,0.6666666666666666,0.6666666666666666,2.0,7.0,5.0,5.0,0.0,1.0,1.0,6.0,20.0,22.0,10.0,12.0,2.2,1.0,0.3333333333333333,0.2,0.2,165,4.0,1.0,2.8,0.6,1.0,5.0,3.0,0.0,3.0,1.0,0.0,3.0,11.0,6.0,0.0,6.0,1.2,0.0,5.0,19.0,12.0,3.0,9.0,1.2,0.3,1.0,1.0,0.8,170,5.0,0.4,1.0,0.4,H,7.0
2022-10-22,2022-23,Apertura - Liguilla,Semifinals,True,América,Toluca,1.0,1.0,1.0,1.0,footballcsv,1458,1665.6860116330893,1521.7835140305335,143.90249760255574,2,0,3,7.0,8.0,5,4,2,4,16.0,16.0,10,2.0,6.0,12.0,4.0,8.0,4.0,1.3333333333333333,4.0,12.0,16.0,6.0,10.0,3.2,1.2,8.0,25.0,29.0,12.0,17.0,2.9,1.2,0.0,0.0,0.1,175,3.0,0.8,3.0,1.2,3.0,9.0,8.0,5.0,3.0,2.6666666666666665,1.6666666666666667,5.0,15.0,15.0,6.0,9.0,3.0,1.2,5.0,18.0,20.0,16.0,4.0,2.0,1.6,0.0,0.2,0.2,158,3.0,0.4,1.4,1.6,D,2.0
2022-10-23,2022-23,Apertura - Liguilla,Semifinals,True,Monterrey,Pachuca,0.0,1.0,0.0,0.0,footballcsv,1459,1600.3158586096743,1624.136358148802,-23.820499539127695,1,1,3,5.0,10.0,5,4,2,3,15.0,13.0,9,1.0,4.0,5.0,5.0,0.0,1.6666666666666667,1.6666666666666667,2.0,8.0,7.0,5.0,2.0,1.4,1.0,5.0,18.0,14.0,8.0,6.0,1.4,0.8,0.6666666666666666,0.8,0.7,171,3.0,0.6,1.6,0.4,2.0,6.0,7.0,4.0,3.0,2.3333333333333335,1.3333333333333333,3.0,10.0,9.0,5.0,4.0,1.8,1.0,6.0,20.0,24.0,11.0,13.0,2.4,1.1,0.0,0.2,0.2,166,3.0,0.2,1.0,1.2,A,1.0
2022-10-27,2022-23,Apertura - Liguilla,Final,True,Toluca,Pachuca,1.0,5.0,0.0,4.0,footballcsv,1460,1527.4626867971278,1632.178965194103,-104.71627839697521,1,1,3,3.0,10.0,5,3,1,4,9.0,14.0,8,2.0,7.0,5.0,3.0,2.0,1.6666666666666667,1.0,4.0,13.0,12.0,6.0,6.0,2.4,1.2,5.0,19.0,20.0,13.0,7.0,2.0,1.3,0.0,0.2,0.2,159,5.0,0.8,3.0,1.4,3.0,9.0,8.0,3.0,5.0,2.6666666666666665,1.0,3.0,10.0,8.0,4.0,4.0,1.6,0.8,6.0,20.0,21.0,10.0,11.0,2.1,1.0,0.3333333333333333,0.4,0.3,167,4.0,0.4,0.8,0.8,A,6.0
2022-10-30,2022-23,Apertura - Liguilla,Final,True,Pachuca,Toluca,3.0,1.0,1.0,1.0,footballcsv,1461,1646.9642235835272,1512.6774284077037,134.2867951758235,4,0,1,15.0,4.0,5,5,1,3,19.0,10.0,9,3.0,9.0,11.0,3.0,8.0,3.6666666666666665,1.0,4.0,12.0,13.0,5.0,8.0,2.6,1.0,6.0,20.0,24.0,11.0,13.0,2.4,1.1,0.3333333333333333,0.2,0.2,168,3.0,1.0,3.6,1.0,1.0,4.0,4.0,7.0,-3.0,1.3333333333333333,2.3333333333333335,3.0,10.0,10.0,11.0,-1.0,2.0,2.2,5.0,18.0,21.0,18.0,3.0,2.1,1.8,0.0,0.0,0.1,160,3.0,0.2,1.0,1.4,H,4.0
2023-01-06,2022-23,Clausura,1,False,Necaxa,Atlético San Luis,2.0,3.0,0.0,0.0,footballcsv,1462,1458.6264315100402,1442.5553216245771,16.071109885463102,4,0,1,10.0,5.0,5,5,1,1,13.0,6.0,7,0.0,1.0,2.0,5.0,-3.0,0.6666666666666666,1.6666666666666667,0.0,2.0,4.0,8.0,-4.0,0.8,1.6,1.0,7.0,10.0,19.0,-9.0,1.0,1.9,0.0,0.0,0.1,156,90.0,0.2,1.4,2.4,1.0,3.0,4.0,6.0,-2.0,1.3333333333333333,2.0,1.0,4.0,4.0,9.0,-5.0,0.8,1.8,3.0,11.0,11.0,18.0,-7.0,1.1,1.8,0.0,0.2,0.2,117,97.0,0.2,1.2,2.0,A,5.0
2023-01-07,2022-23,Clausura,1,False,Monterrey,Guadalajara,0.0,1.0,0.0,0.0,footballcsv,1463,1592.2732515643731,1539.1620285643594,53.11122300001375,1,1,3,5.0,7.0,5,2,3,4,11.0,13.0,9,1.0,3.0,5.0,6.0,-1.0,1.6666666666666667,2.0,1.0,5.0,5.0,6.0,-1.0,1.0,1.2,5.0,18.0,14.0,8.0,6.0,1.4,0.8,0.3333333333333333,0.6,0.7,172,76.0,0.6,1.6,0.6,0.0,1.0,3.0,5.0,-2.0,1.0,1.6666666666666667,1.0,4.0,5.0,9.0,-4.0,1.0,1.8,5.0,17.0,15.0,11.0,4.0,1.5,1.1,0.0,0.2,0.4,158,90.0,0.2,1.0,1.2,A,1.0
2023-01-07,2022-23,Clausura,1,False,América,Querétaro,0.0,0.0,0.0,0.0,footballcsv,1464,1660.006838866495,1407.9245986121457,252.08224025434924,2,2,1,5.0,6.0,5,4,4,1,12.0,10.0,9,1.0,4.0,7.0,4.0,3.0,2.3333333333333335,1.3333333333333333,3.0,10.0,15.0,6.0,9.0,3.0,1.2,7.0,23.0,27.0,12.0,15.0,2.7,1.2,0.0,0.0,0.1,176,77.0,0.6,2.8,1.2,0.0,1.0,5.0,10.0,-5.0,1.6666666666666667,3.3333333333333335,0.0,2.0,7.0,15.0,-8.0,1.4,3.0,1.0,7.0,12.0,20.0,-8.0,1.2,2.0,0.0,0.0,0.1,151,97.0,0.0,1.0,2.8,D,0.0
2023-01-08,2022-23,Clausura,1,False,Tijuana,Cruz Azul,1.0,1.0,1.0,0.0,footballcsv,1465,1412.3411048401147,1540.8219089737613,-128.48080413364664,1,1,3,4.0,7.0,5,2,2,5,10.0,15.0,9,0.0,2.0,4.0,9.0,-5.0,1.3333333333333333,3.0,0.0,3.0,5.0,11.0,-6.0,1.0,2.2,1.0,7.0,10.0,22.0,-12.0,1.0,2.2,0.0,0.2,0.1,149,98.0,0.0,1.0,2.2,1.0,4.0,1.0,3.0,-2.0,0.3333333333333333,1.0,3.0,10.0,5.0,5.0,0.0,1.0,1.0,6.0,20.0,15.0,12.0,3.0,1.5,1.2,0.6666666666666666,0.4,0.3,172,85.0,0.2,1.2,3.2,D,2.0
2023-01-08,2022-23,Clausura,1,False,Santos Laguna,Tigres UANL,0.0,3.0,0.0,1.0,footballcsv,1466,1576.4837097566108,1615.129705394588,-38.645995637977194,1,2,2,4.0,6.0,5,3,2,5,9.0,15.0,10,1.0,3.0,7.0,6.0,1.0,2.3333333333333335,2.0,2.0,7.0,12.0,9.0,3.0,2.4,1.8,5.0,17.0,24.0,16.0,8.0,2.4,1.6,0.3333333333333333,0.4,0.3,164,84.0,0.8,2.6,0.8,2.0,6.0,4.0,2.0,2.0,1.3333333333333333,0.6666666666666666,3.0,9.0,8.0,4.0,4.0,1.6,0.8,5.0,16.0,16.0,9.0,7.0,1.6,0.9,0.6666666666666666,0.6,0.4,172,84.0,0.4,2.0,1.4,A,3.0
2023-01-08,2022-23,Clausura,1,False,Pumas UNAM,FC Juárez,2.0,1.0,0.0,1.0,footballcsv,1467,1465.5802277781097,1404.8140802304335,60.766147547676155,2,2,1,5.0,5.0,5,2,4,1,10.0,10.0,7,0.0,0.0,3.0,7.0,-4.0,1.0,2.3333333333333335,1.0,4.0,9.0,10.0,-1.0,1.8,2.0,1.0,6.0,14.0,22.0,-8.0,1.4,2.2,0.0,0.0,0.1,163,100.0,0.2,1.4,2.4,1.0,3.0,3.0,6.0,-3.0,1.0,2.0,2.0,6.0,5.0,8.0,-3.0,1.0,1.6,3.0,12.0,11.0,14.0,-3.0,1.1,1.4,0.0,0.0,0.1,114,91.0,0.2,0.6,1.6,H,3.0
2023-01-09,2022-23,Clausura,1,False,Pachuca,Puebla,5.0,1.0,2.0,1.0,footballcsv,1468,1651.4804644412684,1508.8977578745219,142.58270656674654,3,1,1,7.0,6.0,5,6,2,1,15.0,7.0,9,3.0,9.0,9.0,2.0,7.0,3.0,0.6666666666666666,5.0,15.0,16.0,5.0,11.0,3.2,1.0,7.0,22.0,25.0,10.0,15.0,2.5,1.0,0.3333333333333333,0.2,0.2,169,71.0,1.0,3.6,1.0,0.0,1.0,3.0,12.0,-9.0,1.0,4.0,1.0,4.0,6.0,15.0,-9.0,1.2,3.0,2.0,10.0,13.0,22.0,-9.0,1.3,2.2,0.0,0.0,0.0,163,86.0,0.0,1.2,2.2,H,6.0
2023-01-12,2022-23,Clausura,2,False,Atlas,Mazatlán FC,2.0,1.0,0.0,0.0,footballcsv,1469,1488.8170949189118,1465.6731898158666,23.1439051030452,0,2,3,2.0,5.0,5,0,2,3,2.0,5.0,5,1.0,3.0,2.0,5.0,-3.0,0.6666666666666666,1.6666666666666667,1.0,4.0,2.0,6.0,-4.0,0.4,1.2,1.0,6.0,7.0,16.0,-9.0,0.7,1.6,0.3333333333333333,0.4,0.2,160,103.0,0.2,0.6,1.0,0.0,2.0,3.0,6.0,-3.0,1.0,2.0,1.0,5.0,4.0,8.0,-4.0,0.8,1.6,2.0,11.0,10.0,13.0,-3.0,1.0,1.3,0.0,0.2,0.3,86,102.0,0.0,0.6,1.6,H,3.0
2023-01-13,2022-23,Clausura,2,False,Atlético San Luis,Guadalajara,0.0,0.0,0.0,0.0,footballcsv,1470,1451.3560482545113,1548.6263861986133,-97.27033794410204,3,1,1,9.0,6.0,5,3,2,2,11.0,11.0,7,1.0,3.0,4.0,7.0,-3.0,1.3333333333333333,2.3333333333333335,2.0,6.0,7.0,11.0,-4.0,1.4,2.2,4.0,14.0,13.0,18.0,-5.0,1.3,1.8,0.0,0.0,0.2,118,7.0,0.4,1.0,1.4,1.0,4.0,3.0,3.0,0.0,1.0,1.0,1.0,4.0,5.0,9.0,-4.0,1.0,1.8,5.0,17.0,12.0,11.0,1.0,1.2,1.1,0.3333333333333333,0.2,0.4,159,6.0,0.4,1.2,1.2,D,0.0
2023-01-13,2022-23,Clausura,2,False,Puebla,Querétaro,2.0,0.0,1.0,0.0,footballcsv,1471,1502.5448914305261,1415.3486171990853,87.19627423144084,2,3,0,8.0,5.0,5,4,4,1,11.0,7.0,9,0.0,0.0,3.0,16.0,-13.0,1.0,5.333333333333333,0.0,1.0,5.0,19.0,-14.0,1.0,3.8,2.0,9.0,12.0,25.0,-13.0,1.2,2.5,0.0,0.0,0.0,164,4.0,0.4,1.4,2.2,0.0,1.0,2.0,7.0,-5.0,0.6666666666666666,2.3333333333333335,0.0,2.0,6.0,14.0,-8.0,1.2,2.8,1.0,7.0,11.0,19.0,-8.0,1.1,1.9,0.3333333333333333,0.2,0.2,152,6.0,0.0,0.8,2.6,H,2.0
2023-01-14,2022-23,Clausura,2,False,FC Juárez,Tijuana,3.0,0.0,2.0,0.0,footballcsv,1472,1400.8033663547658,1413.7275079343806,-12.924141579614798,1,2,2,4.0,4.0,5,2,2,2,7.0,4.0,6,1.0,3.0,4.0,6.0,-2.0,1.3333333333333333,2.0,2.0,6.0,6.0,9.0,-3.0,1.2,1.8,2.0,9.0,11.0,16.0,-5.0,1.1,1.6,0.0,0.0,0.0,115,6.0,0.4,1.6,1.2,0.0,3.0,4.0,4.0,0.0,1.3333333333333333,1.3333333333333333,0.0,3.0,6.0,12.0,-6.0,1.2,2.4,1.0,7.0,8.0,20.0,-12.0,0.8,2.0,0.0,0.0,0.1,150,6.0,0.2,1.0,2.2,H,3.0
2023-01-14,2022-23,Clausura,2,False,Cruz Azul,Monterrey,2.0,3.0,1.0,1.0,footballcsv,1473,1539.4355058794954,1582.8088939301192,-43.37338805062382,0,2,3,5.0,12.0,5,1,5,4,10.0,17.0,10,0.0,2.0,1.0,4.0,-3.0,0.3333333333333333,1.3333333333333333,2.0,8.0,4.0,5.0,-1.0,0.8,1.0,5.0,18.0,14.0,12.0,2.0,1.4,1.2,0.3333333333333333,0.4,0.3,173,6.0,0.8,1.4,0.4,0.0,0.0,2.0,7.0,-5.0,0.6666666666666666,2.3333333333333335,1.0,4.0,5.0,7.0,-2.0,1.0,1.4,4.0,15.0,11.0,9.0,2.0,1.1,0.9,0.0,0.4,0.6,173,7.0,0.4,1.2,1.2,A,5.0
2023-01-14,2022-23,Clausura,2,False,Toluca,América,2.0,2.0,2.0,1.0,footballcsv,1474,1508.1611875499625,1652.5828202795553,-144.42163272959283,2,1,2,6.0,7.0,5,4,2,4,15.0,15.0,10,0.0,1.0,3.0,9.0,-6.0,1.0,3.0,2.0,7.0,7.0,11.0,-4.0,1.4,2.2,5.0,18.0,21.0,18.0,3.0,2.1,1.8,0.0,0.0,0.1,161,76.0,0.8,2.8,2.0,0.0,2.0,2.0,3.0,-1.0,0.6666666666666666,1.0,2.0,8.0,13.0,5.0,8.0,2.6,1.0,6.0,21.0,25.0,11.0,14.0,2.5,1.1,0.3333333333333333,0.2,0.2,177,7.0,0.8,2.8,1.2,D,4.0
2023-01-14,2022-23,Clausura,2,False,Santos Laguna,Pumas UNAM,3.0,0.0,1.0,0.0,footballcsv,1475,1560.9784583423532,1469.5909416537775,91.38751668857572,3,0,2,12.0,6.0,5,4,2,3,19.0,12.0,9,0.0,0.0,4.0,9.0,-5.0,1.3333333333333333,3.0,2.0,6.0,9.0,9.0,0.0,1.8,1.8,4.0,14.0,22.0,19.0,3.0,2.2,1.9,0.0,0.4,0.2,165,6.0,0.6,1.8,1.2,1.0,3.0,4.0,6.0,-2.0,1.3333333333333333,2.0,1.0,4.0,7.0,10.0,-3.0,1.4,2.0,2.0,9.0,14.0,20.0,-6.0,1.4,2.0,0.0,0.0,0.1,164,6.0,0.0,1.0,2.0,H,3.0
2023-01-15,2022-23,Clausura,2,False,Tigres UANL,Pachuca,4.0,1.0,1.0,1.0,footballcsv,1476,1630.6349568088456,1657.833330885264,-27.19837407641853,2,0,3,6.0,6.0,5,2,3,5,8.0,11.0,10,2.0,6.0,5.0,2.0,3.0,1.6666666666666667,0.6666666666666666,4.0,12.0,10.0,2.0,8.0,2.0,0.4,6.0,18.0,19.0,9.0,10.0,1.9,0.9,0.6666666666666666,0.8,0.4,173,7.0,0.6,1.2,0.4,3.0,9.0,13.0,3.0,10.0,4.333333333333333,1.0,5.0,15.0,19.0,5.0,14.0,3.8,1.0,7.0,22.0,24.0,10.0,14.0,2.4,1.0,0.0,0.2,0.2,170,6.0,0.6,1.6,0.6,H,5.0
2023-01-16,2022-23,Clausura,2,False,León,Necaxa,2.0,1.0,0.0,1.0,footballcsv,1477,1518.1033134703061,1449.825704880106,68.27760859020009,4,0,1,11.0,4.0,5,8,0,1,21.0,8.0,9,1.0,4.0,5.0,4.0,1.0,1.6666666666666667,1.3333333333333333,2.0,7.0,7.0,6.0,1.0,1.4,1.2,4.0,13.0,15.0,14.0,1.0,1.5,1.4,0.0,0.2,0.2,169,100.0,0.6,2.0,1.6,0.0,0.0,2.0,6.0,-4.0,0.6666666666666666,2.0,0.0,2.0,5.0,9.0,-4.0,1.0,1.8,1.0,6.0,10.0,20.0,-10.0,1.0,2.0,0.0,0.0,0.1,157,10.0,0.0,0.4,1.4,H,3.0
2023-01-20,2022-23,Clausura,3,False,Tijuana,Tigres UANL,1.0,1.0,1.0,0.0,footballcsv,1479,1402.8401246761646,1642.1312280801353,-239.29110340397074,0,1,4,3.0,8.0,5,0,2,6,4.0,13.0,8,0.0,2.0,3.0,6.0,-3.0,1.0,2.0,0.0,3.0,5.0,13.0,-8.0,1.0,2.6,0.0,4.0,6.0,22.0,-16.0,0.6,2.2,0.0,0.0,0.1,151,6.0,0.0,0.6,1.8,2.0,6.0,8.0,3.0,5.0,2.6666666666666665,1.0,4.0,12.0,11.0,3.0,8.0,2.2,0.6,7.0,21.0,22.0,8.0,14.0,2.2,0.8,0.3333333333333333,0.6,0.4,174,5.0,0.6,2.4,1.0,D,2.0
2023-01-20,2022-23,Clausura,3,False,Mazatlán FC,Santos Laguna,1.0,2.0,0.0,1.0,footballcsv,1478,1460.961962858378,1567.9642321950162,-107.00226933663816,1,1,3,1.0,8.0,5,1,1,3,1.0,8.0,5,0.0,1.0,3.0,7.0,-4.0,1.0,2.3333333333333335,0.0,2.0,4.0,10.0,-6.0,0.8,2.0,1.0,8.0,8.0,15.0,-7.0,0.8,1.5,0.0,0.0,0.2,87,8.0,0.4,1.2,1.2,1.0,3.0,4.0,5.0,-1.0,1.3333333333333333,1.6666666666666667,2.0,6.0,10.0,9.0,1.0,2.0,1.8,4.0,14.0,21.0,18.0,3.0,2.1,1.8,0.3333333333333333,0.4,0.3,166,6.0,0.2,2.2,2.4,A,3.0
2023-01-21,2022-23,Clausura,3,False,Monterrey,Atlético San Luis,3.0,1.0,2.0,0.0,footballcsv,1480,1590.4683856295844,1451.8527195325958,138.61566609698866,2,2,1,6.0,5.0,5,3,3,2,10.0,9.0,8,1.0,3.0,3.0,4.0,-1.0,1.0,1.3333333333333333,2.0,6.0,8.0,9.0,-1.0,1.6,1.8,5.0,17.0,14.0,11.0,3.0,1.4,1.1,0.0,0.2,0.5,174,7.0,0.4,1.0,0.4,1.0,4.0,3.0,5.0,-2.0,1.0,1.6666666666666667,2.0,7.0,7.0,8.0,-1.0,1.4,1.6,4.0,14.0,12.0,17.0,-5.0,1.2,1.7,0.3333333333333333,0.2,0.3,119,8.0,0.4,1.6,2.2,H,4.0
2023-01-21,2022-23,Clausura,3,False,América,Puebla,2.0,2.0,1.0,0.0,footballcsv,1481,1650.749578033156,1508.1887883185866,142.5607897145694,4,1,0,17.0,6.0,5,8,2,0,25.0,9.0,10,0.0,3.0,3.0,3.0,0.0,1.0,1.0,1.0,6.0,9.0,6.0,3.0,1.8,1.2,5.0,19.0,24.0,13.0,11.0,2.4,1.3,0.3333333333333333,0.2,0.1,178,7.0,0.4,2.2,1.2,1.0,3.0,4.0,10.0,-6.0,1.3333333333333333,3.3333333333333335,1.0,4.0,6.0,17.0,-11.0,1.2,3.4,3.0,11.0,13.0,24.0,-11.0,1.3,2.4,0.3333333333333333,0.2,0.1,165,8.0,0.0,0.8,2.6,D,4.0
2023-01-21,2022-23,Clausura,3,False,Guadalajara,Toluca,1.0,2.0,1.0,0.0,footballcsv,1482,1548.1297149205288,1509.9944297963618,38.13528512416701,1,3,1,4.0,3.0,5,3,5,1,12.0,8.0,9,1.0,5.0,2.0,1.0,1.0,0.6666666666666666,0.3333333333333333,1.0,5.0,4.0,5.0,-1.0,0.8,1.0,4.0,15.0,11.0,11.0,0.0,1.1,1.1,0.6666666666666666,0.4,0.4,160,8.0,0.6,1.4,1.2,0.0,1.0,4.0,10.0,-6.0,1.3333333333333333,3.3333333333333335,1.0,5.0,7.0,12.0,-5.0,1.4,2.4,5.0,18.0,21.0,18.0,3.0,2.1,1.8,0.0,0.0,0.1,162,7.0,0.2,1.2,1.8,A,3.0
2023-01-21,2022-23,Clausura,3,False,Necaxa,Cruz Azul,1.0,0.0,1.0,0.0,footballcsv,1483,1445.9464697299964,1531.7760141800302,-85.82954445003384,1,1,3,4.0,7.0,5,2,2,5,7.0,12.0,9,0.0,0.0,3.0,7.0,-4.0,1.0,2.3333333333333335,0.0,1.0,5.0,10.0,-5.0,1.0,2.0,1.0,6.0,11.0,18.0,-7.0,1.1,1.8,0.0,0.0,0.1,158,5.0,0.2,1.6,2.6,0.0,1.0,3.0,7.0,-4.0,1.0,2.3333333333333335,1.0,5.0,4.0,7.0,-3.0,0.8,1.4,5.0,17.0,14.0,13.0,1.0,1.4,1.3,0.0,0.4,0.3,174,7.0,0.2,1.4,2.0,H,1.0
2023-01-22,2022-23,Clausura,3,False,Pachuca,FC Juárez,4.0,1.0,1.0,0.0,footballcsv,1484,1646.3370596139744,1411.6907496129818,234.64631000099257,1,3,1,6.0,6.0,5,1,3,2,6.0,7.0,6,2.0,6.0,9.0,6.0,3.0,3.0,2.0,4.0,12.0,15.0,7.0,8.0,3.0,1.4,7.0,22.0,24.0,12.0,12.0,2.4,1.2,0.0,0.2,0.2,171,7.0,1.0,4.2,1.2,1.0,3.0,4.0,5.0,-1.0,1.3333333333333333,1.6666666666666667,2.0,6.0,7.0,8.0,-1.0,1.4,1.6,3.0,11.0,13.0,15.0,-2.0,1.3,1.5,0.3333333333333333,0.2,0.1,116,8.0,0.0,0.6,2.0,H,5.0
2023-01-22,2022-23,Clausura,3,False,Pumas UNAM,León,4.0,1.0,2.0,1.0,footballcsv,1485,1462.6051678011145,1521.9825486204159,-59.37738081930138,2,1,2,7.0,8.0,5,2,2,6,11.0,19.0,10,1.0,3.0,3.0,7.0,-4.0,1.0,2.3333333333333335,1.0,3.0,5.0,11.0,-6.0,1.0,2.2,2.0,9.0,13.0,18.0,-5.0,1.3,1.8,0.0,0.0,0.1,165,8.0,0.4,1.8,2.0,1.0,4.0,4.0,4.0,0.0,1.3333333333333333,1.3333333333333333,2.0,7.0,8.0,7.0,1.0,1.6,1.4,5.0,16.0,16.0,13.0,3.0,1.6,1.3,0.0,0.0,0.2,170,6.0,0.2,0.8,1.4,H,5.0
2023-01-22,2022-23,Clausura,3,False,Querétaro,Atlas,3.0,3.0,2.0,2.0,footballcsv,1486,1409.7047203110249,1493.5283218764005,-83.82360156537561,1,0,4,2.0,8.0,5,1,1,5,3.0,10.0,7,0.0,1.0,1.0,6.0,-5.0,0.3333333333333333,2.0,0.0,2.0,5.0,12.0,-7.0,1.0,2.4,1.0,6.0,10.0,20.0,-10.0,1.0,2.0,0.3333333333333333,0.2,0.2,153,9.0,0.2,1.4,1.2,2.0,6.0,3.0,3.0,0.0,1.0,1.0,2.0,6.0,4.0,7.0,-3.0,0.8,1.4,2.0,8.0,8.0,16.0,-8.0,0.8,1.6,0.3333333333333333,0.2,0.2,161,10.0,0.0,0.8,2.2,D,6.0
2023-01-26,2022-23,Clausura,4,False,Atlas,Santos Laguna,2.0,2.0,0.0,1.0,footballcsv,1487,1493.4182742195842,1574.2805554670185,-80.86228124743434,1,3,1,4.0,4.0,5,2,3,4,7.0,10.0,9,2.0,7.0,6.0,4.0,2.0,2.0,1.3333333333333333,2.0,7.0,7.0,9.0,-2.0,1.4,1.8,2.0,9.0,11.0,18.0,-7.0,1.1,1.8,0.3333333333333333,0.2,0.2,162,4.0,0.4,1.0,1.0,2.0,6.0,5.0,4.0,1.0,1.6666666666666667,1.3333333333333333,2.0,6.0,9.0,10.0,-1.0,1.8,2.0,5.0,17.0,23.0,17.0,6.0,2.3,1.7,0.3333333333333333,0.2,0.3,167,6.0,0.2,2.2,2.6,D,4.0
2023-01-27,2022-23,Clausura,4,False,Puebla,Monterrey,1.0,2.0,1.0,0.0,footballcsv,1488,1513.8417415445767,1594.8901394215563,-81.0483978769796,1,3,1,4.0,4.0,5,2,4,3,9.0,11.0,9,1.0,4.0,5.0,7.0,-2.0,1.6666666666666667,2.3333333333333335,1.0,4.0,7.0,18.0,-11.0,1.4,3.6,3.0,11.0,13.0,24.0,-11.0,1.3,2.4,0.3333333333333333,0.2,0.1,166,6.0,0.4,1.4,2.0,2.0,6.0,6.0,4.0,2.0,2.0,1.3333333333333333,2.0,6.0,8.0,10.0,-2.0,1.6,2.0,5.0,17.0,14.0,10.0,4.0,1.4,1.0,0.0,0.0,0.5,175,6.0,0.6,1.8,1.4,A,3.0
2023-01-27,2022-23,Clausura,4,False,Tijuana,Pumas UNAM,0.0,0.0,0.0,0.0,footballcsv,1489,1407.1285429390446,1475.5251078046238,-68.3965648655792,1,2,2,3.0,7.0,5,2,2,4,4.0,9.0,8,0.0,2.0,2.0,5.0,-3.0,0.6666666666666666,1.6666666666666667,0.0,4.0,5.0,8.0,-3.0,1.0,1.6,0.0,5.0,7.0,21.0,-14.0,0.7,2.1,0.0,0.0,0.1,152,7.0,0.0,0.8,1.6,2.0,6.0,6.0,5.0,1.0,2.0,1.6666666666666667,2.0,6.0,8.0,10.0,-2.0,1.6,2.0,3.0,11.0,16.0,18.0,-2.0,1.6,1.8,0.0,0.0,0.1,166,5.0,0.0,0.8,2.0,D,0.0
2023-01-28,2022-23,Clausura,4,False,Tigres UANL,Atlético San Luis,0.0,0.0,0.0,0.0,footballcsv,1490,1637.8428098172553,1447.4309657406238,190.4118440766315,4,1,0,13.0,3.0,5,4,3,0,14.0,4.0,7,2.0,7.0,8.0,2.0,6.0,2.6666666666666665,0.6666666666666666,3.0,10.0,10.0,4.0,6.0,2.0,0.8,6.0,19.0,20.0,8.0,12.0,2.0,0.8,0.3333333333333333,0.4,0.4,175,8.0,0.8,2.0,0.6,1.0,4.0,4.0,5.0,-1.0,1.3333333333333333,1.6666666666666667,1.0,4.0,5.0,10.0,-5.0,1.0,2.0,3.0,11.0,10.0,18.0,-8.0,1.0,1.8,0.3333333333333333,0.2,0.3,120,7.0,0.4,1.6,2.6,D,0.0
2023-01-28,2022-23,Clausura,4,False,América,Mazatlán FC,6.0,0.0,4.0,0.0,footballcsv,1491,1645.0966248071659,1454.6456395863756,190.45098522079024,4,0,1,10.0,4.0,5,4,0,1,10.0,4.0,5,0.0,3.0,4.0,4.0,0.0,1.3333333333333333,1.3333333333333333,0.0,4.0,6.0,7.0,-1.0,1.2,1.4,4.0,17.0,24.0,14.0,10.0,2.4,1.4,0.3333333333333333,0.2,0.1,179,7.0,0.4,2.0,1.0,0.0,0.0,2.0,7.0,-5.0,0.6666666666666666,2.3333333333333335,0.0,2.0,5.0,10.0,-5.0,1.0,2.0,1.0,7.0,8.0,16.0,-8.0,0.8,1.6,0.0,0.0,0.2,88,8.0,0.0,0.6,1.8,H,6.0
2023-01-28,2022-23,Clausura,4,False,FC Juárez,Guadalajara,1.0,2.0,0.0,2.0,footballcsv,1492,1408.2829988533977,1538.928214796954,-130.64521594355642,1,2,2,5.0,8.0,5,1,2,4,6.0,12.0,7,1.0,3.0,5.0,6.0,-1.0,1.6666666666666667,2.0,2.0,6.0,8.0,10.0,-2.0,1.6,2.0,3.0,10.0,12.0,17.0,-5.0,1.2,1.7,0.3333333333333333,0.2,0.1,117,6.0,0.6,2.0,1.0,1.0,4.0,2.0,2.0,0.0,0.6666666666666666,0.6666666666666666,1.0,5.0,4.0,5.0,-1.0,0.8,1.0,3.0,12.0,9.0,12.0,-3.0,0.9,1.2,0.6666666666666666,0.4,0.4,161,7.0,0.2,0.8,1.0,A,3.0
2023-01-29,2022-23,Clausura,4,False,Toluca,León,0.0,0.0,0.0,0.0,footballcsv,1494,1519.1959299199366,1509.0626086169066,10.133321303030016,1,3,1,8.0,8.0,5,1,4,4,11.0,19.0,9,1.0,4.0,5.0,6.0,-1.0,1.6666666666666667,2.0,1.0,5.0,7.0,12.0,-5.0,1.4,2.4,6.0,20.0,22.0,18.0,4.0,2.2,1.8,0.0,0.0,0.1,163,8.0,0.6,2.4,2.2,1.0,3.0,3.0,6.0,-3.0,1.0,2.0,2.0,7.0,8.0,9.0,-1.0,1.6,1.8,5.0,16.0,17.0,16.0,1.0,1.7,1.6,0.0,0.0,0.2,171,7.0,0.2,1.0,2.0,D,0.0
2023-01-29,2022-23,Clausura,4,False,Pachuca,Necaxa,2.0,1.0,1.0,0.0,footballcsv,1493,1649.7448103735585,1452.9942322472639,196.7505781262946,2,1,2,6.0,6.0,5,4,2,2,16.0,11.0,8,2.0,6.0,10.0,6.0,4.0,3.3333333333333335,2.0,4.0,12.0,18.0,8.0,10.0,3.6,1.6,7.0,22.0,26.0,12.0,14.0,2.6,1.2,0.0,0.0,0.2,172,7.0,1.0,3.8,1.2,1.0,3.0,4.0,5.0,-1.0,1.3333333333333333,1.6666666666666667,1.0,3.0,4.0,8.0,-4.0,0.8,1.6,2.0,8.0,12.0,18.0,-6.0,1.2,1.8,0.3333333333333333,0.2,0.1,159,8.0,0.0,0.6,1.8,H,3.0
2023-02-01,2022-23,Clausura,1,False,Atlas,Toluca,0.0,0.0,0.0,0.0,footballcsv,1495,1493.4430926179564,1516.658357735511,-23.21526511755451,1,2,2,7.0,7.0,5,3,2,4,12.0,12.0,9,1.0,5.0,7.0,6.0,1.0,2.3333333333333335,2.0,2.0,8.0,8.0,8.0,0.0,1.6,1.6,2.0,9.0,12.0,19.0,-7.0,1.2,1.9,0.0,0.2,0.2,163,6.0,0.4,1.2,1.2,1.0,5.0,4.0,3.0,1.0,1.3333333333333333,1.0,1.0,5.0,6.0,11.0,-5.0,1.2,2.2,5.0,18.0,18.0,17.0,1.0,1.8,1.7,0.3333333333333333,0.2,0.2,164,3.0,0.4,1.4,1.4,D,0.0
2023-02-02,2022-23,Clausura,5,False,Atlético San Luis,Puebla,2.0,0.0,0.0,0.0,footballcsv,1496,1453.948309578334,1506.934477229822,-52.98616765148813,1,2,2,5.0,8.0,5,2,2,3,8.0,10.0,7,0.0,2.0,1.0,3.0,-2.0,0.3333333333333333,1.0,1.0,5.0,4.0,8.0,-4.0,0.8,1.6,2.0,9.0,9.0,18.0,-9.0,0.9,1.8,0.6666666666666666,0.4,0.3,121,5.0,0.2,0.4,1.0,1.0,4.0,5.0,4.0,1.0,1.6666666666666667,1.3333333333333333,1.0,4.0,7.0,14.0,-7.0,1.4,2.8,3.0,11.0,14.0,25.0,-11.0,1.4,2.5,0.3333333333333333,0.2,0.1,167,6.0,0.0,1.0,2.8,H,2.0
2023-02-03,2022-23,Clausura,5,False,Mazatlán FC,FC Juárez,2.0,3.0,1.0,1.0,footballcsv,1497,1448.6117271073317,1402.488221187663,46.12350591966879,3,1,1,9.0,5.0,5,3,1,1,9.0,5.0,5,0.0,0.0,2.0,10.0,-8.0,0.6666666666666666,3.3333333333333335,0.0,1.0,4.0,15.0,-11.0,0.8,3.0,1.0,6.0,7.0,21.0,-14.0,0.7,2.1,0.0,0.0,0.2,89,6.0,0.2,1.0,1.4,1.0,3.0,5.0,6.0,-1.0,1.6666666666666667,2.0,1.0,3.0,6.0,11.0,-5.0,1.2,2.2,3.0,9.0,11.0,17.0,-6.0,1.1,1.7,0.3333333333333333,0.2,0.1,118,6.0,0.0,0.4,2.4,A,5.0
2023-02-03,2022-23,Clausura,5,False,Necaxa,Tijuana,1.0,1.0,0.0,1.0,footballcsv,1498,1450.9138274908387,1406.7946933437574,44.11913414708124,2,2,1,7.0,3.0,5,3,2,3,11.0,8.0,8,1.0,3.0,3.0,4.0,-1.0,1.0,1.3333333333333333,1.0,3.0,5.0,9.0,-4.0,1.0,1.8,1.0,5.0,10.0,18.0,-8.0,1.0,1.8,0.3333333333333333,0.2,0.1,160,5.0,0.4,1.8,1.8,0.0,2.0,1.0,4.0,-3.0,0.3333333333333333,1.3333333333333333,0.0,4.0,4.0,7.0,-3.0,0.8,1.4,0.0,6.0,7.0,19.0,-12.0,0.7,1.9,0.3333333333333333,0.2,0.2,153,7.0,0.0,0.6,2.6,D,2.0
2023-02-04,2022-23,Clausura,5,False,Santos Laguna,América,2.0,2.0,2.0,1.0,footballcsv,1499,1574.2557370686463,1651.1305372862098,-76.87480021756346,0,2,3,8.0,12.0,5,1,3,4,11.0,15.0,8,2.0,7.0,7.0,3.0,4.0,2.3333333333333335,1.0,2.0,7.0,8.0,8.0,0.0,1.6,1.6,4.0,15.0,22.0,18.0,4.0,2.2,1.8,0.3333333333333333,0.2,0.3,168,9.0,0.6,1.8,1.0,1.0,5.0,10.0,4.0,6.0,3.3333333333333335,1.3333333333333333,1.0,7.0,11.0,5.0,6.0,2.2,1.0,5.0,19.0,27.0,11.0,16.0,2.7,1.1,0.3333333333333333,0.4,0.2,180,7.0,0.6,2.6,1.4,D,4.0
2023-02-04,2022-23,Clausura,5,False,León,Pachuca,0.0,1.0,0.0,1.0,footballcsv,1500,1511.6001808013323,1651.8252151299837,-140.22503432865142,2,1,2,3.0,6.0,5,5,2,2,12.0,9.0,9,1.0,4.0,3.0,5.0,-2.0,1.0,1.6666666666666667,1.0,5.0,5.0,8.0,-3.0,1.0,1.6,4.0,14.0,13.0,14.0,-1.0,1.3,1.4,0.3333333333333333,0.2,0.3,172,6.0,0.8,2.4,1.2,2.0,6.0,7.0,6.0,1.0,2.3333333333333335,2.0,4.0,12.0,15.0,8.0,7.0,3.0,1.6,8.0,24.0,28.0,13.0,15.0,2.8,1.3,0.0,0.0,0.1,173,6.0,0.4,1.4,1.2,A,1.0
2023-02-04,2022-23,Clausura,5,False,Cruz Azul,Tigres UANL,0.0,1.0,0.0,1.0,footballcsv,1501,1524.7282516627627,1631.3254659795452,-106.59721431678258,2,2,1,7.0,6.0,5,5,2,3,14.0,11.0,10,0.0,1.0,3.0,5.0,-2.0,1.0,1.6666666666666667,0.0,2.0,3.0,8.0,-5.0,0.6,1.6,5.0,17.0,12.0,11.0,1.0,1.2,1.1,0.0,0.2,0.3,175,14.0,0.6,1.4,1.0,1.0,5.0,5.0,2.0,3.0,1.6666666666666667,0.6666666666666666,2.0,8.0,9.0,4.0,5.0,1.8,0.8,6.0,20.0,20.0,7.0,13.0,2.0,0.7,0.3333333333333333,0.4,0.5,176,7.0,0.4,1.8,1.0,A,1.0
2023-02-05,2022-23,Clausura,5,False,Monterrey,Toluca,2.0,1.0,2.0,0.0,footballcsv,1502,1601.797403736311,1518.2783546837354,83.51904905257561,3,2,0,10.0,5.0,5,5,2,2,15.0,13.0,9,3.0,9.0,8.0,4.0,4.0,2.6666666666666665,1.3333333333333333,3.0,9.0,8.0,6.0,2.0,1.6,1.2,5.0,17.0,15.0,11.0,4.0,1.5,1.1,0.0,0.0,0.4,176,9.0,0.4,1.2,0.6,1.0,5.0,2.0,1.0,1.0,0.6666666666666666,0.3333333333333333,1.0,6.0,5.0,6.0,-1.0,1.0,1.2,4.0,16.0,15.0,17.0,-2.0,1.5,1.7,0.6666666666666666,0.4,0.2,165,4.0,0.4,1.2,1.2,H,3.0
2023-02-05,2022-23,Clausura,5,False,Guadalajara,Querétaro,1.0,1.0,0.0,0.0,footballcsv,1503,1544.7229924626888,1409.8147679678411,134.90822449484767,0,4,1,6.0,7.0,5,1,6,1,10.0,10.0,8,1.0,4.0,3.0,3.0,0.0,1.0,1.0,2.0,8.0,5.0,4.0,1.0,1.0,0.8,4.0,14.0,11.0,13.0,-2.0,1.1,1.3,0.3333333333333333,0.4,0.3,162,8.0,0.6,1.4,1.4,0.0,2.0,3.0,5.0,-2.0,1.0,1.6666666666666667,0.0,2.0,5.0,12.0,-7.0,1.0,2.4,0.0,4.0,11.0,23.0,-12.0,1.1,2.3,0.3333333333333333,0.2,0.1,154,14.0,0.0,0.6,2.6,D,2.0
2023-02-05,2022-23,Clausura,5,False,Pumas UNAM,Atlas,2.0,2.0,2.0,1.0,footballcsv,1504,1475.8589573999109,1491.8230956697319,-15.964138269820978,1,3,1,1.0,1.0,5,4,5,1,13.0,5.0,10,1.0,4.0,4.0,4.0,0.0,1.3333333333333333,1.3333333333333333,2.0,7.0,7.0,8.0,-1.0,1.4,1.6,3.0,12.0,15.0,15.0,0.0,1.5,1.5,0.3333333333333333,0.2,0.2,167,9.0,0.6,2.4,1.2,0.0,3.0,5.0,5.0,0.0,1.6666666666666667,1.6666666666666667,2.0,9.0,8.0,6.0,2.0,1.6,1.2,2.0,10.0,11.0,16.0,-5.0,1.1,1.6,0.3333333333333333,0.4,0.3,164,4.0,0.0,1.2,2.6,D,4.0
2023-02-09,2022-23,Clausura,6,False,Querétaro,León,0.0,3.0,0.0,2.0,footballcsv,1505,1415.315983447556,1506.0113251311836,-90.6953416836277,0,1,4,5.0,10.0,5,0,1,8,6.0,25.0,9,0.0,2.0,4.0,6.0,-2.0,1.3333333333333333,2.0,0.0,3.0,5.0,10.0,-5.0,1.0,2.0,0.0,5.0,12.0,23.0,-11.0,1.2,2.3,0.0,0.2,0.1,155,4.0,0.2,1.8,1.6,0.0,1.0,1.0,5.0,-4.0,0.3333333333333333,1.6666666666666667,1.0,4.0,3.0,7.0,-4.0,0.6,1.4,4.0,14.0,11.0,12.0,-1.0,1.1,1.2,0.3333333333333333,0.2,0.3,173,5.0,0.2,0.6,1.4,A,3.0
2023-02-09,2022-23,Clausura,6,False,Atlas,Monterrey,0.0,2.0,0.0,0.0,footballcsv,1506,1493.645605513954,1605.4187324512475,-111.77312693729345,1,3,1,3.0,4.0,5,2,4,4,7.0,12.0,10,0.0,3.0,4.0,4.0,0.0,1.3333333333333333,1.3333333333333333,1.0,7.0,9.0,8.0,1.0,1.8,1.6,2.0,11.0,11.0,14.0,-3.0,1.1,1.4,0.3333333333333333,0.2,0.3,165,4.0,0.4,1.2,1.2,3.0,9.0,7.0,3.0,4.0,2.3333333333333335,1.0,4.0,12.0,10.0,6.0,4.0,2.0,1.2,5.0,17.0,15.0,12.0,3.0,1.5,1.2,0.0,0.0,0.3,177,4.0,0.6,1.6,1.6,A,2.0
2023-02-10,2022-23,Clausura,6,False,Puebla,Mazatlán FC,3.0,1.0,3.0,0.0,footballcsv,1507,1496.923752701125,1439.269039717686,57.65471298343914,3,1,1,12.0,7.0,5,4,1,1,16.0,8.0,6,0.0,1.0,3.0,6.0,-3.0,1.0,2.0,1.0,4.0,6.0,11.0,-5.0,1.2,2.2,2.0,8.0,12.0,26.0,-14.0,1.2,2.6,0.0,0.2,0.1,168,8.0,0.2,1.2,2.2,0.0,0.0,3.0,11.0,-8.0,1.0,3.6666666666666665,0.0,0.0,4.0,16.0,-12.0,0.8,3.2,1.0,6.0,8.0,21.0,-13.0,0.8,2.1,0.0,0.0,0.2,90,7.0,0.0,0.6,3.0,H,4.0
2023-02-10,2022-23,Clausura,6,False,Tijuana,Atlético San Luis,1.0,0.0,0.0,0.0,footballcsv,1508,1410.2225313671693,1463.959034107031,-53.736502739861635,0,3,2,4.0,9.0,5,1,3,2,7.0,11.0,6,0.0,3.0,2.0,2.0,0.0,0.6666666666666666,0.6666666666666666,0.0,4.0,3.0,6.0,-3.0,0.6,1.2,0.0,7.0,8.0,17.0,-9.0,0.8,1.7,0.3333333333333333,0.2,0.2,154,7.0,0.0,0.8,1.0,1.0,4.0,3.0,3.0,0.0,1.0,1.0,2.0,8.0,6.0,5.0,1.0,1.2,1.0,3.0,12.0,10.0,14.0,-4.0,1.0,1.4,0.6666666666666666,0.6,0.4,122,8.0,0.4,1.4,1.8,H,1.0
2023-02-11,2022-23,Clausura,6,False,Pachuca,Guadalajara,1.0,1.0,0.0,1.0,footballcsv,1512,1657.4140708001323,1539.221776982974,118.19229381715832,2,2,1,7.0,5.0,5,5,4,1,17.0,9.0,10,3.0,9.0,7.0,2.0,5.0,2.3333333333333335,0.6666666666666666,4.0,12.0,13.0,7.0,6.0,2.6,1.4,9.0,27.0,29.0,12.0,17.0,2.9,1.2,0.3333333333333333,0.2,0.2,174,7.0,1.0,3.8,1.2,1.0,4.0,4.0,4.0,0.0,1.3333333333333333,1.3333333333333333,2.0,8.0,5.0,4.0,1.0,1.0,0.8,3.0,12.0,10.0,13.0,-3.0,1.0,1.3,0.0,0.4,0.3,163,6.0,0.4,1.0,0.8,D,2.0
2023-02-11,2022-23,Clausura,6,False,Tigres UANL,Pumas UNAM,4.0,2.0,3.0,1.0,footballcsv,1511,1637.6508754474423,1474.0364475556887,163.61442789175362,1,4,0,4.0,3.0,5,5,4,1,13.0,7.0,10,1.0,5.0,2.0,1.0,1.0,0.6666666666666666,0.3333333333333333,3.0,11.0,9.0,2.0,7.0,1.8,0.4,6.0,20.0,17.0,6.0,11.0,1.7,0.6,0.6666666666666666,0.6,0.6,177,7.0,0.6,1.4,0.4,1.0,5.0,6.0,3.0,3.0,2.0,1.0,2.0,8.0,8.0,7.0,1.0,1.6,1.4,3.0,12.0,17.0,17.0,0.0,1.7,1.7,0.3333333333333333,0.2,0.1,168,6.0,0.0,0.8,2.0,H,6.0
2023-02-11,2022-23,Clausura,6,False,FC Juárez,Santos Laguna,3.0,1.0,0.0,1.0,footballcsv,1510,1411.8309085773087,1574.165789014163,-162.3348804368543,0,2,3,3.0,8.0,5,0,2,5,4.0,13.0,7,1.0,3.0,5.0,8.0,-3.0,1.6666666666666667,2.6666666666666665,2.0,6.0,9.0,10.0,-1.0,1.8,2.0,4.0,12.0,14.0,18.0,-4.0,1.4,1.8,0.0,0.2,0.1,119,8.0,0.6,1.8,1.0,1.0,5.0,6.0,5.0,1.0,2.0,1.6666666666666667,2.0,8.0,9.0,8.0,1.0,1.8,1.6,4.0,15.0,21.0,17.0,4.0,2.1,1.7,0.0,0.2,0.3,169,7.0,0.2,2.6,2.6,H,4.0
2023-02-11,2022-23,Clausura,6,False,América,Necaxa,2.0,1.0,1.0,0.0,footballcsv,1509,1651.2204853406931,1447.4859894674269,203.73449587326627,4,1,0,8.0,4.0,5,4,2,3,12.0,14.0,9,1.0,5.0,10.0,4.0,6.0,3.3333333333333335,1.3333333333333333,1.0,7.0,12.0,6.0,6.0,2.4,1.2,4.0,17.0,27.0,12.0,15.0,2.7,1.2,0.3333333333333333,0.4,0.2,181,7.0,0.4,2.8,0.8,1.0,4.0,3.0,3.0,0.0,1.0,1.0,1.0,4.0,6.0,8.0,-2.0,1.2,1.6,1.0,6.0,10.0,16.0,-6.0,1.0,1.6,0.3333333333333333,0.2,0.1,161,8.0,0.0,0.6,1.6,H,3.0
2023-02-12,2022-23,Clausura,6,False,Toluca,Cruz Azul,3.0,1.0,1.0,1.0,footballcsv,1513,1514.657025968799,1518.4028421948656,-3.7458162260666086,2,0,3,7.0,14.0,5,3,3,4,16.0,22.0,10,0.0,2.0,1.0,2.0,-1.0,0.3333333333333333,0.6666666666666666,1.0,6.0,5.0,5.0,0.0,1.0,1.0,3.0,13.0,12.0,16.0,-4.0,1.2,1.6,0.6666666666666666,0.4,0.2,166,7.0,0.4,1.8,2.2,0.0,0.0,2.0,5.0,-3.0,0.6666666666666666,1.6666666666666667,0.0,1.0,3.0,9.0,-6.0,0.6,1.8,4.0,14.0,10.0,12.0,-2.0,1.0,1.2,0.0,0.0,0.2,176,8.0,0.2,1.0,1.8,H,4.0
2023-02-14,2022-23,Clausura,7,False,Atlético San Luis,América,1.0,3.0,1.0,2.0,footballcsv,1514,1457.6261351489939,1653.2266477878118,-195.60051263881792,1,0,4,5.0,10.0,5,1,0,5,5.0,11.0,6,1.0,4.0,2.0,1.0,1.0,0.6666666666666666,0.3333333333333333,1.0,5.0,3.0,4.0,-1.0,0.6,0.8,3.0,11.0,10.0,15.0,-5.0,1.0,1.5,0.6666666666666666,0.6,0.3,123,4.0,0.2,0.6,1.0,2.0,7.0,10.0,3.0,7.0,3.3333333333333335,1.0,2.0,9.0,14.0,7.0,7.0,2.8,1.4,4.0,17.0,27.0,12.0,15.0,2.7,1.2,0.3333333333333333,0.2,0.2,182,3.0,0.4,2.6,1.6,A,4.0
2023-02-14,2022-23,Clausura,7,False,Tigres UANL,FC Juárez,0.0,0.0,0.0,0.0,footballcsv,1515,1641.556627283181,1425.372844305496,216.1837829776848,4,1,0,11.0,5.0,5,6,1,0,16.0,8.0,7,2.0,7.0,5.0,2.0,3.0,1.6666666666666667,0.6666666666666666,3.0,11.0,10.0,4.0,6.0,2.0,0.8,7.0,23.0,20.0,6.0,14.0,2.0,0.6,0.6666666666666666,0.4,0.6,178,3.0,0.8,2.2,0.6,2.0,6.0,7.0,5.0,2.0,2.3333333333333335,1.6666666666666667,3.0,9.0,11.0,9.0,2.0,2.2,1.8,5.0,15.0,17.0,18.0,-1.0,1.7,1.8,0.0,0.2,0.1,120,3.0,0.2,1.0,2.6,D,0.0
2023-02-14,2022-23,Clausura,7,False,León,Puebla,2.0,0.0,0.0,0.0,footballcsv,1516,1519.3826463093935,1503.3682287813594,16.014417528034073,2,1,2,5.0,4.0,5,4,1,5,12.0,11.0,10,1.0,4.0,3.0,1.0,2.0,1.0,0.3333333333333333,2.0,7.0,6.0,6.0,0.0,1.2,1.2,4.0,14.0,13.0,12.0,1.0,1.3,1.2,0.6666666666666666,0.4,0.3,174,5.0,0.6,1.6,1.0,1.0,3.0,4.0,5.0,-1.0,1.3333333333333333,1.6666666666666667,2.0,7.0,8.0,7.0,1.0,1.6,1.4,2.0,8.0,13.0,26.0,-13.0,1.3,2.6,0.0,0.2,0.1,169,4.0,0.0,0.8,3.0,H,2.0
2023-02-15,2022-23,Clausura,7,False,Necaxa,Pumas UNAM,3.0,1.0,2.0,1.0,footballcsv,1517,1445.4798270203082,1470.1306957199502,-24.650868699641933,2,1,2,7.0,4.0,5,3,1,4,12.0,12.0,8,0.0,1.0,3.0,5.0,-2.0,1.0,1.6666666666666667,1.0,4.0,5.0,7.0,-2.0,1.0,1.4,1.0,6.0,10.0,16.0,-6.0,1.0,1.6,0.0,0.2,0.1,162,4.0,0.2,1.4,1.6,0.0,2.0,4.0,6.0,-2.0,1.3333333333333333,2.0,1.0,5.0,8.0,10.0,-2.0,1.6,2.0,2.0,9.0,15.0,20.0,-5.0,1.5,2.0,0.3333333333333333,0.2,0.1,169,4.0,0.0,0.8,2.4,H,4.0
2023-02-15,2022-23,Clausura,7,False,Monterrey,Querétaro,2.0,0.0,2.0,0.0,footballcsv,1518,1615.2608186779955,1401.944662269346,213.31615640864948,3,1,1,7.0,3.0,5,5,1,3,13.0,9.0,9,3.0,9.0,6.0,2.0,4.0,2.0,0.6666666666666666,5.0,15.0,12.0,5.0,7.0,2.4,1.0,6.0,19.0,17.0,12.0,5.0,1.7,1.2,0.3333333333333333,0.2,0.3,178,6.0,0.6,1.6,0.8,0.0,2.0,4.0,7.0,-3.0,1.3333333333333333,2.3333333333333335,0.0,3.0,4.0,9.0,-5.0,0.8,1.8,0.0,5.0,11.0,24.0,-13.0,1.1,2.4,0.0,0.2,0.1,156,6.0,0.0,0.6,2.0,H,2.0
2023-02-15,2022-23,Clausura,7,False,Guadalajara,Tijuana,2.0,1.0,1.0,1.0,footballcsv,1519,1544.3786244640903,1416.5554303252063,127.82319413888399,3,2,0,6.0,2.0,5,5,2,2,10.0,5.0,9,1.0,5.0,4.0,3.0,1.0,1.3333333333333333,1.0,1.0,6.0,5.0,5.0,0.0,1.0,1.0,2.0,10.0,10.0,14.0,-4.0,1.0,1.4,0.0,0.2,0.2,164,4.0,0.4,1.4,1.6,1.0,5.0,2.0,1.0,1.0,0.6666666666666666,0.3333333333333333,1.0,6.0,3.0,5.0,-2.0,0.6,1.0,1.0,9.0,9.0,17.0,-8.0,0.9,1.7,0.6666666666666666,0.4,0.2,155,5.0,0.0,0.8,2.4,H,3.0
2023-02-16,2022-23,Clausura,7,False,Mazatlán FC,Pachuca,2.0,3.0,0.0,1.0,footballcsv,1520,1432.8245636374515,1652.257223319016,-219.43265968156447,2,1,2,8.0,9.0,5,2,1,2,8.0,9.0,5,0.0,0.0,3.0,12.0,-9.0,1.0,4.0,0.0,0.0,5.0,16.0,-11.0,1.0,3.2,1.0,5.0,9.0,24.0,-15.0,0.9,2.4,0.0,0.0,0.1,91,6.0,0.2,1.2,1.8,2.0,7.0,4.0,2.0,2.0,1.3333333333333333,0.6666666666666666,3.0,10.0,9.0,7.0,2.0,1.8,1.4,8.0,25.0,28.0,12.0,16.0,2.8,1.2,0.3333333333333333,0.2,0.2,175,5.0,0.6,1.6,1.2,A,5.0
2023-02-17,2022-23,Clausura,8,False,Puebla,Cruz Azul,1.0,3.0,0.0,1.0,footballcsv,1521,1495.6787343159551,1510.0784692880404,-14.399734972085298,2,3,0,8.0,5.0,5,2,5,1,10.0,10.0,8,1.0,3.0,3.0,5.0,-2.0,1.0,1.6666666666666667,1.0,4.0,6.0,9.0,-3.0,1.2,1.8,2.0,8.0,12.0,26.0,-14.0,1.2,2.6,0.0,0.0,0.1,170,3.0,0.4,1.6,2.0,0.0,0.0,1.0,5.0,-4.0,0.3333333333333333,1.6666666666666667,0.0,1.0,4.0,9.0,-5.0,0.8,1.8,3.0,11.0,9.0,14.0,-5.0,0.9,1.4,0.0,0.0,0.2,177,5.0,0.2,0.8,1.8,A,4.0
2023-02-17,2022-23,Clausura,8,False,FC Juárez,León,0.0,0.0,0.0,0.0,footballcsv,1522,1432.2965012976365,1527.0721407747978,-94.77563947716135,1,1,3,1.0,4.0,5,1,1,5,3.0,11.0,7,2.0,7.0,6.0,3.0,3.0,2.0,1.0,2.0,7.0,8.0,9.0,-1.0,1.6,1.8,4.0,13.0,15.0,17.0,-2.0,1.5,1.7,0.3333333333333333,0.2,0.2,121,3.0,0.8,2.4,1.0,2.0,6.0,5.0,1.0,4.0,1.6666666666666667,0.3333333333333333,2.0,7.0,6.0,5.0,1.0,1.2,1.0,4.0,14.0,14.0,12.0,2.0,1.4,1.2,0.6666666666666666,0.6,0.3,175,3.0,0.2,1.0,1.4,D,0.0
2023-02-18,2022-23,Clausura,8,False,Pumas UNAM,Guadalajara,1.0,2.0,0.0,2.0,footballcsv,1525,1461.1071103539255,1547.3188701420747,-86.21175978814927,0,1,4,4.0,12.0,5,2,3,4,11.0,17.0,9,0.0,1.0,5.0,9.0,-4.0,1.6666666666666667,3.0,1.0,5.0,9.0,10.0,-1.0,1.8,2.0,2.0,8.0,14.0,21.0,-7.0,1.4,2.1,0.0,0.2,0.1,170,3.0,0.6,2.6,1.4,1.0,5.0,4.0,3.0,1.0,1.3333333333333333,1.0,2.0,8.0,7.0,6.0,1.0,1.4,1.2,3.0,13.0,11.0,11.0,0.0,1.1,1.1,0.0,0.0,0.2,165,3.0,0.4,1.0,0.6,A,3.0
2023-02-18,2022-23,Clausura,8,False,Atlas,Tigres UANL,0.0,1.0,0.0,1.0,footballcsv,1526,1483.803519287206,1634.6329702910405,-150.8294510038345,1,2,2,7.0,8.0,5,2,4,4,11.0,14.0,10,0.0,2.0,2.0,4.0,-2.0,0.6666666666666666,1.3333333333333333,0.0,4.0,7.0,9.0,-2.0,1.4,1.8,2.0,10.0,11.0,16.0,-5.0,1.1,1.6,0.3333333333333333,0.2,0.2,166,9.0,0.4,1.0,1.0,2.0,7.0,5.0,2.0,3.0,1.6666666666666667,0.6666666666666666,2.0,9.0,6.0,3.0,3.0,1.2,0.6,6.0,21.0,17.0,6.0,11.0,1.7,0.6,0.6666666666666666,0.6,0.6,179,4.0,0.6,1.8,0.6,A,1.0
2023-02-18,2022-23,Clausura,8,False,Monterrey,Necaxa,2.0,1.0,0.0,0.0,footballcsv,1523,1618.2848281650015,1454.503412386333,163.7814157786686,2,2,1,8.0,4.0,5,5,3,2,14.0,9.0,10,3.0,9.0,6.0,1.0,5.0,2.0,0.3333333333333333,5.0,15.0,11.0,3.0,8.0,2.2,0.6,7.0,21.0,19.0,12.0,7.0,1.9,1.2,0.6666666666666666,0.4,0.3,179,3.0,0.6,1.4,0.8,1.0,4.0,5.0,4.0,1.0,1.6666666666666667,1.3333333333333333,2.0,7.0,7.0,6.0,1.0,1.4,1.2,2.0,8.0,12.0,16.0,-4.0,1.2,1.6,0.0,0.2,0.1,163,3.0,0.0,0.6,1.8,H,3.0
2023-02-18,2022-23,Clausura,8,False,Atlético San Luis,Santos Laguna,1.0,1.0,1.0,0.0,footballcsv,1524,1450.5386159392567,1560.6238532859757,-110.08523734671894,1,1,3,3.0,9.0,5,1,1,5,6.0,14.0,7,1.0,3.0,3.0,4.0,-1.0,1.0,1.3333333333333333,1.0,4.0,4.0,7.0,-3.0,0.8,1.4,3.0,11.0,11.0,15.0,-4.0,1.1,1.5,0.3333333333333333,0.4,0.3,124,4.0,0.2,0.8,1.6,0.0,2.0,5.0,7.0,-2.0,1.6666666666666667,2.3333333333333335,2.0,8.0,10.0,8.0,2.0,2.0,1.6,4.0,14.0,19.0,17.0,2.0,1.9,1.7,0.0,0.2,0.3,170,7.0,0.2,2.2,2.6,D,2.0
2023-02-19,2022-23,Clausura,8,False,Querétaro,Mazatlán FC,1.0,1.0,1.0,0.0,footballcsv,1527,1398.92065278234,1428.7902100964266,-29.869557314086478,1,2,2,5.0,7.0,5,1,2,2,5.0,7.0,5,0.0,1.0,1.0,6.0,-5.0,0.3333333333333333,2.0,0.0,2.0,4.0,11.0,-7.0,0.8,2.2,0.0,4.0,10.0,25.0,-15.0,1.0,2.5,0.0,0.0,0.1,157,4.0,0.0,1.4,2.2,0.0,0.0,5.0,9.0,-4.0,1.6666666666666667,3.0,0.0,0.0,6.0,17.0,-11.0,1.2,3.4,0.0,2.0,10.0,27.0,-17.0,1.0,2.7,0.0,0.0,0.0,92,3.0,0.0,0.8,3.2,D,2.0
2023-02-19,2022-23,Clausura,8,False,Pachuca,Toluca,1.0,2.0,0.0,1.0,footballcsv,1528,1656.291576860041,1522.981398875624,133.3101779844169,4,0,1,16.0,5.0,5,6,1,3,22.0,11.0,10,2.0,7.0,5.0,3.0,2.0,1.6666666666666667,1.0,4.0,13.0,11.0,5.0,6.0,2.2,1.0,8.0,25.0,26.0,12.0,14.0,2.6,1.2,0.3333333333333333,0.2,0.2,176,3.0,0.8,3.0,1.0,1.0,4.0,4.0,3.0,1.0,1.3333333333333333,1.0,2.0,8.0,6.0,4.0,2.0,1.2,0.8,3.0,13.0,13.0,16.0,-3.0,1.3,1.6,0.3333333333333333,0.4,0.2,167,7.0,0.2,1.0,1.4,A,3.0
2023-02-19,2022-23,Clausura,8,False,América,Tijuana,2.0,1.0,1.0,0.0,footballcsv,1529,1660.314166997549,1413.615184647222,246.69898235032701,4,0,1,11.0,3.0,5,6,1,2,19.0,7.0,9,2.0,7.0,7.0,4.0,3.0,2.3333333333333335,1.3333333333333333,3.0,11.0,15.0,6.0,9.0,3.0,1.2,4.0,17.0,24.0,12.0,12.0,2.4,1.2,0.0,0.2,0.2,183,5.0,0.4,2.2,0.8,1.0,4.0,3.0,3.0,0.0,1.0,1.0,1.0,6.0,4.0,4.0,0.0,0.8,0.8,1.0,9.0,9.0,17.0,-8.0,0.9,1.7,0.3333333333333333,0.4,0.2,156,4.0,0.0,1.0,2.8,H,3.0
2023-02-22,2022-23,Clausura,7,False,Cruz Azul,Atlas,1.0,0.0,0.0,0.0,footballcsv,1530,1523.114608646159,1478.4385909758018,44.67601767035717,2,1,2,6.0,6.0,5,5,1,3,14.0,9.0,9,1.0,3.0,4.0,5.0,-1.0,1.3333333333333333,1.6666666666666667,1.0,3.0,6.0,9.0,-3.0,1.2,1.8,3.0,11.0,10.0,14.0,-4.0,1.0,1.4,0.0,0.0,0.2,178,5.0,0.4,1.0,1.0,0.0,1.0,2.0,5.0,-3.0,0.6666666666666666,1.6666666666666667,0.0,3.0,4.0,7.0,-3.0,0.8,1.4,2.0,10.0,11.0,16.0,-5.0,1.1,1.6,0.0,0.2,0.2,167,4.0,0.0,1.4,2.4,H,1.0
2023-02-23,2022-23,Clausura,7,False,Santos Laguna,Toluca,0.0,5.0,0.0,2.0,footballcsv,1531,1559.7600883699606,1533.7037332617872,26.05635510817342,0,1,4,8.0,13.0,5,3,2,5,20.0,19.0,10,0.0,2.0,4.0,6.0,-2.0,1.3333333333333333,2.0,1.0,6.0,8.0,9.0,-1.0,1.6,1.8,3.0,12.0,18.0,18.0,0.0,1.8,1.8,0.0,0.0,0.2,171,5.0,0.4,1.8,1.4,2.0,6.0,6.0,4.0,2.0,2.0,1.3333333333333333,2.0,8.0,6.0,4.0,2.0,1.2,0.8,3.0,13.0,13.0,16.0,-3.0,1.3,1.6,0.0,0.4,0.2,168,4.0,0.4,1.2,1.4,A,5.0
2023-02-24,2022-23,Clausura,9,False,Mazatlán FC,Pumas UNAM,1.0,2.0,1.0,0.0,footballcsv,1533,1430.2231499939778,1454.3187195169667,-24.095569522988853,0,4,1,4.0,7.0,5,0,4,1,4.0,7.0,5,0.0,1.0,4.0,7.0,-3.0,1.3333333333333333,2.3333333333333335,0.0,1.0,6.0,16.0,-10.0,1.2,3.2,0.0,3.0,11.0,26.0,-15.0,1.1,2.6,0.0,0.0,0.0,93,5.0,0.2,1.4,1.8,0.0,0.0,4.0,9.0,-5.0,1.3333333333333333,3.0,0.0,2.0,6.0,11.0,-5.0,1.2,2.2,2.0,8.0,14.0,21.0,-7.0,1.4,2.1,0.0,0.2,0.1,171,6.0,0.0,0.8,2.6,A,3.0
2023-02-24,2022-23,Clausura,9,False,Necaxa,Querétaro,1.0,1.0,1.0,0.0,footballcsv,1532,1452.0412261368324,1397.4877128847888,54.55351325204356,3,1,1,4.0,4.0,5,7,1,2,15.0,10.0,10,1.0,3.0,5.0,5.0,0.0,1.6666666666666667,1.6666666666666667,1.0,4.0,7.0,8.0,-1.0,1.4,1.6,2.0,7.0,11.0,16.0,-5.0,1.1,1.6,0.0,0.0,0.1,164,6.0,0.4,1.8,1.4,0.0,1.0,1.0,6.0,-5.0,0.3333333333333333,2.0,0.0,3.0,5.0,10.0,-5.0,1.0,2.0,0.0,5.0,10.0,22.0,-12.0,1.0,2.2,0.0,0.0,0.1,158,5.0,0.0,0.4,1.8,D,2.0
2023-02-25,2022-23,Clausura,9,False,Atlas,América,2.0,2.0,1.0,2.0,footballcsv,1534,1474.1367063844214,1661.9112906126372,-187.77458422821587,1,1,3,2.0,4.0,5,2,1,5,6.0,9.0,8,0.0,0.0,0.0,4.0,-4.0,0.0,1.3333333333333333,0.0,2.0,2.0,6.0,-4.0,0.4,1.2,2.0,10.0,10.0,14.0,-4.0,1.0,1.4,0.0,0.2,0.2,168,3.0,0.2,0.8,1.2,3.0,9.0,7.0,3.0,4.0,2.3333333333333335,1.0,4.0,13.0,15.0,5.0,10.0,3.0,1.0,4.0,17.0,21.0,12.0,9.0,2.1,1.2,0.0,0.2,0.2,184,6.0,0.4,2.8,1.6,D,4.0
2023-02-25,2022-23,Clausura,9,False,Tigres UANL,Guadalajara,1.0,2.0,0.0,2.0,footballcsv,1535,1639.9978986024446,1554.1072609790335,85.89063762341107,3,1,1,10.0,6.0,5,6,1,2,16.0,9.0,9,2.0,7.0,5.0,2.0,3.0,1.6666666666666667,0.6666666666666666,3.0,11.0,6.0,2.0,4.0,1.2,0.4,6.0,21.0,16.0,6.0,10.0,1.6,0.6,0.6666666666666666,0.8,0.6,180,7.0,0.6,1.8,0.6,2.0,7.0,5.0,3.0,2.0,1.6666666666666667,1.0,3.0,11.0,8.0,5.0,3.0,1.6,1.0,4.0,16.0,12.0,10.0,2.0,1.2,1.0,0.0,0.0,0.2,166,7.0,0.6,1.2,0.6,A,3.0
2023-02-25,2022-23,Clausura,9,False,Cruz Azul,FC Juárez,1.0,0.0,1.0,0.0,footballcsv,1536,1527.4164932375395,1432.7215221867393,94.69497105080018,3,1,1,8.0,6.0,5,4,1,1,10.0,6.0,6,2.0,6.0,5.0,4.0,1.0,1.6666666666666667,1.3333333333333333,2.0,6.0,5.0,6.0,-1.0,1.0,1.2,3.0,11.0,9.0,13.0,-4.0,0.9,1.3,0.3333333333333333,0.2,0.3,179,3.0,0.4,0.8,0.8,1.0,5.0,3.0,1.0,2.0,1.0,0.3333333333333333,2.0,8.0,7.0,5.0,2.0,1.4,1.0,4.0,14.0,15.0,15.0,0.0,1.5,1.5,0.6666666666666666,0.4,0.3,122,8.0,0.2,1.0,2.2,H,1.0
2023-02-26,2022-23,Clausura,9,False,Santos Laguna,Puebla,3.0,2.0,2.0,0.0,footballcsv,1537,1536.5368427900548,1482.6425949578365,53.8942478322183,1,2,2,6.0,5.0,5,3,5,2,15.0,9.0,10,0.0,1.0,2.0,9.0,-7.0,0.6666666666666666,3.0,0.0,3.0,6.0,13.0,-7.0,1.2,2.6,2.0,9.0,15.0,23.0,-8.0,1.5,2.3,0.0,0.0,0.1,172,3.0,0.2,1.2,2.4,1.0,3.0,4.0,6.0,-2.0,1.3333333333333333,2.0,1.0,3.0,5.0,10.0,-5.0,1.0,2.0,2.0,7.0,12.0,28.0,-16.0,1.2,2.8,0.0,0.0,0.1,171,9.0,0.0,0.8,3.2,H,5.0
2023-02-26,2022-23,Clausura,9,False,Toluca,Atlético San Luis,2.0,0.0,2.0,0.0,footballcsv,1538,1556.926978841693,1451.4023808552718,105.52459798642121,2,1,2,5.0,5.0,5,3,1,2,8.0,6.0,6,3.0,9.0,10.0,2.0,8.0,3.3333333333333335,0.6666666666666666,3.0,10.0,11.0,4.0,7.0,2.2,0.8,4.0,15.0,17.0,15.0,2.0,1.7,1.5,0.3333333333333333,0.4,0.3,169,3.0,0.4,1.6,1.8,0.0,1.0,2.0,5.0,-3.0,0.6666666666666666,1.6666666666666667,1.0,5.0,4.0,5.0,-1.0,0.8,1.0,2.0,9.0,9.0,15.0,-6.0,0.9,1.5,0.0,0.4,0.3,125,8.0,0.4,1.4,1.4,H,2.0
2023-02-26,2022-23,Clausura,9,False,Tijuana,Pachuca,2.0,0.0,2.0,0.0,footballcsv,1539,1412.0180610321336,1645.569242473878,-233.55118144174435,1,1,3,5.0,12.0,5,3,1,5,10.0,22.0,9,1.0,3.0,3.0,4.0,-1.0,1.0,1.3333333333333333,1.0,5.0,4.0,5.0,-1.0,0.8,1.0,1.0,9.0,9.0,13.0,-4.0,0.9,1.3,0.3333333333333333,0.4,0.2,157,7.0,0.2,0.8,0.6,1.0,4.0,5.0,5.0,0.0,1.6666666666666667,1.6666666666666667,3.0,10.0,8.0,6.0,2.0,1.6,1.2,7.0,22.0,26.0,14.0,12.0,2.6,1.4,0.0,0.2,0.1,177,7.0,0.8,2.2,1.4,H,2.0
2023-02-27,2022-23,Clausura,9,False,León,Monterrey,1.0,1.0,1.0,0.0,footballcsv,1540,1526.647119885695,1620.747014414502,-94.099894528807,2,2,1,4.0,6.0,5,3,3,3,11.0,14.0,9,2.0,7.0,5.0,0.0,5.0,1.6666666666666667,0.0,2.0,8.0,5.0,1.0,4.0,1.0,0.2,4.0,15.0,13.0,10.0,3.0,1.3,1.0,1.0,0.8,0.4,176,10.0,0.6,1.8,1.0,3.0,9.0,6.0,1.0,5.0,2.0,0.3333333333333333,5.0,15.0,10.0,3.0,7.0,2.0,0.6,7.0,21.0,18.0,13.0,5.0,1.8,1.3,0.6666666666666666,0.4,0.2,180,9.0,0.6,1.8,1.6,D,2.0
2023-03-03,2022-23,Clausura,10,False,Tijuana,Atlas,1.0,1.0,1.0,1.0,footballcsv,1542,1427.5663286703525,1477.1428984391175,-49.57656976876501,4,0,1,9.0,3.0,5,6,1,2,16.0,8.0,9,1.0,3.0,4.0,4.0,0.0,1.3333333333333333,1.3333333333333333,2.0,7.0,6.0,5.0,1.0,1.2,1.0,2.0,11.0,10.0,12.0,-2.0,1.0,1.2,0.3333333333333333,0.4,0.3,158,5.0,0.4,1.0,0.4,0.0,1.0,2.0,4.0,-2.0,0.6666666666666666,1.3333333333333333,0.0,2.0,4.0,8.0,-4.0,0.8,1.6,2.0,11.0,12.0,14.0,-2.0,1.2,1.4,0.0,0.0,0.2,169,6.0,0.0,1.0,1.8,D,2.0
2023-03-03,2022-23,Clausura,10,False,Mazatlán FC,Cruz Azul,3.0,1.0,1.0,1.0,footballcsv,1543,1422.1858903579189,1530.8563528195152,-108.67046246159634,1,1,3,5.0,7.0,5,1,1,3,5.0,7.0,5,0.0,1.0,4.0,6.0,-2.0,1.3333333333333333,2.0,0.0,1.0,7.0,12.0,-5.0,1.4,2.4,0.0,2.0,11.0,27.0,-16.0,1.1,2.7,0.0,0.0,0.0,94,7.0,0.0,1.4,2.2,3.0,9.0,5.0,1.0,4.0,1.6666666666666667,0.3333333333333333,3.0,9.0,6.0,5.0,1.0,1.2,1.0,3.0,11.0,9.0,13.0,-4.0,0.9,1.3,0.6666666666666666,0.4,0.3,180,6.0,0.2,1.0,1.8,H,4.0
2023-03-03,2022-23,Clausura,10,False,Necaxa,Tigres UANL,0.0,1.0,0.0,1.0,footballcsv,1541,1448.3511297249659,1629.987353029524,-181.63622330455814,1,3,1,3.0,3.0,5,1,4,4,7.0,13.0,9,1.0,4.0,5.0,4.0,1.0,1.6666666666666667,1.3333333333333333,1.0,5.0,7.0,7.0,0.0,1.4,1.4,2.0,8.0,12.0,16.0,-4.0,1.2,1.6,0.0,0.0,0.1,165,7.0,0.4,1.6,1.2,1.0,4.0,2.0,2.0,0.0,0.6666666666666666,0.6666666666666666,3.0,10.0,7.0,4.0,3.0,1.4,0.8,5.0,18.0,16.0,8.0,8.0,1.6,0.8,0.6666666666666666,0.6,0.5,181,6.0,0.6,1.4,0.6,A,1.0
2023-03-04,2022-23,Clausura,10,False,León,Atlético San Luis,2.0,0.0,0.0,0.0,footballcsv,1546,1527.0527248253304,1446.2191909312503,80.83353389408012,3,1,1,7.0,4.0,5,4,1,2,11.0,9.0,7,1.0,5.0,3.0,1.0,2.0,1.0,0.3333333333333333,2.0,8.0,6.0,2.0,4.0,1.2,0.4,3.0,13.0,11.0,10.0,1.0,1.1,1.0,0.6666666666666666,0.6,0.4,177,5.0,0.4,1.4,1.0,0.0,1.0,2.0,6.0,-4.0,0.6666666666666666,2.0,1.0,4.0,4.0,7.0,-3.0,0.8,1.4,2.0,9.0,8.0,15.0,-7.0,0.8,1.5,0.0,0.2,0.3,126,6.0,0.2,0.8,1.6,H,2.0
2023-03-04,2022-23,Clausura,10,False,América,Pachuca,0.0,3.0,0.0,3.0,footballcsv,1547,1658.905098557941,1630.020974835659,28.884123722282084,1,2,2,6.0,8.0,5,4,3,3,16.0,15.0,10,2.0,7.0,7.0,4.0,3.0,2.3333333333333335,1.3333333333333333,3.0,11.0,11.0,7.0,4.0,2.2,1.4,4.0,18.0,22.0,12.0,10.0,2.2,1.2,0.0,0.0,0.2,185,7.0,0.6,2.4,0.8,1.0,3.0,4.0,6.0,-2.0,1.3333333333333333,2.0,2.0,7.0,6.0,7.0,-1.0,1.2,1.4,6.0,19.0,21.0,15.0,6.0,2.1,1.5,0.0,0.2,0.1,178,6.0,0.6,2.0,1.8,A,3.0
2023-03-04,2022-23,Clausura,10,False,Monterrey,FC Juárez,3.0,0.0,1.0,0.0,footballcsv,1544,1620.3414094748666,1429.2816626047636,191.05974687010303,4,0,1,13.0,5.0,5,4,1,2,14.0,7.0,7,2.0,7.0,5.0,2.0,3.0,1.6666666666666667,0.6666666666666666,4.0,13.0,9.0,3.0,6.0,1.8,0.6,7.0,22.0,17.0,9.0,8.0,1.7,0.9,0.3333333333333333,0.4,0.2,181,5.0,0.8,1.8,0.8,0.0,2.0,0.0,1.0,-1.0,0.0,0.3333333333333333,2.0,8.0,6.0,4.0,2.0,1.2,0.8,3.0,11.0,12.0,15.0,-3.0,1.2,1.5,0.6666666666666666,0.4,0.3,123,7.0,0.2,1.0,1.8,H,3.0
2023-03-04,2022-23,Clausura,10,False,Guadalajara,Santos Laguna,2.0,0.0,2.0,0.0,footballcsv,1545,1564.1178065519541,1540.6703356514672,23.447470900486906,1,3,1,3.0,4.0,5,1,3,4,4.0,10.0,8,3.0,9.0,6.0,3.0,3.0,2.0,1.0,3.0,11.0,8.0,5.0,3.0,1.6,1.0,5.0,19.0,13.0,9.0,4.0,1.3,0.9,0.0,0.0,0.2,167,7.0,0.4,1.2,1.6,1.0,4.0,4.0,8.0,-4.0,1.3333333333333333,2.6666666666666665,1.0,5.0,7.0,13.0,-6.0,1.4,2.6,3.0,12.0,15.0,21.0,-6.0,1.5,2.1,0.0,0.0,0.1,173,6.0,0.2,1.8,2.2,H,2.0
2023-03-05,2022-23,Clausura,10,False,Pumas UNAM,Puebla,2.0,4.0,1.0,2.0,footballcsv,1548,1462.3559791530256,1478.5091020964242,-16.153122943398557,2,2,1,9.0,5.0,5,2,4,2,12.0,9.0,8,1.0,3.0,4.0,6.0,-2.0,1.3333333333333333,2.0,1.0,4.0,8.0,12.0,-4.0,1.6,2.4,3.0,11.0,15.0,20.0,-5.0,1.5,2.0,0.0,0.0,0.1,172,9.0,0.4,2.0,1.6,0.0,0.0,3.0,8.0,-5.0,1.0,2.6666666666666665,1.0,3.0,6.0,11.0,-5.0,1.2,2.2,2.0,7.0,13.0,25.0,-12.0,1.3,2.5,0.0,0.0,0.1,172,7.0,0.0,1.0,2.8,A,6.0
2023-03-05,2022-23,Clausura,10,False,Querétaro,Toluca,1.0,0.0,1.0,0.0,footballcsv,1549,1401.1778092966554,1562.1101687657144,-160.93235946905907,1,2,2,8.0,10.0,5,2,4,3,11.0,15.0,9,0.0,2.0,2.0,4.0,-2.0,0.6666666666666666,1.3333333333333333,0.0,3.0,3.0,8.0,-5.0,0.6,1.6,0.0,5.0,8.0,20.0,-12.0,0.8,2.0,0.0,0.0,0.1,159,9.0,0.0,1.6,2.2,3.0,9.0,9.0,1.0,8.0,3.0,0.3333333333333333,4.0,12.0,13.0,4.0,9.0,2.6,0.8,5.0,18.0,18.0,10.0,8.0,1.8,1.0,0.6666666666666666,0.4,0.4,170,7.0,0.6,2.0,0.8,H,1.0
2023-03-10,2022-23,Clausura,11,False,Atlético San Luis,Querétaro,2.0,0.0,0.0,0.0,footballcsv,1550,1440.4088741021294,1409.6953282704746,30.713545831654756,1,2,2,6.0,7.0,5,2,2,3,7.0,9.0,7,0.0,1.0,1.0,5.0,-4.0,0.3333333333333333,1.6666666666666667,0.0,1.0,2.0,9.0,-7.0,0.4,1.8,2.0,9.0,8.0,14.0,-6.0,0.8,1.4,0.0,0.0,0.3,127,6.0,0.2,0.8,1.4,1.0,5.0,3.0,2.0,1.0,1.0,0.6666666666666666,1.0,5.0,3.0,7.0,-4.0,0.6,1.4,1.0,8.0,8.0,17.0,-9.0,0.8,1.7,0.3333333333333333,0.2,0.2,160,5.0,0.0,0.4,1.2,H,2.0
2023-03-10,2022-23,Clausura,11,False,Puebla,Guadalajara,1.0,0.0,1.0,0.0,footballcsv,1551,1491.491678801571,1571.5755375940264,-80.08385879245543,1,2,2,6.0,8.0,5,3,5,2,14.0,13.0,10,1.0,3.0,7.0,8.0,-1.0,2.3333333333333335,2.6666666666666665,2.0,6.0,10.0,11.0,-1.0,2.0,2.2,3.0,10.0,16.0,22.0,-6.0,1.6,2.2,0.0,0.0,0.1,173,5.0,0.4,1.6,2.4,3.0,9.0,6.0,2.0,4.0,2.0,0.6666666666666666,4.0,13.0,9.0,4.0,5.0,1.8,0.8,6.0,21.0,14.0,8.0,6.0,1.4,0.8,0.3333333333333333,0.2,0.3,168,6.0,0.6,1.4,0.8,H,1.0
2023-03-11,2022-23,Clausura,11,False,Atlas,León,0.0,1.0,0.0,1.0,footballcsv,1552,1478.0163238893294,1532.8630416544513,-54.846717765121866,2,1,2,8.0,8.0,5,2,3,5,13.0,19.0,10,0.0,2.0,3.0,4.0,-1.0,1.0,1.3333333333333333,0.0,2.0,3.0,7.0,-4.0,0.6,1.4,1.0,9.0,12.0,15.0,-3.0,1.2,1.5,0.0,0.0,0.1,170,8.0,0.0,0.8,1.4,1.0,5.0,3.0,1.0,2.0,1.0,0.3333333333333333,3.0,11.0,8.0,1.0,7.0,1.6,0.2,4.0,15.0,11.0,8.0,3.0,1.1,0.8,0.6666666666666666,0.8,0.5,178,7.0,0.2,0.8,1.0,A,1.0
2023-03-11,2022-23,Clausura,11,False,Cruz Azul,Pumas UNAM,1.0,0.0,0.0,0.0,footballcsv,1553,1518.9657048237148,1449.3734024478788,69.59230237583597,3,0,2,8.0,10.0,5,6,1,3,18.0,15.0,10,2.0,6.0,3.0,3.0,0.0,1.0,1.0,3.0,9.0,7.0,7.0,0.0,1.4,1.4,3.0,10.0,10.0,16.0,-6.0,1.0,1.6,0.6666666666666666,0.4,0.2,181,8.0,0.4,0.8,0.8,1.0,3.0,5.0,7.0,-2.0,1.6666666666666667,2.3333333333333335,1.0,3.0,8.0,14.0,-6.0,1.6,2.8,3.0,11.0,16.0,21.0,-5.0,1.6,2.1,0.0,0.0,0.1,173,6.0,0.2,1.0,2.2,H,1.0
2023-03-11,2022-23,Clausura,11,False,Tigres UANL,América,0.0,2.0,0.0,1.0,footballcsv,1554,1634.7280574248225,1640.8344560423072,-6.106398617484729,0,0,5,3.0,11.0,5,1,1,8,8.0,21.0,10,2.0,6.0,3.0,2.0,1.0,1.0,0.6666666666666666,3.0,10.0,7.0,4.0,3.0,1.4,0.8,6.0,21.0,16.0,6.0,10.0,1.6,0.6,0.6666666666666666,0.6,0.6,182,8.0,0.4,1.8,1.0,1.0,4.0,4.0,6.0,-2.0,1.3333333333333333,2.0,3.0,10.0,9.0,8.0,1.0,1.8,1.6,4.0,17.0,21.0,14.0,7.0,2.1,1.4,0.0,0.0,0.2,186,7.0,0.2,2.0,1.8,A,2.0
2023-03-12,2022-23,Clausura,11,False,Santos Laguna,Tijuana,3.0,2.0,1.0,1.0,footballcsv,1555,1533.212604609395,1426.6929032201406,106.51970138925435,4,0,1,10.0,2.0,5,5,2,2,18.0,8.0,9,1.0,3.0,3.0,9.0,-6.0,1.0,3.0,1.0,4.0,5.0,13.0,-8.0,1.0,2.6,3.0,12.0,14.0,21.0,-7.0,1.4,2.1,0.0,0.0,0.1,174,8.0,0.4,1.6,2.4,1.0,4.0,4.0,3.0,1.0,1.3333333333333333,1.0,2.0,7.0,6.0,5.0,1.0,1.2,1.0,2.0,11.0,9.0,11.0,-2.0,0.9,1.1,0.3333333333333333,0.4,0.3,159,9.0,0.0,1.0,2.0,H,5.0
2023-03-12,2022-23,Clausura,11,False,FC Juárez,Necaxa,1.0,1.0,0.0,0.0,footballcsv,1556,1424.996499544619,1443.6104253296674,-18.613925785048423,2,0,3,3.0,4.0,5,3,1,3,5.0,5.0,7,0.0,1.0,0.0,4.0,-4.0,0.0,1.3333333333333333,1.0,5.0,3.0,5.0,-2.0,0.6,1.0,3.0,11.0,12.0,15.0,-3.0,1.2,1.5,0.3333333333333333,0.4,0.3,124,8.0,0.6,2.0,0.8,0.0,1.0,2.0,4.0,-2.0,0.6666666666666666,1.3333333333333333,1.0,4.0,6.0,7.0,-1.0,1.2,1.4,2.0,8.0,12.0,15.0,-3.0,1.2,1.5,0.0,0.0,0.1,166,9.0,0.0,0.8,2.0,D,2.0
2023-03-12,2022-23,Clausura,11,False,Toluca,Mazatlán FC,4.0,1.0,2.0,1.0,footballcsv,1557,1553.5926497918952,1434.0765383537193,119.51611143817581,2,2,1,10.0,7.0,5,2,2,1,10.0,7.0,5,2.0,6.0,7.0,1.0,6.0,2.3333333333333335,0.3333333333333333,4.0,12.0,12.0,3.0,9.0,2.4,0.6,5.0,18.0,17.0,8.0,9.0,1.7,0.8,0.6666666666666666,0.4,0.4,171,7.0,0.4,1.6,1.6,1.0,4.0,5.0,4.0,1.0,1.6666666666666667,1.3333333333333333,1.0,4.0,8.0,10.0,-2.0,1.6,2.0,1.0,4.0,12.0,26.0,-14.0,1.2,2.6,0.0,0.0,0.0,95,9.0,0.0,0.6,3.0,H,5.0
2023-03-12,2022-23,Clausura,11,False,Pachuca,Monterrey,1.0,2.0,1.0,1.0,footballcsv,1558,1648.0916173512928,1624.6265725350113,23.465044816281534,3,1,1,10.0,5.0,5,4,2,4,14.0,15.0,10,1.0,3.0,4.0,4.0,0.0,1.3333333333333333,1.3333333333333333,2.0,7.0,8.0,7.0,1.0,1.6,1.4,6.0,19.0,21.0,14.0,7.0,2.1,1.4,0.3333333333333333,0.2,0.2,179,8.0,0.6,2.6,1.2,2.0,7.0,6.0,2.0,4.0,2.0,0.6666666666666666,4.0,13.0,10.0,2.0,8.0,2.0,0.4,8.0,25.0,20.0,8.0,12.0,2.0,0.8,0.3333333333333333,0.6,0.3,182,8.0,0.6,2.0,1.8,A,3.0
2023-03-17,2022-23,Clausura,12,False,Tijuana,Toluca,3.0,3.0,0.0,3.0,footballcsv,1560,1423.4379538553358,1559.7129424450247,-136.27498858968897,2,0,3,6.0,10.0,5,3,1,5,9.0,16.0,9,1.0,4.0,5.0,4.0,1.0,1.6666666666666667,1.3333333333333333,1.0,4.0,7.0,8.0,-1.0,1.4,1.6,2.0,10.0,10.0,13.0,-3.0,1.0,1.3,0.3333333333333333,0.2,0.3,160,5.0,0.4,1.0,0.4,2.0,6.0,6.0,2.0,4.0,2.0,0.6666666666666666,4.0,12.0,13.0,3.0,10.0,2.6,0.6,6.0,20.0,19.0,7.0,12.0,1.9,0.7,0.3333333333333333,0.4,0.4,172,5.0,0.4,1.6,0.8,D,6.0
2023-03-17,2022-23,Clausura,12,False,Puebla,Atlas,0.0,4.0,0.0,2.0,footballcsv,1561,1498.4248236218773,1470.5839094505009,27.840914171376426,2,2,1,4.0,3.0,5,5,2,3,8.0,6.0,10,2.0,6.0,7.0,5.0,2.0,2.3333333333333335,1.6666666666666667,2.0,6.0,8.0,10.0,-2.0,1.6,2.0,4.0,13.0,16.0,17.0,-1.0,1.6,1.7,0.3333333333333333,0.2,0.2,174,7.0,0.6,1.6,1.2,0.0,2.0,3.0,4.0,-1.0,1.0,1.3333333333333333,0.0,2.0,3.0,6.0,-3.0,0.6,1.2,0.0,6.0,10.0,15.0,-5.0,1.0,1.5,0.0,0.0,0.1,171,6.0,0.0,1.2,1.8,A,4.0
2023-03-17,2022-23,Clausura,12,False,Mazatlán FC,Necaxa,0.0,1.0,0.0,1.0,footballcsv,1559,1427.9562457005898,1445.3591002024268,-17.402854501837055,1,2,2,6.0,7.0,5,1,2,2,6.0,7.0,5,1.0,3.0,5.0,7.0,-2.0,1.6666666666666667,2.3333333333333335,1.0,4.0,8.0,11.0,-3.0,1.6,2.2,1.0,4.0,13.0,27.0,-14.0,1.3,2.7,0.0,0.0,0.0,96,5.0,0.2,1.8,2.2,0.0,2.0,2.0,3.0,-1.0,0.6666666666666666,1.0,1.0,5.0,6.0,6.0,0.0,1.2,1.2,2.0,9.0,11.0,13.0,-2.0,1.1,1.3,0.0,0.0,0.1,167,5.0,0.0,1.0,1.8,A,1.0
2023-03-18,2022-23,Clausura,12,False,Tigres UANL,Monterrey,0.0,1.0,0.0,0.0,footballcsv,1562,1621.4399789420129,1633.5632821691263,-12.12330322711341,3,1,1,6.0,3.0,5,5,3,2,10.0,5.0,10,1.0,3.0,2.0,4.0,-2.0,0.6666666666666666,1.3333333333333333,2.0,7.0,3.0,4.0,-1.0,0.6,0.8,5.0,18.0,13.0,8.0,5.0,1.3,0.8,0.3333333333333333,0.6,0.5,183,7.0,0.2,1.0,1.2,2.0,7.0,6.0,2.0,4.0,2.0,0.6666666666666666,4.0,13.0,10.0,3.0,7.0,2.0,0.6,9.0,28.0,22.0,8.0,14.0,2.2,0.8,0.3333333333333333,0.4,0.3,183,6.0,0.8,2.0,1.0,A,1.0
2023-03-18,2022-23,Clausura,12,False,Cruz Azul,Atlético San Luis,1.0,0.0,0.0,0.0,footballcsv,1563,1522.822223180367,1447.6439406182526,75.17828256211442,2,2,1,6.0,4.0,5,3,2,2,10.0,7.0,7,2.0,6.0,3.0,3.0,0.0,1.0,1.0,4.0,12.0,7.0,4.0,3.0,1.4,0.8,4.0,13.0,11.0,13.0,-2.0,1.1,1.3,0.6666666666666666,0.6,0.3,182,7.0,0.6,1.0,0.8,1.0,3.0,2.0,4.0,-2.0,0.6666666666666666,1.3333333333333333,1.0,4.0,4.0,8.0,-4.0,0.8,1.6,2.0,9.0,7.0,12.0,-5.0,0.7,1.2,0.3333333333333333,0.2,0.4,128,8.0,0.0,0.2,1.6,H,1.0
2023-03-18,2022-23,Clausura,12,False,Guadalajara,América,2.0,4.0,0.0,3.0,footballcsv,1564,1564.64239277372,1654.1225345251169,-89.48014175139679,1,2,2,3.0,6.0,5,2,3,5,6.0,14.0,10,2.0,6.0,4.0,2.0,2.0,1.3333333333333333,0.6666666666666666,4.0,12.0,8.0,4.0,4.0,1.6,0.8,5.0,18.0,13.0,9.0,4.0,1.3,0.9,0.3333333333333333,0.2,0.2,169,8.0,0.4,1.4,1.6,1.0,4.0,4.0,5.0,-1.0,1.3333333333333333,1.6666666666666667,3.0,10.0,9.0,7.0,2.0,1.8,1.4,5.0,19.0,23.0,14.0,9.0,2.3,1.4,0.3333333333333333,0.2,0.2,187,7.0,0.4,2.2,1.4,A,6.0
2023-03-19,2022-23,Clausura,12,False,León,Santos Laguna,4.0,1.0,3.0,0.0,footballcsv,1565,1540.2954560932799,1536.4675539741997,3.827902119080136,2,2,1,7.0,6.0,5,3,3,3,14.0,14.0,9,2.0,7.0,4.0,1.0,3.0,1.3333333333333333,0.3333333333333333,3.0,11.0,6.0,1.0,5.0,1.2,0.2,5.0,18.0,12.0,7.0,5.0,1.2,0.7,0.6666666666666666,0.8,0.6,179,8.0,0.6,1.4,0.6,2.0,6.0,6.0,6.0,0.0,2.0,2.0,2.0,7.0,7.0,12.0,-5.0,1.4,2.4,4.0,15.0,17.0,20.0,-3.0,1.7,2.0,0.0,0.0,0.1,175,7.0,0.2,1.2,1.8,H,5.0
2023-03-19,2022-23,Clausura,12,False,Querétaro,FC Juárez,2.0,2.0,1.0,0.0,footballcsv,1566,1402.4602617543514,1423.2478246718595,-20.787562917508012,2,2,1,6.0,2.0,5,3,2,1,8.0,2.0,6,1.0,4.0,2.0,3.0,-1.0,0.6666666666666666,1.0,1.0,5.0,3.0,6.0,-3.0,0.6,1.2,1.0,8.0,7.0,15.0,-8.0,0.7,1.5,0.3333333333333333,0.2,0.2,161,9.0,0.2,1.6,2.0,0.0,1.0,1.0,5.0,-4.0,0.3333333333333333,1.6666666666666667,0.0,3.0,1.0,5.0,-4.0,0.2,1.0,3.0,12.0,12.0,14.0,-2.0,1.2,1.4,0.0,0.4,0.3,125,7.0,0.2,0.8,2.0,D,4.0
2023-03-19,2022-23,Clausura,12,False,Pumas UNAM,Pachuca,0.0,2.0,0.0,0.0,footballcsv,1567,1445.5168840912265,1639.1549077171778,-193.6380236259513,1,4,0,5.0,3.0,5,3,5,2,9.0,8.0,10,1.0,3.0,4.0,6.0,-2.0,1.3333333333333333,2.0,1.0,3.0,6.0,11.0,-5.0,1.2,2.2,2.0,8.0,14.0,21.0,-7.0,1.4,2.1,0.0,0.0,0.1,174,8.0,0.4,2.2,2.0,1.0,3.0,4.0,4.0,0.0,1.3333333333333333,1.3333333333333333,2.0,6.0,8.0,8.0,0.0,1.6,1.6,5.0,16.0,17.0,15.0,2.0,1.7,1.5,0.3333333333333333,0.2,0.2,180,7.0,0.6,1.6,1.6,A,2.0
2023-03-24,2022-23,Clausura,1,False,Mazatlán FC,León,1.0,2.0,1.0,1.0,footballcsv,1568,1419.7892766891443,1550.4886343507235,-130.69935766157914,2,0,3,9.0,10.0,5,2,0,3,9.0,10.0,5,1.0,3.0,4.0,6.0,-2.0,1.3333333333333333,2.0,1.0,4.0,6.0,9.0,-3.0,1.2,1.8,1.0,4.0,12.0,26.0,-14.0,1.2,2.6,0.0,0.0,0.0,97,7.0,0.2,1.6,2.0,3.0,9.0,7.0,1.0,6.0,2.3333333333333335,0.3333333333333333,3.0,11.0,8.0,2.0,6.0,1.6,0.4,5.0,18.0,14.0,7.0,7.0,1.4,0.7,0.6666666666666666,0.6,0.6,180,5.0,0.4,1.0,0.8,A,3.0
2023-03-29,2022-23,Clausura,4,False,Querétaro,Cruz Azul,2.0,2.0,0.0,1.0,footballcsv,1569,1400.7723017478384,1526.583207706576,-125.81090595873775,1,0,4,3.0,9.0,5,3,1,6,9.0,15.0,10,1.0,4.0,3.0,4.0,-1.0,1.0,1.3333333333333333,1.0,6.0,5.0,6.0,-1.0,1.0,1.2,1.0,8.0,9.0,17.0,-8.0,0.9,1.7,0.3333333333333333,0.2,0.1,162,10.0,0.2,1.4,1.8,2.0,6.0,3.0,3.0,0.0,1.0,1.0,4.0,12.0,5.0,3.0,2.0,1.0,0.6,5.0,15.0,11.0,12.0,-1.0,1.1,1.2,0.6666666666666666,0.8,0.4,183,11.0,0.2,1.2,1.8,D,4.0
2023-03-31,2022-23,Clausura,13,False,FC Juárez,Puebla,0.0,2.0,0.0,0.0,footballcsv,1570,1424.9357846783726,1477.489370247098,-52.55358556872534,1,2,2,4.0,9.0,5,1,2,3,5.0,11.0,6,0.0,2.0,3.0,6.0,-3.0,1.0,2.0,0.0,3.0,3.0,7.0,-4.0,0.6,1.4,2.0,10.0,11.0,16.0,-5.0,1.1,1.6,0.0,0.2,0.2,126,12.0,0.4,1.6,0.8,2.0,6.0,5.0,6.0,-1.0,1.6666666666666667,2.0,2.0,6.0,8.0,12.0,-4.0,1.6,2.4,3.0,10.0,14.0,21.0,-7.0,1.4,2.1,0.3333333333333333,0.2,0.1,175,14.0,0.2,1.6,2.2,A,2.0
2023-03-31,2022-23,Clausura,13,False,Necaxa,Santos Laguna,0.0,0.0,0.0,0.0,footballcsv,1571,1453.5260692138722,1526.2743757167561,-72.7483065028839,2,0,3,8.0,11.0,5,4,0,5,14.0,15.0,9,1.0,4.0,2.0,2.0,0.0,0.6666666666666666,0.6666666666666666,1.0,5.0,4.0,5.0,-1.0,0.8,1.0,3.0,12.0,11.0,11.0,0.0,1.1,1.1,0.3333333333333333,0.2,0.2,168,14.0,0.4,1.2,0.8,1.0,3.0,4.0,8.0,-4.0,1.3333333333333333,2.6666666666666665,2.0,6.0,7.0,15.0,-8.0,1.4,3.0,3.0,12.0,15.0,24.0,-9.0,1.5,2.4,0.0,0.0,0.0,176,12.0,0.0,1.0,2.4,D,0.0
2023-04-01,2022-23,Clausura,13,False,América,León,2.0,2.0,0.0,1.0,footballcsv,1575,1664.7631120799106,1556.2822389475903,108.48087313232031,2,1,2,9.0,8.0,5,3,2,5,10.0,14.0,10,2.0,6.0,6.0,5.0,1.0,2.0,1.6666666666666667,3.0,10.0,10.0,8.0,2.0,2.0,1.6,6.0,21.0,25.0,14.0,11.0,2.5,1.4,0.3333333333333333,0.2,0.2,188,14.0,0.6,2.4,1.4,3.0,9.0,7.0,2.0,5.0,2.3333333333333335,0.6666666666666666,4.0,13.0,10.0,3.0,7.0,2.0,0.6,6.0,21.0,15.0,4.0,11.0,1.5,0.4,0.3333333333333333,0.4,0.6,181,8.0,0.6,1.2,0.2,D,4.0
2023-04-01,2022-23,Clausura,13,False,Monterrey,Tijuana,4.0,0.0,3.0,0.0,footballcsv,1572,1641.8319505229586,1425.043660781723,216.78828974123553,2,2,1,9.0,5.0,5,4,2,2,16.0,6.0,8,3.0,9.0,6.0,1.0,5.0,2.0,0.3333333333333333,4.0,13.0,9.0,3.0,6.0,1.8,0.6,9.0,28.0,20.0,6.0,14.0,2.0,0.6,0.6666666666666666,0.4,0.4,184,14.0,1.0,2.4,0.6,0.0,2.0,6.0,7.0,-1.0,2.0,2.3333333333333335,1.0,5.0,9.0,9.0,0.0,1.8,1.8,2.0,11.0,13.0,13.0,0.0,1.3,1.3,0.0,0.2,0.3,161,15.0,0.0,1.0,2.2,H,4.0
2023-04-01,2022-23,Clausura,13,False,Atlas,Guadalajara,3.0,3.0,2.0,2.0,footballcsv,1573,1491.5193628252803,1554.0018152189264,-62.4824523936461,2,3,0,6.0,4.0,5,2,3,5,9.0,14.0,10,1.0,4.0,5.0,2.0,3.0,1.6666666666666667,0.6666666666666666,1.0,5.0,7.0,5.0,2.0,1.4,1.0,1.0,8.0,11.0,12.0,-1.0,1.1,1.2,0.3333333333333333,0.2,0.2,172,15.0,0.0,0.4,1.2,1.0,3.0,4.0,5.0,-1.0,1.3333333333333333,1.6666666666666667,3.0,9.0,8.0,7.0,1.0,1.6,1.4,5.0,17.0,15.0,13.0,2.0,1.5,1.3,0.3333333333333333,0.2,0.1,170,14.0,0.6,1.4,1.0,D,6.0
2023-04-01,2022-23,Clausura,13,False,Pachuca,Cruz Azul,0.0,2.0,0.0,1.0,footballcsv,1574,1646.3014625544117,1525.2722522909187,121.02921026349304,2,2,1,4.0,3.0,5,3,2,5,8.0,12.0,10,2.0,6.0,6.0,2.0,4.0,2.0,0.6666666666666666,2.0,6.0,7.0,6.0,1.0,1.4,1.2,6.0,19.0,18.0,11.0,7.0,1.8,1.1,0.6666666666666666,0.4,0.3,181,13.0,0.4,1.8,1.4,2.0,7.0,4.0,2.0,2.0,1.3333333333333333,0.6666666666666666,3.0,10.0,6.0,5.0,1.0,1.2,1.0,5.0,16.0,11.0,11.0,0.0,1.1,1.1,0.6666666666666666,0.6,0.4,184,3.0,0.2,1.4,2.0,A,2.0
2023-04-02,2022-23,Clausura,13,False,Toluca,Tigres UANL,3.0,2.0,2.0,0.0,footballcsv,1578,1558.1072355186375,1613.1713105881806,-55.06407506954315,2,0,3,6.0,9.0,5,4,0,5,11.0,14.0,9,1.0,4.0,7.0,5.0,2.0,2.3333333333333335,1.6666666666666667,3.0,10.0,14.0,5.0,9.0,2.8,1.0,5.0,18.0,20.0,9.0,11.0,2.0,0.9,0.0,0.4,0.4,173,16.0,0.6,2.2,0.8,1.0,3.0,1.0,3.0,-2.0,0.3333333333333333,1.0,2.0,6.0,3.0,5.0,-2.0,0.6,1.0,4.0,15.0,9.0,8.0,1.0,0.9,0.8,0.3333333333333333,0.4,0.5,184,15.0,0.8,1.4,0.2,H,5.0
2023-04-02,2022-23,Clausura,13,False,Querétaro,Pumas UNAM,1.0,0.0,0.0,0.0,footballcsv,1577,1402.0832571634958,1438.3703292539926,-36.28707209049685,1,1,3,6.0,10.0,5,3,1,4,10.0,12.0,8,0.0,2.0,4.0,6.0,-2.0,1.3333333333333333,2.0,1.0,6.0,6.0,7.0,-1.0,1.2,1.4,1.0,9.0,11.0,17.0,-6.0,1.1,1.7,0.0,0.2,0.1,163,4.0,0.2,1.2,1.6,0.0,0.0,2.0,7.0,-5.0,0.6666666666666666,2.3333333333333335,1.0,3.0,5.0,10.0,-5.0,1.0,2.0,2.0,8.0,14.0,20.0,-6.0,1.4,2.0,0.0,0.0,0.1,175,14.0,0.2,1.0,1.8,H,1.0
2023-04-02,2022-23,Clausura,13,False,Atlético San Luis,Mazatlán FC,2.0,1.0,1.0,0.0,footballcsv,1576,1443.8829560920435,1413.9956720922776,29.88728399976594,2,2,1,7.0,8.0,5,2,2,1,7.0,8.0,5,1.0,3.0,2.0,3.0,-1.0,0.6666666666666666,1.0,1.0,4.0,3.0,6.0,-3.0,0.6,1.2,2.0,8.0,7.0,13.0,-6.0,0.7,1.3,0.3333333333333333,0.2,0.3,129,15.0,0.4,1.2,0.8,0.0,0.0,2.0,7.0,-5.0,0.6666666666666666,2.3333333333333335,1.0,3.0,6.0,10.0,-4.0,1.2,2.0,1.0,4.0,12.0,26.0,-14.0,1.2,2.6,0.0,0.0,0.0,98,9.0,0.0,0.8,3.2,H,3.0
2023-04-07,2022-23,Clausura,14,False,Tijuana,Querétaro,1.0,2.0,0.0,1.0,footballcsv,1579,1420.6938456823982,1408.029071699367,12.664773983031182,1,3,1,8.0,8.0,5,1,5,3,10.0,14.0,9,0.0,1.0,5.0,10.0,-5.0,1.6666666666666667,3.3333333333333335,1.0,5.0,8.0,11.0,-3.0,1.6,2.2,2.0,10.0,12.0,16.0,-4.0,1.2,1.6,0.0,0.2,0.3,162,6.0,0.4,1.4,0.8,1.0,5.0,5.0,4.0,1.0,1.6666666666666667,1.3333333333333333,2.0,8.0,6.0,6.0,0.0,1.2,1.2,2.0,11.0,9.0,14.0,-5.0,0.9,1.4,0.3333333333333333,0.4,0.2,164,5.0,0.0,0.4,1.6,A,3.0
2023-04-07,2022-23,Clausura,14,False,Puebla,Toluca,1.0,2.0,0.0,2.0,footballcsv,1580,1489.3415644844647,1564.4699602218873,-75.12839573742258,2,2,1,11.0,8.0,5,4,3,2,16.0,12.0,9,2.0,6.0,3.0,4.0,-1.0,1.0,1.3333333333333333,3.0,9.0,9.0,9.0,0.0,1.8,1.8,4.0,12.0,14.0,19.0,-5.0,1.4,1.9,0.6666666666666666,0.4,0.2,176,7.0,0.4,1.2,2.0,2.0,7.0,10.0,6.0,4.0,3.3333333333333335,2.0,3.0,10.0,12.0,7.0,5.0,2.4,1.4,6.0,20.0,23.0,11.0,12.0,2.3,1.1,0.0,0.2,0.3,174,5.0,0.4,2.2,1.4,A,3.0
2023-04-08,2022-23,Clausura,14,False,León,Cruz Azul,0.0,0.0,0.0,0.0,footballcsv,1581,1561.230955629096,1541.9893233165199,19.24163231257603,1,0,4,2.0,5.0,5,2,0,7,4.0,11.0,9,2.0,7.0,8.0,4.0,4.0,2.6666666666666665,1.3333333333333333,4.0,13.0,11.0,4.0,7.0,2.2,0.8,6.0,21.0,17.0,6.0,11.0,1.7,0.6,0.0,0.4,0.5,182,7.0,0.6,1.8,0.6,2.0,7.0,5.0,2.0,3.0,1.6666666666666667,0.6666666666666666,3.0,10.0,7.0,5.0,2.0,1.4,1.0,6.0,19.0,13.0,10.0,3.0,1.3,1.0,0.6666666666666666,0.6,0.5,185,7.0,0.4,1.8,1.8,D,0.0
2023-04-08,2022-23,Clausura,14,False,Tigres UANL,Mazatlán FC,1.0,2.0,0.0,2.0,footballcsv,1582,1606.8085858849308,1409.4150022691838,197.39358361574705,3,1,1,10.0,6.0,5,3,1,1,10.0,6.0,5,0.0,0.0,2.0,6.0,-4.0,0.6666666666666666,2.0,1.0,3.0,4.0,8.0,-4.0,0.8,1.6,4.0,14.0,10.0,10.0,0.0,1.0,1.0,0.0,0.2,0.5,185,6.0,0.2,1.0,1.4,0.0,0.0,2.0,5.0,-3.0,0.6666666666666666,1.6666666666666667,1.0,3.0,6.0,10.0,-4.0,1.2,2.0,1.0,4.0,13.0,22.0,-9.0,1.3,2.2,0.0,0.0,0.0,99,6.0,0.0,0.8,3.2,A,3.0
2023-04-08,2022-23,Clausura,14,False,América,Monterrey,2.0,1.0,1.0,1.0,footballcsv,1583,1659.814395398405,1646.1817656222834,13.632629776121576,0,1,4,4.0,9.0,5,3,1,6,14.0,17.0,10,2.0,7.0,8.0,4.0,4.0,2.6666666666666665,1.3333333333333333,2.0,8.0,10.0,9.0,1.0,2.0,1.8,6.0,21.0,25.0,14.0,11.0,2.5,1.4,0.3333333333333333,0.2,0.2,189,7.0,0.6,2.4,1.4,3.0,9.0,7.0,1.0,6.0,2.3333333333333335,0.3333333333333333,4.0,13.0,11.0,2.0,9.0,2.2,0.4,9.0,28.0,21.0,5.0,16.0,2.1,0.5,0.6666666666666666,0.6,0.5,185,7.0,0.8,1.6,0.6,H,3.0
2023-04-08,2022-23,Clausura,14,False,Guadalajara,Necaxa,1.0,0.0,0.0,0.0,footballcsv,1584,1554.5055839589259,1453.3173790009525,101.18820495797331,4,1,0,10.0,3.0,5,6,2,1,17.0,9.0,9,0.0,1.0,5.0,8.0,-3.0,1.6666666666666667,2.6666666666666665,2.0,7.0,9.0,9.0,0.0,1.8,1.8,5.0,18.0,17.0,14.0,3.0,1.7,1.4,0.0,0.2,0.1,171,7.0,0.4,1.6,1.6,1.0,5.0,2.0,1.0,1.0,0.6666666666666666,0.3333333333333333,1.0,6.0,3.0,3.0,0.0,0.6,0.6,2.0,10.0,10.0,11.0,-1.0,1.0,1.1,0.6666666666666666,0.4,0.2,169,8.0,0.2,1.0,1.4,H,1.0
2023-04-09,2022-23,Clausura,14,False,Santos Laguna,Pachuca,1.0,4.0,1.0,2.0,footballcsv,1585,1526.4830659296758,1629.5843915288106,-103.10132559913473,1,1,3,4.0,8.0,5,1,5,4,8.0,13.0,10,1.0,4.0,4.0,6.0,-2.0,1.3333333333333333,2.0,2.0,7.0,7.0,10.0,-3.0,1.4,2.0,2.0,10.0,13.0,23.0,-10.0,1.3,2.3,0.3333333333333333,0.2,0.1,177,9.0,0.6,2.2,2.2,1.0,3.0,3.0,4.0,-1.0,1.0,1.3333333333333333,2.0,6.0,6.0,6.0,0.0,1.2,1.2,5.0,16.0,14.0,12.0,2.0,1.4,1.2,0.3333333333333333,0.4,0.3,182,8.0,0.8,1.8,0.8,A,5.0
2023-04-09,2022-23,Clausura,14,False,FC Juárez,Atlas,1.0,1.0,1.0,1.0,footballcsv,1586,1413.0835904410058,1491.0155940852808,-77.93200364427503,1,0,4,2.0,7.0,5,1,0,5,2.0,8.0,6,0.0,2.0,3.0,5.0,-2.0,1.0,1.6666666666666667,0.0,2.0,3.0,9.0,-6.0,0.6,1.8,2.0,10.0,10.0,14.0,-4.0,1.0,1.4,0.0,0.0,0.2,127,9.0,0.2,1.0,1.2,1.0,4.0,7.0,4.0,3.0,2.3333333333333335,1.3333333333333333,1.0,6.0,10.0,7.0,3.0,2.0,1.4,1.0,8.0,12.0,13.0,-1.0,1.2,1.3,0.3333333333333333,0.2,0.2,173,8.0,0.2,2.0,1.4,D,2.0
2023-04-09,2022-23,Clausura,14,False,Pumas UNAM,Atlético San Luis,3.0,1.0,2.0,1.0,footballcsv,1587,1432.4245147181214,1448.4636259151373,-16.039111197015927,2,0,3,7.0,8.0,5,4,0,3,13.0,8.0,7,0.0,0.0,0.0,4.0,-4.0,0.0,1.3333333333333333,1.0,3.0,4.0,9.0,-5.0,0.8,1.8,1.0,5.0,10.0,20.0,-10.0,1.0,2.0,0.0,0.0,0.1,176,7.0,0.2,1.8,2.2,2.0,6.0,4.0,2.0,2.0,1.3333333333333333,0.6666666666666666,2.0,6.0,4.0,6.0,-2.0,0.8,1.2,3.0,11.0,8.0,11.0,-3.0,0.8,1.1,0.3333333333333333,0.2,0.3,130,7.0,0.0,0.0,1.2,H,4.0
2023-04-13,2022-23,Clausura,15,False,Atlético San Luis,FC Juárez,2.0,0.0,1.0,0.0,footballcsv,1588,1439.731318231288,1413.0240694241513,26.707248807136693,0,2,3,3.0,6.0,5,1,2,4,5.0,10.0,7,1.0,3.0,3.0,5.0,-2.0,1.0,1.6666666666666667,2.0,6.0,5.0,7.0,-2.0,1.0,1.4,3.0,10.0,9.0,14.0,-5.0,0.9,1.4,0.0,0.2,0.2,131,4.0,0.6,1.6,1.0,0.0,2.0,3.0,5.0,-2.0,1.0,1.6666666666666667,0.0,3.0,4.0,9.0,-5.0,0.8,1.8,2.0,11.0,10.0,13.0,-3.0,1.0,1.3,0.0,0.0,0.2,128,4.0,0.2,1.0,1.6,H,2.0
2023-04-14,2022-23,Clausura,15,False,Necaxa,Puebla,1.0,1.0,0.0,0.0,footballcsv,1589,1449.9799624818404,1482.3129086936174,-32.33294621177697,1,1,3,3.0,5.0,5,3,2,4,11.0,11.0,9,1.0,4.0,1.0,1.0,0.0,0.3333333333333333,0.3333333333333333,1.0,5.0,2.0,3.0,-1.0,0.4,0.6,2.0,10.0,9.0,10.0,-1.0,0.9,1.0,0.6666666666666666,0.4,0.2,170,6.0,0.2,1.0,0.8,1.0,3.0,3.0,6.0,-3.0,1.0,2.0,3.0,9.0,8.0,8.0,0.0,1.6,1.6,4.0,12.0,14.0,19.0,-5.0,1.4,1.9,0.3333333333333333,0.4,0.2,177,7.0,0.4,1.6,1.8,D,2.0
2023-04-14,2022-23,Clausura,15,False,Mazatlán FC,Tijuana,1.0,2.0,1.0,1.0,footballcsv,1590,1420.943030829165,1411.9562995191782,8.986731309986908,3,1,1,6.0,4.0,5,3,1,1,6.0,4.0,5,1.0,3.0,4.0,5.0,-1.0,1.3333333333333333,1.6666666666666667,1.0,3.0,5.0,10.0,-5.0,1.0,2.0,2.0,7.0,13.0,20.0,-7.0,1.3,2.0,0.0,0.0,0.0,100,6.0,0.2,1.4,1.8,0.0,1.0,4.0,9.0,-5.0,1.3333333333333333,3.0,0.0,2.0,7.0,13.0,-6.0,1.4,2.6,2.0,9.0,13.0,18.0,-5.0,1.3,1.8,0.0,0.0,0.2,163,7.0,0.0,1.0,2.4,A,3.0
2023-04-15,2022-23,Clausura,15,False,Atlas,Pachuca,4.0,1.0,3.0,0.0,footballcsv,1592,1491.0751151021352,1642.3924384856102,-151.317323383475,2,0,3,5.0,6.0,5,3,0,7,7.0,13.0,10,1.0,5.0,8.0,4.0,4.0,2.6666666666666665,1.3333333333333333,1.0,6.0,9.0,6.0,3.0,1.8,1.2,1.0,8.0,13.0,14.0,-1.0,1.3,1.4,0.3333333333333333,0.2,0.1,174,6.0,0.0,1.0,1.8,2.0,6.0,6.0,3.0,3.0,2.0,1.0,3.0,9.0,10.0,5.0,5.0,2.0,1.0,5.0,16.0,16.0,12.0,4.0,1.6,1.2,0.3333333333333333,0.4,0.3,183,6.0,0.8,2.4,1.0,H,5.0
2023-04-15,2022-23,Clausura,15,False,León,Guadalajara,0.0,2.0,0.0,0.0,footballcsv,1593,1558.4497826130641,1557.843000478038,0.6067821350261511,3,1,1,7.0,4.0,5,4,3,3,13.0,12.0,10,1.0,5.0,4.0,3.0,1.0,1.3333333333333333,1.0,3.0,11.0,9.0,4.0,5.0,1.8,0.8,6.0,22.0,17.0,5.0,12.0,1.7,0.5,0.3333333333333333,0.4,0.6,183,7.0,0.6,1.8,0.4,1.0,4.0,6.0,7.0,-1.0,2.0,2.3333333333333335,2.0,7.0,8.0,8.0,0.0,1.6,1.6,5.0,18.0,16.0,13.0,3.0,1.6,1.3,0.3333333333333333,0.4,0.2,172,7.0,0.4,1.6,1.4,A,2.0
2023-04-15,2022-23,Clausura,15,False,Cruz Azul,América,1.0,3.0,1.0,1.0,footballcsv,1591,1544.7704963325516,1664.7133086447575,-119.94281231220589,1,3,1,3.0,9.0,5,4,4,2,11.0,14.0,10,1.0,5.0,4.0,2.0,2.0,1.3333333333333333,0.6666666666666666,3.0,11.0,6.0,2.0,4.0,1.2,0.4,6.0,20.0,13.0,9.0,4.0,1.3,0.9,0.6666666666666666,0.8,0.6,186,7.0,0.8,0.8,0.2,2.0,7.0,8.0,5.0,3.0,2.6666666666666665,1.6666666666666667,3.0,10.0,10.0,8.0,2.0,2.0,1.6,6.0,21.0,21.0,15.0,6.0,2.1,1.5,0.0,0.2,0.1,190,7.0,0.6,2.6,1.4,A,4.0
2023-04-16,2022-23,Clausura,15,False,Pumas UNAM,Toluca,3.0,1.0,3.0,1.0,footballcsv,1594,1441.1568224019707,1571.4986160127346,-130.34179361076394,2,1,2,10.0,6.0,5,6,2,2,19.0,11.0,10,1.0,3.0,3.0,4.0,-1.0,1.0,1.3333333333333333,1.0,3.0,5.0,9.0,-4.0,1.0,1.8,2.0,7.0,13.0,21.0,-8.0,1.3,2.1,0.0,0.0,0.0,177,7.0,0.2,1.6,2.2,2.0,7.0,8.0,6.0,2.0,2.6666666666666665,2.0,3.0,10.0,12.0,8.0,4.0,2.4,1.6,7.0,22.0,25.0,12.0,13.0,2.5,1.2,0.0,0.0,0.2,175,9.0,0.6,2.4,1.2,H,4.0
2023-04-16,2022-23,Clausura,15,False,Querétaro,Tigres UANL,0.0,0.0,0.0,0.0,footballcsv,1595,1416.766617862587,1595.2805573249495,-178.5139394623625,0,0,5,1.0,10.0,5,0,1,7,2.0,16.0,8,2.0,7.0,5.0,3.0,2.0,1.6666666666666667,1.0,2.0,8.0,7.0,7.0,0.0,1.4,1.4,3.0,13.0,10.0,14.0,-4.0,1.0,1.4,0.3333333333333333,0.2,0.2,165,9.0,0.4,1.4,1.0,0.0,0.0,3.0,6.0,-3.0,1.0,2.0,1.0,3.0,4.0,8.0,-4.0,0.8,1.6,4.0,13.0,11.0,12.0,-1.0,1.1,1.2,0.0,0.2,0.4,186,8.0,0.6,1.2,0.8,D,0.0
2023-04-16,2022-23,Clausura,15,False,Monterrey,Santos Laguna,1.0,2.0,1.0,1.0,footballcsv,1596,1641.2828523759308,1513.6750189728762,127.60783340305466,2,1,2,8.0,8.0,5,3,3,4,17.0,16.0,10,2.0,6.0,6.0,2.0,4.0,2.0,0.6666666666666666,4.0,12.0,11.0,3.0,8.0,2.2,0.6,8.0,25.0,20.0,6.0,14.0,2.0,0.6,0.6666666666666666,0.6,0.5,186,8.0,1.0,2.6,0.4,0.0,1.0,2.0,8.0,-6.0,0.6666666666666666,2.6666666666666665,1.0,4.0,5.0,12.0,-7.0,1.0,2.4,2.0,9.0,12.0,25.0,-13.0,1.2,2.5,0.3333333333333333,0.2,0.1,178,7.0,0.0,0.6,2.0,A,3.0
2023-04-20,2022-23,Clausura,16,False,Tigres UANL,Puebla,1.0,0.0,0.0,0.0,footballcsv,1597,1592.5187201725598,1483.6763329406556,108.84238723190424,1,2,2,5.0,7.0,5,2,4,3,12.0,10.0,9,0.0,1.0,3.0,5.0,-2.0,1.0,1.6666666666666667,0.0,1.0,3.0,8.0,-5.0,0.6,1.6,3.0,11.0,10.0,12.0,-2.0,1.0,1.2,0.3333333333333333,0.2,0.4,187,4.0,0.0,0.4,1.4,1.0,4.0,4.0,3.0,1.0,1.3333333333333333,1.0,2.0,7.0,5.0,7.0,-2.0,1.0,1.4,4.0,13.0,15.0,18.0,-3.0,1.5,1.8,0.3333333333333333,0.4,0.2,178,6.0,0.4,1.8,1.6,H,1.0
2023-04-21,2022-23,Clausura,16,False,Necaxa,Atlas,1.0,3.0,0.0,3.0,footballcsv,1598,1448.6165382348022,1507.7443698267482,-59.127831591946006,1,0,4,3.0,11.0,5,3,1,4,9.0,14.0,8,0.0,2.0,1.0,2.0,-1.0,0.3333333333333333,0.6666666666666666,1.0,6.0,3.0,3.0,0.0,0.6,0.6,2.0,10.0,9.0,10.0,-1.0,0.9,1.0,0.3333333333333333,0.4,0.2,171,7.0,0.2,1.0,0.8,1.0,5.0,8.0,5.0,3.0,2.6666666666666665,1.6666666666666667,2.0,8.0,12.0,6.0,6.0,2.4,1.2,2.0,10.0,15.0,13.0,2.0,1.5,1.3,0.0,0.2,0.1,175,6.0,0.2,1.6,1.0,A,4.0
2023-04-21,2022-23,Clausura,16,False,Tijuana,León,0.0,0.0,0.0,0.0,footballcsv,1599,1420.6252625418706,1544.9595924607618,-124.33432991889117,1,2,2,7.0,7.0,5,2,3,5,12.0,15.0,10,1.0,3.0,3.0,7.0,-4.0,1.0,2.3333333333333335,1.0,4.0,8.0,13.0,-5.0,1.6,2.6,3.0,11.0,14.0,18.0,-4.0,1.4,1.8,0.0,0.0,0.2,164,7.0,0.4,1.6,1.2,0.0,2.0,2.0,4.0,-2.0,0.6666666666666666,1.3333333333333333,2.0,8.0,8.0,6.0,2.0,1.6,1.2,5.0,19.0,14.0,7.0,7.0,1.4,0.7,0.3333333333333333,0.2,0.5,184,6.0,0.6,1.6,0.6,D,0.0
2023-04-21,2022-23,Clausura,16,False,Mazatlán FC,Monterrey,0.0,2.0,0.0,1.0,footballcsv,1600,1412.2740678064727,1630.6409693717305,-218.36690156525788,0,2,3,3.0,6.0,5,0,2,3,3.0,6.0,5,1.0,3.0,4.0,5.0,-1.0,1.3333333333333333,1.6666666666666667,1.0,3.0,5.0,8.0,-3.0,1.0,1.6,2.0,7.0,13.0,19.0,-6.0,1.3,1.9,0.0,0.0,0.0,101,7.0,0.2,1.2,1.6,1.0,3.0,6.0,4.0,2.0,2.0,1.3333333333333333,3.0,9.0,9.0,5.0,4.0,1.8,1.0,7.0,22.0,19.0,7.0,12.0,1.9,0.7,0.3333333333333333,0.4,0.5,187,5.0,0.6,1.4,0.8,A,2.0
2023-04-22,2022-23,Clausura,16,False,Guadalajara,Cruz Azul,2.0,1.0,0.0,1.0,footballcsv,1601,1571.3331906303404,1535.2153359718557,36.1178546584847,1,1,3,3.0,6.0,5,2,2,5,6.0,10.0,9,2.0,7.0,6.0,3.0,3.0,2.0,1.0,2.0,7.0,8.0,8.0,0.0,1.6,1.6,6.0,20.0,17.0,12.0,5.0,1.7,1.2,0.6666666666666666,0.4,0.3,173,7.0,0.6,1.6,1.2,1.0,4.0,3.0,3.0,0.0,1.0,1.0,2.0,8.0,6.0,5.0,1.0,1.2,1.0,6.0,20.0,13.0,9.0,4.0,1.3,0.9,0.6666666666666666,0.6,0.6,187,7.0,0.4,1.6,1.2,H,3.0
2023-04-22,2022-23,Clausura,16,False,Pachuca,Atlético San Luis,2.0,1.0,0.0,1.0,footballcsv,1602,1625.7231837609972,1447.0886736435968,178.6345101174004,3,2,0,9.0,5.0,5,5,2,1,17.0,9.0,8,1.0,3.0,5.0,7.0,-2.0,1.6666666666666667,2.3333333333333335,2.0,6.0,8.0,9.0,-1.0,1.6,1.8,4.0,13.0,16.0,16.0,0.0,1.6,1.6,0.0,0.2,0.2,184,7.0,0.2,1.0,1.6,2.0,6.0,5.0,4.0,1.0,1.6666666666666667,1.3333333333333333,3.0,9.0,7.0,5.0,2.0,1.4,1.0,3.0,10.0,9.0,14.0,-5.0,0.9,1.4,0.3333333333333333,0.4,0.2,132,9.0,0.0,0.2,1.8,H,3.0
2023-04-22,2022-23,Clausura,16,False,América,Pumas UNAM,1.0,1.0,0.0,0.0,footballcsv,1603,1674.2684690054534,1453.7237359174133,220.54473308804018,2,2,1,6.0,3.0,5,3,5,2,13.0,10.0,10,2.0,7.0,7.0,4.0,3.0,2.3333333333333335,1.3333333333333333,4.0,13.0,13.0,6.0,7.0,2.6,1.2,7.0,23.0,22.0,14.0,8.0,2.2,1.4,0.0,0.2,0.1,191,7.0,0.6,1.6,1.6,2.0,6.0,6.0,3.0,3.0,2.0,1.0,2.0,6.0,6.0,6.0,0.0,1.2,1.2,3.0,9.0,14.0,20.0,-6.0,1.4,2.0,0.0,0.0,0.0,178,6.0,0.2,1.0,2.0,D,2.0
2023-04-23,2022-23,Clausura,16,False,Toluca,FC Juárez,1.0,1.0,1.0,0.0,footballcsv,1604,1558.931702497292,1405.6667140118425,153.26498848544952,2,1,2,7.0,4.0,5,2,1,4,7.0,7.0,7,2.0,6.0,6.0,6.0,0.0,2.0,2.0,3.0,10.0,13.0,10.0,3.0,2.6,2.0,7.0,22.0,25.0,13.0,12.0,2.5,1.3,0.0,0.0,0.2,176,7.0,0.8,2.4,0.8,0.0,1.0,1.0,5.0,-4.0,0.3333333333333333,1.6666666666666667,0.0,3.0,4.0,8.0,-4.0,0.8,1.6,1.0,8.0,7.0,13.0,-6.0,0.7,1.3,0.0,0.0,0.2,129,10.0,0.0,0.4,1.6,D,2.0
2023-04-23,2022-23,Clausura,16,False,Santos Laguna,Querétaro,0.0,2.0,0.0,0.0,footballcsv,1605,1524.3169019770764,1419.5284550149768,104.78844696209967,2,2,1,12.0,7.0,5,5,2,2,18.0,11.0,9,1.0,4.0,3.0,5.0,-2.0,1.0,1.6666666666666667,2.0,7.0,7.0,11.0,-4.0,1.4,2.2,3.0,11.0,12.0,24.0,-12.0,1.2,2.4,0.3333333333333333,0.2,0.1,179,7.0,0.4,1.8,3.0,2.0,7.0,3.0,1.0,2.0,1.0,0.3333333333333333,2.0,9.0,7.0,5.0,2.0,1.4,1.0,3.0,14.0,10.0,11.0,-1.0,1.0,1.1,0.6666666666666666,0.4,0.3,166,7.0,0.2,0.8,1.4,A,2.0
2023-04-28,2022-23,Clausura,17,False,FC Juárez,América,0.0,1.0,0.0,1.0,footballcsv,1606,1411.5256527888623,1667.2800298761135,-255.7543770872512,0,1,4,3.0,10.0,5,1,2,4,7.0,12.0,7,0.0,2.0,2.0,4.0,-2.0,0.6666666666666666,1.3333333333333333,0.0,3.0,4.0,8.0,-4.0,0.8,1.6,0.0,6.0,5.0,13.0,-8.0,0.5,1.3,0.0,0.0,0.2,130,5.0,0.2,1.0,1.0,2.0,7.0,6.0,3.0,3.0,2.0,1.0,3.0,11.0,12.0,7.0,5.0,2.4,1.4,6.0,21.0,21.0,14.0,7.0,2.1,1.4,0.0,0.0,0.1,192,6.0,0.8,2.8,1.2,A,1.0
2023-04-29,2022-23,Clausura,17,False,Monterrey,Pumas UNAM,4.0,1.0,4.0,1.0,footballcsv,1611,1637.0653159045237,1460.7121750467531,176.35314085777054,2,2,1,5.0,4.0,5,4,3,2,9.0,6.0,9,1.0,3.0,4.0,4.0,0.0,1.3333333333333333,1.3333333333333333,3.0,9.0,9.0,4.0,5.0,1.8,0.8,7.0,22.0,19.0,7.0,12.0,1.9,0.7,0.3333333333333333,0.6,0.5,188,8.0,0.8,2.4,0.6,2.0,7.0,7.0,3.0,4.0,2.3333333333333335,1.0,2.0,7.0,7.0,6.0,1.0,1.4,1.2,3.0,10.0,13.0,17.0,-4.0,1.3,1.7,0.0,0.0,0.0,179,7.0,0.2,0.8,1.4,H,5.0
2023-04-29,2022-23,Clausura,17,False,Atlético San Luis,Atlas,0.0,0.0,0.0,0.0,footballcsv,1610,1444.804992854527,1519.3896904510227,-74.58469759649574,1,1,3,7.0,12.0,5,2,1,3,9.0,13.0,6,1.0,3.0,4.0,5.0,-1.0,1.3333333333333333,1.6666666666666667,2.0,6.0,6.0,7.0,-1.0,1.2,1.4,3.0,10.0,10.0,15.0,-5.0,1.0,1.5,0.3333333333333333,0.2,0.2,133,7.0,0.6,1.6,1.0,2.0,7.0,8.0,3.0,5.0,2.6666666666666665,1.0,3.0,11.0,15.0,6.0,9.0,3.0,1.2,3.0,13.0,18.0,12.0,6.0,1.8,1.2,0.0,0.2,0.1,176,8.0,0.4,1.8,0.8,D,0.0
2023-04-29,2022-23,Clausura,17,False,Cruz Azul,Santos Laguna,3.0,2.0,2.0,0.0,footballcsv,1609,1530.7533975901508,1507.9826841620322,22.770713428118597,1,2,2,4.0,8.0,5,3,2,5,11.0,14.0,10,0.0,1.0,2.0,5.0,-3.0,0.6666666666666666,1.6666666666666667,1.0,5.0,6.0,7.0,-1.0,1.2,1.4,5.0,17.0,11.0,10.0,1.0,1.1,1.0,0.3333333333333333,0.4,0.6,188,7.0,0.8,1.0,0.6,1.0,3.0,3.0,7.0,-4.0,1.0,2.3333333333333335,1.0,4.0,4.0,11.0,-7.0,0.8,2.2,3.0,11.0,11.0,23.0,-12.0,1.1,2.3,0.0,0.2,0.1,180,6.0,0.2,0.8,1.6,H,5.0
2023-04-29,2022-23,Clausura,17,False,Guadalajara,Mazatlán FC,4.0,1.0,2.0,1.0,footballcsv,1608,1575.7951290120452,1405.8497212736795,169.9454077383657,3,1,1,8.0,4.0,5,3,1,1,8.0,4.0,5,3.0,9.0,5.0,1.0,4.0,1.6666666666666667,0.3333333333333333,3.0,10.0,10.0,8.0,2.0,2.0,1.6,7.0,22.0,18.0,12.0,6.0,1.8,1.2,0.6666666666666666,0.4,0.3,174,7.0,0.8,1.8,1.2,1.0,3.0,3.0,5.0,-2.0,1.0,1.6666666666666667,1.0,3.0,5.0,9.0,-4.0,1.0,1.8,2.0,7.0,11.0,18.0,-7.0,1.1,1.8,0.0,0.0,0.0,102,8.0,0.2,1.2,2.2,H,5.0
2023-04-29,2022-23,Clausura,17,False,Puebla,Tijuana,5.0,2.0,2.0,1.0,footballcsv,1607,1480.4568459501622,1421.8944260444748,58.56241990568742,1,2,2,7.0,7.0,5,2,3,4,9.0,14.0,9,0.0,1.0,2.0,4.0,-2.0,0.6666666666666666,1.3333333333333333,1.0,4.0,4.0,8.0,-4.0,0.8,1.6,3.0,10.0,12.0,18.0,-6.0,1.2,1.8,0.0,0.2,0.2,179,9.0,0.4,1.2,2.0,1.0,4.0,3.0,3.0,0.0,1.0,1.0,1.0,5.0,6.0,10.0,-4.0,1.2,2.0,2.0,9.0,13.0,18.0,-5.0,1.3,1.8,0.3333333333333333,0.2,0.2,165,8.0,0.2,1.2,2.4,H,7.0
2023-04-30,2022-23,Clausura,17,False,Toluca,Necaxa,3.0,0.0,1.0,0.0,footballcsv,1612,1553.0727637202722,1436.9712176105277,116.1015461097445,3,1,1,9.0,5.0,5,4,3,2,16.0,12.0,9,1.0,4.0,4.0,5.0,-1.0,1.3333333333333333,1.6666666666666667,2.0,8.0,10.0,10.0,0.0,2.0,2.0,6.0,20.0,23.0,13.0,10.0,2.3,1.3,0.0,0.0,0.2,177,7.0,0.8,2.6,1.0,0.0,1.0,2.0,5.0,-3.0,0.6666666666666666,1.6666666666666667,1.0,5.0,3.0,5.0,-2.0,0.6,1.0,2.0,10.0,9.0,11.0,-2.0,0.9,1.1,0.0,0.4,0.2,172,9.0,0.2,0.8,1.2,H,3.0
2023-04-30,2022-23,Clausura,17,False,Querétaro,Pachuca,0.0,1.0,0.0,1.0,footballcsv,1613,1435.862672830021,1628.0068645500671,-192.14419172004614,1,1,3,5.0,8.0,5,3,2,4,9.0,13.0,9,2.0,7.0,4.0,1.0,3.0,1.3333333333333333,0.3333333333333333,3.0,11.0,7.0,3.0,4.0,1.4,0.6,4.0,17.0,12.0,9.0,3.0,1.2,0.9,0.6666666666666666,0.6,0.4,167,7.0,0.4,1.2,0.8,2.0,6.0,7.0,6.0,1.0,2.3333333333333335,2.0,3.0,9.0,9.0,8.0,1.0,1.8,1.6,5.0,15.0,17.0,16.0,1.0,1.7,1.6,0.0,0.2,0.2,185,8.0,0.6,2.0,1.4,A,1.0
2023-04-30,2022-23,Clausura,17,False,León,Tigres UANL,3.0,0.0,2.0,0.0,footballcsv,1614,1543.6904289581576,1595.7382071630532,-52.04777820489562,2,1,2,6.0,8.0,5,2,4,4,8.0,13.0,10,0.0,2.0,0.0,2.0,-2.0,0.0,0.6666666666666666,1.0,6.0,4.0,5.0,-1.0,0.8,1.0,4.0,17.0,12.0,7.0,5.0,1.2,0.7,0.6666666666666666,0.4,0.5,185,9.0,0.4,1.4,0.8,1.0,4.0,2.0,2.0,0.0,0.6666666666666666,0.6666666666666666,1.0,4.0,4.0,6.0,-2.0,0.8,1.2,3.0,11.0,7.0,10.0,-3.0,0.7,1.0,0.6666666666666666,0.4,0.5,188,10.0,0.6,1.0,0.6,H,3.0
2023-05-06,2022-23,Clausura - Liguilla,Reclassification,True,Pachuca,Santos Laguna,4.0,4.0,3.0,2.0,footballcsv,1615,1632.5443137050659,1503.2641704561663,129.28014324889955,3,1,1,9.0,5.0,5,5,4,1,16.0,8.0,10,2.0,6.0,4.0,5.0,-1.0,1.3333333333333333,1.6666666666666667,3.0,9.0,8.0,8.0,0.0,1.6,1.6,5.0,15.0,15.0,14.0,1.0,1.5,1.4,0.3333333333333333,0.2,0.3,186,6.0,0.2,1.0,1.6,1.0,3.0,4.0,6.0,-2.0,1.3333333333333333,2.0,1.0,4.0,5.0,10.0,-5.0,1.0,2.0,3.0,10.0,12.0,25.0,-13.0,1.2,2.5,0.0,0.2,0.1,181,7.0,0.2,1.0,2.0,D,8.0
2023-05-06,2022-23,Clausura - Liguilla,Reclassification,True,Cruz Azul,Atlas,0.0,1.0,0.0,1.0,footballcsv,1616,1535.4719112960167,1519.5455427627253,15.926368533291452,3,1,1,7.0,5.0,5,6,1,3,15.0,9.0,10,1.0,3.0,5.0,7.0,-2.0,1.6666666666666667,2.3333333333333335,2.0,7.0,7.0,7.0,0.0,1.4,1.4,5.0,17.0,13.0,12.0,1.0,1.3,1.2,0.0,0.4,0.5,189,7.0,0.8,1.4,1.0,2.0,7.0,7.0,2.0,5.0,2.3333333333333335,0.6666666666666666,2.0,9.0,11.0,6.0,5.0,2.2,1.2,3.0,14.0,18.0,11.0,7.0,1.8,1.1,0.3333333333333333,0.2,0.2,177,7.0,0.4,1.8,0.6,A,1.0
2023-05-07,2022-23,Clausura - Liguilla,Reclassification,True,León,Atlético San Luis,1.0,3.0,1.0,3.0,footballcsv,1617,1556.280494075434,1444.6491405428244,111.63135353260964,3,1,1,7.0,4.0,5,5,1,2,13.0,9.0,8,1.0,4.0,3.0,2.0,1.0,1.0,0.6666666666666666,1.0,6.0,5.0,4.0,1.0,1.0,0.8,5.0,19.0,15.0,7.0,8.0,1.5,0.7,0.6666666666666666,0.6,0.5,186,7.0,0.6,1.8,0.6,1.0,4.0,3.0,2.0,1.0,1.0,0.6666666666666666,2.0,7.0,6.0,6.0,0.0,1.2,1.2,3.0,11.0,9.0,12.0,-3.0,0.9,1.2,0.6666666666666666,0.4,0.3,134,8.0,0.0,0.4,2.0,A,4.0
2023-05-07,2022-23,Clausura - Liguilla,Reclassification,True,Tigres UANL,Puebla,1.0,0.0,0.0,0.0,footballcsv,1618,1583.1481420457767,1488.5565043323666,94.59163771341014,1,2,2,4.0,6.0,5,3,4,3,13.0,10.0,10,1.0,4.0,1.0,3.0,-2.0,0.3333333333333333,1.0,1.0,4.0,4.0,8.0,-4.0,0.8,1.6,3.0,10.0,7.0,13.0,-6.0,0.7,1.3,0.6666666666666666,0.4,0.4,189,7.0,0.2,0.6,1.4,1.0,4.0,6.0,4.0,2.0,2.0,1.3333333333333333,2.0,7.0,9.0,6.0,3.0,1.8,1.2,4.0,13.0,17.0,18.0,-1.0,1.7,1.8,0.0,0.2,0.2,180,8.0,0.4,1.8,1.4,H,1.0
2023-05-10,2022-23,Clausura - Liguilla,Quarterfinals,True,Atlético San Luis,América,1.0,3.0,1.0,3.0,footballcsv,1619,1461.1468696297627,1670.7030250112005,-209.55615538143775,1,0,4,5.0,11.0,5,1,0,6,6.0,14.0,7,1.0,4.0,4.0,3.0,1.0,1.3333333333333333,1.0,2.0,7.0,7.0,6.0,1.0,1.4,1.2,4.0,13.0,11.0,12.0,-1.0,1.1,1.2,0.3333333333333333,0.4,0.3,135,3.0,0.6,1.4,0.4,2.0,7.0,5.0,2.0,3.0,1.6666666666666667,0.6666666666666666,3.0,11.0,9.0,5.0,4.0,1.8,1.0,6.0,21.0,19.0,13.0,6.0,1.9,1.3,0.3333333333333333,0.2,0.2,193,12.0,0.8,2.4,1.0,A,4.0
2023-05-10,2022-23,Clausura - Liguilla,Quarterfinals,True,Santos Laguna,Monterrey,0.0,0.0,0.0,0.0,footballcsv,1620,1508.6514144559937,1641.6861071821586,-133.03469272616485,2,1,2,8.0,8.0,5,4,3,3,16.0,17.0,10,0.0,1.0,6.0,9.0,-3.0,2.0,3.0,1.0,4.0,9.0,14.0,-5.0,1.8,2.8,3.0,11.0,16.0,24.0,-8.0,1.6,2.4,0.0,0.0,0.1,182,4.0,0.4,1.4,3.0,2.0,6.0,7.0,3.0,4.0,2.3333333333333335,1.0,3.0,9.0,12.0,5.0,7.0,2.4,1.0,7.0,22.0,21.0,8.0,13.0,2.1,0.8,0.3333333333333333,0.4,0.4,189,11.0,0.6,1.4,0.8,D,0.0
2023-05-11,2022-23,Clausura - Liguilla,Quarterfinals,True,Tigres UANL,Toluca,4.0,1.0,3.0,1.0,footballcsv,1621,1586.5896497030935,1559.2937095963468,27.295940106746684,2,0,3,9.0,8.0,5,5,0,5,16.0,14.0,10,2.0,6.0,2.0,3.0,-1.0,0.6666666666666666,1.0,2.0,7.0,3.0,5.0,-2.0,0.6,1.0,3.0,10.0,7.0,13.0,-6.0,0.7,1.3,0.6666666666666666,0.6,0.4,190,4.0,0.4,0.6,1.0,1.0,4.0,5.0,4.0,1.0,1.6666666666666667,1.3333333333333333,3.0,10.0,10.0,7.0,3.0,2.0,1.4,6.0,20.0,24.0,12.0,12.0,2.4,1.2,0.3333333333333333,0.2,0.3,178,11.0,0.4,2.2,1.6,H,5.0
2023-05-11,2022-23,Clausura - Liguilla,Quarterfinals,True,Atlas,Guadalajara,1.0,0.0,1.0,0.0,footballcsv,1622,1528.3435914521629,1580.5687080372134,-52.2251165850505,1,4,0,8.0,7.0,5,2,4,4,12.0,14.0,10,2.0,7.0,4.0,1.0,3.0,1.3333333333333333,0.3333333333333333,3.0,11.0,9.0,3.0,6.0,1.8,0.6,4.0,17.0,19.0,10.0,9.0,1.9,1.0,0.6666666666666666,0.4,0.3,178,5.0,0.2,1.8,1.6,3.0,9.0,8.0,2.0,6.0,2.6666666666666665,0.6666666666666666,4.0,13.0,12.0,5.0,7.0,2.4,1.0,7.0,22.0,20.0,12.0,8.0,2.0,1.2,0.3333333333333333,0.4,0.3,175,12.0,0.6,1.8,1.2,H,1.0
2023-05-13,2022-23,Clausura - Liguilla,Quarterfinals,True,Monterrey,Santos Laguna,2.0,0.0,1.0,0.0,footballcsv,1623,1640.1713924929882,1510.1661291451642,130.00526334782398,2,1,2,7.0,7.0,5,2,4,4,12.0,14.0,10,2.0,7.0,6.0,1.0,5.0,2.0,0.3333333333333333,2.0,7.0,8.0,5.0,3.0,1.6,1.0,6.0,20.0,19.0,7.0,12.0,1.9,0.7,0.6666666666666666,0.4,0.5,190,3.0,0.8,2.8,0.8,0.0,2.0,6.0,7.0,-1.0,2.0,2.3333333333333335,1.0,5.0,8.0,10.0,-2.0,1.6,2.0,2.0,9.0,13.0,22.0,-9.0,1.3,2.2,0.3333333333333333,0.2,0.2,183,3.0,0.2,1.8,2.4,H,2.0
2023-05-13,2022-23,Clausura - Liguilla,Quarterfinals,True,América,Atlético San Luis,1.0,2.0,0.0,2.0,footballcsv,1624,1677.3792277701723,1454.4706668707909,222.90856089938143,4,0,1,12.0,5.0,5,7,0,1,17.0,7.0,8,2.0,7.0,5.0,2.0,3.0,1.6666666666666667,0.6666666666666666,4.0,13.0,10.0,4.0,6.0,2.0,0.8,6.0,21.0,20.0,13.0,7.0,2.0,1.3,0.3333333333333333,0.2,0.2,194,3.0,0.4,1.4,1.6,1.0,4.0,4.0,4.0,0.0,1.3333333333333333,1.3333333333333333,2.0,7.0,7.0,6.0,1.0,1.4,1.2,4.0,13.0,12.0,13.0,-1.0,1.2,1.3,0.3333333333333333,0.4,0.3,136,3.0,0.2,1.0,1.8,A,3.0
2023-05-14,2022-23,Clausura - Liguilla,Quarterfinals,True,Toluca,Tigres UANL,3.0,1.0,2.0,0.0,footballcsv,1626,1550.0325294956817,1595.8508298037586,-45.818300308076914,2,0,3,8.0,13.0,5,4,0,6,13.0,19.0,10,1.0,4.0,5.0,5.0,0.0,1.6666666666666667,1.6666666666666667,2.0,7.0,8.0,9.0,-1.0,1.6,1.8,5.0,17.0,20.0,16.0,4.0,2.0,1.6,0.3333333333333333,0.2,0.2,179,3.0,0.8,2.6,0.8,2.0,6.0,5.0,4.0,1.0,1.6666666666666667,1.3333333333333333,3.0,10.0,6.0,4.0,2.0,1.2,0.8,4.0,13.0,10.0,12.0,-2.0,1.0,1.2,0.3333333333333333,0.6,0.4,191,3.0,0.4,0.8,1.2,H,4.0
2023-05-14,2022-23,Clausura - Liguilla,Quarterfinals,True,Guadalajara,Atlas,1.0,0.0,0.0,0.0,footballcsv,1625,1574.2697028900186,1534.6425965993576,39.627106290661004,0,3,2,6.0,8.0,5,3,4,3,13.0,13.0,10,2.0,6.0,6.0,3.0,3.0,2.0,1.0,4.0,12.0,9.0,3.0,6.0,1.8,0.6,6.0,19.0,18.0,12.0,6.0,1.8,1.2,0.0,0.4,0.3,176,3.0,0.8,2.2,1.2,2.0,7.0,2.0,0.0,2.0,0.6666666666666666,0.0,4.0,13.0,9.0,2.0,7.0,1.8,0.4,5.0,19.0,18.0,8.0,10.0,1.8,0.8,1.0,0.6,0.4,179,3.0,0.6,1.8,0.4,H,1.0
2023-05-17,2022-23,Clausura - Liguilla,Semifinals,True,Tigres UANL,Monterrey,1.0,1.0,0.0,1.0,footballcsv,1627,1586.0936773102912,1644.7825956232687,-58.68891831297742,2,1,2,4.0,4.0,5,5,2,3,10.0,6.0,10,2.0,6.0,6.0,4.0,2.0,2.0,1.3333333333333333,3.0,9.0,7.0,7.0,0.0,1.4,1.4,3.0,10.0,10.0,15.0,-5.0,1.0,1.5,0.3333333333333333,0.4,0.3,192,3.0,0.6,1.4,0.8,2.0,7.0,6.0,1.0,5.0,2.0,0.3333333333333333,3.0,10.0,9.0,3.0,6.0,1.8,0.6,7.0,22.0,20.0,6.0,14.0,2.0,0.6,0.6666666666666666,0.6,0.6,191,4.0,0.6,1.2,0.6,D,2.0
2023-05-18,2022-23,Clausura - Liguilla,Semifinals,True,Guadalajara,América,0.0,1.0,0.0,0.0,footballcsv,1628,1578.6655833657546,1665.5797261411317,-86.91414277537706,0,2,3,3.0,9.0,5,2,2,6,7.0,17.0,10,2.0,6.0,5.0,2.0,3.0,1.6666666666666667,0.6666666666666666,4.0,12.0,9.0,3.0,6.0,1.8,0.6,6.0,19.0,17.0,11.0,6.0,1.7,1.1,0.3333333333333333,0.4,0.4,177,4.0,0.8,2.0,1.2,2.0,6.0,5.0,3.0,2.0,1.6666666666666667,1.0,3.0,10.0,9.0,5.0,4.0,1.8,1.0,6.0,20.0,19.0,13.0,6.0,1.9,1.3,0.3333333333333333,0.2,0.2,195,5.0,1.0,2.6,0.8,A,1.0
2023-05-20,2022-23,Clausura - Liguilla,Semifinals,True,Monterrey,Tigres UANL,0.0,1.0,0.0,0.0,footballcsv,1629,1645.3952097582567,1585.4810631753032,59.914146582953435,2,2,1,4.0,3.0,5,3,2,5,6.0,10.0,10,1.0,5.0,3.0,1.0,2.0,1.0,0.3333333333333333,3.0,11.0,9.0,2.0,7.0,1.8,0.4,6.0,20.0,18.0,7.0,11.0,1.8,0.7,0.6666666666666666,0.6,0.5,192,3.0,0.8,2.8,0.6,1.0,4.0,6.0,5.0,1.0,2.0,1.6666666666666667,2.0,7.0,7.0,8.0,-1.0,1.4,1.6,3.0,11.0,11.0,14.0,-3.0,1.1,1.4,0.0,0.2,0.3,193,3.0,0.2,0.8,1.8,A,1.0
2023-05-21,2022-23,Clausura - Liguilla,Semifinals,True,América,Guadalajara,1.0,3.0,0.0,1.0,footballcsv,1630,1672.3519925546786,1571.8933169522077,100.45867560247098,3,2,0,7.0,3.0,5,6,2,2,16.0,7.0,10,2.0,6.0,5.0,3.0,2.0,1.6666666666666667,1.0,3.0,10.0,7.0,4.0,3.0,1.4,0.8,7.0,23.0,20.0,10.0,10.0,2.0,1.0,0.3333333333333333,0.4,0.3,196,3.0,0.2,1.2,1.8,1.0,3.0,1.0,2.0,-1.0,0.3333333333333333,0.6666666666666666,3.0,9.0,7.0,4.0,3.0,1.4,0.8,5.0,16.0,15.0,12.0,3.0,1.5,1.2,0.3333333333333333,0.2,0.3,178,3.0,0.4,1.4,1.2,A,4.0
2023-05-25,2022-23,Clausura - Liguilla,Final,True,Tigres UANL,Guadalajara,0.0,0.0,0.0,0.0,footballcsv,1631,1595.0621685900774,1588.1224373904624,6.939731199614926,3,1,1,10.0,5.0,5,6,1,3,17.0,11.0,10,1.0,4.0,3.0,4.0,-1.0,1.0,1.3333333333333333,3.0,10.0,8.0,5.0,3.0,1.6,1.0,4.0,14.0,12.0,13.0,-1.0,1.2,1.3,0.3333333333333333,0.4,0.4,194,5.0,0.6,1.6,0.8,2.0,6.0,4.0,2.0,2.0,1.3333333333333333,0.6666666666666666,3.0,9.0,8.0,4.0,4.0,1.6,0.8,6.0,19.0,18.0,12.0,6.0,1.8,1.2,0.3333333333333333,0.2,0.3,179,4.0,0.4,1.6,1.2,D,0.0
2023-05-28,2022-23,Clausura - Liguilla,Final,True,Guadalajara,Tigres UANL,2.0,2.0,2.0,0.0,footballcsv,1632,1590.573810940717,1592.6107950398227,-2.0369840991056662,1,1,3,5.0,10.0,5,3,2,5,11.0,16.0,10,1.0,4.0,3.0,2.0,1.0,1.0,0.6666666666666666,2.0,7.0,4.0,3.0,1.0,0.8,0.6,6.0,20.0,16.0,8.0,8.0,1.6,0.8,0.3333333333333333,0.4,0.4,180,3.0,0.8,1.6,0.6,1.0,5.0,2.0,1.0,1.0,0.6666666666666666,0.3333333333333333,2.0,8.0,7.0,5.0,2.0,1.4,1.0,4.0,15.0,10.0,10.0,0.0,1.0,1.0,0.6666666666666666,0.4,0.5,195,3.0,0.2,0.8,1.8,D,4.0
2023-06-30,2023-24,Apertura,1,False,Mazatlán FC,Pachuca,1.0,1.0,0.0,1.0,footballcsv,1633,1401.0761422485114,1627.1570697052384,-226.08092745672707,2,1,2,7.0,8.0,5,2,1,3,10.0,12.0,6,0.0,0.0,2.0,8.0,-6.0,0.6666666666666666,2.6666666666666665,1.0,3.0,5.0,11.0,-6.0,1.0,2.2,2.0,6.0,11.0,21.0,-10.0,1.1,2.1,0.0,0.0,0.0,103,62.0,0.2,1.0,1.6,2.0,7.0,7.0,5.0,2.0,2.3333333333333335,1.6666666666666667,3.0,10.0,12.0,10.0,2.0,2.4,2.0,5.0,16.0,18.0,16.0,2.0,1.8,1.6,0.3333333333333333,0.2,0.3,187,55.0,0.8,2.2,1.0,D,2.0
2023-06-30,2023-24,Apertura,1,False,Tijuana,Pumas UNAM,2.0,3.0,1.0,1.0,footballcsv,1634,1413.7947676622705,1456.0913837691182,-42.29661610684775,1,3,1,3.0,4.0,5,2,3,4,4.0,9.0,9,1.0,4.0,4.0,6.0,-2.0,1.3333333333333333,2.0,1.0,4.0,5.0,12.0,-7.0,1.0,2.4,2.0,9.0,14.0,21.0,-7.0,1.4,2.1,0.3333333333333333,0.2,0.2,166,62.0,0.2,1.4,1.2,1.0,4.0,5.0,6.0,-1.0,1.6666666666666667,2.0,2.0,7.0,8.0,8.0,0.0,1.6,1.6,3.0,10.0,13.0,18.0,-5.0,1.3,1.8,0.0,0.0,0.0,180,62.0,0.2,0.8,1.6,A,5.0
2023-06-30,2023-24,Apertura,1,False,América,FC Juárez,1.0,2.0,1.0,0.0,footballcsv,1635,1656.1228721164239,1408.1026576537754,248.02021446264848,5,0,0,10.0,2.0,5,5,2,1,13.0,7.0,8,1.0,3.0,3.0,5.0,-2.0,1.0,1.6666666666666667,3.0,9.0,7.0,6.0,1.0,1.4,1.2,6.0,20.0,19.0,13.0,6.0,1.9,1.3,0.3333333333333333,0.4,0.2,197,40.0,0.2,1.4,1.8,0.0,1.0,1.0,4.0,-3.0,0.3333333333333333,1.3333333333333333,0.0,2.0,2.0,7.0,-5.0,0.4,1.4,0.0,5.0,5.0,14.0,-9.0,0.5,1.4,0.0,0.0,0.1,131,63.0,0.0,0.6,1.8,A,3.0
2023-07-01,2023-24,Apertura,1,False,Atlético San Luis,Monterrey,1.0,1.0,0.0,1.0,footballcsv,1636,1466.2701684998315,1635.8141043434825,-169.54393584365107,1,2,2,6.0,7.0,5,2,3,4,10.0,13.0,9,2.0,6.0,6.0,5.0,1.0,2.0,1.6666666666666667,2.0,7.0,7.0,7.0,0.0,1.4,1.4,5.0,16.0,14.0,12.0,2.0,1.4,1.2,0.0,0.2,0.3,137,49.0,0.6,1.4,0.8,1.0,4.0,3.0,2.0,1.0,1.0,0.6666666666666666,2.0,8.0,7.0,3.0,4.0,1.4,0.6,5.0,17.0,16.0,7.0,9.0,1.6,0.7,0.3333333333333333,0.4,0.5,193,42.0,0.4,1.0,0.6,D,2.0
2023-07-01,2023-24,Apertura,1,False,Tigres UANL,Puebla,1.0,1.0,0.0,0.0,footballcsv,1637,1594.817830868853,1485.1149966750497,109.70283419380326,2,1,2,4.0,5.0,5,3,4,3,8.0,9.0,10,1.0,5.0,3.0,2.0,1.0,1.0,0.6666666666666666,1.0,6.0,5.0,6.0,-1.0,1.0,1.2,4.0,16.0,11.0,10.0,1.0,1.1,1.0,0.6666666666666666,0.4,0.5,196,34.0,0.6,1.4,0.4,1.0,3.0,5.0,4.0,1.0,1.6666666666666667,1.3333333333333333,1.0,4.0,7.0,7.0,0.0,1.4,1.4,4.0,13.0,16.0,16.0,0.0,1.6,1.6,0.0,0.0,0.2,181,55.0,0.4,1.4,1.0,D,2.0
2023-07-01,2023-24,Apertura,1,False,Atlas,Cruz Azul,2.0,0.0,1.0,0.0,footballcsv,1638,1530.2467161236216,1526.6738626065792,3.572853517042404,2,1,2,4.0,4.0,5,4,1,5,10.0,13.0,10,2.0,6.0,2.0,1.0,1.0,0.6666666666666666,0.3333333333333333,3.0,10.0,5.0,2.0,3.0,1.0,0.4,5.0,18.0,17.0,8.0,9.0,1.7,0.8,0.6666666666666666,0.6,0.4,180,48.0,0.4,2.0,1.4,1.0,3.0,4.0,5.0,-1.0,1.3333333333333333,1.6666666666666667,1.0,4.0,5.0,8.0,-3.0,1.0,1.6,4.0,14.0,12.0,13.0,-1.0,1.2,1.3,0.0,0.2,0.4,190,56.0,0.2,1.2,1.4,H,2.0
2023-07-02,2023-24,Apertura,1,False,Santos Laguna,Querétaro,0.0,2.0,0.0,0.0,footballcsv,1639,1505.5549260148837,1431.3252236750222,74.22970233986143,2,2,1,12.0,8.0,5,5,2,3,18.0,13.0,10,0.0,2.0,4.0,6.0,-2.0,1.3333333333333333,2.0,0.0,2.0,6.0,11.0,-5.0,1.2,2.2,2.0,9.0,13.0,22.0,-9.0,1.3,2.2,0.3333333333333333,0.2,0.2,184,50.0,0.4,1.4,2.0,1.0,4.0,2.0,1.0,1.0,0.6666666666666666,0.3333333333333333,3.0,10.0,5.0,2.0,3.0,1.0,0.4,4.0,16.0,11.0,9.0,2.0,1.1,0.9,0.6666666666666666,0.6,0.4,168,63.0,0.4,1.0,1.2,A,2.0
2023-07-02,2023-24,Apertura,1,False,Toluca,Necaxa,0.0,0.0,0.0,0.0,footballcsv,1640,1559.7896819891491,1430.750271734453,129.03941025469612,4,1,0,10.0,2.0,5,5,3,2,19.0,12.0,10,2.0,6.0,7.0,5.0,2.0,2.3333333333333335,1.6666666666666667,2.0,7.0,9.0,9.0,0.0,1.8,1.8,5.0,17.0,21.0,17.0,4.0,2.1,1.7,0.3333333333333333,0.2,0.1,180,49.0,0.8,2.8,1.0,0.0,1.0,2.0,7.0,-5.0,0.6666666666666666,2.3333333333333335,0.0,2.0,2.0,8.0,-6.0,0.4,1.6,1.0,7.0,6.0,13.0,-7.0,0.6,1.3,0.0,0.2,0.2,173,63.0,0.2,0.6,1.4,D,0.0
2023-07-03,2023-24,Apertura,1,False,León,Guadalajara,1.0,2.0,1.0,1.0,footballcsv,1641,1539.7827649884957,1588.3667751116868,-48.58401012319109,2,1,2,6.0,6.0,5,4,3,3,12.0,12.0,10,1.0,4.0,4.0,3.0,1.0,1.3333333333333333,1.0,1.0,5.0,4.0,5.0,-1.0,0.8,1.0,5.0,18.0,15.0,9.0,6.0,1.5,0.9,0.6666666666666666,0.6,0.5,187,57.0,0.4,1.6,1.2,1.0,5.0,5.0,3.0,2.0,1.6666666666666667,1.0,2.0,8.0,6.0,4.0,2.0,1.2,0.8,6.0,20.0,15.0,7.0,8.0,1.5,0.7,0.3333333333333333,0.4,0.4,181,36.0,0.4,1.6,1.0,A,3.0
2023-07-07,2023-24,Apertura,2,False,Puebla,Santos Laguna,2.0,3.0,2.0,2.0,footballcsv,1642,1490.090224696885,1489.9889173837125,0.10130731317235586,2,2,1,7.0,6.0,5,2,4,4,10.0,17.0,10,1.0,4.0,6.0,4.0,2.0,2.0,1.3333333333333333,1.0,5.0,7.0,6.0,1.0,1.4,1.2,4.0,14.0,15.0,14.0,1.0,1.5,1.4,0.0,0.0,0.2,182,6.0,0.4,1.6,2.2,0.0,1.0,0.0,4.0,-4.0,0.0,1.3333333333333333,0.0,2.0,6.0,11.0,-5.0,1.2,2.2,1.0,6.0,10.0,22.0,-12.0,1.0,2.2,0.3333333333333333,0.2,0.2,185,5.0,0.2,1.6,2.0,A,5.0
2023-07-07,2023-24,Apertura,2,False,Necaxa,Tijuana,1.0,1.0,0.0,0.0,footballcsv,1643,1436.1325959652543,1406.1140379143915,30.018558050862794,1,3,1,6.0,4.0,5,3,3,3,12.0,9.0,9,0.0,1.0,1.0,6.0,-5.0,0.3333333333333333,2.0,0.0,2.0,2.0,8.0,-6.0,0.4,1.6,1.0,8.0,5.0,11.0,-6.0,0.5,1.1,0.3333333333333333,0.2,0.3,174,5.0,0.0,0.6,1.2,0.0,1.0,4.0,8.0,-4.0,1.3333333333333333,2.6666666666666665,1.0,4.0,7.0,11.0,-4.0,1.4,2.2,2.0,9.0,15.0,22.0,-7.0,1.5,2.2,0.3333333333333333,0.2,0.2,167,7.0,0.2,1.4,3.0,D,2.0
2023-07-08,2023-24,Apertura,2,False,FC Juárez,Tigres UANL,1.0,1.0,0.0,1.0,footballcsv,1644,1420.1433767374485,1589.8426028470178,-169.69922610956928,0,1,4,4.0,10.0,5,0,2,6,8.0,16.0,8,1.0,4.0,3.0,3.0,0.0,1.0,1.0,1.0,5.0,4.0,6.0,-2.0,0.8,1.2,1.0,7.0,7.0,15.0,-8.0,0.7,1.5,0.0,0.0,0.0,132,8.0,0.0,0.4,1.0,0.0,3.0,3.0,3.0,0.0,1.0,1.0,1.0,7.0,5.0,4.0,1.0,1.0,0.8,4.0,16.0,12.0,11.0,1.0,1.2,1.1,0.3333333333333333,0.4,0.4,197,7.0,0.2,0.8,1.6,D,2.0
2023-07-08,2023-24,Apertura,2,False,Guadalajara,Atlético San Luis,3.0,1.0,2.0,1.0,footballcsv,1645,1595.9233052282002,1468.7918623374587,127.13144289074148,0,2,3,4.0,8.0,5,2,3,3,11.0,11.0,8,1.0,5.0,4.0,3.0,1.0,1.3333333333333333,1.0,2.0,8.0,7.0,5.0,2.0,1.4,1.0,6.0,20.0,16.0,8.0,8.0,1.6,0.8,0.3333333333333333,0.2,0.3,182,5.0,0.6,1.8,1.0,1.0,4.0,4.0,5.0,-1.0,1.3333333333333333,1.6666666666666667,2.0,8.0,7.0,6.0,1.0,1.4,1.2,4.0,14.0,13.0,13.0,0.0,1.3,1.3,0.0,0.2,0.2,138,7.0,0.4,1.4,1.6,H,4.0
2023-07-08,2023-24,Apertura,2,False,Cruz Azul,Toluca,0.0,2.0,0.0,1.0,footballcsv,1646,1518.5877221457736,1554.4073577583479,-35.8196356125743,3,0,2,14.0,8.0,5,4,2,4,22.0,18.0,10,1.0,3.0,3.0,5.0,-2.0,1.0,1.6666666666666667,1.0,3.0,5.0,10.0,-5.0,1.0,2.0,4.0,14.0,11.0,12.0,-1.0,1.1,1.2,0.0,0.0,0.4,191,7.0,0.6,1.2,1.2,1.0,4.0,4.0,5.0,-1.0,1.3333333333333333,1.6666666666666667,2.0,8.0,8.0,6.0,2.0,1.6,1.2,5.0,18.0,21.0,16.0,5.0,2.1,1.6,0.3333333333333333,0.4,0.2,181,6.0,0.2,1.4,2.4,A,2.0
2023-07-09,2023-24,Apertura,2,False,Monterrey,Atlas,1.0,0.0,1.0,0.0,footballcsv,1647,1633.2924105058553,1538.3328565844272,94.9595539214281,2,3,0,5.0,1.0,5,4,4,2,11.0,6.0,10,0.0,2.0,2.0,3.0,-1.0,0.6666666666666666,1.0,1.0,6.0,4.0,3.0,1.0,0.8,0.6,4.0,15.0,16.0,8.0,8.0,1.6,0.8,0.0,0.4,0.4,194,8.0,0.6,2.2,0.8,2.0,6.0,3.0,1.0,2.0,1.0,0.3333333333333333,3.0,10.0,4.0,1.0,3.0,0.8,0.2,6.0,21.0,19.0,7.0,12.0,1.9,0.7,0.6666666666666666,0.8,0.5,181,8.0,0.4,1.0,0.6,H,1.0
2023-07-09,2023-24,Apertura,2,False,Pumas UNAM,Mazatlán FC,0.0,0.0,0.0,0.0,footballcsv,1648,1463.7721135169973,1405.049276542528,58.722836974469146,2,3,0,9.0,5.0,5,2,4,0,9.0,5.0,6,1.0,4.0,5.0,7.0,-2.0,1.6666666666666667,2.3333333333333335,3.0,10.0,11.0,9.0,2.0,2.2,1.8,4.0,13.0,15.0,18.0,-3.0,1.5,1.8,0.0,0.0,0.0,181,9.0,0.4,1.8,2.0,0.0,1.0,2.0,7.0,-5.0,0.6666666666666666,2.3333333333333335,1.0,4.0,5.0,10.0,-5.0,1.0,2.0,2.0,7.0,11.0,20.0,-9.0,1.1,2.0,0.0,0.0,0.0,104,9.0,0.2,1.2,2.4,D,0.0
2023-07-10,2023-24,Apertura,2,False,León,Pachuca,4.0,0.0,3.0,0.0,footballcsv,1649,1532.2262348719823,1623.1839354112217,-90.95770053923934,1,1,3,2.0,7.0,5,5,2,3,12.0,10.0,10,1.0,3.0,5.0,5.0,0.0,1.6666666666666667,1.6666666666666667,1.0,4.0,5.0,7.0,-2.0,1.0,1.4,4.0,15.0,14.0,11.0,3.0,1.4,1.1,0.3333333333333333,0.4,0.4,188,7.0,0.2,1.0,1.4,1.0,5.0,6.0,5.0,1.0,2.0,1.6666666666666667,2.0,8.0,9.0,10.0,-1.0,1.8,2.0,5.0,17.0,19.0,15.0,4.0,1.9,1.5,0.3333333333333333,0.2,0.3,188,10.0,0.6,1.8,1.2,H,4.0
2023-07-13,2023-24,Apertura,3,False,Guadalajara,Necaxa,2.0,0.0,1.0,0.0,footballcsv,1650,1600.5990922809685,1433.067768642315,167.53132363865348,4,1,0,10.0,3.0,5,7,2,1,18.0,9.0,10,2.0,7.0,7.0,4.0,3.0,2.3333333333333335,1.3333333333333333,3.0,11.0,10.0,5.0,5.0,2.0,1.0,6.0,20.0,17.0,9.0,8.0,1.7,0.9,0.0,0.2,0.2,183,5.0,0.6,2.0,1.0,0.0,2.0,1.0,4.0,-3.0,0.3333333333333333,1.3333333333333333,0.0,3.0,3.0,8.0,-5.0,0.6,1.6,1.0,8.0,5.0,11.0,-6.0,0.5,1.1,0.3333333333333333,0.2,0.3,175,6.0,0.2,0.4,1.0,H,2.0
2023-07-13,2023-24,Apertura,3,False,Santos Laguna,Atlas,0.0,0.0,0.0,0.0,footballcsv,1651,1498.4907160594012,1534.8972143254089,-36.4064982660077,1,3,1,6.0,6.0,5,4,4,2,12.0,9.0,10,1.0,3.0,3.0,6.0,-3.0,1.0,2.0,1.0,5.0,7.0,10.0,-3.0,1.4,2.0,2.0,9.0,12.0,20.0,-8.0,1.2,2.0,0.0,0.2,0.2,186,6.0,0.2,0.8,2.0,1.0,3.0,2.0,2.0,0.0,0.6666666666666666,0.6666666666666666,3.0,9.0,4.0,2.0,2.0,0.8,0.4,5.0,18.0,15.0,8.0,7.0,1.5,0.8,0.3333333333333333,0.6,0.4,182,4.0,0.4,0.8,0.6,D,0.0
2023-07-14,2023-24,Apertura,3,False,Mazatlán FC,Monterrey,0.0,3.0,0.0,0.0,footballcsv,1652,1408.8425732375363,1636.7280527648736,-227.88547952733734,0,2,3,2.0,6.0,5,0,2,4,3.0,8.0,6,0.0,2.0,2.0,5.0,-3.0,0.6666666666666666,1.6666666666666667,0.0,2.0,3.0,9.0,-6.0,0.6,1.8,1.0,5.0,8.0,19.0,-11.0,0.8,1.9,0.3333333333333333,0.2,0.1,105,5.0,0.0,0.6,1.6,1.0,4.0,2.0,2.0,0.0,0.6666666666666666,0.6666666666666666,2.0,8.0,5.0,3.0,2.0,1.0,0.6,4.0,15.0,13.0,8.0,5.0,1.3,0.8,0.3333333333333333,0.4,0.4,195,5.0,0.2,1.0,0.8,A,3.0
2023-07-14,2023-24,Apertura,3,False,Tijuana,Cruz Azul,2.0,1.0,0.0,1.0,footballcsv,1653,1409.1788652373307,1506.2120709705755,-97.03320573324481,1,2,2,4.0,6.0,5,2,3,5,11.0,16.0,10,0.0,1.0,5.0,9.0,-4.0,1.6666666666666667,3.0,1.0,5.0,7.0,10.0,-3.0,1.4,2.0,1.0,7.0,14.0,23.0,-9.0,1.4,2.3,0.0,0.2,0.1,168,7.0,0.0,1.4,1.8,0.0,0.0,0.0,5.0,-5.0,0.0,1.6666666666666667,1.0,3.0,4.0,9.0,-5.0,0.8,1.8,3.0,11.0,10.0,14.0,-4.0,1.0,1.4,0.0,0.0,0.3,192,6.0,0.2,1.0,1.2,H,3.0
2023-07-15,2023-24,Apertura,3,False,Atlético San Luis,Querétaro,4.0,1.0,2.0,1.0,footballcsv,1654,1464.1160752846904,1446.8912323061934,17.22484297849701,1,2,2,6.0,6.0,5,3,2,3,9.0,9.0,8,1.0,4.0,4.0,5.0,-1.0,1.3333333333333333,1.6666666666666667,2.0,7.0,8.0,9.0,-1.0,1.6,1.8,4.0,14.0,14.0,15.0,-1.0,1.4,1.5,0.0,0.0,0.2,139,7.0,0.4,1.2,1.0,2.0,6.0,4.0,1.0,3.0,1.3333333333333333,0.3333333333333333,3.0,10.0,6.0,2.0,4.0,1.2,0.4,5.0,18.0,12.0,8.0,4.0,1.2,0.8,0.6666666666666666,0.6,0.5,169,13.0,0.6,1.4,0.8,H,5.0
2023-07-15,2023-24,Apertura,3,False,América,Puebla,3.0,0.0,2.0,0.0,footballcsv,1655,1644.0821530327507,1481.5884260211963,162.49372701155448,4,1,0,18.0,7.0,5,7,3,0,26.0,11.0,10,1.0,3.0,3.0,5.0,-2.0,1.0,1.6666666666666667,2.0,6.0,7.0,8.0,-1.0,1.4,1.6,5.0,17.0,16.0,13.0,3.0,1.6,1.3,0.3333333333333333,0.2,0.2,198,15.0,0.2,1.2,1.8,0.0,1.0,3.0,5.0,-2.0,1.0,1.6666666666666667,1.0,4.0,8.0,8.0,0.0,1.6,1.6,3.0,11.0,13.0,15.0,-2.0,1.3,1.5,0.0,0.0,0.2,183,8.0,0.2,0.8,0.8,H,3.0
2023-07-15,2023-24,Apertura,3,False,Tigres UANL,León,1.0,0.0,1.0,0.0,footballcsv,1656,1587.3167240882185,1548.828043123999,38.48868096421961,2,0,3,6.0,7.0,5,3,4,3,12.0,11.0,10,0.0,3.0,4.0,4.0,0.0,1.3333333333333333,1.3333333333333333,1.0,7.0,5.0,4.0,1.0,1.0,0.8,3.0,14.0,12.0,12.0,0.0,1.2,1.2,0.0,0.4,0.3,198,7.0,0.4,1.4,0.6,1.0,3.0,6.0,5.0,1.0,2.0,1.6666666666666667,2.0,7.0,9.0,5.0,4.0,1.8,1.0,4.0,15.0,17.0,11.0,6.0,1.7,1.1,0.3333333333333333,0.6,0.4,189,5.0,0.4,1.0,0.6,H,1.0
2023-07-16,2023-24,Apertura,3,False,Toluca,FC Juárez,2.0,4.0,1.0,1.0,footballcsv,1658,1566.783008933546,1422.6692554962478,144.1137534372981,2,2,1,8.0,4.0,5,2,2,4,8.0,8.0,8,2.0,7.0,5.0,1.0,4.0,1.6666666666666667,0.3333333333333333,3.0,10.0,9.0,5.0,4.0,1.8,1.0,5.0,18.0,19.0,15.0,4.0,1.9,1.5,0.6666666666666666,0.6,0.3,182,8.0,0.6,2.0,0.8,1.0,4.0,3.0,3.0,0.0,1.0,1.0,1.0,5.0,4.0,6.0,-2.0,0.8,1.2,1.0,8.0,8.0,15.0,-7.0,0.8,1.5,0.0,0.0,0.0,133,8.0,0.2,1.0,1.8,A,6.0
2023-07-16,2023-24,Apertura,3,False,Pachuca,Pumas UNAM,1.0,1.0,1.0,1.0,footballcsv,1657,1606.5821271592051,1459.978816821989,146.60331033721604,1,3,1,5.0,5.0,5,2,5,3,9.0,9.0,10,0.0,2.0,5.0,9.0,-4.0,1.6666666666666667,3.0,2.0,8.0,8.0,10.0,-2.0,1.6,2.0,4.0,14.0,16.0,19.0,-3.0,1.6,1.9,0.0,0.2,0.2,189,6.0,0.2,1.6,2.2,1.0,4.0,4.0,6.0,-2.0,1.3333333333333333,2.0,2.0,8.0,8.0,8.0,0.0,1.6,1.6,3.0,11.0,13.0,17.0,-4.0,1.3,1.7,0.3333333333333333,0.2,0.1,182,7.0,0.2,1.0,1.8,D,2.0
2023-08-18,2023-24,Apertura,4,False,FC Juárez,Guadalajara,1.0,1.0,0.0,1.0,footballcsv,1659,1439.8991113354493,1604.4285106565098,-164.5293993210605,1,2,2,6.0,8.0,5,1,2,5,7.0,14.0,8,2.0,7.0,7.0,4.0,3.0,2.3333333333333335,1.3333333333333333,2.0,8.0,8.0,6.0,2.0,1.6,1.2,2.0,11.0,12.0,14.0,-2.0,1.2,1.4,0.0,0.0,0.0,134,33.0,0.0,0.6,1.2,3.0,9.0,7.0,2.0,5.0,2.3333333333333335,0.6666666666666666,3.0,11.0,9.0,4.0,5.0,1.8,0.8,6.0,20.0,17.0,8.0,9.0,1.7,0.8,0.3333333333333333,0.4,0.3,184,36.0,0.6,1.4,0.6,D,2.0
2023-08-18,2023-24,Apertura,4,False,Puebla,Atlético San Luis,1.0,2.0,0.0,1.0,footballcsv,1660,1476.6320755632933,1473.7711719193514,2.8609036439418105,1,2,2,7.0,7.0,5,3,2,3,10.0,10.0,8,0.0,1.0,3.0,7.0,-4.0,1.0,2.3333333333333335,1.0,4.0,8.0,10.0,-2.0,1.6,2.0,2.0,8.0,12.0,18.0,-6.0,1.2,1.8,0.0,0.0,0.1,184,34.0,0.4,1.8,2.2,1.0,4.0,6.0,5.0,1.0,2.0,1.6666666666666667,2.0,7.0,9.0,9.0,0.0,1.8,1.8,4.0,14.0,16.0,15.0,1.0,1.6,1.5,0.0,0.0,0.2,140,34.0,0.4,1.6,2.0,A,3.0
2023-08-18,2023-24,Apertura,4,False,Pumas UNAM,Toluca,1.0,1.0,1.0,1.0,footballcsv,1661,1465.7104206239892,1549.5531530943445,-83.84273247035526,3,1,1,13.0,6.0,5,6,2,2,21.0,12.0,10,1.0,5.0,4.0,3.0,1.0,1.3333333333333333,1.0,1.0,6.0,6.0,8.0,-2.0,1.2,1.6,3.0,12.0,12.0,14.0,-2.0,1.2,1.4,0.3333333333333333,0.2,0.1,183,33.0,0.4,1.6,1.6,1.0,4.0,4.0,4.0,0.0,1.3333333333333333,1.3333333333333333,2.0,7.0,8.0,9.0,-1.0,1.6,1.8,5.0,17.0,18.0,16.0,2.0,1.8,1.6,0.6666666666666666,0.4,0.3,183,33.0,0.4,1.8,2.2,D,2.0
2023-08-18,2023-24,Apertura,4,False,León,Mazatlán FC,2.0,1.0,0.0,1.0,footballcsv,1662,1544.410797904474,1401.0705174461837,143.3402804582904,3,0,2,10.0,9.0,5,4,0,2,12.0,10.0,6,1.0,3.0,5.0,3.0,2.0,1.6666666666666667,1.0,2.0,6.0,9.0,6.0,3.0,1.8,1.2,3.0,12.0,13.0,11.0,2.0,1.3,1.1,0.3333333333333333,0.4,0.4,190,34.0,0.4,1.8,1.4,0.0,2.0,1.0,4.0,-3.0,0.3333333333333333,1.3333333333333333,0.0,2.0,2.0,10.0,-8.0,0.4,2.0,1.0,5.0,7.0,18.0,-11.0,0.7,1.8,0.3333333333333333,0.2,0.1,106,35.0,0.2,1.0,2.2,H,3.0
2023-08-20,2023-24,Apertura,4,False,Querétaro,Pachuca,1.0,1.0,1.0,0.0,footballcsv,1663,1437.2361356715323,1600.850523357205,-163.61438768567268,1,1,3,5.0,8.0,5,3,2,5,9.0,14.0,10,1.0,3.0,3.0,5.0,-2.0,1.0,1.6666666666666667,2.0,7.0,5.0,5.0,0.0,1.0,1.0,4.0,15.0,12.0,12.0,0.0,1.2,1.2,0.3333333333333333,0.6,0.4,170,36.0,0.2,1.0,1.0,0.0,2.0,2.0,6.0,-4.0,0.6666666666666666,2.0,1.0,6.0,7.0,10.0,-3.0,1.4,2.0,4.0,15.0,16.0,18.0,-2.0,1.6,1.8,0.0,0.2,0.2,190,35.0,0.4,1.4,2.0,D,2.0
2023-08-20,2023-24,Apertura,4,False,Cruz Azul,Santos Laguna,2.0,2.0,2.0,1.0,footballcsv,1664,1498.9410522355283,1497.2425374914103,1.6985147441180288,1,2,2,6.0,10.0,5,4,2,4,13.0,14.0,10,0.0,0.0,1.0,6.0,-5.0,0.3333333333333333,2.0,1.0,3.0,4.0,9.0,-5.0,0.8,1.8,2.0,8.0,10.0,16.0,-6.0,1.0,1.6,0.0,0.0,0.2,193,37.0,0.4,1.0,1.6,1.0,4.0,3.0,4.0,-1.0,1.0,1.3333333333333333,1.0,5.0,3.0,6.0,-3.0,0.6,1.2,2.0,9.0,12.0,20.0,-8.0,1.2,2.0,0.3333333333333333,0.4,0.2,187,38.0,0.4,2.2,2.4,D,4.0
2023-08-20,2023-24,Apertura,4,False,América,Atlas,1.0,1.0,1.0,1.0,footballcsv,1665,1649.0385034906537,1536.1453928933997,112.89311059725401,2,2,1,4.0,4.0,5,5,2,2,11.0,8.0,9,1.0,3.0,5.0,5.0,0.0,1.6666666666666667,1.6666666666666667,2.0,6.0,7.0,7.0,0.0,1.4,1.4,6.0,19.0,17.0,11.0,6.0,1.7,1.1,0.3333333333333333,0.4,0.3,199,36.0,0.2,1.4,1.6,1.0,4.0,2.0,1.0,1.0,0.6666666666666666,0.3333333333333333,2.0,7.0,3.0,2.0,1.0,0.6,0.4,5.0,18.0,12.0,5.0,7.0,1.2,0.5,0.6666666666666666,0.6,0.5,183,38.0,0.2,0.2,0.4,D,2.0
2023-08-20,2023-24,Apertura,4,False,Necaxa,Tigres UANL,0.0,3.0,0.0,1.0,footballcsv,1666,1429.2383502667738,1591.7339693077433,-162.4956190409696,1,2,2,2.0,3.0,5,1,4,5,7.0,14.0,10,0.0,2.0,1.0,3.0,-2.0,0.3333333333333333,1.0,0.0,2.0,2.0,9.0,-7.0,0.4,1.8,1.0,8.0,5.0,12.0,-7.0,0.5,1.2,0.3333333333333333,0.2,0.3,176,38.0,0.0,0.6,1.2,1.0,5.0,3.0,2.0,1.0,1.0,0.6666666666666666,1.0,7.0,5.0,4.0,1.0,1.0,0.8,4.0,17.0,13.0,9.0,4.0,1.3,0.9,0.3333333333333333,0.4,0.4,199,36.0,0.2,1.0,1.8,A,3.0
2023-08-22,2023-24,Apertura,5,False,Mazatlán FC,Puebla,1.0,0.0,0.0,0.0,footballcsv,1667,1398.344666248655,1468.0781425012362,-69.73347625258134,1,1,3,7.0,12.0,5,1,1,5,9.0,19.0,7,0.0,1.0,1.0,5.0,-4.0,0.3333333333333333,1.6666666666666667,0.0,2.0,3.0,10.0,-7.0,0.6,2.0,1.0,5.0,8.0,19.0,-11.0,0.8,1.9,0.3333333333333333,0.2,0.1,107,4.0,0.0,0.6,2.0,0.0,0.0,3.0,8.0,-5.0,1.0,2.6666666666666665,0.0,1.0,4.0,10.0,-6.0,0.8,2.0,2.0,8.0,13.0,16.0,-3.0,1.3,1.6,0.0,0.0,0.1,185,4.0,0.0,0.4,1.4,H,1.0
2023-08-22,2023-24,Apertura,5,False,Guadalajara,Tijuana,1.0,0.0,0.0,0.0,footballcsv,1668,1602.0424531649903,1416.4498839723778,185.59256919261247,4,1,0,8.0,3.0,5,6,2,2,12.0,6.0,10,2.0,7.0,6.0,2.0,4.0,2.0,0.6666666666666666,3.0,11.0,10.0,5.0,5.0,2.0,1.0,5.0,18.0,14.0,8.0,6.0,1.4,0.8,0.3333333333333333,0.2,0.3,185,4.0,0.6,1.6,0.8,1.0,4.0,5.0,5.0,0.0,1.6666666666666667,1.6666666666666667,1.0,5.0,7.0,10.0,-3.0,1.4,2.0,2.0,9.0,15.0,23.0,-8.0,1.5,2.3,0.0,0.2,0.1,169,39.0,0.2,1.4,2.8,H,1.0
2023-08-22,2023-24,Apertura,5,False,FC Juárez,Pumas UNAM,4.0,1.0,3.0,0.0,footballcsv,1669,1442.2851688269689,1465.821018845495,-23.535850018526162,1,1,3,5.0,6.0,5,1,4,3,11.0,12.0,8,1.0,5.0,6.0,4.0,2.0,2.0,1.3333333333333333,2.0,8.0,8.0,6.0,2.0,1.6,1.2,2.0,11.0,12.0,14.0,-2.0,1.2,1.4,0.0,0.0,0.0,135,4.0,0.0,0.6,1.2,0.0,3.0,2.0,2.0,0.0,0.6666666666666666,0.6666666666666666,1.0,6.0,6.0,8.0,-2.0,1.2,1.6,3.0,13.0,13.0,14.0,-1.0,1.3,1.4,0.3333333333333333,0.2,0.1,184,4.0,0.2,1.2,1.8,H,5.0
2023-08-23,2023-24,Apertura,5,False,América,Necaxa,3.0,2.0,2.0,1.0,footballcsv,1670,1643.9944970575443,1418.9908115113526,225.00368554619172,5,0,0,9.0,4.0,5,5,2,3,14.0,15.0,10,1.0,4.0,5.0,3.0,2.0,1.6666666666666667,1.0,2.0,7.0,7.0,6.0,1.0,1.4,1.2,5.0,17.0,16.0,11.0,5.0,1.6,1.1,0.3333333333333333,0.4,0.3,200,3.0,0.2,1.4,1.6,0.0,1.0,1.0,6.0,-5.0,0.3333333333333333,2.0,0.0,2.0,1.0,9.0,-8.0,0.2,1.8,1.0,7.0,4.0,14.0,-10.0,0.4,1.4,0.0,0.2,0.3,177,3.0,0.2,0.2,1.2,H,5.0
2023-08-23,2023-24,Apertura,5,False,Atlético San Luis,León,3.0,0.0,1.0,0.0,footballcsv,1671,1482.3251049814085,1547.1366491020028,-64.81154412059436,2,1,2,6.0,5.0,5,3,1,5,12.0,14.0,9,2.0,6.0,7.0,5.0,2.0,2.3333333333333335,1.6666666666666667,3.0,10.0,10.0,7.0,3.0,2.0,1.4,5.0,17.0,17.0,13.0,4.0,1.7,1.3,0.0,0.0,0.2,141,5.0,0.4,1.6,1.0,2.0,6.0,6.0,2.0,4.0,2.0,0.6666666666666666,2.0,6.0,8.0,7.0,1.0,1.6,1.4,3.0,12.0,13.0,11.0,2.0,1.3,1.1,0.3333333333333333,0.2,0.4,191,5.0,0.4,1.0,0.8,H,3.0
2023-08-23,2023-24,Apertura,5,False,Pachuca,Cruz Azul,1.0,0.0,0.0,0.0,footballcsv,1672,1598.4893181888879,1496.631983282074,101.85733490681378,2,1,2,4.0,5.0,5,3,2,5,7.0,10.0,10,0.0,2.0,2.0,6.0,-4.0,0.6666666666666666,2.0,0.0,4.0,7.0,11.0,-4.0,1.4,2.2,3.0,13.0,15.0,19.0,-4.0,1.5,1.9,0.0,0.0,0.1,191,3.0,0.2,1.6,2.0,0.0,1.0,3.0,6.0,-3.0,1.0,2.0,0.0,1.0,3.0,9.0,-6.0,0.6,1.8,2.0,8.0,10.0,16.0,-6.0,1.0,1.6,0.0,0.0,0.2,194,3.0,0.2,0.8,1.2,H,1.0
2023-08-25,2023-24,Apertura,6,False,Puebla,FC Juárez,1.0,0.0,1.0,0.0,footballcsv,1674,1461.3826772172724,1453.6237665060564,7.758910711216004,3,2,0,11.0,3.0,5,4,2,1,13.0,5.0,7,0.0,0.0,1.0,6.0,-5.0,0.3333333333333333,2.0,0.0,1.0,4.0,10.0,-6.0,0.8,2.0,1.0,5.0,11.0,17.0,-6.0,1.1,1.7,0.0,0.0,0.0,186,3.0,0.2,1.8,2.6,2.0,7.0,9.0,4.0,5.0,3.0,1.3333333333333333,3.0,11.0,12.0,6.0,6.0,2.4,1.2,3.0,13.0,14.0,13.0,1.0,1.4,1.3,0.0,0.0,0.0,136,3.0,0.4,1.8,1.6,H,1.0
2023-08-25,2023-24,Apertura,6,False,Tijuana,Mazatlán FC,1.0,1.0,1.0,1.0,footballcsv,1673,1414.24612825269,1405.0401315326187,9.205996720071198,2,1,2,6.0,6.0,5,2,1,3,6.0,7.0,6,1.0,4.0,3.0,3.0,0.0,1.0,1.0,1.0,4.0,7.0,11.0,-4.0,1.4,2.2,2.0,9.0,13.0,21.0,-8.0,1.3,2.1,0.0,0.0,0.1,170,3.0,0.2,1.6,1.8,1.0,3.0,2.0,5.0,-3.0,0.6666666666666666,1.6666666666666667,1.0,5.0,3.0,6.0,-3.0,0.6,1.2,2.0,8.0,8.0,17.0,-9.0,0.8,1.7,0.3333333333333333,0.4,0.2,108,3.0,0.2,1.0,1.8,D,2.0
2023-08-26,2023-24,Apertura,6,False,Atlas,Toluca,0.0,0.0,0.0,0.0,footballcsv,1675,1541.1893993265091,1549.4425548728386,-8.25315554632948,1,3,1,6.0,5.0,5,3,3,4,12.0,12.0,10,0.0,2.0,1.0,2.0,-1.0,0.3333333333333333,0.6666666666666666,1.0,5.0,3.0,3.0,0.0,0.6,0.6,5.0,18.0,12.0,5.0,7.0,1.2,0.5,0.3333333333333333,0.4,0.5,184,6.0,0.6,2.0,1.0,1.0,4.0,5.0,5.0,0.0,1.6666666666666667,1.6666666666666667,2.0,8.0,8.0,6.0,2.0,1.6,1.2,4.0,15.0,16.0,15.0,1.0,1.6,1.5,0.3333333333333333,0.4,0.3,184,8.0,0.4,1.4,1.8,D,0.0
2023-08-26,2023-24,Apertura,6,False,América,León,1.0,1.0,0.0,0.0,footballcsv,1676,1645.7881747160118,1533.9702494116245,111.81792530438724,2,2,1,9.0,7.0,5,3,3,4,12.0,14.0,10,2.0,7.0,7.0,3.0,4.0,2.3333333333333335,1.0,2.0,7.0,9.0,8.0,1.0,1.8,1.6,5.0,17.0,16.0,12.0,4.0,1.6,1.2,0.3333333333333333,0.2,0.3,201,3.0,0.4,1.8,1.6,1.0,3.0,2.0,5.0,-3.0,0.6666666666666666,1.6666666666666667,2.0,6.0,7.0,7.0,0.0,1.4,1.4,3.0,11.0,11.0,12.0,-1.0,1.1,1.2,0.0,0.2,0.4,192,3.0,0.2,0.8,1.4,D,2.0
2023-08-26,2023-24,Apertura,6,False,Santos Laguna,Guadalajara,2.0,1.0,0.0,0.0,footballcsv,1677,1499.5516064448645,1604.2462088846783,-104.6946024398137,0,3,2,2.0,5.0,5,4,3,2,10.0,6.0,9,1.0,5.0,5.0,4.0,1.0,1.6666666666666667,1.3333333333333333,1.0,5.0,5.0,8.0,-3.0,1.0,1.6,2.0,10.0,13.0,18.0,-5.0,1.3,1.8,0.3333333333333333,0.2,0.2,188,6.0,0.0,0.2,1.6,2.0,7.0,4.0,1.0,3.0,1.3333333333333333,0.3333333333333333,4.0,13.0,9.0,3.0,6.0,1.8,0.6,6.0,21.0,15.0,7.0,8.0,1.5,0.7,0.6666666666666666,0.4,0.4,186,4.0,0.4,1.2,0.8,H,3.0
2023-08-27,2023-24,Apertura,6,False,Necaxa,Querétaro,0.0,1.0,0.0,0.0,footballcsv,1678,1417.1971338528851,1439.5973408398495,-22.40020698696435,2,2,1,4.0,5.0,5,6,2,2,15.0,11.0,10,0.0,0.0,2.0,8.0,-6.0,0.6666666666666666,2.6666666666666665,0.0,2.0,3.0,9.0,-6.0,0.6,1.8,0.0,4.0,5.0,17.0,-12.0,0.5,1.7,0.0,0.2,0.2,178,4.0,0.0,0.6,1.6,1.0,4.0,4.0,5.0,-1.0,1.3333333333333333,1.6666666666666667,2.0,7.0,6.0,6.0,0.0,1.2,1.2,4.0,16.0,13.0,11.0,2.0,1.3,1.1,0.3333333333333333,0.4,0.4,171,7.0,0.6,1.4,1.4,A,1.0
2023-08-27,2023-24,Apertura,6,False,Monterrey,Cruz Azul,1.0,2.0,1.0,1.0,footballcsv,1679,1644.5001085562262,1493.3049983570631,151.19511019916308,3,2,0,11.0,6.0,5,5,4,1,18.0,10.0,10,2.0,7.0,5.0,1.0,4.0,1.6666666666666667,0.3333333333333333,2.0,8.0,6.0,3.0,3.0,1.2,0.6,5.0,18.0,15.0,6.0,9.0,1.5,0.6,0.6666666666666666,0.4,0.5,196,44.0,0.6,1.6,0.8,0.0,1.0,3.0,5.0,-2.0,1.0,1.6666666666666667,0.0,1.0,3.0,9.0,-6.0,0.6,1.8,1.0,5.0,8.0,17.0,-9.0,0.8,1.7,0.0,0.0,0.1,195,4.0,0.0,0.4,1.4,A,3.0
2023-08-27,2023-24,Apertura,6,False,Pumas UNAM,Tigres UANL,2.0,1.0,0.0,0.0,footballcsv,1680,1454.4824211664074,1601.9815080631645,-147.49908689675703,0,3,2,4.0,7.0,5,1,4,5,8.0,15.0,10,0.0,2.0,3.0,6.0,-3.0,1.0,2.0,1.0,6.0,6.0,8.0,-2.0,1.2,1.6,3.0,13.0,14.0,16.0,-2.0,1.4,1.6,0.0,0.2,0.1,185,5.0,0.4,1.4,1.0,2.0,7.0,5.0,1.0,4.0,1.6666666666666667,0.3333333333333333,2.0,9.0,8.0,4.0,4.0,1.6,0.8,4.0,17.0,15.0,9.0,6.0,1.5,0.9,0.6666666666666666,0.4,0.4,200,7.0,0.4,1.6,1.2,H,3.0
2023-08-28,2023-24,Apertura,6,False,Pachuca,Atlético San Luis,0.0,2.0,0.0,0.0,footballcsv,1681,1601.8163031138988,1495.4915046717867,106.32479844211207,4,1,0,11.0,6.0,5,6,2,1,19.0,10.0,9,1.0,5.0,3.0,2.0,1.0,1.0,0.6666666666666666,1.0,6.0,4.0,7.0,-3.0,0.8,1.4,4.0,16.0,16.0,17.0,-1.0,1.6,1.7,0.3333333333333333,0.2,0.2,192,5.0,0.4,1.6,1.6,3.0,9.0,9.0,2.0,7.0,3.0,0.6666666666666666,3.0,10.0,11.0,6.0,5.0,2.2,1.2,5.0,17.0,18.0,13.0,5.0,1.8,1.3,0.3333333333333333,0.2,0.2,142,5.0,0.6,1.8,1.6,A,2.0
2023-08-30,2023-24,Apertura,5,False,Toluca,Monterrey,1.0,0.0,1.0,0.0,footballcsv,1682,1551.4787334672324,1633.5347440299538,-82.05601056272144,0,2,3,5.0,9.0,5,2,2,6,14.0,17.0,10,0.0,2.0,3.0,5.0,-2.0,1.0,1.6666666666666667,1.0,6.0,5.0,5.0,0.0,1.0,1.0,3.0,13.0,14.0,14.0,0.0,1.4,1.4,0.3333333333333333,0.6,0.4,185,4.0,0.4,1.8,1.2,2.0,6.0,5.0,2.0,3.0,1.6666666666666667,0.6666666666666666,2.0,7.0,6.0,4.0,2.0,1.2,0.8,5.0,18.0,15.0,6.0,9.0,1.5,0.6,0.6666666666666666,0.4,0.5,197,3.0,0.4,1.4,0.4,H,1.0
2023-08-30,2023-24,Apertura,5,False,Querétaro,Atlas,1.0,2.0,0.0,1.0,footballcsv,1683,1447.6675368927251,1539.1532207321154,-91.48568383939028,1,1,3,5.0,9.0,5,1,2,5,6.0,13.0,8,1.0,4.0,3.0,5.0,-2.0,1.0,1.6666666666666667,2.0,7.0,5.0,6.0,-1.0,1.0,1.2,5.0,18.0,12.0,9.0,3.0,1.2,0.9,0.3333333333333333,0.4,0.5,172,3.0,0.2,0.8,0.8,0.0,3.0,1.0,1.0,0.0,0.3333333333333333,0.3333333333333333,1.0,6.0,3.0,2.0,1.0,0.6,0.4,4.0,16.0,8.0,4.0,4.0,0.8,0.4,0.6666666666666666,0.6,0.6,185,4.0,0.2,0.4,0.6,A,3.0
2023-08-30,2023-24,Apertura,5,False,Tigres UANL,Santos Laguna,3.0,2.0,1.0,1.0,footballcsv,1684,1593.7200943162766,1506.9749169797315,86.74517733654511,3,1,1,8.0,3.0,5,5,2,3,16.0,8.0,10,2.0,6.0,5.0,2.0,3.0,1.6666666666666667,0.6666666666666666,2.0,8.0,7.0,4.0,3.0,1.4,0.8,3.0,14.0,12.0,10.0,2.0,1.2,1.0,0.6666666666666666,0.4,0.4,201,3.0,0.4,1.4,0.6,1.0,5.0,4.0,3.0,1.0,1.3333333333333333,1.0,2.0,8.0,7.0,7.0,0.0,1.4,1.4,2.0,10.0,13.0,18.0,-5.0,1.3,1.8,0.3333333333333333,0.2,0.2,189,4.0,0.2,2.2,2.6,H,5.0
2023-09-01,2023-24,Apertura,7,False,FC Juárez,Mazatlán FC,3.0,1.0,2.0,1.0,footballcsv,1685,1448.6069328902458,1407.5527149817797,41.05421790846617,2,1,2,6.0,8.0,5,2,1,3,8.0,11.0,6,1.0,4.0,5.0,3.0,2.0,1.6666666666666667,1.0,2.0,8.0,10.0,6.0,4.0,2.0,1.2,3.0,13.0,14.0,12.0,2.0,1.4,1.2,0.0,0.0,0.0,137,7.0,0.2,1.4,1.0,1.0,4.0,3.0,3.0,0.0,1.0,1.0,1.0,5.0,3.0,6.0,-3.0,0.6,1.2,2.0,9.0,8.0,16.0,-8.0,0.8,1.6,0.3333333333333333,0.4,0.2,109,7.0,0.2,1.0,1.6,H,4.0
2023-09-01,2023-24,Apertura,7,False,Puebla,Tijuana,3.0,0.0,2.0,0.0,footballcsv,1686,1466.399510833083,1411.733544803529,54.665966029554056,2,2,1,12.0,8.0,5,3,3,4,14.0,16.0,10,1.0,3.0,2.0,3.0,-1.0,0.6666666666666666,1.0,1.0,3.0,4.0,9.0,-5.0,0.8,1.8,2.0,8.0,11.0,15.0,-4.0,1.1,1.5,0.3333333333333333,0.2,0.1,187,7.0,0.4,2.0,1.8,1.0,4.0,3.0,3.0,0.0,1.0,1.0,1.0,5.0,6.0,7.0,-1.0,1.2,1.4,2.0,9.0,11.0,19.0,-8.0,1.1,1.9,0.0,0.0,0.1,171,7.0,0.2,1.0,2.4,H,3.0
2023-09-02,2023-24,Apertura,7,False,Santos Laguna,Pumas UNAM,2.0,1.0,2.0,1.0,footballcsv,1690,1503.4066396235132,1462.7438349132954,40.66280471021787,4,0,1,14.0,4.0,5,5,2,3,22.0,12.0,10,1.0,4.0,6.0,6.0,0.0,2.0,2.0,2.0,8.0,9.0,8.0,1.0,1.8,1.6,2.0,10.0,15.0,19.0,-4.0,1.5,1.9,0.0,0.2,0.2,190,3.0,0.2,0.4,1.0,1.0,4.0,4.0,6.0,-2.0,1.3333333333333333,2.0,1.0,6.0,5.0,7.0,-2.0,1.0,1.4,4.0,16.0,16.0,16.0,0.0,1.6,1.6,0.0,0.2,0.1,186,6.0,0.2,1.4,2.4,H,3.0
2023-09-02,2023-24,Apertura,7,False,Tigres UANL,Querétaro,5.0,0.0,2.0,0.0,footballcsv,1689,1597.2883716724948,1440.9999353847645,156.2884362877303,4,1,0,7.0,1.0,5,7,2,0,16.0,2.0,9,2.0,6.0,7.0,4.0,3.0,2.3333333333333335,1.3333333333333333,3.0,10.0,9.0,5.0,4.0,1.8,1.0,4.0,17.0,14.0,9.0,5.0,1.4,0.9,0.3333333333333333,0.4,0.4,202,3.0,0.4,1.2,0.8,1.0,4.0,3.0,3.0,0.0,1.0,1.0,2.0,7.0,6.0,7.0,-1.0,1.2,1.4,5.0,17.0,11.0,9.0,2.0,1.1,0.9,0.3333333333333333,0.4,0.5,173,3.0,0.8,1.6,1.0,H,5.0
2023-09-02,2023-24,Apertura,7,False,León,Necaxa,1.0,1.0,0.0,1.0,footballcsv,1687,1538.991146889696,1409.1269378000095,129.86420908968648,4,0,1,11.0,5.0,5,9,0,1,23.0,9.0,10,1.0,4.0,3.0,5.0,-2.0,1.0,1.6666666666666667,2.0,7.0,7.0,6.0,1.0,1.4,1.2,3.0,11.0,12.0,13.0,-1.0,1.2,1.3,0.0,0.2,0.3,193,7.0,0.6,2.2,1.2,0.0,0.0,2.0,7.0,-5.0,0.6666666666666666,2.3333333333333335,0.0,1.0,3.0,10.0,-7.0,0.6,2.0,0.0,3.0,5.0,18.0,-13.0,0.5,1.8,0.0,0.0,0.1,179,6.0,0.0,0.4,1.8,D,2.0
2023-09-02,2023-24,Apertura,7,False,Cruz Azul,América,2.0,3.0,1.0,3.0,footballcsv,1688,1504.2703628833356,1640.7672772379403,-136.49691435460477,1,2,2,4.0,12.0,5,4,3,3,12.0,17.0,10,1.0,4.0,4.0,4.0,0.0,1.3333333333333333,1.3333333333333333,1.0,4.0,5.0,8.0,-3.0,1.0,1.6,2.0,7.0,10.0,18.0,-8.0,1.0,1.8,0.0,0.0,0.0,196,6.0,0.2,1.2,2.0,1.0,5.0,5.0,4.0,1.0,1.6666666666666667,1.3333333333333333,2.0,8.0,9.0,6.0,3.0,1.8,1.2,5.0,17.0,16.0,12.0,4.0,1.6,1.2,0.0,0.2,0.3,202,7.0,1.0,2.4,0.8,A,5.0
2023-09-03,2023-24,Apertura,7,False,Guadalajara,Monterrey,1.0,2.0,0.0,2.0,footballcsv,1691,1596.8228983498113,1626.562254512035,-29.739356162223658,3,1,1,5.0,4.0,5,5,3,2,14.0,11.0,10,1.0,4.0,3.0,3.0,0.0,1.0,1.0,3.0,10.0,8.0,4.0,4.0,1.6,0.8,5.0,18.0,15.0,9.0,6.0,1.5,0.9,0.3333333333333333,0.4,0.3,187,8.0,0.6,1.6,0.8,1.0,3.0,4.0,3.0,1.0,1.3333333333333333,1.0,2.0,7.0,6.0,4.0,2.0,1.2,0.8,4.0,15.0,13.0,7.0,6.0,1.3,0.7,0.3333333333333333,0.4,0.4,198,4.0,0.2,1.0,0.6,A,3.0
2023-09-03,2023-24,Apertura,7,False,Atlético San Luis,Atlas,2.0,0.0,1.0,0.0,footballcsv,1692,1511.8627104742702,1545.820822240076,-33.958111765805825,1,1,3,6.0,11.0,5,2,2,3,9.0,13.0,7,3.0,9.0,7.0,1.0,6.0,2.3333333333333335,0.3333333333333333,4.0,12.0,12.0,5.0,7.0,2.4,1.0,6.0,20.0,19.0,11.0,8.0,1.9,1.1,0.6666666666666666,0.4,0.3,143,6.0,0.4,1.8,1.0,1.0,5.0,3.0,2.0,1.0,1.0,0.6666666666666666,1.0,6.0,3.0,3.0,0.0,0.6,0.6,4.0,16.0,7.0,4.0,3.0,0.7,0.4,0.3333333333333333,0.4,0.6,186,4.0,0.2,0.6,0.8,H,2.0
2023-09-03,2023-24,Apertura,7,False,Toluca,Pachuca,5.0,0.0,2.0,0.0,footballcsv,1693,1558.4512229851512,1585.4450973114153,-26.993874326264176,1,0,4,5.0,16.0,5,3,1,6,11.0,22.0,10,1.0,5.0,2.0,1.0,1.0,0.6666666666666666,0.3333333333333333,2.0,8.0,6.0,5.0,1.0,1.2,1.0,4.0,16.0,14.0,11.0,3.0,1.4,1.1,0.6666666666666666,0.6,0.5,186,4.0,0.6,1.8,1.0,1.0,4.0,2.0,3.0,-1.0,0.6666666666666666,1.0,1.0,5.0,3.0,8.0,-5.0,0.6,1.6,3.0,13.0,12.0,18.0,-6.0,1.2,1.8,0.3333333333333333,0.2,0.2,193,6.0,0.2,0.8,2.0,H,5.0
2023-09-15,2023-24,Apertura,8,False,Mazatlán FC,Cruz Azul,2.0,2.0,2.0,0.0,footballcsv,1694,1400.627718394803,1498.601767108251,-97.97404871344793,2,1,2,6.0,5.0,5,2,1,3,8.0,8.0,6,1.0,4.0,3.0,4.0,-1.0,1.0,1.3333333333333333,1.0,4.0,4.0,9.0,-5.0,0.8,1.8,1.0,6.0,7.0,18.0,-11.0,0.7,1.8,0.3333333333333333,0.2,0.2,110,14.0,0.2,0.6,1.6,1.0,3.0,4.0,5.0,-1.0,1.3333333333333333,1.6666666666666667,1.0,4.0,7.0,9.0,-2.0,1.4,1.8,2.0,7.0,11.0,18.0,-7.0,1.1,1.8,0.0,0.0,0.0,197,13.0,0.2,0.8,1.6,D,4.0
2023-09-15,2023-24,Apertura,8,False,Tijuana,Toluca,2.0,1.0,2.0,0.0,footballcsv,1695,1403.494371216913,1573.298526360941,-169.80415514402807,2,1,2,9.0,11.0,5,3,2,5,12.0,19.0,10,0.0,1.0,1.0,5.0,-4.0,0.3333333333333333,1.6666666666666667,1.0,5.0,4.0,7.0,-3.0,0.8,1.4,2.0,9.0,11.0,18.0,-7.0,1.1,1.8,0.0,0.0,0.1,172,14.0,0.2,1.2,1.4,2.0,7.0,6.0,0.0,6.0,2.0,0.0,2.0,8.0,9.0,5.0,4.0,1.8,1.0,5.0,18.0,18.0,10.0,8.0,1.8,1.0,1.0,0.6,0.6,187,12.0,0.2,1.0,1.6,H,3.0
2023-09-16,2023-24,Apertura,8,False,Necaxa,FC Juárez,1.0,1.0,1.0,1.0,footballcsv,1696,1414.5261028712057,1455.5319294772225,-41.00582660601685,3,1,1,5.0,3.0,5,3,2,3,6.0,6.0,8,0.0,1.0,3.0,5.0,-2.0,1.0,1.6666666666666667,0.0,1.0,3.0,10.0,-7.0,0.6,2.0,0.0,4.0,6.0,18.0,-12.0,0.6,1.8,0.0,0.0,0.1,180,14.0,0.0,0.6,1.8,2.0,6.0,7.0,3.0,4.0,2.3333333333333335,1.0,3.0,10.0,12.0,6.0,6.0,2.4,1.2,4.0,15.0,16.0,12.0,4.0,1.6,1.2,0.0,0.0,0.0,138,15.0,0.4,1.4,1.4,D,2.0
2023-09-16,2023-24,Apertura,8,False,Monterrey,León,3.0,1.0,2.0,1.0,footballcsv,1697,1634.4895086570148,1533.5919818184998,100.89752683851498,1,3,1,7.0,4.0,5,3,4,3,15.0,12.0,10,1.0,3.0,3.0,4.0,-1.0,1.0,1.3333333333333333,3.0,9.0,7.0,4.0,3.0,1.4,0.8,4.0,15.0,11.0,7.0,4.0,1.1,0.7,0.0,0.4,0.4,199,13.0,0.6,1.6,0.8,0.0,2.0,2.0,5.0,-3.0,0.6666666666666666,1.6666666666666667,1.0,5.0,4.0,7.0,-3.0,0.8,1.4,3.0,12.0,13.0,12.0,1.0,1.3,1.2,0.0,0.0,0.3,194,14.0,0.0,0.6,1.4,H,4.0
2023-09-16,2023-24,Apertura,8,False,América,Guadalajara,4.0,0.0,2.0,0.0,footballcsv,1698,1646.435873013025,1588.8956442048316,57.54022880819343,3,1,1,8.0,6.0,5,5,2,3,13.0,9.0,10,2.0,7.0,7.0,5.0,2.0,2.3333333333333335,1.6666666666666667,3.0,11.0,11.0,6.0,5.0,2.2,1.2,5.0,17.0,18.0,14.0,4.0,1.8,1.4,0.0,0.2,0.2,203,14.0,0.4,1.8,1.2,1.0,3.0,3.0,4.0,-1.0,1.0,1.3333333333333333,2.0,7.0,6.0,5.0,1.0,1.2,1.0,5.0,18.0,16.0,10.0,6.0,1.6,1.0,0.3333333333333333,0.4,0.3,188,13.0,0.4,1.4,1.0,H,4.0
2023-09-17,2023-24,Apertura,8,False,Pumas UNAM,Atlético San Luis,3.0,2.0,0.0,1.0,footballcsv,1699,1458.3673369569078,1521.2058887239718,-62.83855176706402,2,0,3,7.0,9.0,5,5,0,3,16.0,9.0,8,1.0,3.0,4.0,7.0,-3.0,1.3333333333333333,2.3333333333333335,1.0,5.0,6.0,9.0,-3.0,1.2,1.8,3.0,13.0,14.0,17.0,-3.0,1.4,1.7,0.0,0.0,0.1,187,15.0,0.6,1.8,0.8,3.0,9.0,7.0,0.0,7.0,2.3333333333333335,0.0,5.0,15.0,13.0,2.0,11.0,2.6,0.4,7.0,22.0,21.0,11.0,10.0,2.1,1.1,1.0,0.6,0.3,144,14.0,0.8,2.0,1.2,H,5.0
2023-09-17,2023-24,Apertura,8,False,Atlas,Tigres UANL,2.0,0.0,2.0,0.0,footballcsv,1700,1536.4776439903744,1603.8965383677219,-67.41889437734744,1,1,3,6.0,8.0,5,2,3,5,10.0,14.0,10,1.0,4.0,2.0,3.0,-1.0,0.6666666666666666,1.0,1.0,6.0,3.0,4.0,-1.0,0.6,0.8,4.0,15.0,7.0,6.0,1.0,0.7,0.6,0.3333333333333333,0.4,0.5,187,14.0,0.6,2.0,0.8,2.0,6.0,9.0,4.0,5.0,3.0,1.3333333333333333,4.0,12.0,13.0,4.0,9.0,2.6,0.8,5.0,19.0,18.0,8.0,10.0,1.8,0.8,0.3333333333333333,0.6,0.5,203,15.0,0.4,1.6,1.0,H,2.0
2023-09-17,2023-24,Apertura,8,False,Querétaro,Puebla,1.0,1.0,0.0,1.0,footballcsv,1701,1434.3917686895375,1474.638684419699,-40.24691573016162,0,2,3,2.0,7.0,5,1,4,5,7.0,13.0,10,1.0,3.0,2.0,7.0,-5.0,0.6666666666666666,2.3333333333333335,1.0,4.0,4.0,12.0,-8.0,0.8,2.4,4.0,14.0,10.0,14.0,-4.0,1.0,1.4,0.3333333333333333,0.2,0.4,174,15.0,0.2,0.6,0.8,2.0,6.0,4.0,1.0,3.0,1.3333333333333333,0.3333333333333333,2.0,6.0,5.0,6.0,-1.0,1.0,1.2,3.0,10.0,13.0,14.0,-1.0,1.3,1.4,0.6666666666666666,0.4,0.2,188,16.0,0.0,0.2,1.4,D,2.0
2023-09-18,2023-24,Apertura,8,False,Pachuca,Santos Laguna,3.0,2.0,1.0,0.0,footballcsv,1702,1570.5977939356255,1507.7831375799008,62.814656355724765,2,2,1,12.0,9.0,5,5,4,1,20.0,12.0,10,1.0,3.0,1.0,7.0,-6.0,0.3333333333333333,2.3333333333333335,1.0,5.0,3.0,9.0,-6.0,0.6,1.8,3.0,13.0,11.0,19.0,-8.0,1.1,1.9,0.3333333333333333,0.2,0.2,194,15.0,0.4,1.6,1.6,2.0,6.0,6.0,5.0,1.0,2.0,1.6666666666666667,2.0,8.0,8.0,7.0,1.0,1.6,1.4,3.0,13.0,15.0,17.0,-2.0,1.5,1.7,0.0,0.2,0.2,191,16.0,0.2,2.2,2.6,H,5.0
2023-09-20,2023-24,Apertura,2,False,Querétaro,América,1.0,2.0,1.0,0.0,footballcsv,1703,1433.2525500177449,1655.8816057358779,-222.62905571813303,0,3,2,2.0,4.0,5,1,5,4,10.0,12.0,10,0.0,1.0,2.0,8.0,-6.0,0.6666666666666666,2.6666666666666665,1.0,5.0,4.0,9.0,-5.0,0.8,1.8,3.0,12.0,9.0,14.0,-5.0,0.9,1.4,0.0,0.2,0.4,175,3.0,0.0,0.6,1.0,2.0,7.0,8.0,3.0,5.0,2.6666666666666665,1.0,3.0,11.0,12.0,6.0,6.0,2.4,1.2,5.0,17.0,19.0,13.0,6.0,1.9,1.3,0.3333333333333333,0.2,0.3,204,4.0,1.0,2.2,0.8,A,3.0
2023-09-22,2023-24,Apertura,9,False,Atlético San Luis,Mazatlán FC,3.0,2.0,2.0,0.0,footballcsv,1705,1514.6675197308907,1401.144592072942,113.52292765794869,3,2,0,9.0,4.0,5,3,2,1,9.0,9.0,6,2.0,6.0,6.0,3.0,3.0,2.0,1.0,4.0,12.0,11.0,4.0,7.0,2.2,0.8,6.0,19.0,20.0,13.0,7.0,2.0,1.3,0.6666666666666666,0.6,0.3,145,5.0,0.6,2.2,1.0,0.0,2.0,4.0,6.0,-2.0,1.3333333333333333,2.0,1.0,5.0,6.0,8.0,-2.0,1.2,1.6,1.0,7.0,8.0,18.0,-10.0,0.8,1.8,0.0,0.2,0.2,111,7.0,0.0,0.8,2.0,H,5.0
2023-09-22,2023-24,Apertura,9,False,Puebla,Pumas UNAM,0.0,2.0,0.0,1.0,footballcsv,1706,1475.7779030914917,1464.905705949989,10.872197141502738,2,2,1,8.0,7.0,5,3,4,2,13.0,14.0,9,2.0,7.0,5.0,1.0,4.0,1.6666666666666667,0.3333333333333333,2.0,7.0,6.0,4.0,2.0,1.2,0.8,3.0,11.0,14.0,14.0,0.0,1.4,1.4,0.6666666666666666,0.4,0.2,189,5.0,0.6,2.4,1.4,2.0,6.0,6.0,5.0,1.0,2.0,1.6666666666666667,2.0,7.0,8.0,10.0,-2.0,1.6,2.0,3.0,13.0,14.0,18.0,-4.0,1.4,1.8,0.0,0.0,0.1,188,5.0,0.2,1.4,2.6,A,2.0
2023-09-22,2023-24,Apertura,9,False,FC Juárez,Atlas,1.0,2.0,0.0,1.0,footballcsv,1704,1456.649583091532,1547.0059106822202,-90.35632759068835,1,1,3,3.0,7.0,5,1,1,5,3.0,9.0,7,1.0,4.0,4.0,3.0,1.0,1.3333333333333333,1.0,2.0,8.0,9.0,5.0,4.0,1.8,1.0,4.0,16.0,17.0,11.0,6.0,1.7,1.1,0.0,0.0,0.0,139,6.0,0.4,1.8,1.0,2.0,6.0,4.0,3.0,1.0,1.3333333333333333,1.0,2.0,8.0,5.0,4.0,1.0,1.0,0.8,4.0,15.0,8.0,6.0,2.0,0.8,0.6,0.3333333333333333,0.4,0.5,188,5.0,0.2,0.6,1.0,A,3.0
2023-09-23,2023-24,Apertura,9,False,Tigres UANL,Monterrey,3.0,0.0,1.0,0.0,footballcsv,1707,1593.368271675876,1639.7863826778666,-46.41811100199061,2,2,1,4.0,2.0,5,6,2,2,11.0,5.0,10,2.0,6.0,8.0,4.0,4.0,2.6666666666666665,1.3333333333333333,3.0,9.0,12.0,6.0,6.0,2.4,1.2,4.0,16.0,17.0,10.0,7.0,1.7,1.0,0.3333333333333333,0.4,0.4,204,6.0,0.6,2.0,0.6,2.0,6.0,5.0,3.0,2.0,1.6666666666666667,1.0,3.0,9.0,9.0,5.0,4.0,1.8,1.0,5.0,17.0,14.0,8.0,6.0,1.4,0.8,0.0,0.2,0.3,200,7.0,0.4,1.4,0.8,H,3.0
2023-09-23,2023-24,Apertura,9,False,Guadalajara,Pachuca,0.0,0.0,0.0,0.0,footballcsv,1708,1579.4499114819787,1574.5723673884308,4.87754409354784,1,2,2,5.0,7.0,5,1,5,4,9.0,15.0,10,0.0,0.0,2.0,8.0,-6.0,0.6666666666666666,2.6666666666666665,1.0,4.0,4.0,9.0,-5.0,0.8,1.8,4.0,15.0,13.0,13.0,0.0,1.3,1.3,0.0,0.2,0.3,189,7.0,0.6,1.8,1.0,1.0,3.0,3.0,9.0,-6.0,1.0,3.0,2.0,7.0,5.0,10.0,-5.0,1.0,2.0,3.0,13.0,12.0,20.0,-8.0,1.2,2.0,0.0,0.2,0.2,195,5.0,0.2,0.6,2.2,D,0.0
2023-09-23,2023-24,Apertura,9,False,León,Tijuana,1.0,0.0,0.0,0.0,footballcsv,1709,1528.295107797648,1412.1786084285295,116.1164993691184,1,3,1,5.0,6.0,5,5,3,2,14.0,11.0,10,0.0,2.0,3.0,5.0,-2.0,1.0,1.6666666666666667,1.0,5.0,5.0,9.0,-4.0,1.0,1.8,3.0,11.0,14.0,15.0,-1.0,1.4,1.5,0.0,0.0,0.2,195,7.0,0.4,1.8,1.4,1.0,4.0,3.0,5.0,-2.0,1.0,1.6666666666666667,2.0,7.0,5.0,7.0,-2.0,1.0,1.4,3.0,12.0,12.0,17.0,-5.0,1.2,1.7,0.0,0.0,0.1,173,8.0,0.2,1.0,2.2,H,1.0
2023-09-24,2023-24,Apertura,9,False,Santos Laguna,Necaxa,2.0,5.0,0.0,1.0,footballcsv,1710,1503.8085641270955,1413.4084492568963,90.4001148701991,3,1,1,10.0,6.0,5,5,1,4,15.0,14.0,10,1.0,3.0,6.0,7.0,-1.0,2.0,2.3333333333333335,2.0,7.0,10.0,10.0,0.0,2.0,2.0,3.0,12.0,13.0,16.0,-3.0,1.3,1.6,0.0,0.0,0.2,192,6.0,0.4,0.8,0.8,0.0,2.0,2.0,3.0,-1.0,0.6666666666666666,1.0,0.0,2.0,4.0,9.0,-5.0,0.8,1.8,0.0,4.0,6.0,18.0,-12.0,0.6,1.8,0.0,0.0,0.1,181,8.0,0.0,0.6,1.8,A,7.0
2023-09-24,2023-24,Apertura,9,False,Toluca,América,1.0,1.0,0.0,1.0,footballcsv,1711,1564.6142891493243,1659.8594448677836,-95.24515571845927,1,2,2,5.0,8.0,5,4,3,3,15.0,14.0,10,2.0,6.0,7.0,2.0,5.0,2.3333333333333335,0.6666666666666666,2.0,8.0,8.0,3.0,5.0,1.6,0.6,4.0,15.0,16.0,12.0,4.0,1.6,1.2,0.6666666666666666,0.6,0.5,188,9.0,0.6,2.2,1.0,3.0,9.0,9.0,3.0,6.0,3.0,1.0,4.0,13.0,13.0,6.0,7.0,2.6,1.2,6.0,20.0,20.0,12.0,8.0,2.0,1.2,0.3333333333333333,0.2,0.3,205,4.0,1.0,2.0,0.8,D,2.0
2023-09-24,2023-24,Apertura,9,False,Cruz Azul,Querétaro,1.0,3.0,1.0,0.0,footballcsv,1712,1498.0848934301118,1429.274710885839,68.81018254427272,4,1,0,11.0,4.0,5,6,2,2,17.0,9.0,10,1.0,4.0,6.0,6.0,0.0,2.0,2.0,1.0,5.0,8.0,9.0,-1.0,1.6,1.8,2.0,8.0,12.0,18.0,-6.0,1.2,1.8,0.0,0.0,0.0,198,9.0,0.2,1.4,2.0,0.0,1.0,2.0,8.0,-6.0,0.6666666666666666,2.6666666666666665,1.0,4.0,4.0,10.0,-6.0,0.8,2.0,3.0,11.0,10.0,16.0,-6.0,1.0,1.6,0.0,0.2,0.3,176,4.0,0.6,1.2,1.8,A,4.0
2023-09-26,2023-24,Apertura,11,False,Guadalajara,Mazatlán FC,1.0,3.0,0.0,2.0,footballcsv,1713,1577.0544063295954,1397.9957101140362,179.05869621555917,3,1,1,10.0,4.0,5,4,1,1,12.0,5.0,6,0.0,1.0,1.0,6.0,-5.0,0.3333333333333333,2.0,1.0,4.0,3.0,8.0,-5.0,0.6,1.6,4.0,15.0,13.0,13.0,0.0,1.3,1.3,0.3333333333333333,0.4,0.3,190,3.0,0.6,1.4,0.6,0.0,1.0,5.0,8.0,-3.0,1.6666666666666667,2.6666666666666665,1.0,5.0,7.0,9.0,-2.0,1.4,1.8,1.0,7.0,10.0,19.0,-9.0,1.0,1.9,0.0,0.2,0.2,112,4.0,0.0,1.0,1.8,A,4.0
2023-09-28,2023-24,Apertura,10,False,Atlas,Puebla,2.0,3.0,1.0,2.0,footballcsv,1714,1553.699322281752,1461.9821247950204,91.71719748673172,1,2,2,6.0,4.0,5,4,2,4,9.0,6.0,10,2.0,6.0,4.0,3.0,1.0,1.3333333333333333,1.0,3.0,10.0,6.0,4.0,2.0,1.2,0.8,4.0,15.0,9.0,7.0,2.0,0.9,0.7,0.3333333333333333,0.4,0.4,189,6.0,0.8,1.8,0.2,1.0,4.0,4.0,3.0,1.0,1.3333333333333333,1.0,2.0,7.0,5.0,4.0,1.0,1.0,0.8,2.0,8.0,9.0,14.0,-5.0,0.9,1.4,0.3333333333333333,0.4,0.2,190,6.0,0.0,0.4,1.4,A,5.0
2023-09-29,2023-24,Apertura,10,False,Atlético San Luis,Cruz Azul,1.0,2.0,0.0,0.0,footballcsv,1715,1517.8164016897965,1482.6613865529944,35.15501513680215,1,2,2,3.0,4.0,5,2,2,4,7.0,11.0,8,2.0,6.0,7.0,5.0,2.0,2.3333333333333335,1.6666666666666667,4.0,12.0,12.0,5.0,7.0,2.4,1.0,7.0,22.0,22.0,12.0,10.0,2.2,1.2,0.3333333333333333,0.6,0.3,146,7.0,0.8,2.6,0.8,0.0,1.0,5.0,8.0,-3.0,1.6666666666666667,2.6666666666666665,1.0,4.0,7.0,10.0,-3.0,1.4,2.0,1.0,5.0,10.0,19.0,-9.0,1.0,1.9,0.0,0.0,0.0,199,5.0,0.2,1.0,1.6,A,3.0
2023-09-29,2023-24,Apertura,10,False,Tijuana,FC Juárez,5.0,1.0,1.0,1.0,footballcsv,1716,1409.0683572098003,1449.956171492,-40.88781428219977,1,2,2,2.0,6.0,5,2,2,3,4.0,10.0,7,1.0,3.0,2.0,5.0,-3.0,0.6666666666666666,1.6666666666666667,1.0,4.0,3.0,7.0,-4.0,0.6,1.4,2.0,9.0,10.0,17.0,-7.0,1.0,1.7,0.0,0.0,0.1,174,6.0,0.4,1.4,1.2,1.0,4.0,5.0,4.0,1.0,1.6666666666666667,1.3333333333333333,2.0,7.0,9.0,6.0,3.0,1.8,1.2,4.0,15.0,17.0,12.0,5.0,1.7,1.2,0.0,0.0,0.0,140,7.0,0.4,1.6,1.2,H,6.0
2023-09-29,2023-24,Apertura,10,False,Querétaro,León,1.0,1.0,0.0,1.0,footballcsv,1717,1444.6982177629566,1531.4053590163771,-86.70714125342056,0,1,4,3.0,10.0,5,0,1,9,6.0,28.0,10,1.0,4.0,5.0,4.0,1.0,1.6666666666666667,1.3333333333333333,1.0,4.0,6.0,11.0,-5.0,1.2,2.2,3.0,11.0,11.0,17.0,-6.0,1.1,1.7,0.0,0.0,0.2,177,5.0,0.0,0.8,1.4,1.0,4.0,3.0,4.0,-1.0,1.0,1.3333333333333333,1.0,5.0,4.0,8.0,-4.0,0.8,1.6,3.0,11.0,12.0,15.0,-3.0,1.2,1.5,0.3333333333333333,0.2,0.2,196,6.0,0.0,0.4,1.6,D,2.0
2023-09-30,2023-24,Apertura,10,False,Pachuca,Necaxa,1.0,1.0,1.0,1.0,footballcsv,1718,1576.9678725408141,1433.5731304374995,143.39474210331468,3,1,1,8.0,6.0,5,5,2,2,18.0,12.0,9,1.0,4.0,3.0,7.0,-4.0,1.0,2.3333333333333335,2.0,7.0,4.0,9.0,-5.0,0.8,1.8,2.0,11.0,11.0,20.0,-9.0,1.1,2.0,0.3333333333333333,0.4,0.2,196,7.0,0.4,1.8,1.8,1.0,5.0,7.0,4.0,3.0,2.3333333333333335,1.3333333333333333,1.0,5.0,9.0,8.0,1.0,1.8,1.6,1.0,7.0,10.0,17.0,-7.0,1.0,1.7,0.0,0.0,0.1,182,6.0,0.2,1.6,1.6,D,2.0
2023-09-30,2023-24,Apertura,10,False,América,Pumas UNAM,1.0,0.0,0.0,0.0,footballcsv,1719,1659.4209354095342,1478.7014842464603,180.71945116307393,1,3,1,5.0,4.0,5,3,6,1,14.0,10.0,10,2.0,7.0,7.0,2.0,5.0,2.3333333333333335,0.6666666666666666,3.0,11.0,11.0,5.0,6.0,2.2,1.0,5.0,18.0,20.0,13.0,7.0,2.0,1.3,0.3333333333333333,0.2,0.2,206,6.0,0.6,2.4,0.8,2.0,6.0,6.0,4.0,2.0,2.0,1.3333333333333333,3.0,9.0,9.0,9.0,0.0,1.8,1.8,4.0,15.0,15.0,17.0,-2.0,1.5,1.7,0.3333333333333333,0.2,0.2,189,8.0,0.4,1.6,1.8,H,1.0
2023-09-30,2023-24,Apertura,10,False,Mazatlán FC,Tigres UANL,2.0,3.0,1.0,1.0,footballcsv,1720,1415.9309419078709,1605.7070839413611,-189.77614203349026,2,0,3,7.0,10.0,5,2,1,3,8.0,11.0,6,1.0,4.0,7.0,6.0,1.0,2.3333333333333335,2.0,1.0,5.0,9.0,10.0,-1.0,1.8,2.0,2.0,10.0,12.0,16.0,-4.0,1.2,1.6,0.0,0.0,0.2,113,4.0,0.2,0.8,1.6,2.0,6.0,8.0,2.0,6.0,2.6666666666666665,0.6666666666666666,3.0,9.0,12.0,6.0,6.0,2.4,1.2,5.0,18.0,20.0,10.0,10.0,2.0,1.0,0.6666666666666666,0.4,0.4,205,7.0,0.2,1.4,1.4,A,5.0
2023-10-01,2023-24,Apertura,10,False,Toluca,Guadalajara,1.0,1.0,0.0,0.0,footballcsv,1721,1565.0527986075738,1559.1191745357607,5.933624071813028,1,3,1,4.0,5.0,5,2,5,3,10.0,13.0,10,1.0,4.0,7.0,3.0,4.0,2.3333333333333335,1.0,2.0,8.0,8.0,3.0,5.0,1.6,0.6,4.0,16.0,16.0,9.0,7.0,1.6,0.9,0.3333333333333333,0.6,0.5,189,7.0,0.4,1.8,1.0,0.0,1.0,1.0,7.0,-6.0,0.3333333333333333,2.3333333333333335,0.0,1.0,3.0,11.0,-8.0,0.6,2.2,4.0,14.0,12.0,14.0,-2.0,1.2,1.4,0.3333333333333333,0.2,0.3,191,5.0,0.2,0.8,1.6,D,2.0
2023-10-03,2023-24,Apertura,11,False,Puebla,Monterrey,1.0,1.0,1.0,1.0,footballcsv,1723,1472.0852760464354,1627.4475704123815,-155.36229436594613,1,2,2,3.0,4.0,5,2,4,4,10.0,13.0,10,1.0,4.0,4.0,5.0,-1.0,1.3333333333333333,1.6666666666666667,3.0,10.0,8.0,5.0,3.0,1.6,1.0,3.0,11.0,12.0,15.0,-3.0,1.2,1.5,0.0,0.4,0.2,191,5.0,0.4,1.4,1.4,2.0,6.0,5.0,5.0,0.0,1.6666666666666667,1.6666666666666667,2.0,6.0,6.0,8.0,-2.0,1.2,1.6,4.0,14.0,12.0,11.0,1.0,1.2,1.1,0.0,0.0,0.2,201,10.0,0.4,1.2,1.2,D,2.0
2023-10-03,2023-24,Apertura,11,False,América,Pachuca,4.0,0.0,1.0,0.0,footballcsv,1722,1661.6804222636617,1571.2986087936201,90.3818134700416,1,1,3,5.0,10.0,5,4,2,4,15.0,17.0,10,2.0,7.0,4.0,2.0,2.0,1.3333333333333333,0.6666666666666666,4.0,13.0,11.0,4.0,7.0,2.2,0.8,6.0,21.0,20.0,10.0,10.0,2.0,1.0,0.3333333333333333,0.4,0.3,207,3.0,0.6,2.0,0.8,1.0,5.0,4.0,3.0,1.0,1.3333333333333333,1.0,1.0,5.0,4.0,10.0,-6.0,0.8,2.0,2.0,11.0,8.0,17.0,-9.0,0.8,1.7,0.3333333333333333,0.2,0.2,197,3.0,0.0,0.4,2.2,H,4.0
2023-10-04,2023-24,Apertura,11,False,Tigres UANL,Toluca,2.0,2.0,1.0,1.0,footballcsv,1724,1610.289888371774,1562.6286622480577,47.66122612371623,3,0,2,13.0,8.0,5,5,0,5,19.0,16.0,10,2.0,6.0,6.0,4.0,2.0,2.0,1.3333333333333333,4.0,12.0,14.0,6.0,8.0,2.8,1.2,6.0,20.0,21.0,10.0,11.0,2.1,1.0,0.3333333333333333,0.4,0.4,206,4.0,0.8,2.6,0.6,0.0,2.0,3.0,4.0,-1.0,1.0,1.3333333333333333,2.0,8.0,9.0,4.0,5.0,1.8,0.8,3.0,14.0,14.0,9.0,5.0,1.4,0.9,0.0,0.4,0.5,190,3.0,0.2,1.0,1.4,D,4.0
2023-10-04,2023-24,Apertura,11,False,Santos Laguna,Tijuana,2.0,1.0,1.0,1.0,footballcsv,1725,1483.6438829464923,1423.108927013162,60.534955933330366,4,0,1,11.0,4.0,5,6,2,2,21.0,10.0,10,1.0,3.0,6.0,9.0,-3.0,2.0,3.0,2.0,6.0,10.0,13.0,-3.0,2.0,2.6,3.0,11.0,15.0,21.0,-6.0,1.5,2.1,0.0,0.0,0.1,193,10.0,0.4,1.2,1.8,2.0,6.0,7.0,3.0,4.0,2.3333333333333335,1.0,2.0,7.0,8.0,7.0,1.0,1.6,1.4,3.0,11.0,15.0,18.0,-3.0,1.5,1.8,0.0,0.0,0.0,175,5.0,0.0,0.6,2.2,H,3.0
2023-10-04,2023-24,Apertura,11,False,Necaxa,Cruz Azul,1.0,3.0,0.0,1.0,footballcsv,1726,1439.2423941846935,1491.8096579621126,-52.56726377741916,2,1,2,5.0,5.0,5,3,2,5,8.0,12.0,10,1.0,5.0,7.0,4.0,3.0,2.3333333333333335,1.3333333333333333,1.0,6.0,8.0,6.0,2.0,1.6,1.2,1.0,8.0,11.0,15.0,-4.0,1.1,1.5,0.0,0.0,0.1,183,4.0,0.0,0.6,1.8,1.0,4.0,5.0,6.0,-1.0,1.6666666666666667,2.0,2.0,7.0,9.0,10.0,-1.0,1.8,2.0,2.0,8.0,12.0,19.0,-7.0,1.2,1.9,0.0,0.0,0.0,200,5.0,0.4,1.4,1.4,A,4.0
2023-10-04,2023-24,Apertura,11,False,Pumas UNAM,Querétaro,4.0,0.0,2.0,0.0,footballcsv,1727,1476.4419973923327,1444.8912408288143,31.550756563518462,2,1,2,7.0,5.0,5,4,1,4,12.0,11.0,9,2.0,6.0,5.0,3.0,2.0,1.6666666666666667,1.0,3.0,9.0,8.0,6.0,2.0,1.6,1.2,4.0,15.0,14.0,14.0,0.0,1.4,1.4,0.3333333333333333,0.2,0.2,190,4.0,0.6,1.8,1.0,1.0,4.0,5.0,4.0,1.0,1.6666666666666667,1.3333333333333333,1.0,5.0,6.0,10.0,-4.0,1.2,2.0,3.0,12.0,12.0,17.0,-5.0,1.2,1.7,0.0,0.0,0.2,178,5.0,0.6,1.4,2.0,H,4.0
2023-10-06,2023-24,Apertura,12,False,Mazatlán FC,América,1.0,2.0,1.0,0.0,footballcsv,1728,1411.348137477458,1669.8283560925415,-258.48021861508346,1,0,4,3.0,13.0,5,1,0,5,4.0,16.0,6,1.0,3.0,7.0,7.0,0.0,2.3333333333333335,2.3333333333333335,1.0,4.0,10.0,12.0,-2.0,2.0,2.4,2.0,9.0,13.0,18.0,-5.0,1.3,1.8,0.0,0.0,0.2,114,6.0,0.2,1.2,1.8,2.0,7.0,6.0,1.0,5.0,2.0,0.3333333333333333,4.0,13.0,12.0,2.0,10.0,2.4,0.4,7.0,24.0,23.0,8.0,15.0,2.3,0.8,0.6666666666666666,0.6,0.4,208,3.0,0.8,2.0,1.0,A,3.0
2023-10-07,2023-24,Apertura,12,False,Pachuca,Tigres UANL,1.0,1.0,1.0,1.0,footballcsv,1729,1563.1506749647403,1606.7723963164033,-43.62172135166293,3,0,2,7.0,7.0,5,5,2,3,11.0,11.0,10,0.0,2.0,1.0,5.0,-4.0,0.3333333333333333,1.6666666666666667,1.0,5.0,4.0,12.0,-8.0,0.8,2.4,2.0,10.0,7.0,20.0,-13.0,0.7,2.0,0.3333333333333333,0.2,0.2,198,4.0,0.4,1.2,1.2,2.0,7.0,8.0,4.0,4.0,2.6666666666666665,1.3333333333333333,3.0,10.0,13.0,6.0,7.0,2.6,1.2,6.0,20.0,22.0,11.0,11.0,2.2,1.1,0.3333333333333333,0.4,0.4,207,3.0,0.4,1.6,1.4,D,2.0
2023-10-07,2023-24,Apertura,12,False,Guadalajara,Atlas,4.0,1.0,1.0,1.0,footballcsv,1730,1561.5433108952768,1543.596171030337,17.9471398649398,1,3,1,6.0,6.0,5,3,4,3,12.0,12.0,10,0.0,2.0,2.0,4.0,-2.0,0.6666666666666666,1.3333333333333333,0.0,2.0,3.0,10.0,-7.0,0.6,2.0,3.0,12.0,11.0,14.0,-3.0,1.1,1.4,0.3333333333333333,0.2,0.3,192,6.0,0.4,1.0,1.0,2.0,6.0,6.0,4.0,2.0,2.0,1.3333333333333333,3.0,9.0,8.0,7.0,1.0,1.6,1.4,4.0,15.0,11.0,9.0,2.0,1.1,0.9,0.3333333333333333,0.2,0.4,190,9.0,0.4,1.0,1.0,H,5.0
2023-10-07,2023-24,Apertura,12,False,Monterrey,FC Juárez,3.0,1.0,2.0,0.0,footballcsv,1731,1625.3118596865181,1435.9156016886384,189.39625799787973,4,0,1,14.0,4.0,5,5,1,2,17.0,7.0,8,1.0,4.0,4.0,5.0,-1.0,1.3333333333333333,1.6666666666666667,2.0,7.0,6.0,7.0,-1.0,1.2,1.4,4.0,14.0,12.0,11.0,1.0,1.2,1.1,0.0,0.0,0.2,202,4.0,0.6,1.4,0.8,0.0,1.0,3.0,8.0,-5.0,1.0,2.6666666666666665,1.0,4.0,6.0,10.0,-4.0,1.2,2.0,4.0,15.0,18.0,16.0,2.0,1.8,1.6,0.0,0.0,0.0,141,8.0,0.4,1.6,2.0,H,4.0
2023-10-07,2023-24,Apertura,12,False,Cruz Azul,Pumas UNAM,1.0,4.0,1.0,1.0,footballcsv,1732,1503.6614223728614,1487.0039616041365,16.65746076872483,4,0,1,9.0,6.0,5,6,1,3,17.0,14.0,10,2.0,6.0,6.0,5.0,1.0,2.0,1.6666666666666667,2.0,7.0,10.0,10.0,0.0,2.0,2.0,3.0,11.0,15.0,18.0,-3.0,1.5,1.8,0.0,0.0,0.0,201,3.0,0.0,1.0,2.2,2.0,6.0,6.0,1.0,5.0,2.0,0.3333333333333333,3.0,9.0,10.0,5.0,5.0,2.0,1.0,4.0,15.0,15.0,12.0,3.0,1.5,1.2,0.6666666666666666,0.4,0.3,191,3.0,0.2,1.0,1.6,A,5.0
2023-10-08,2023-24,Apertura,12,False,Necaxa,Puebla,1.0,2.0,0.0,2.0,footballcsv,1733,1427.3906297739447,1474.2209867722988,-46.83035699835409,1,2,2,4.0,5.0,5,3,3,4,12.0,12.0,10,1.0,4.0,7.0,6.0,1.0,2.3333333333333335,2.0,1.0,6.0,9.0,8.0,1.0,1.8,1.6,1.0,7.0,12.0,18.0,-6.0,1.2,1.8,0.0,0.0,0.0,184,4.0,0.0,0.6,1.8,1.0,4.0,4.0,5.0,-1.0,1.3333333333333333,1.6666666666666667,2.0,8.0,8.0,6.0,2.0,1.6,1.2,3.0,11.0,12.0,15.0,-3.0,1.2,1.5,0.0,0.2,0.2,192,5.0,0.2,1.0,1.6,A,3.0
2023-10-08,2023-24,Apertura,12,False,Tijuana,Atlético San Luis,2.0,1.0,1.0,0.0,footballcsv,1734,1419.0941210693106,1508.6681302806783,-89.57400921136764,1,3,1,5.0,7.0,5,2,3,2,8.0,11.0,7,1.0,3.0,6.0,4.0,2.0,2.0,1.3333333333333333,2.0,6.0,8.0,8.0,0.0,1.6,1.6,3.0,11.0,14.0,15.0,-1.0,1.4,1.5,0.0,0.0,0.0,176,4.0,0.6,2.4,1.4,1.0,3.0,6.0,7.0,-1.0,2.0,2.3333333333333335,3.0,9.0,10.0,7.0,3.0,2.0,1.4,6.0,19.0,21.0,13.0,8.0,2.1,1.3,0.0,0.4,0.3,147,9.0,0.6,1.8,1.6,H,3.0
2023-10-08,2023-24,Apertura,12,False,Santos Laguna,León,0.0,2.0,0.0,1.0,footballcsv,1735,1487.6586888903437,1531.2123359505194,-43.55364706017576,1,2,2,6.0,9.0,5,3,3,4,15.0,18.0,10,1.0,3.0,6.0,9.0,-3.0,2.0,3.0,2.0,6.0,10.0,13.0,-3.0,2.0,2.6,4.0,14.0,17.0,20.0,-3.0,1.7,2.0,0.0,0.0,0.1,194,4.0,0.6,1.6,1.6,1.0,4.0,3.0,4.0,-1.0,1.0,1.3333333333333333,1.0,6.0,5.0,6.0,-1.0,1.0,1.2,3.0,12.0,12.0,13.0,-1.0,1.2,1.3,0.3333333333333333,0.2,0.2,197,9.0,0.0,0.6,1.8,A,2.0
2023-10-08,2023-24,Apertura,12,False,Toluca,Querétaro,3.0,1.0,1.0,1.0,footballcsv,1736,1566.1461543034284,1434.3292766170105,131.8168776864179,2,2,1,9.0,5.0,5,3,4,3,15.0,12.0,10,0.0,3.0,4.0,4.0,0.0,1.3333333333333333,1.3333333333333333,1.0,6.0,10.0,6.0,4.0,2.0,1.2,3.0,14.0,16.0,11.0,5.0,1.6,1.1,0.0,0.2,0.4,191,4.0,0.4,2.0,1.2,1.0,4.0,4.0,6.0,-2.0,1.3333333333333333,2.0,1.0,5.0,6.0,9.0,-3.0,1.2,1.8,2.0,9.0,10.0,21.0,-11.0,1.0,2.1,0.0,0.0,0.1,179,4.0,0.4,1.0,2.8,H,4.0
2023-10-20,2023-24,Apertura,13,False,Puebla,Guadalajara,0.0,2.0,0.0,1.0,footballcsv,1739,1481.8122023504868,1571.1698481213818,-89.35764577089503,2,2,1,7.0,6.0,5,4,4,2,13.0,11.0,10,2.0,7.0,6.0,4.0,2.0,2.0,1.3333333333333333,2.0,8.0,7.0,7.0,0.0,1.4,1.4,4.0,14.0,12.0,13.0,-1.0,1.2,1.3,0.0,0.0,0.2,193,12.0,0.4,1.2,1.0,1.0,4.0,6.0,5.0,1.0,2.0,1.6666666666666667,1.0,5.0,6.0,9.0,-3.0,1.2,1.8,3.0,12.0,12.0,14.0,-2.0,1.2,1.4,0.0,0.2,0.3,193,13.0,0.2,1.0,1.8,A,2.0
2023-10-20,2023-24,Apertura,13,False,Atlas,Mazatlán FC,1.0,3.0,1.0,2.0,footballcsv,1738,1533.969633804232,1407.9682650559262,126.00136874830582,1,1,3,3.0,5.0,5,1,2,3,4.0,6.0,6,1.0,3.0,5.0,8.0,-3.0,1.6666666666666667,2.6666666666666665,2.0,6.0,7.0,10.0,-3.0,1.4,2.0,3.0,12.0,10.0,13.0,-3.0,1.0,1.3,0.0,0.2,0.3,191,13.0,0.6,1.4,0.6,1.0,3.0,6.0,6.0,0.0,2.0,2.0,1.0,4.0,10.0,11.0,-1.0,2.0,2.2,2.0,8.0,14.0,20.0,-6.0,1.4,2.0,0.0,0.0,0.1,115,14.0,0.2,1.6,2.0,A,4.0
2023-10-20,2023-24,Apertura,13,False,FC Juárez,Pachuca,0.0,1.0,0.0,0.0,footballcsv,1737,1432.4904269971032,1562.107433561649,-129.61700656454582,1,2,2,6.0,9.0,5,2,3,2,8.0,10.0,7,0.0,0.0,3.0,10.0,-7.0,1.0,3.3333333333333335,1.0,4.0,7.0,12.0,-5.0,1.4,2.4,3.0,12.0,17.0,18.0,-1.0,1.7,1.8,0.0,0.0,0.0,142,13.0,0.4,2.0,1.2,0.0,2.0,2.0,6.0,-4.0,0.6666666666666666,2.0,1.0,6.0,5.0,8.0,-3.0,1.0,1.6,2.0,11.0,8.0,17.0,-9.0,0.8,1.7,0.0,0.2,0.2,199,13.0,0.0,0.2,2.8,A,1.0
2023-10-21,2023-24,Apertura,13,False,León,Toluca,1.0,0.0,1.0,0.0,footballcsv,1740,1543.3467057419793,1570.716993280714,-27.3702875387346,0,4,1,6.0,7.0,5,4,5,1,19.0,11.0,10,2.0,7.0,4.0,1.0,3.0,1.3333333333333333,0.3333333333333333,2.0,8.0,6.0,5.0,1.0,1.2,1.0,4.0,15.0,13.0,11.0,2.0,1.3,1.1,0.6666666666666666,0.4,0.3,198,13.0,0.6,1.8,0.8,1.0,5.0,6.0,4.0,2.0,2.0,1.3333333333333333,1.0,6.0,8.0,7.0,1.0,1.6,1.4,3.0,14.0,17.0,12.0,5.0,1.7,1.2,0.0,0.0,0.3,192,13.0,0.2,1.2,1.0,H,1.0
2023-10-21,2023-24,Apertura,13,False,Tigres UANL,Cruz Azul,2.0,1.0,0.0,1.0,footballcsv,1741,1607.8156377194946,1486.0382846294056,121.77735309008904,2,1,2,6.0,6.0,5,4,2,4,11.0,12.0,10,1.0,5.0,6.0,5.0,1.0,2.0,1.6666666666666667,2.0,8.0,9.0,7.0,2.0,1.8,1.4,6.0,20.0,22.0,11.0,11.0,2.2,1.1,0.0,0.2,0.4,208,14.0,0.8,2.8,0.8,2.0,6.0,6.0,6.0,0.0,2.0,2.0,2.0,7.0,9.0,11.0,-2.0,1.8,2.2,3.0,11.0,16.0,20.0,-4.0,1.6,2.0,0.0,0.0,0.0,202,14.0,0.6,1.8,1.2,H,3.0
2023-10-21,2023-24,Apertura,13,False,América,Santos Laguna,4.0,3.0,3.0,2.0,footballcsv,1742,1673.2082285140734,1475.5243190988838,197.68390941518965,2,3,0,11.0,9.0,5,4,4,1,17.0,13.0,9,3.0,9.0,7.0,1.0,6.0,2.3333333333333335,0.3333333333333333,4.0,13.0,10.0,3.0,7.0,2.0,0.6,7.0,24.0,22.0,9.0,13.0,2.2,0.9,0.6666666666666666,0.4,0.3,209,15.0,0.8,2.6,0.6,1.0,3.0,4.0,8.0,-4.0,1.3333333333333333,2.6666666666666665,2.0,6.0,8.0,12.0,-4.0,1.6,2.4,4.0,14.0,17.0,20.0,-3.0,1.7,2.0,0.0,0.0,0.1,195,13.0,0.2,1.8,2.4,H,7.0
2023-10-21,2023-24,Apertura,13,False,Querétaro,Tijuana,1.0,0.0,0.0,0.0,footballcsv,1743,1429.758437639725,1426.2165496610621,3.5418879786627713,2,2,1,8.0,7.0,5,4,5,1,16.0,11.0,10,0.0,1.0,2.0,8.0,-6.0,0.6666666666666666,2.6666666666666665,1.0,4.0,6.0,11.0,-5.0,1.2,2.2,2.0,9.0,10.0,20.0,-10.0,1.0,2.0,0.0,0.0,0.1,180,13.0,0.0,1.0,1.4,2.0,6.0,8.0,4.0,4.0,2.6666666666666665,1.3333333333333333,3.0,9.0,10.0,6.0,4.0,2.0,1.2,4.0,14.0,14.0,13.0,1.0,1.4,1.3,0.0,0.0,0.0,177,13.0,0.0,0.4,1.6,H,1.0
2023-10-22,2023-24,Apertura,13,False,Pumas UNAM,Monterrey,0.0,1.0,0.0,0.0,footballcsv,1744,1504.6270993475923,1628.7370343780533,-124.10993503046097,1,1,3,4.0,8.0,5,2,3,5,7.0,13.0,10,2.0,6.0,8.0,2.0,6.0,2.6666666666666665,0.6666666666666666,4.0,12.0,13.0,4.0,9.0,2.6,0.8,5.0,17.0,19.0,13.0,6.0,1.9,1.3,0.3333333333333333,0.4,0.2,192,15.0,0.6,2.0,0.8,1.0,4.0,4.0,5.0,-1.0,1.3333333333333333,1.6666666666666667,3.0,10.0,9.0,7.0,2.0,1.8,1.4,5.0,17.0,15.0,11.0,4.0,1.5,1.1,0.0,0.0,0.2,203,15.0,0.4,1.2,1.2,A,1.0
2023-10-22,2023-24,Apertura,13,False,Atlético San Luis,Necaxa,4.0,0.0,2.0,0.0,footballcsv,1745,1501.5457016889268,1419.7994141957568,81.74628749317003,1,0,4,6.0,11.0,5,2,1,5,9.0,15.0,8,1.0,3.0,5.0,6.0,-1.0,1.6666666666666667,2.0,2.0,6.0,9.0,9.0,0.0,1.8,1.8,6.0,18.0,21.0,14.0,7.0,2.1,1.4,0.0,0.2,0.3,148,14.0,0.8,2.6,1.0,0.0,1.0,3.0,6.0,-3.0,1.0,2.0,1.0,5.0,9.0,9.0,0.0,1.8,1.8,1.0,6.0,12.0,19.0,-7.0,1.2,1.9,0.0,0.0,0.0,185,14.0,0.2,1.8,1.8,H,4.0
2023-10-24,2023-24,Apertura,11,False,León,Atlas,1.0,1.0,0.0,1.0,footballcsv,1746,1549.0985537200572,1517.1389796054539,31.959574114603356,3,1,1,9.0,6.0,5,6,2,2,20.0,13.0,10,2.0,7.0,4.0,1.0,3.0,1.3333333333333333,0.3333333333333333,3.0,10.0,6.0,4.0,2.0,1.2,0.8,4.0,15.0,10.0,11.0,-1.0,1.0,1.1,0.6666666666666666,0.6,0.3,199,3.0,0.8,1.8,0.4,0.0,0.0,4.0,10.0,-6.0,1.3333333333333333,3.3333333333333335,2.0,6.0,8.0,11.0,-3.0,1.6,2.2,3.0,12.0,11.0,15.0,-4.0,1.1,1.5,0.0,0.2,0.3,192,4.0,0.4,1.2,1.8,D,2.0
2023-10-25,2023-24,Apertura,4,False,Monterrey,Tijuana,3.0,1.0,2.0,0.0,footballcsv,1747,1634.674155000052,1421.1141318366915,213.56002316336048,3,2,0,12.0,3.0,5,5,2,2,20.0,6.0,9,2.0,7.0,5.0,2.0,3.0,1.6666666666666667,0.6666666666666666,3.0,10.0,8.0,6.0,2.0,1.6,1.2,6.0,19.0,15.0,10.0,5.0,1.5,1.0,0.3333333333333333,0.2,0.3,204,3.0,0.6,1.6,1.0,1.0,3.0,3.0,4.0,-1.0,1.0,1.3333333333333333,2.0,6.0,8.0,6.0,2.0,1.6,1.2,4.0,13.0,13.0,13.0,0.0,1.3,1.3,0.0,0.0,0.0,178,4.0,0.0,0.2,1.6,H,4.0
2023-10-25,2023-24,Apertura,11,False,FC Juárez,Atlético San Luis,3.0,2.0,2.0,0.0,footballcsv,1748,1426.6733519725165,1510.0223886375193,-83.34903666500281,3,1,1,5.0,4.0,5,4,2,2,10.0,7.0,8,0.0,0.0,2.0,9.0,-7.0,0.6666666666666666,3.0,0.0,1.0,4.0,12.0,-8.0,0.8,2.4,3.0,11.0,16.0,18.0,-2.0,1.6,1.8,0.0,0.0,0.0,143,5.0,0.4,1.8,1.2,1.0,3.0,6.0,4.0,2.0,2.0,1.3333333333333333,2.0,6.0,11.0,9.0,2.0,2.2,1.8,7.0,21.0,24.0,11.0,13.0,2.4,1.1,0.3333333333333333,0.2,0.4,149,3.0,0.4,1.6,1.8,H,5.0
2023-10-27,2023-24,Apertura,14,False,Mazatlán FC,Querétaro,3.0,0.0,0.0,0.0,footballcsv,1749,1424.7989192547043,1434.8608554640955,-10.061936209391206,2,2,1,7.0,5.0,5,2,3,1,8.0,6.0,6,1.0,3.0,6.0,6.0,0.0,2.0,2.0,2.0,6.0,11.0,10.0,1.0,2.2,2.0,3.0,11.0,17.0,18.0,-1.0,1.7,1.8,0.0,0.0,0.1,116,7.0,0.2,1.2,2.0,1.0,3.0,2.0,7.0,-5.0,0.6666666666666666,2.3333333333333335,2.0,7.0,6.0,9.0,-3.0,1.2,1.8,3.0,11.0,10.0,19.0,-9.0,1.0,1.9,0.3333333333333333,0.2,0.2,181,6.0,0.4,1.0,2.6,H,3.0
2023-10-27,2023-24,Apertura,14,False,Necaxa,Pumas UNAM,1.0,0.0,0.0,0.0,footballcsv,1750,1411.3227272471643,1498.6899787255936,-87.36725147842935,3,0,2,9.0,4.0,5,4,1,4,15.0,13.0,9,0.0,0.0,2.0,9.0,-7.0,0.6666666666666666,3.0,1.0,4.0,8.0,12.0,-4.0,1.6,2.4,1.0,6.0,12.0,21.0,-9.0,1.2,2.1,0.0,0.0,0.0,186,5.0,0.0,0.6,2.0,2.0,6.0,8.0,2.0,6.0,2.6666666666666665,0.6666666666666666,3.0,9.0,10.0,3.0,7.0,2.0,0.6,5.0,16.0,18.0,13.0,5.0,1.8,1.3,0.3333333333333333,0.4,0.2,193,5.0,0.4,1.6,1.6,H,1.0
2023-10-28,2023-24,Apertura,14,False,Cruz Azul,León,1.0,0.0,1.0,0.0,footballcsv,1753,1483.0111317404112,1545.9831941862476,-62.9720624458364,3,1,1,4.0,2.0,5,7,1,2,11.0,4.0,10,1.0,3.0,5.0,7.0,-2.0,1.6666666666666667,2.3333333333333335,2.0,6.0,8.0,11.0,-3.0,1.6,2.2,3.0,11.0,16.0,20.0,-4.0,1.6,2.0,0.0,0.0,0.0,203,7.0,0.0,1.2,2.8,2.0,7.0,4.0,1.0,3.0,1.3333333333333333,0.3333333333333333,3.0,11.0,6.0,2.0,4.0,1.2,0.4,4.0,16.0,11.0,11.0,0.0,1.1,1.1,0.6666666666666666,0.6,0.3,200,4.0,0.2,1.0,1.6,H,1.0
2023-10-28,2023-24,Apertura,14,False,Pachuca,Puebla,1.0,1.0,1.0,1.0,footballcsv,1754,1567.9245085862358,1471.1671806798936,96.7573279063422,3,1,1,11.0,7.0,5,7,2,1,20.0,8.0,10,1.0,4.0,2.0,5.0,-3.0,0.6666666666666666,1.6666666666666667,1.0,6.0,3.0,6.0,-3.0,0.6,1.2,3.0,13.0,8.0,16.0,-8.0,0.8,1.6,0.3333333333333333,0.4,0.3,200,8.0,0.4,1.2,1.2,1.0,4.0,3.0,4.0,-1.0,1.0,1.3333333333333333,2.0,7.0,6.0,8.0,-2.0,1.2,1.6,4.0,14.0,12.0,12.0,0.0,1.2,1.2,0.0,0.0,0.2,194,8.0,0.4,1.2,1.6,D,2.0
2023-10-28,2023-24,Apertura,14,False,Guadalajara,Tigres UANL,0.0,4.0,0.0,1.0,footballcsv,1751,1581.814869791975,1610.842790608489,-29.02792081651387,1,2,2,6.0,10.0,5,3,3,4,12.0,16.0,10,2.0,7.0,7.0,2.0,5.0,2.3333333333333335,0.6666666666666666,2.0,8.0,8.0,5.0,3.0,1.6,1.0,3.0,12.0,12.0,14.0,-2.0,1.2,1.4,0.3333333333333333,0.4,0.3,194,8.0,0.4,1.4,1.2,1.0,5.0,5.0,4.0,1.0,1.6666666666666667,1.3333333333333333,3.0,11.0,11.0,6.0,5.0,2.2,1.2,6.0,20.0,23.0,12.0,11.0,2.3,1.2,0.0,0.2,0.3,209,7.0,0.4,1.6,1.4,A,4.0
2023-10-28,2023-24,Apertura,14,False,Monterrey,América,0.0,3.0,0.0,3.0,footballcsv,1752,1637.6942878366408,1675.2785806251854,-37.584292788544644,3,1,1,7.0,5.0,5,5,1,4,15.0,14.0,10,3.0,9.0,7.0,2.0,5.0,2.3333333333333335,0.6666666666666666,3.0,10.0,8.0,6.0,2.0,1.6,1.2,6.0,19.0,17.0,11.0,6.0,1.7,1.1,0.3333333333333333,0.2,0.2,205,3.0,0.8,2.2,1.0,3.0,9.0,10.0,4.0,6.0,3.3333333333333335,1.3333333333333333,4.0,13.0,12.0,5.0,7.0,2.4,1.0,8.0,26.0,25.0,11.0,14.0,2.5,1.1,0.3333333333333333,0.4,0.3,210,7.0,0.8,1.8,1.0,A,3.0
2023-10-29,2023-24,Apertura,14,False,Tijuana,Atlas,2.0,0.0,1.0,0.0,footballcsv,1755,1418.0939990001027,1520.2543391392635,-102.16034013916078,3,1,1,7.0,3.0,5,6,2,2,17.0,9.0,10,1.0,3.0,3.0,5.0,-2.0,1.0,1.6666666666666667,2.0,6.0,9.0,8.0,1.0,1.8,1.6,3.0,10.0,12.0,15.0,-3.0,1.2,1.5,0.0,0.0,0.0,179,4.0,0.8,2.4,1.0,0.0,1.0,3.0,8.0,-5.0,1.0,2.6666666666666665,1.0,4.0,7.0,12.0,-5.0,1.4,2.4,3.0,12.0,12.0,16.0,-4.0,1.2,1.6,0.0,0.0,0.2,193,5.0,0.4,1.2,1.8,H,2.0
2023-10-29,2023-24,Apertura,14,False,Toluca,Atlético San Luis,3.0,1.0,1.0,0.0,footballcsv,1756,1564.965145302636,1503.0241043485823,61.94104095405373,2,1,2,4.0,3.0,5,4,1,2,10.0,6.0,7,1.0,4.0,5.0,4.0,1.0,1.6666666666666667,1.3333333333333333,1.0,6.0,7.0,6.0,1.0,1.4,1.2,3.0,14.0,15.0,9.0,6.0,1.5,0.9,0.0,0.0,0.3,193,8.0,0.6,2.2,0.6,1.0,3.0,7.0,5.0,2.0,2.3333333333333335,1.6666666666666667,2.0,6.0,11.0,9.0,2.0,2.2,1.8,6.0,18.0,22.0,13.0,9.0,2.2,1.3,0.3333333333333333,0.2,0.4,150,4.0,0.4,1.8,1.8,H,4.0
2023-10-29,2023-24,Apertura,14,False,Santos Laguna,FC Juárez,5.0,1.0,2.0,1.0,footballcsv,1757,1473.4539669877718,1433.6716362614534,39.78233072631838,3,1,1,8.0,5.0,5,5,2,1,14.0,7.0,8,1.0,3.0,5.0,7.0,-2.0,1.6666666666666667,2.3333333333333335,1.0,3.0,9.0,15.0,-6.0,1.8,3.0,3.0,11.0,17.0,22.0,-5.0,1.7,2.2,0.0,0.0,0.1,196,8.0,0.6,1.6,2.0,1.0,3.0,4.0,6.0,-2.0,1.3333333333333333,2.0,1.0,3.0,6.0,13.0,-7.0,1.2,2.6,3.0,11.0,15.0,18.0,-3.0,1.5,1.8,0.0,0.0,0.0,144,4.0,0.2,1.4,2.4,H,6.0
2023-10-31,2023-24,Apertura,15,False,Querétaro,Guadalajara,1.0,2.0,0.0,2.0,footballcsv,1758,1424.093690977207,1563.3760893115502,-139.28239833434327,1,4,0,7.0,6.0,5,1,7,1,11.0,11.0,9,1.0,3.0,2.0,6.0,-4.0,0.6666666666666666,2.0,1.0,4.0,3.0,11.0,-8.0,0.6,2.2,2.0,8.0,9.0,22.0,-13.0,0.9,2.2,0.3333333333333333,0.2,0.1,182,4.0,0.2,1.0,1.2,2.0,6.0,6.0,5.0,1.0,2.0,1.6666666666666667,2.0,7.0,8.0,9.0,-1.0,1.6,1.8,3.0,11.0,11.0,17.0,-6.0,1.1,1.7,0.3333333333333333,0.2,0.3,195,3.0,0.2,1.0,1.6,A,3.0
2023-10-31,2023-24,Apertura,15,False,León,Pumas UNAM,1.0,1.0,0.0,1.0,footballcsv,1759,1539.4417947063548,1491.6115494818393,47.830245224515465,1,1,3,7.0,11.0,5,5,2,3,17.0,14.0,10,1.0,4.0,2.0,2.0,0.0,0.6666666666666666,0.6666666666666666,2.0,8.0,5.0,3.0,2.0,1.0,0.6,3.0,13.0,9.0,11.0,-2.0,0.9,1.1,0.3333333333333333,0.4,0.3,201,3.0,0.6,1.2,0.6,1.0,3.0,4.0,3.0,1.0,1.3333333333333333,1.0,2.0,6.0,8.0,4.0,4.0,1.6,0.8,5.0,15.0,17.0,13.0,4.0,1.7,1.3,0.0,0.2,0.2,194,4.0,0.4,1.4,1.0,D,2.0
2023-10-31,2023-24,Apertura,15,False,Toluca,Puebla,0.0,1.0,0.0,0.0,footballcsv,1760,1571.2890824332733,1475.8568757408898,95.43220669238349,2,2,1,9.0,8.0,5,3,3,4,14.0,17.0,10,2.0,6.0,6.0,3.0,3.0,2.0,1.0,2.0,8.0,9.0,6.0,3.0,1.8,1.2,4.0,16.0,17.0,9.0,8.0,1.7,0.9,0.0,0.0,0.3,194,2.0,0.6,2.6,0.8,1.0,4.0,3.0,4.0,-1.0,1.0,1.3333333333333333,2.0,8.0,7.0,7.0,0.0,1.4,1.4,4.0,15.0,12.0,11.0,1.0,1.2,1.1,0.0,0.0,0.2,195,3.0,0.4,1.4,1.2,A,1.0
2023-10-31,2023-24,Apertura,15,False,Monterrey,Necaxa,3.0,0.0,1.0,0.0,footballcsv,1761,1622.1472834596527,1418.4011564909185,203.7461269687342,3,1,1,9.0,4.0,5,5,3,2,15.0,10.0,10,2.0,6.0,4.0,4.0,0.0,1.3333333333333333,1.3333333333333333,3.0,10.0,8.0,6.0,2.0,1.6,1.2,5.0,16.0,14.0,14.0,0.0,1.4,1.4,0.3333333333333333,0.2,0.1,206,3.0,0.6,2.0,1.6,1.0,3.0,2.0,6.0,-4.0,0.6666666666666666,2.0,1.0,4.0,4.0,10.0,-6.0,0.8,2.0,2.0,9.0,13.0,18.0,-5.0,1.3,1.8,0.3333333333333333,0.2,0.1,187,4.0,0.2,1.8,2.2,H,3.0
2023-11-01,2023-24,Apertura,15,False,Mazatlán FC,Santos Laguna,3.0,1.0,2.0,1.0,footballcsv,1762,1435.5660837415928,1483.6541326378779,-48.088048896285045,1,1,3,2.0,6.0,5,1,1,4,2.0,10.0,6,2.0,6.0,7.0,3.0,4.0,2.3333333333333335,1.0,3.0,9.0,12.0,7.0,5.0,2.4,1.4,4.0,14.0,19.0,16.0,3.0,1.9,1.6,0.3333333333333333,0.2,0.2,117,5.0,0.4,1.8,1.4,1.0,3.0,8.0,7.0,1.0,2.6666666666666665,2.3333333333333335,2.0,6.0,12.0,13.0,-1.0,2.4,2.6,4.0,13.0,22.0,23.0,-1.0,2.2,2.3,0.0,0.0,0.0,197,3.0,0.2,2.4,2.8,H,4.0
2023-11-01,2023-24,Apertura,15,False,Atlético San Luis,América,0.0,1.0,0.0,1.0,footballcsv,1763,1496.7001672179451,1690.8255850021735,-194.12541778422838,2,0,3,7.0,12.0,5,2,0,7,9.0,18.0,9,1.0,3.0,7.0,6.0,1.0,2.3333333333333335,2.0,1.0,3.0,9.0,10.0,-1.0,1.8,2.0,5.0,15.0,21.0,15.0,6.0,2.1,1.5,0.3333333333333333,0.2,0.4,151,3.0,0.8,2.6,0.8,3.0,9.0,9.0,4.0,5.0,3.0,1.3333333333333333,5.0,15.0,14.0,4.0,10.0,2.8,0.8,8.0,26.0,25.0,9.0,16.0,2.5,0.9,0.3333333333333333,0.6,0.4,211,4.0,0.8,2.2,1.0,A,1.0
2023-11-01,2023-24,Apertura,15,False,Tijuana,Tigres UANL,2.0,0.0,2.0,0.0,footballcsv,1764,1429.779896527374,1629.2815710889138,-199.50167456153986,0,1,4,4.0,9.0,5,0,3,6,5.0,14.0,9,1.0,3.0,3.0,4.0,-1.0,1.0,1.3333333333333333,2.0,6.0,6.0,7.0,-1.0,1.2,1.4,4.0,13.0,14.0,14.0,0.0,1.4,1.4,0.3333333333333333,0.2,0.1,180,3.0,0.8,2.4,0.8,2.0,7.0,7.0,2.0,5.0,2.3333333333333335,0.6666666666666666,3.0,11.0,12.0,6.0,6.0,2.4,1.2,6.0,20.0,24.0,12.0,12.0,2.4,1.2,0.3333333333333333,0.2,0.3,210,4.0,0.4,1.8,1.4,H,2.0
2023-11-01,2023-24,Apertura,15,False,Atlas,Pachuca,0.0,2.0,0.0,1.0,footballcsv,1765,1508.5684416119923,1563.2348135252396,-54.6663719132473,2,0,3,8.0,7.0,5,4,0,6,11.0,13.0,10,0.0,1.0,2.0,6.0,-4.0,0.6666666666666666,2.0,0.0,1.0,5.0,13.0,-8.0,1.0,2.6,3.0,11.0,11.0,17.0,-6.0,1.1,1.7,0.0,0.0,0.2,194,3.0,0.4,1.4,1.2,1.0,5.0,3.0,2.0,1.0,1.0,0.6666666666666666,1.0,6.0,4.0,7.0,-3.0,0.8,1.4,3.0,13.0,8.0,16.0,-8.0,0.8,1.6,0.3333333333333333,0.2,0.3,201,4.0,0.2,0.4,2.0,A,2.0
2023-11-01,2023-24,Apertura,15,False,Cruz Azul,FC Juárez,2.0,0.0,1.0,0.0,footballcsv,1766,1489.552531220304,1423.4714706113473,66.0810606089567,3,1,1,6.0,4.0,5,5,1,1,11.0,6.0,7,1.0,3.0,3.0,6.0,-3.0,1.0,2.0,3.0,9.0,8.0,8.0,0.0,1.6,1.6,4.0,13.0,15.0,18.0,-3.0,1.5,1.8,0.3333333333333333,0.2,0.1,204,4.0,0.2,1.4,2.4,1.0,3.0,4.0,8.0,-4.0,1.3333333333333333,2.6666666666666665,1.0,3.0,6.0,16.0,-10.0,1.2,3.2,3.0,10.0,15.0,22.0,-7.0,1.5,2.2,0.0,0.0,0.0,145,3.0,0.0,0.8,3.0,H,2.0
2023-11-03,2023-24,Apertura,16,False,Puebla,León,5.0,4.0,1.0,3.0,footballcsv,1767,1486.01833721297,1535.920040524577,-49.90170331160698,2,1,2,4.0,6.0,5,4,1,5,9.0,13.0,10,1.0,4.0,2.0,3.0,-1.0,0.6666666666666666,1.0,2.0,8.0,5.0,5.0,0.0,1.0,1.0,5.0,18.0,13.0,10.0,3.0,1.3,1.0,0.3333333333333333,0.2,0.3,196,3.0,0.4,1.0,1.0,0.0,2.0,2.0,3.0,-1.0,0.6666666666666666,1.0,2.0,8.0,5.0,3.0,2.0,1.0,0.6,3.0,14.0,10.0,9.0,1.0,1.0,0.9,0.0,0.4,0.3,202,3.0,0.2,1.0,1.2,H,9.0
2023-11-04,2023-24,Apertura,16,False,Tigres UANL,Atlético San Luis,2.0,2.0,0.0,0.0,footballcsv,1771,1614.6590162008413,1492.200460816332,122.45855538450928,3,2,0,10.0,3.0,5,4,4,0,14.0,4.0,8,2.0,6.0,6.0,3.0,3.0,2.0,1.0,2.0,8.0,9.0,6.0,3.0,1.8,1.2,6.0,20.0,23.0,12.0,11.0,2.3,1.2,0.3333333333333333,0.2,0.3,211,3.0,0.8,3.0,1.0,0.0,0.0,3.0,7.0,-4.0,1.0,2.3333333333333335,1.0,3.0,8.0,9.0,-1.0,1.6,1.8,4.0,12.0,18.0,16.0,2.0,1.8,1.6,0.0,0.2,0.3,152,3.0,0.2,1.6,2.2,D,4.0
2023-11-04,2023-24,Apertura,16,False,Guadalajara,Cruz Azul,1.0,0.0,0.0,0.0,footballcsv,1770,1568.985058129295,1495.7614417489476,73.2236163803475,2,1,2,5.0,5.0,5,3,2,5,8.0,11.0,10,2.0,6.0,4.0,5.0,-1.0,1.3333333333333333,1.6666666666666667,3.0,10.0,9.0,7.0,2.0,1.8,1.4,3.0,11.0,12.0,18.0,-6.0,1.2,1.8,0.3333333333333333,0.2,0.2,196,4.0,0.2,1.2,2.0,2.0,6.0,4.0,2.0,2.0,1.3333333333333333,0.6666666666666666,3.0,9.0,8.0,7.0,1.0,1.6,1.4,5.0,16.0,17.0,17.0,0.0,1.7,1.7,0.6666666666666666,0.4,0.2,205,3.0,0.6,2.0,1.4,H,1.0
2023-11-04,2023-24,Apertura,16,False,América,Tijuana,3.0,0.0,0.0,0.0,footballcsv,1768,1695.3252914037867,1444.4024514154464,250.92283998834023,4,0,1,9.0,4.0,5,7,1,2,21.0,8.0,10,3.0,9.0,8.0,3.0,5.0,2.6666666666666665,1.0,5.0,15.0,14.0,4.0,10.0,2.8,0.8,9.0,28.0,25.0,8.0,17.0,2.5,0.8,0.6666666666666666,0.6,0.5,212,3.0,0.8,2.8,0.8,2.0,6.0,5.0,3.0,2.0,1.6666666666666667,1.0,3.0,9.0,7.0,5.0,2.0,1.4,1.0,5.0,15.0,15.0,13.0,2.0,1.5,1.3,0.6666666666666666,0.4,0.2,181,3.0,0.0,0.4,2.0,H,3.0
2023-11-04,2023-24,Apertura,16,False,Pachuca,Monterrey,0.0,2.0,0.0,2.0,footballcsv,1769,1575.020584346701,1626.15936481968,-51.13878047297885,3,1,1,10.0,4.0,5,4,2,4,15.0,16.0,10,2.0,7.0,4.0,1.0,3.0,1.3333333333333333,0.3333333333333333,2.0,8.0,5.0,6.0,-1.0,1.0,1.2,3.0,13.0,9.0,16.0,-7.0,0.9,1.6,0.6666666666666666,0.4,0.3,202,3.0,0.2,1.2,1.4,2.0,6.0,6.0,4.0,2.0,2.0,1.3333333333333333,4.0,12.0,10.0,5.0,5.0,2.0,1.0,6.0,19.0,16.0,12.0,4.0,1.6,1.2,0.3333333333333333,0.4,0.2,207,4.0,0.4,0.8,1.2,A,2.0
2023-11-05,2023-24,Apertura,16,False,Pumas UNAM,Atlas,3.0,0.0,1.0,0.0,footballcsv,1772,1495.1333036636172,1496.7826707905308,-1.649367126913603,1,3,1,3.0,3.0,5,3,6,1,12.0,7.0,10,0.0,1.0,1.0,3.0,-2.0,0.3333333333333333,1.0,2.0,7.0,9.0,4.0,5.0,1.8,0.8,5.0,16.0,17.0,10.0,7.0,1.7,1.0,0.0,0.2,0.2,195,5.0,0.6,2.0,1.0,0.0,1.0,1.0,5.0,-4.0,0.3333333333333333,1.6666666666666667,0.0,1.0,3.0,12.0,-9.0,0.6,2.4,3.0,10.0,11.0,19.0,-8.0,1.1,1.9,0.0,0.0,0.1,195,4.0,0.2,0.8,2.0,H,3.0
2023-11-05,2023-24,Apertura,16,False,Necaxa,Mazatlán FC,4.0,0.0,2.0,0.0,footballcsv,1773,1414.3890751308913,1445.4032669968676,-31.014191865976272,2,2,1,7.0,6.0,5,3,2,1,8.0,6.0,6,1.0,3.0,1.0,7.0,-6.0,0.3333333333333333,2.3333333333333335,1.0,3.0,3.0,12.0,-9.0,0.6,2.4,2.0,9.0,11.0,18.0,-7.0,1.1,1.8,0.3333333333333333,0.2,0.1,188,5.0,0.2,0.8,1.4,3.0,9.0,9.0,2.0,7.0,3.0,0.6666666666666666,3.0,9.0,12.0,7.0,5.0,2.4,1.4,4.0,14.0,21.0,17.0,4.0,2.1,1.7,0.3333333333333333,0.2,0.1,118,4.0,0.4,2.0,1.8,H,4.0
2023-11-05,2023-24,Apertura,16,False,Santos Laguna,Toluca,3.0,1.0,1.0,0.0,footballcsv,1774,1473.816949382603,1561.127620961193,-87.31067157859002,0,0,5,6.0,16.0,5,3,2,5,19.0,22.0,10,1.0,3.0,9.0,8.0,1.0,3.0,2.6666666666666665,2.0,6.0,11.0,11.0,0.0,2.2,2.2,4.0,12.0,21.0,24.0,-3.0,2.1,2.4,0.0,0.0,0.0,198,4.0,0.6,2.2,2.0,1.0,3.0,3.0,3.0,0.0,1.0,1.0,2.0,7.0,8.0,6.0,2.0,1.6,1.2,4.0,15.0,17.0,10.0,7.0,1.7,1.0,0.0,0.0,0.2,195,5.0,0.0,0.8,1.2,H,4.0
2023-11-05,2023-24,Apertura,16,False,FC Juárez,Querétaro,0.0,3.0,0.0,1.0,footballcsv,1775,1417.2625600827037,1418.484722159462,-1.2221620767584227,0,3,2,3.0,8.0,5,1,3,3,4.0,10.0,7,1.0,3.0,4.0,9.0,-5.0,1.3333333333333333,3.0,1.0,3.0,5.0,13.0,-8.0,1.0,2.6,2.0,7.0,11.0,23.0,-12.0,1.1,2.3,0.0,0.0,0.0,146,4.0,0.6,2.2,1.4,1.0,3.0,2.0,5.0,-3.0,0.6666666666666666,1.6666666666666667,1.0,3.0,3.0,12.0,-9.0,0.6,2.4,2.0,8.0,9.0,22.0,-13.0,0.9,2.2,0.3333333333333333,0.2,0.1,183,5.0,0.2,0.8,3.2,A,3.0
2023-11-08,2023-24,Apertura,10,False,Monterrey,Santos Laguna,3.0,0.0,1.0,0.0,footballcsv,1776,1638.0560035089152,1485.0342060054259,153.02179750348932,2,1,2,7.0,6.0,5,3,3,4,13.0,13.0,10,2.0,6.0,5.0,3.0,2.0,1.6666666666666667,1.0,4.0,12.0,9.0,4.0,5.0,1.8,0.8,7.0,22.0,18.0,11.0,7.0,1.8,1.1,0.6666666666666666,0.6,0.3,208,4.0,0.8,2.4,1.2,2.0,6.0,9.0,5.0,4.0,3.0,1.6666666666666667,2.0,6.0,12.0,11.0,1.0,2.4,2.2,4.0,12.0,22.0,24.0,-2.0,2.2,2.4,0.0,0.0,0.0,199,3.0,0.0,2.0,3.0,H,3.0
2023-11-10,2023-24,Apertura,17,False,Mazatlán FC,Toluca,1.0,0.0,0.0,0.0,footballcsv,1777,1431.8646121921727,1549.9103643383703,-118.04575214619763,0,2,3,6.0,13.0,5,1,2,3,8.0,14.0,6,2.0,6.0,6.0,5.0,1.0,2.0,1.6666666666666667,3.0,9.0,10.0,8.0,2.0,2.0,1.6,4.0,13.0,20.0,20.0,0.0,2.0,2.0,0.3333333333333333,0.2,0.1,119,5.0,0.4,2.2,1.6,1.0,3.0,4.0,5.0,-1.0,1.3333333333333333,1.6666666666666667,2.0,6.0,7.0,7.0,0.0,1.4,1.4,3.0,12.0,17.0,13.0,4.0,1.7,1.3,0.0,0.0,0.1,196,5.0,0.0,0.8,1.6,H,1.0
2023-11-10,2023-24,Apertura,17,False,Tijuana,Pachuca,2.0,3.0,1.0,0.0,footballcsv,1778,1441.2802131152764,1563.1239456574658,-121.8437325421894,2,1,2,7.0,10.0,5,4,1,5,12.0,22.0,10,2.0,6.0,4.0,3.0,1.0,1.3333333333333333,1.0,2.0,6.0,5.0,7.0,-2.0,1.0,1.4,5.0,15.0,15.0,13.0,2.0,1.5,1.3,0.6666666666666666,0.4,0.2,182,6.0,1.0,2.6,0.6,1.0,4.0,3.0,3.0,0.0,1.0,1.0,2.0,8.0,5.0,4.0,1.0,1.0,0.8,3.0,13.0,9.0,16.0,-7.0,0.9,1.6,0.3333333333333333,0.4,0.3,203,6.0,0.4,0.6,1.8,A,5.0
2023-11-10,2023-24,Apertura,17,False,Atlas,Necaxa,0.0,0.0,0.0,0.0,footballcsv,1779,1486.3650500797546,1427.9277299355863,58.437320144168325,5,0,0,14.0,3.0,5,5,1,3,17.0,10.0,9,0.0,0.0,0.0,7.0,-7.0,0.0,2.3333333333333335,0.0,1.0,2.0,11.0,-9.0,0.4,2.2,2.0,7.0,9.0,21.0,-12.0,0.9,2.1,0.0,0.0,0.1,196,5.0,0.2,1.0,1.6,2.0,6.0,5.0,3.0,2.0,1.6666666666666667,1.0,2.0,6.0,6.0,9.0,-3.0,1.2,1.8,3.0,12.0,15.0,17.0,-2.0,1.5,1.7,0.6666666666666666,0.4,0.2,189,5.0,0.2,1.4,2.2,D,0.0
2023-11-11,2023-24,Apertura,17,False,Atlético San Luis,Santos Laguna,0.0,2.0,0.0,2.0,footballcsv,1780,1497.4468751122781,1479.8375279407303,17.609347171547824,0,2,3,3.0,10.0,5,1,2,5,7.0,15.0,8,0.0,1.0,3.0,6.0,-3.0,1.0,2.0,1.0,4.0,9.0,9.0,0.0,1.8,1.8,3.0,10.0,18.0,18.0,0.0,1.8,1.8,0.0,0.2,0.2,153,7.0,0.6,2.0,1.0,1.0,3.0,4.0,7.0,-3.0,1.3333333333333333,2.3333333333333335,2.0,6.0,12.0,12.0,0.0,2.4,2.4,4.0,12.0,20.0,24.0,-4.0,2.0,2.4,0.0,0.0,0.0,200,3.0,0.0,1.6,3.2,A,2.0
2023-11-11,2023-24,Apertura,17,False,Querétaro,Monterrey,0.0,0.0,0.0,0.0,footballcsv,1781,1435.4381793927867,1643.2526815736107,-207.8145021808241,1,1,3,2.0,7.0,5,3,1,6,9.0,15.0,10,1.0,3.0,4.0,5.0,-1.0,1.3333333333333333,1.6666666666666667,2.0,6.0,6.0,8.0,-2.0,1.2,1.6,3.0,11.0,12.0,17.0,-5.0,1.2,1.7,0.3333333333333333,0.4,0.2,184,6.0,0.2,1.0,1.2,3.0,9.0,8.0,0.0,8.0,2.6666666666666665,0.0,4.0,12.0,11.0,4.0,7.0,2.2,0.8,7.0,22.0,19.0,10.0,9.0,1.9,1.0,1.0,0.6,0.4,209,3.0,0.6,1.2,1.0,D,0.0
2023-11-11,2023-24,Apertura,17,False,Pumas UNAM,Guadalajara,1.0,0.0,1.0,0.0,footballcsv,1782,1505.5509243743934,1572.7792900579934,-67.22836568360003,0,1,4,4.0,12.0,5,2,3,5,12.0,19.0,10,1.0,4.0,4.0,2.0,2.0,1.3333333333333333,0.6666666666666666,2.0,7.0,8.0,4.0,4.0,1.6,0.8,5.0,16.0,18.0,9.0,9.0,1.8,0.9,0.3333333333333333,0.2,0.3,196,6.0,0.8,2.4,0.8,2.0,6.0,3.0,5.0,-2.0,1.0,1.6666666666666667,4.0,12.0,9.0,6.0,3.0,1.8,1.2,4.0,14.0,12.0,16.0,-4.0,1.2,1.6,0.3333333333333333,0.4,0.3,197,7.0,0.4,1.2,1.6,H,1.0
2023-11-11,2023-24,Apertura,17,False,Tigres UANL,América,0.0,0.0,0.0,0.0,footballcsv,1783,1609.4126019048952,1698.4475297039567,-89.0349277990615,0,0,5,2.0,10.0,5,1,1,8,8.0,20.0,10,1.0,4.0,6.0,4.0,2.0,2.0,1.3333333333333333,2.0,8.0,9.0,6.0,3.0,1.8,1.2,5.0,18.0,22.0,12.0,10.0,2.2,1.2,0.3333333333333333,0.2,0.3,212,7.0,0.6,2.8,1.0,3.0,9.0,7.0,0.0,7.0,2.3333333333333335,0.0,5.0,15.0,13.0,4.0,9.0,2.6,0.8,9.0,28.0,25.0,6.0,19.0,2.5,0.6,1.0,0.6,0.6,213,7.0,0.8,1.8,0.6,D,0.0
2023-11-12,2023-24,Apertura,17,False,León,FC Juárez,2.0,1.0,2.0,1.0,footballcsv,1785,1529.6730094361826,1400.309102849379,129.36390658680352,3,1,1,4.0,1.0,5,5,2,1,11.0,3.0,8,0.0,1.0,5.0,7.0,-2.0,1.6666666666666667,2.3333333333333335,1.0,5.0,7.0,8.0,-1.0,1.4,1.6,3.0,13.0,13.0,13.0,0.0,1.3,1.3,0.0,0.2,0.3,203,9.0,0.4,1.0,0.6,0.0,0.0,1.0,10.0,-9.0,0.3333333333333333,3.3333333333333335,1.0,3.0,4.0,13.0,-9.0,0.8,2.6,2.0,7.0,11.0,25.0,-14.0,1.1,2.5,0.0,0.0,0.0,147,7.0,0.0,0.8,3.2,H,3.0
2023-11-12,2023-24,Apertura,17,False,Cruz Azul,Puebla,1.0,2.0,1.0,1.0,footballcsv,1784,1491.9672098202493,1492.2653683013643,-0.2981584811150242,1,2,2,7.0,8.0,5,2,5,2,13.0,11.0,9,2.0,6.0,3.0,1.0,2.0,1.0,0.3333333333333333,2.0,6.0,5.0,7.0,-2.0,1.0,1.4,4.0,13.0,15.0,17.0,-2.0,1.5,1.7,0.6666666666666666,0.4,0.2,206,8.0,0.4,1.4,2.0,2.0,7.0,7.0,5.0,2.0,2.3333333333333335,1.6666666666666667,3.0,10.0,9.0,8.0,1.0,1.8,1.6,5.0,18.0,17.0,14.0,3.0,1.7,1.4,0.3333333333333333,0.2,0.2,197,9.0,0.6,1.6,1.0,A,3.0
2023-11-23,2023-24,Apertura - Liguilla,Play-in round 1,True,Santos Laguna,Mazatlán FC,2.0,1.0,1.0,0.0,footballcsv,1786,1493.831398176112,1439.5520917856431,54.279306390468946,3,0,2,7.0,5.0,5,4,1,2,11.0,5.0,7,2.0,6.0,5.0,4.0,1.0,1.6666666666666667,1.3333333333333333,3.0,9.0,11.0,8.0,3.0,2.2,1.6,4.0,12.0,20.0,23.0,-3.0,2.0,2.3,0.3333333333333333,0.2,0.1,201,12.0,0.6,2.4,2.0,2.0,6.0,4.0,5.0,-1.0,1.3333333333333333,1.6666666666666667,4.0,12.0,10.0,6.0,4.0,2.0,1.2,5.0,16.0,20.0,17.0,3.0,2.0,1.7,0.3333333333333333,0.4,0.2,120,13.0,0.4,1.8,2.4,H,3.0
2023-11-23,2023-24,Apertura - Liguilla,Play-in round 1,True,Atlético San Luis,León,3.0,2.0,2.0,1.0,footballcsv,1787,1483.4530048768963,1532.5914113696617,-49.1384064927654,3,0,2,9.0,5.0,5,4,1,5,15.0,14.0,10,0.0,1.0,2.0,5.0,-3.0,0.6666666666666666,1.6666666666666667,0.0,1.0,5.0,11.0,-6.0,1.0,2.2,2.0,7.0,16.0,20.0,-4.0,1.6,2.0,0.0,0.0,0.1,154,12.0,0.4,1.6,1.4,1.0,4.0,7.0,7.0,0.0,2.3333333333333335,2.3333333333333335,1.0,5.0,8.0,9.0,-1.0,1.6,1.8,4.0,15.0,14.0,13.0,1.0,1.4,1.3,0.0,0.0,0.3,204,11.0,0.2,1.6,2.0,H,5.0
2023-11-26,2023-24,Apertura - Liguilla,Play-in round 2,True,León,Santos Laguna,3.0,2.0,2.0,0.0,footballcsv,1788,1526.361420128054,1497.9579487143767,28.40347141367738,2,2,1,9.0,5.0,5,5,3,2,20.0,12.0,10,1.0,3.0,8.0,9.0,-1.0,2.6666666666666665,3.0,1.0,4.0,9.0,11.0,-2.0,1.8,2.2,4.0,15.0,15.0,13.0,2.0,1.5,1.3,0.0,0.0,0.3,205,3.0,0.6,1.2,0.6,2.0,6.0,4.0,4.0,0.0,1.3333333333333333,1.3333333333333333,3.0,9.0,8.0,8.0,0.0,1.6,1.6,5.0,15.0,20.0,21.0,-1.0,2.0,2.1,0.3333333333333333,0.2,0.1,202,3.0,0.2,1.6,2.6,H,5.0
2023-11-29,2023-24,Apertura - Liguilla,Quarterfinals,True,Atlético San Luis,Monterrey,1.0,0.0,1.0,0.0,footballcsv,1789,1489.682996118504,1639.7313243198846,-150.04832820138063,1,2,2,6.0,7.0,5,2,4,4,11.0,14.0,10,1.0,4.0,5.0,6.0,-1.0,1.6666666666666667,2.0,1.0,4.0,6.0,10.0,-4.0,1.2,2.0,3.0,10.0,17.0,19.0,-2.0,1.7,1.9,0.0,0.0,0.1,155,6.0,0.4,1.6,1.4,2.0,7.0,5.0,0.0,5.0,1.6666666666666667,0.0,3.0,10.0,8.0,3.0,5.0,1.6,0.6,6.0,20.0,16.0,9.0,7.0,1.6,0.9,1.0,0.8,0.5,210,18.0,0.4,0.8,0.8,H,1.0
2023-11-29,2023-24,Apertura - Liguilla,Quarterfinals,True,León,América,2.0,2.0,2.0,1.0,footballcsv,1790,1530.9706360123091,1698.1875421801285,-167.2169061678194,1,3,1,7.0,8.0,5,3,4,3,12.0,13.0,10,2.0,6.0,7.0,6.0,1.0,2.3333333333333335,2.0,2.0,7.0,12.0,12.0,0.0,2.4,2.4,4.0,15.0,17.0,15.0,2.0,1.7,1.5,0.0,0.0,0.2,206,3.0,0.6,1.6,1.0,2.0,7.0,4.0,0.0,4.0,1.3333333333333333,0.0,4.0,13.0,11.0,3.0,8.0,2.2,0.6,8.0,26.0,21.0,6.0,15.0,2.1,0.6,1.0,0.8,0.6,214,18.0,0.6,1.4,0.4,D,4.0
2023-11-30,2023-24,Apertura - Liguilla,Quarterfinals,True,Guadalajara,Pumas UNAM,1.0,0.0,1.0,0.0,footballcsv,1791,1566.1410394574068,1512.18917497498,53.9518644824268,4,0,1,12.0,5.0,5,5,3,2,18.0,11.0,10,2.0,6.0,3.0,2.0,1.0,1.0,0.6666666666666666,3.0,9.0,5.0,6.0,-1.0,1.0,1.2,4.0,14.0,11.0,15.0,-4.0,1.1,1.5,0.3333333333333333,0.4,0.3,198,19.0,0.4,1.2,1.6,2.0,7.0,5.0,1.0,4.0,1.6666666666666667,0.3333333333333333,2.0,7.0,5.0,3.0,2.0,1.0,0.6,6.0,19.0,18.0,7.0,11.0,1.8,0.7,0.6666666666666666,0.4,0.4,197,19.0,0.4,1.4,0.8,H,1.0
2023-11-30,2023-24,Apertura - Liguilla,Quarterfinals,True,Puebla,Tigres UANL,2.0,2.0,1.0,1.0,footballcsv,1792,1500.7596045508462,1609.6725894287233,-108.91298487787708,2,1,2,5.0,4.0,5,3,4,3,9.0,8.0,10,3.0,9.0,8.0,5.0,3.0,2.6666666666666665,1.6666666666666667,3.0,10.0,9.0,8.0,1.0,1.8,1.6,5.0,18.0,16.0,15.0,1.0,1.6,1.5,0.3333333333333333,0.2,0.1,198,18.0,0.4,1.8,1.8,0.0,2.0,2.0,4.0,-2.0,0.6666666666666666,1.3333333333333333,2.0,8.0,8.0,5.0,3.0,1.6,1.0,4.0,16.0,17.0,12.0,5.0,1.7,1.2,0.3333333333333333,0.4,0.3,213,19.0,0.4,1.6,1.4,D,4.0
2023-12-02,2023-24,Apertura - Liguilla,Quarterfinals,True,América,León,2.0,0.0,0.0,0.0,footballcsv,1793,1695.7286717614484,1533.4295064309892,162.29916533045912,1,3,1,9.0,8.0,5,3,5,2,15.0,13.0,10,1.0,5.0,5.0,2.0,3.0,1.6666666666666667,0.6666666666666666,3.0,11.0,9.0,2.0,7.0,1.8,0.4,7.0,24.0,21.0,7.0,14.0,2.1,0.7,0.6666666666666666,0.8,0.6,215,3.0,1.0,3.2,0.6,1.0,4.0,7.0,7.0,0.0,2.3333333333333335,2.3333333333333335,2.0,7.0,13.0,13.0,0.0,2.6,2.6,4.0,15.0,18.0,16.0,2.0,1.8,1.6,0.0,0.0,0.2,207,3.0,0.2,1.8,2.0,H,2.0
2023-12-02,2023-24,Apertura - Liguilla,Quarterfinals,True,Monterrey,Atlético San Luis,1.0,1.0,1.0,0.0,footballcsv,1794,1631.4209942887937,1497.9933261495948,133.4276681391989,2,2,1,7.0,5.0,5,4,4,2,14.0,11.0,10,1.0,4.0,3.0,1.0,2.0,1.0,0.3333333333333333,3.0,10.0,8.0,1.0,7.0,1.6,0.2,6.0,20.0,16.0,7.0,9.0,1.6,0.7,0.6666666666666666,0.8,0.5,211,3.0,0.8,2.4,1.0,2.0,6.0,4.0,4.0,0.0,1.3333333333333333,1.3333333333333333,2.0,7.0,6.0,7.0,-1.0,1.2,1.4,3.0,10.0,15.0,17.0,-2.0,1.5,1.7,0.3333333333333333,0.2,0.2,156,3.0,0.0,1.6,2.6,D,2.0
2023-12-03,2023-24,Apertura - Liguilla,Quarterfinals,True,Tigres UANL,Puebla,3.0,0.0,2.0,0.0,footballcsv,1795,1608.8423225546223,1501.5898714249472,107.25245112967514,2,2,1,6.0,5.0,5,3,5,2,10.0,10.0,10,0.0,3.0,4.0,4.0,0.0,1.3333333333333333,1.3333333333333333,1.0,6.0,8.0,6.0,2.0,1.6,1.2,4.0,17.0,19.0,12.0,7.0,1.9,1.2,0.3333333333333333,0.4,0.3,214,3.0,0.4,1.8,1.0,2.0,7.0,9.0,7.0,2.0,3.0,2.3333333333333335,3.0,11.0,11.0,8.0,3.0,2.2,1.6,5.0,18.0,17.0,16.0,1.0,1.7,1.6,0.0,0.2,0.1,199,3.0,0.8,1.8,1.0,H,3.0
2023-12-03,2023-24,Apertura - Liguilla,Quarterfinals,True,Pumas UNAM,Guadalajara,3.0,0.0,2.0,0.0,footballcsv,1796,1508.0567213699467,1570.2734930624401,-62.21677169249347,1,0,4,4.0,10.0,5,1,3,6,9.0,18.0,10,2.0,6.0,4.0,1.0,3.0,1.3333333333333333,0.3333333333333333,2.0,7.0,5.0,3.0,2.0,1.0,0.6,5.0,16.0,15.0,6.0,9.0,1.5,0.6,0.6666666666666666,0.4,0.4,198,3.0,0.8,2.2,0.6,2.0,6.0,2.0,1.0,1.0,0.6666666666666666,0.3333333333333333,3.0,9.0,4.0,6.0,-2.0,0.8,1.2,5.0,17.0,12.0,11.0,1.0,1.2,1.1,0.6666666666666666,0.4,0.4,199,3.0,0.4,1.0,1.4,H,3.0
2023-12-06,2023-24,Apertura - Liguilla,Semifinals,True,Atlético San Luis,América,0.0,5.0,0.0,2.0,footballcsv,1797,1503.4647545269504,1699.6603269713735,-196.19557244442308,1,0,4,4.0,11.0,5,2,0,8,9.0,19.0,10,2.0,7.0,5.0,3.0,2.0,1.6666666666666667,1.0,2.0,8.0,7.0,7.0,0.0,1.4,1.4,3.0,11.0,15.0,16.0,-1.0,1.5,1.6,0.3333333333333333,0.2,0.2,157,4.0,0.6,1.6,1.0,1.0,5.0,4.0,2.0,2.0,1.3333333333333333,0.6666666666666666,3.0,11.0,8.0,2.0,6.0,1.6,0.4,8.0,26.0,22.0,6.0,16.0,2.2,0.6,0.6666666666666666,0.8,0.7,216,4.0,0.6,1.6,0.6,A,5.0
2023-12-07,2023-24,Apertura - Liguilla,Semifinals,True,Pumas UNAM,Tigres UANL,0.0,1.0,0.0,0.0,footballcsv,1798,1521.1052447275913,1615.3297853773845,-94.2245406497932,1,2,2,6.0,8.0,5,1,4,5,7.0,15.0,10,2.0,6.0,4.0,1.0,3.0,1.3333333333333333,0.3333333333333333,3.0,10.0,8.0,2.0,6.0,1.6,0.4,5.0,16.0,16.0,6.0,10.0,1.6,0.6,0.6666666666666666,0.6,0.4,199,4.0,0.8,2.2,0.2,1.0,5.0,5.0,2.0,3.0,1.6666666666666667,0.6666666666666666,1.0,6.0,7.0,6.0,1.0,1.4,1.2,4.0,17.0,19.0,12.0,7.0,1.9,1.2,0.6666666666666666,0.4,0.3,215,4.0,0.4,2.0,1.4,A,1.0
2023-12-09,2023-24,Apertura - Liguilla,Semifinals,True,América,Atlético San Luis,0.0,2.0,0.0,0.0,footballcsv,1799,1711.1904721454473,1491.9346093528766,219.25586279257072,4,0,1,13.0,4.0,5,8,0,2,23.0,9.0,10,2.0,7.0,9.0,2.0,7.0,3.0,0.6666666666666666,3.0,11.0,12.0,2.0,10.0,2.4,0.4,8.0,26.0,26.0,6.0,20.0,2.6,0.6,0.6666666666666666,0.8,0.7,217,3.0,1.0,2.8,0.6,1.0,4.0,2.0,6.0,-4.0,0.6666666666666666,2.0,2.0,7.0,5.0,10.0,-5.0,1.0,2.0,3.0,11.0,14.0,19.0,-5.0,1.4,1.9,0.3333333333333333,0.2,0.2,158,3.0,0.0,1.4,2.2,A,2.0
2023-12-10,2023-24,Apertura - Liguilla,Semifinals,True,Tigres UANL,Pumas UNAM,1.0,1.0,1.0,1.0,footballcsv,1800,1621.9349238070315,1514.5001062979443,107.43481750908722,3,1,1,9.0,6.0,5,5,4,1,14.0,7.0,10,2.0,7.0,6.0,2.0,4.0,2.0,0.6666666666666666,2.0,9.0,8.0,4.0,4.0,1.6,0.8,4.0,17.0,17.0,10.0,7.0,1.7,1.0,0.6666666666666666,0.6,0.4,216,3.0,0.4,1.8,1.0,1.0,3.0,3.0,2.0,1.0,1.0,0.6666666666666666,3.0,9.0,7.0,2.0,5.0,1.4,0.4,5.0,16.0,16.0,6.0,10.0,1.6,0.6,0.3333333333333333,0.6,0.4,200,3.0,0.2,1.0,1.0,D,2.0
2023-12-14,2023-24,Apertura - Liguilla,Final,True,Tigres UANL,América,1.0,1.0,0.0,0.0,footballcsv,1801,1617.0089755178708,1692.5476691374865,-75.53869361961574,0,1,4,1.0,7.0,5,1,1,8,7.0,19.0,10,2.0,7.0,5.0,1.0,4.0,1.6666666666666667,0.3333333333333333,2.0,9.0,7.0,3.0,4.0,1.4,0.6,4.0,17.0,16.0,9.0,7.0,1.6,0.9,0.6666666666666666,0.6,0.4,217,4.0,0.4,1.6,0.8,2.0,6.0,7.0,2.0,5.0,2.3333333333333335,0.6666666666666666,2.0,8.0,9.0,4.0,5.0,1.8,0.8,7.0,23.0,22.0,8.0,14.0,2.2,0.8,0.6666666666666666,0.6,0.6,218,5.0,0.6,2.2,0.4,D,2.0
2023-12-17,2023-24,Apertura - Liguilla,Final,True,América,Tigres UANL,0.0,0.0,0.0,0.0,footballcsv,1802,1692.6760688001807,1616.8805758551766,75.79549294500407,3,2,0,7.0,2.0,5,8,2,0,19.0,6.0,10,1.0,4.0,6.0,3.0,3.0,2.0,1.0,2.0,8.0,10.0,5.0,5.0,2.0,1.0,6.0,21.0,21.0,8.0,13.0,2.1,0.8,0.3333333333333333,0.4,0.6,219,3.0,0.8,2.6,1.0,1.0,5.0,3.0,2.0,1.0,1.0,0.6666666666666666,2.0,9.0,8.0,4.0,4.0,1.6,0.8,4.0,17.0,16.0,9.0,7.0,1.6,0.9,0.3333333333333333,0.4,0.4,218,3.0,0.4,1.6,1.0,D,0.0
2024-01-12,2023-24,Clausura,1,False,Mazatlán FC,Atlético San Luis,0.0,1.0,0.0,0.0,footballcsv,1804,1435.4255412473785,1510.5774123608373,-75.15187111345881,0,2,3,6.0,9.0,5,1,2,4,11.0,12.0,7,1.0,3.0,2.0,6.0,-4.0,0.6666666666666666,2.0,3.0,9.0,8.0,7.0,1.0,1.6,1.4,5.0,15.0,19.0,17.0,2.0,1.9,1.7,0.3333333333333333,0.4,0.2,121,50.0,0.6,2.0,1.2,1.0,4.0,3.0,6.0,-3.0,1.0,2.0,3.0,10.0,7.0,8.0,-1.0,1.4,1.6,3.0,11.0,12.0,19.0,-7.0,1.2,1.9,0.3333333333333333,0.4,0.2,159,34.0,0.2,1.6,1.8,A,1.0
2024-01-12,2023-24,Clausura,1,False,Querétaro,Toluca,2.0,2.0,1.0,0.0,footballcsv,1803,1438.9595366465128,1542.2228847448998,-103.26334809838704,1,2,2,5.0,9.0,5,3,4,3,13.0,14.0,10,1.0,4.0,4.0,2.0,2.0,1.3333333333333333,0.6666666666666666,2.0,7.0,5.0,5.0,0.0,1.0,1.0,3.0,11.0,11.0,16.0,-5.0,1.1,1.6,0.6666666666666666,0.6,0.3,185,62.0,0.2,0.8,1.0,0.0,0.0,1.0,5.0,-4.0,0.3333333333333333,1.6666666666666667,1.0,3.0,4.0,7.0,-3.0,0.8,1.4,2.0,9.0,12.0,14.0,-2.0,1.2,1.4,0.0,0.0,0.0,197,63.0,0.0,0.8,1.8,D,4.0
2024-01-13,2023-24,Clausura,1,False,Guadalajara,Santos Laguna,1.0,1.0,0.0,0.0,footballcsv,1805,1557.2249697047955,1493.3487328301217,63.87623687467385,2,2,1,5.0,3.0,5,2,3,5,7.0,12.0,10,1.0,3.0,1.0,4.0,-3.0,0.3333333333333333,1.3333333333333333,3.0,9.0,4.0,5.0,-1.0,0.8,1.0,5.0,16.0,12.0,14.0,-2.0,1.2,1.4,0.3333333333333333,0.4,0.3,200,41.0,0.6,1.4,1.6,2.0,6.0,6.0,4.0,2.0,2.0,1.3333333333333333,3.0,9.0,9.0,8.0,1.0,1.8,1.6,5.0,15.0,20.0,19.0,1.0,2.0,1.9,0.3333333333333333,0.2,0.1,203,48.0,0.2,1.6,2.6,D,2.0
2024-01-13,2023-24,Clausura,1,False,Monterrey,Puebla,2.0,0.0,0.0,0.0,footballcsv,1806,1625.9495659114382,1495.102408602185,130.84715730925313,2,2,1,5.0,4.0,5,4,5,1,13.0,9.0,10,0.0,2.0,1.0,2.0,-1.0,0.3333333333333333,0.6666666666666666,2.0,8.0,6.0,2.0,4.0,1.2,0.4,6.0,20.0,16.0,7.0,9.0,1.6,0.7,0.3333333333333333,0.6,0.5,212,42.0,0.6,2.0,1.0,1.0,4.0,4.0,6.0,-2.0,1.3333333333333333,2.0,3.0,10.0,10.0,10.0,0.0,2.0,2.0,5.0,18.0,17.0,17.0,0.0,1.7,1.7,0.0,0.2,0.1,200,41.0,0.6,1.2,1.2,H,2.0
2024-01-13,2023-24,Clausura,1,False,Tijuana,América,0.0,2.0,0.0,0.0,footballcsv,1807,1435.2933952857134,1688.4701122687868,-253.17671698307345,1,0,4,4.0,10.0,5,2,1,7,8.0,21.0,10,1.0,3.0,4.0,6.0,-2.0,1.3333333333333333,2.0,2.0,6.0,7.0,9.0,-2.0,1.4,1.8,4.0,12.0,15.0,15.0,0.0,1.5,1.5,0.3333333333333333,0.4,0.2,183,64.0,0.8,2.6,1.0,0.0,2.0,1.0,3.0,-2.0,0.3333333333333333,1.0,2.0,8.0,8.0,3.0,5.0,1.6,0.6,5.0,19.0,17.0,5.0,12.0,1.7,0.5,0.3333333333333333,0.6,0.7,220,27.0,0.4,1.8,0.6,A,2.0
2024-01-13,2023-24,Clausura,1,False,Cruz Azul,Pachuca,0.0,1.0,0.0,0.0,footballcsv,1808,1483.4729735707674,1569.1107634870289,-85.63778991626145,1,1,3,4.0,5.0,5,5,2,3,10.0,6.0,10,1.0,3.0,3.0,3.0,0.0,1.0,1.0,2.0,6.0,5.0,5.0,0.0,1.0,1.0,4.0,13.0,14.0,16.0,-2.0,1.4,1.6,0.3333333333333333,0.4,0.2,207,62.0,0.4,1.2,1.8,2.0,6.0,5.0,4.0,1.0,1.6666666666666667,1.3333333333333333,3.0,10.0,7.0,5.0,2.0,1.4,1.0,4.0,16.0,12.0,13.0,-1.0,1.2,1.3,0.3333333333333333,0.4,0.3,204,64.0,0.6,1.2,1.2,A,1.0
2024-01-14,2023-24,Clausura,1,False,Pumas UNAM,FC Juárez,1.0,0.0,0.0,0.0,footballcsv,1809,1519.426054587105,1397.3907009159,122.03535367120503,3,0,2,6.0,8.0,5,3,4,2,13.0,15.0,9,1.0,4.0,4.0,2.0,2.0,1.3333333333333333,0.6666666666666666,2.0,7.0,5.0,3.0,2.0,1.0,0.6,4.0,14.0,13.0,7.0,6.0,1.3,0.7,0.3333333333333333,0.4,0.3,201,35.0,0.6,1.4,0.4,0.0,0.0,1.0,7.0,-6.0,0.3333333333333333,2.3333333333333335,1.0,3.0,5.0,14.0,-9.0,1.0,2.8,1.0,4.0,9.0,26.0,-17.0,0.9,2.6,0.0,0.0,0.0,148,63.0,0.0,0.8,3.4,H,1.0
2024-01-14,2023-24,Clausura,1,False,Necaxa,Atlas,2.0,1.0,0.0,1.0,footballcsv,1810,1431.713989075894,1482.578790939447,-50.864801863552884,0,1,4,2.0,9.0,5,3,2,5,10.0,17.0,10,1.0,4.0,4.0,3.0,1.0,1.3333333333333333,1.0,2.0,7.0,5.0,7.0,-2.0,1.0,1.4,3.0,12.0,14.0,16.0,-2.0,1.4,1.6,0.6666666666666666,0.6,0.3,190,65.0,0.4,1.6,1.2,0.0,1.0,0.0,5.0,-5.0,0.0,1.6666666666666667,0.0,2.0,1.0,8.0,-7.0,0.2,1.6,2.0,8.0,9.0,19.0,-10.0,0.9,1.9,0.3333333333333333,0.2,0.2,197,65.0,0.2,0.8,2.2,H,3.0
2024-01-17,2023-24,Clausura,1,False,León,Tigres UANL,1.0,2.0,0.0,0.0,footballcsv,1811,1529.4978512210641,1621.0865323865705,-91.58868116550639,3,0,2,6.0,5.0,5,3,3,4,11.0,13.0,10,1.0,4.0,5.0,6.0,-1.0,1.6666666666666667,2.0,2.0,7.0,9.0,10.0,-1.0,1.8,2.0,3.0,12.0,16.0,18.0,-2.0,1.6,1.8,0.0,0.0,0.1,208,46.0,0.4,1.8,1.4,0.0,3.0,2.0,2.0,0.0,0.6666666666666666,0.6666666666666666,2.0,9.0,6.0,2.0,4.0,1.2,0.4,3.0,15.0,14.0,8.0,6.0,1.4,0.8,0.3333333333333333,0.6,0.5,219,31.0,0.4,1.4,0.8,A,3.0
2024-01-19,2023-24,Clausura,2,False,Atlético San Luis,Pumas UNAM,3.0,1.0,1.0,0.0,footballcsv,1814,1517.6055999006462,1522.449459956748,-4.843860056101676,3,0,2,11.0,9.0,5,3,0,6,11.0,19.0,9,2.0,6.0,3.0,5.0,-2.0,1.0,1.6666666666666667,3.0,10.0,5.0,6.0,-1.0,1.0,1.2,4.0,14.0,11.0,16.0,-5.0,1.1,1.6,0.6666666666666666,0.6,0.3,160,7.0,0.4,0.8,2.0,1.0,4.0,2.0,2.0,0.0,0.6666666666666666,0.6666666666666666,2.0,7.0,5.0,3.0,2.0,1.0,0.6,4.0,14.0,10.0,6.0,4.0,1.0,0.6,0.3333333333333333,0.4,0.4,202,5.0,0.2,1.2,1.0,H,4.0
2024-01-19,2023-24,Clausura,2,False,FC Juárez,Cruz Azul,0.0,0.0,0.0,0.0,footballcsv,1812,1394.367295546257,1476.671397876909,-82.30410233065186,1,1,3,4.0,7.0,5,1,1,6,6.0,13.0,8,0.0,0.0,1.0,6.0,-5.0,0.3333333333333333,2.0,0.0,0.0,2.0,13.0,-11.0,0.4,2.6,1.0,3.0,8.0,26.0,-18.0,0.8,2.6,0.0,0.0,0.0,149,5.0,0.4,1.4,1.8,0.0,0.0,1.0,4.0,-3.0,0.3333333333333333,1.3333333333333333,2.0,6.0,4.0,4.0,0.0,0.8,0.8,4.0,12.0,12.0,15.0,-3.0,1.2,1.5,0.0,0.4,0.2,208,6.0,0.4,1.6,1.4,D,0.0
2024-01-19,2023-24,Clausura,2,False,Puebla,Necaxa,1.0,2.0,0.0,0.0,footballcsv,1813,1490.5099970121655,1437.982545102593,52.52745190957262,2,2,1,6.0,5.0,5,5,2,3,12.0,11.0,10,0.0,1.0,2.0,7.0,-5.0,0.6666666666666666,2.3333333333333335,2.0,7.0,9.0,12.0,-3.0,1.8,2.4,4.0,15.0,14.0,17.0,-3.0,1.4,1.7,0.0,0.0,0.1,201,6.0,0.2,1.6,2.2,2.0,7.0,6.0,1.0,5.0,2.0,0.3333333333333333,3.0,10.0,7.0,4.0,3.0,1.4,0.8,4.0,14.0,15.0,16.0,-1.0,1.5,1.6,0.6666666666666666,0.6,0.3,191,5.0,0.2,1.2,2.0,A,3.0
2024-01-20,2023-24,Clausura,2,False,Atlas,Tijuana,0.0,0.0,0.0,0.0,footballcsv,1815,1476.310234912748,1429.802878459117,46.50735645363102,0,1,4,2.0,9.0,5,2,2,6,9.0,18.0,10,0.0,1.0,1.0,5.0,-4.0,0.3333333333333333,1.6666666666666667,0.0,1.0,1.0,9.0,-8.0,0.2,1.8,1.0,5.0,8.0,21.0,-13.0,0.8,2.1,0.3333333333333333,0.2,0.1,198,6.0,0.2,1.0,1.6,0.0,0.0,2.0,8.0,-6.0,0.6666666666666666,2.6666666666666665,2.0,6.0,6.0,8.0,-2.0,1.2,1.6,4.0,12.0,15.0,16.0,-1.0,1.5,1.6,0.0,0.4,0.2,184,7.0,0.0,0.4,2.0,D,0.0
2024-01-20,2023-24,Clausura,2,False,Toluca,Mazatlán FC,4.0,1.0,1.0,1.0,footballcsv,1816,1541.5543105995769,1428.3973537075697,113.1569568920072,2,2,1,9.0,6.0,5,3,2,2,14.0,9.0,7,0.0,1.0,3.0,6.0,-3.0,1.0,2.0,1.0,4.0,6.0,8.0,-2.0,1.2,1.6,2.0,10.0,13.0,14.0,-1.0,1.3,1.4,0.0,0.0,0.0,198,8.0,0.4,1.6,1.0,1.0,3.0,2.0,3.0,-1.0,0.6666666666666666,1.0,2.0,6.0,5.0,8.0,-3.0,1.0,1.6,5.0,15.0,17.0,15.0,2.0,1.7,1.5,0.3333333333333333,0.2,0.2,122,8.0,0.4,1.8,2.2,H,5.0
2024-01-20,2023-24,Clausura,2,False,América,Querétaro,2.0,0.0,0.0,0.0,footballcsv,1817,1693.9606290953832,1439.6281107918358,254.33251830354743,2,3,0,4.0,2.0,5,5,4,1,13.0,10.0,10,1.0,5.0,3.0,1.0,2.0,1.0,0.3333333333333333,2.0,8.0,8.0,3.0,5.0,1.6,0.6,5.0,19.0,16.0,5.0,11.0,1.6,0.5,0.6666666666666666,0.6,0.7,221,7.0,0.6,1.8,1.0,1.0,5.0,5.0,2.0,3.0,1.6666666666666667,0.6666666666666666,1.0,5.0,6.0,7.0,-1.0,1.2,1.4,3.0,12.0,12.0,16.0,-4.0,1.2,1.6,0.6666666666666666,0.4,0.3,186,8.0,0.4,1.4,2.2,H,2.0
2024-01-21,2023-24,Clausura,2,False,Tigres UANL,Guadalajara,1.0,0.0,0.0,0.0,footballcsv,1819,1627.7517815572198,1553.3054088066754,74.44637275054447,2,2,1,11.0,5.0,5,5,3,2,20.0,10.0,10,1.0,5.0,3.0,2.0,1.0,1.0,0.6666666666666666,2.0,9.0,5.0,3.0,2.0,1.0,0.6,3.0,15.0,12.0,9.0,3.0,1.2,0.9,0.3333333333333333,0.4,0.4,220,4.0,0.2,1.4,0.8,1.0,4.0,2.0,4.0,-2.0,0.6666666666666666,1.3333333333333333,2.0,7.0,3.0,5.0,-2.0,0.6,1.0,5.0,17.0,12.0,12.0,0.0,1.2,1.2,0.3333333333333333,0.4,0.3,201,8.0,0.4,1.0,1.2,H,1.0
2024-01-21,2023-24,Clausura,2,False,Santos Laguna,Monterrey,0.0,2.0,0.0,1.0,footballcsv,1818,1497.2682937282418,1630.5419775014577,-133.2736837732159,2,1,2,6.0,9.0,5,4,2,4,11.0,14.0,10,1.0,4.0,5.0,5.0,0.0,1.6666666666666667,1.6666666666666667,2.0,7.0,7.0,8.0,-1.0,1.4,1.6,4.0,13.0,19.0,19.0,0.0,1.9,1.9,0.0,0.2,0.1,204,8.0,0.8,2.4,1.2,1.0,4.0,3.0,2.0,1.0,1.0,0.6666666666666666,2.0,8.0,6.0,2.0,4.0,1.2,0.4,6.0,20.0,15.0,6.0,9.0,1.5,0.6,0.3333333333333333,0.6,0.6,213,8.0,0.4,0.8,0.4,A,2.0
2024-01-24,2023-24,Clausura,4,False,FC Juárez,América,0.0,2.0,0.0,1.0,footballcsv,1822,1394.4336119700529,1696.389704944425,-301.95609297437204,1,0,4,4.0,9.0,5,2,2,5,9.0,14.0,9,0.0,1.0,1.0,3.0,-2.0,0.3333333333333333,1.0,0.0,1.0,1.0,8.0,-7.0,0.2,1.6,1.0,4.0,7.0,24.0,-17.0,0.7,2.4,0.3333333333333333,0.2,0.1,150,5.0,0.2,0.8,1.6,2.0,7.0,4.0,0.0,4.0,1.3333333333333333,0.0,2.0,8.0,5.0,3.0,2.0,1.0,0.6,5.0,19.0,17.0,5.0,12.0,1.7,0.5,1.0,0.6,0.7,222,4.0,0.4,2.0,0.6,A,2.0
2024-01-24,2023-24,Clausura,4,False,Monterrey,Querétaro,1.0,1.0,1.0,0.0,footballcsv,1820,1639.636408850125,1437.199034942794,202.437373907331,2,2,1,5.0,1.0,5,5,2,3,13.0,8.0,10,2.0,7.0,5.0,1.0,4.0,1.6666666666666667,0.3333333333333333,2.0,8.0,5.0,2.0,3.0,1.0,0.4,6.0,20.0,16.0,6.0,10.0,1.6,0.6,0.6666666666666666,0.6,0.6,214,3.0,0.6,1.8,0.8,0.0,2.0,2.0,4.0,-2.0,0.6666666666666666,1.3333333333333333,1.0,5.0,6.0,6.0,0.0,1.2,1.2,2.0,9.0,9.0,17.0,-8.0,0.9,1.7,0.3333333333333333,0.4,0.3,187,4.0,0.2,0.8,2.4,D,2.0
2024-01-24,2023-24,Clausura,4,False,Atlético San Luis,Tigres UANL,1.0,2.0,1.0,0.0,footballcsv,1821,1525.966019259858,1631.525192311939,-105.55917305208095,0,2,3,3.0,10.0,5,0,5,4,6.0,16.0,9,3.0,9.0,6.0,1.0,5.0,2.0,0.3333333333333333,3.0,10.0,7.0,7.0,0.0,1.4,1.4,5.0,17.0,13.0,14.0,-1.0,1.3,1.4,0.6666666666666666,0.4,0.3,161,5.0,0.6,1.4,2.0,2.0,7.0,3.0,1.0,2.0,1.0,0.3333333333333333,2.0,9.0,5.0,3.0,2.0,1.0,0.6,4.0,18.0,13.0,7.0,6.0,1.3,0.7,0.6666666666666666,0.4,0.5,221,3.0,0.4,1.0,1.0,A,3.0
2024-01-26,2023-24,Clausura,3,False,Puebla,Toluca,1.0,1.0,1.0,1.0,footballcsv,1823,1481.055736866627,1547.8630332054959,-66.80729633886881,2,1,2,5.0,5.0,5,4,3,3,16.0,13.0,10,0.0,0.0,1.0,7.0,-6.0,0.3333333333333333,2.3333333333333335,1.0,4.0,5.0,10.0,-5.0,1.0,2.0,4.0,14.0,14.0,18.0,-4.0,1.4,1.8,0.0,0.0,0.1,202,7.0,0.2,1.8,2.2,1.0,4.0,6.0,4.0,2.0,2.0,1.3333333333333333,1.0,4.0,7.0,8.0,-1.0,1.4,1.6,3.0,12.0,16.0,14.0,2.0,1.6,1.4,0.0,0.0,0.0,199,6.0,0.0,1.0,1.8,D,2.0
2024-01-26,2023-24,Clausura,3,False,Tijuana,Guadalajara,1.0,1.0,1.0,0.0,footballcsv,1824,1433.2912346653845,1549.5319980519562,-116.24076338657164,0,1,4,3.0,7.0,5,1,2,7,4.0,12.0,10,0.0,1.0,2.0,5.0,-3.0,0.6666666666666666,1.6666666666666667,1.0,4.0,4.0,8.0,-4.0,0.8,1.6,3.0,10.0,10.0,15.0,-5.0,1.0,1.5,0.3333333333333333,0.4,0.3,185,6.0,0.6,1.6,1.2,0.0,1.0,1.0,5.0,-4.0,0.3333333333333333,1.6666666666666667,1.0,4.0,2.0,6.0,-4.0,0.4,1.2,5.0,16.0,11.0,12.0,-1.0,1.1,1.2,0.0,0.2,0.3,202,5.0,0.4,0.8,1.2,D,2.0
2024-01-27,2023-24,Clausura,3,False,León,Santos Laguna,3.0,2.0,0.0,1.0,footballcsv,1825,1522.8326020504148,1488.1738623795745,34.658739670840305,3,1,1,11.0,6.0,5,5,3,2,20.0,14.0,10,0.0,1.0,3.0,6.0,-3.0,1.0,2.0,1.0,4.0,8.0,11.0,-3.0,1.6,2.2,2.0,9.0,16.0,20.0,-4.0,1.6,2.0,0.0,0.0,0.0,209,10.0,0.4,1.8,1.6,0.0,1.0,3.0,6.0,-3.0,1.0,2.0,2.0,7.0,7.0,7.0,0.0,1.4,1.4,4.0,13.0,19.0,19.0,0.0,1.9,1.9,0.0,0.2,0.1,205,6.0,0.2,1.2,2.0,H,5.0
2024-01-27,2023-24,Clausura,3,False,Necaxa,América,0.0,0.0,0.0,0.0,footballcsv,1826,1447.4368052481313,1700.7395911345732,-253.30278588644182,0,0,5,5.0,10.0,5,2,2,6,15.0,16.0,10,2.0,7.0,4.0,2.0,2.0,1.3333333333333333,0.6666666666666666,3.0,10.0,8.0,5.0,3.0,1.6,1.0,4.0,14.0,12.0,15.0,-3.0,1.2,1.5,0.3333333333333333,0.4,0.3,192,8.0,0.6,1.8,1.2,3.0,9.0,6.0,0.0,6.0,2.0,0.0,3.0,11.0,7.0,1.0,6.0,1.4,0.2,5.0,19.0,16.0,5.0,11.0,1.6,0.5,1.0,0.8,0.7,223,3.0,0.6,2.4,0.6,D,0.0
2024-01-27,2023-24,Clausura,3,False,Monterrey,Atlético San Luis,3.0,1.0,2.0,1.0,footballcsv,1827,1632.9244289887338,1519.6173029391139,113.30712604961991,2,2,1,6.0,4.0,5,4,4,2,13.0,10.0,10,2.0,7.0,5.0,1.0,4.0,1.6666666666666667,0.3333333333333333,2.0,8.0,6.0,3.0,3.0,1.2,0.6,5.0,18.0,14.0,6.0,8.0,1.4,0.6,0.6666666666666666,0.4,0.6,215,3.0,0.6,2.0,0.4,2.0,6.0,5.0,3.0,2.0,1.6666666666666667,1.0,3.0,9.0,7.0,8.0,-1.0,1.4,1.6,5.0,17.0,14.0,15.0,-1.0,1.4,1.5,0.3333333333333333,0.4,0.3,162,3.0,0.4,1.4,1.2,H,4.0
2024-01-27,2023-24,Clausura,3,False,Cruz Azul,Mazatlán FC,2.0,1.0,2.0,1.0,footballcsv,1828,1476.6050814531131,1422.0886311016507,54.51645035146248,1,2,2,6.0,8.0,5,3,2,2,10.0,10.0,7,0.0,1.0,1.0,3.0,-2.0,0.3333333333333333,1.0,1.0,4.0,3.0,4.0,-1.0,0.6,0.8,4.0,13.0,11.0,12.0,-1.0,1.1,1.2,0.3333333333333333,0.4,0.3,209,8.0,0.4,1.0,1.4,0.0,0.0,2.0,7.0,-5.0,0.6666666666666666,2.3333333333333335,1.0,3.0,3.0,11.0,-8.0,0.6,2.2,4.0,12.0,15.0,18.0,-3.0,1.5,1.8,0.0,0.2,0.2,123,7.0,0.4,1.6,2.4,H,3.0
2024-01-28,2023-24,Clausura,3,False,Pumas UNAM,Pachuca,3.0,1.0,2.0,1.0,footballcsv,1829,1514.089040597536,1575.9123391808873,-61.82329858335129,1,3,1,4.0,4.0,5,3,6,1,10.0,8.0,10,1.0,4.0,3.0,4.0,-1.0,1.0,1.3333333333333333,2.0,7.0,6.0,5.0,1.0,1.2,1.0,4.0,14.0,11.0,8.0,3.0,1.1,0.8,0.3333333333333333,0.4,0.4,203,9.0,0.8,1.6,0.2,2.0,6.0,4.0,4.0,0.0,1.3333333333333333,1.3333333333333333,3.0,10.0,7.0,5.0,2.0,1.4,1.0,4.0,16.0,10.0,11.0,-1.0,1.0,1.1,0.3333333333333333,0.4,0.4,205,15.0,0.8,1.4,1.2,H,4.0
2024-01-28,2023-24,Clausura,3,False,Querétaro,Tigres UANL,1.0,1.0,1.0,0.0,footballcsv,1830,1443.9110148041852,1637.8739086326832,-193.96289382849795,0,1,4,1.0,11.0,5,0,2,8,2.0,21.0,10,0.0,2.0,3.0,5.0,-2.0,1.0,1.6666666666666667,1.0,6.0,6.0,5.0,1.0,1.2,1.0,2.0,9.0,9.0,17.0,-8.0,0.9,1.7,0.0,0.4,0.3,188,4.0,0.2,1.0,1.0,3.0,9.0,5.0,2.0,3.0,1.6666666666666667,0.6666666666666666,3.0,11.0,6.0,3.0,3.0,1.2,0.6,5.0,20.0,13.0,6.0,7.0,1.3,0.6,0.3333333333333333,0.4,0.5,222,4.0,0.6,1.4,0.8,D,2.0
2024-01-28,2023-24,Clausura,3,False,Atlas,FC Juárez,2.0,1.0,2.0,0.0,footballcsv,1831,1472.8218787064804,1390.0837257799046,82.73815292657582,3,1,1,7.0,4.0,5,6,1,1,11.0,4.0,8,0.0,2.0,1.0,2.0,-1.0,0.3333333333333333,0.6666666666666666,0.0,2.0,1.0,7.0,-6.0,0.2,1.4,0.0,3.0,6.0,20.0,-14.0,0.6,2.0,0.6666666666666666,0.4,0.2,199,8.0,0.0,0.6,1.6,0.0,1.0,0.0,3.0,-3.0,0.0,1.0,0.0,1.0,1.0,8.0,-7.0,0.2,1.6,1.0,4.0,6.0,21.0,-15.0,0.6,2.1,0.3333333333333333,0.2,0.1,151,4.0,0.0,0.6,2.6,H,3.0
2024-01-30,2023-24,Clausura,4,False,Mazatlán FC,León,2.0,2.0,2.0,1.0,footballcsv,1835,1417.9663524140533,1527.3221804144823,-109.35582800042903,1,0,4,6.0,9.0,5,2,0,5,11.0,14.0,7,0.0,0.0,2.0,7.0,-5.0,0.6666666666666666,2.3333333333333335,1.0,3.0,4.0,9.0,-5.0,0.8,1.8,4.0,12.0,14.0,17.0,-3.0,1.4,1.7,0.0,0.2,0.2,124,3.0,0.6,1.6,0.8,1.0,3.0,4.0,6.0,-2.0,1.3333333333333333,2.0,2.0,7.0,9.0,10.0,-1.0,1.8,2.0,3.0,11.0,18.0,21.0,-3.0,1.8,2.1,0.0,0.0,0.0,210,3.0,0.2,1.6,2.2,D,4.0
2024-01-30,2023-24,Clausura,4,False,Santos Laguna,Puebla,3.0,0.0,0.0,0.0,footballcsv,1832,1483.684284015507,1480.676202724253,3.0080812912540296,2,2,1,9.0,8.0,5,4,4,2,16.0,11.0,10,0.0,1.0,3.0,6.0,-3.0,1.0,2.0,1.0,4.0,7.0,10.0,-3.0,1.4,2.0,4.0,13.0,18.0,18.0,0.0,1.8,1.8,0.0,0.0,0.1,206,3.0,0.6,2.0,1.4,0.0,1.0,2.0,5.0,-3.0,0.6666666666666666,1.6666666666666667,0.0,2.0,4.0,10.0,-6.0,0.8,2.0,3.0,12.0,13.0,18.0,-5.0,1.3,1.8,0.0,0.0,0.1,203,4.0,0.4,0.8,1.4,H,3.0
2024-01-30,2023-24,Clausura,4,False,Guadalajara,Toluca,3.0,2.0,2.0,2.0,footballcsv,1833,1548.4926717406408,1548.2425673478697,0.2501043927711635,1,3,1,5.0,4.0,5,3,5,2,12.0,9.0,10,0.0,2.0,2.0,3.0,-1.0,0.6666666666666666,1.0,1.0,5.0,3.0,6.0,-3.0,0.6,1.2,4.0,14.0,8.0,12.0,-4.0,0.8,1.2,0.0,0.2,0.3,203,4.0,0.6,1.4,1.2,1.0,5.0,7.0,4.0,3.0,2.3333333333333335,1.3333333333333333,1.0,5.0,8.0,8.0,0.0,1.6,1.6,3.0,12.0,16.0,14.0,2.0,1.6,1.4,0.0,0.0,0.0,200,4.0,0.0,0.8,1.6,H,5.0
2024-01-30,2023-24,Clausura,4,False,Cruz Azul,Tijuana,1.0,0.0,0.0,0.0,footballcsv,1834,1480.7273601407105,1434.3305609766999,46.396799164010645,2,1,2,6.0,5.0,5,5,2,3,16.0,12.0,10,1.0,4.0,2.0,2.0,0.0,0.6666666666666666,0.6666666666666666,1.0,4.0,3.0,5.0,-2.0,0.6,1.0,4.0,13.0,11.0,12.0,-1.0,1.1,1.2,0.3333333333333333,0.2,0.3,210,3.0,0.6,1.2,0.8,0.0,2.0,1.0,3.0,-2.0,0.3333333333333333,1.0,0.0,2.0,3.0,9.0,-6.0,0.6,1.8,3.0,11.0,10.0,14.0,-4.0,1.0,1.4,0.3333333333333333,0.2,0.3,186,4.0,0.0,0.4,1.8,H,1.0
2024-01-31,2023-24,Clausura,4,False,Pachuca,Atlas,4.0,3.0,3.0,2.0,footballcsv,1837,1565.5857702836142,1476.4561298772962,89.129640406318,3,0,2,8.0,8.0,5,6,0,4,12.0,10.0,10,2.0,6.0,5.0,5.0,0.0,1.6666666666666667,1.6666666666666667,3.0,9.0,7.0,7.0,0.0,1.4,1.4,4.0,15.0,11.0,14.0,-3.0,1.1,1.4,0.3333333333333333,0.4,0.3,206,3.0,0.2,1.2,1.4,1.0,4.0,3.0,3.0,0.0,1.0,1.0,1.0,5.0,3.0,6.0,-3.0,0.6,1.2,1.0,6.0,6.0,18.0,-12.0,0.6,1.8,0.3333333333333333,0.4,0.2,200,3.0,0.0,0.6,2.4,H,7.0
2024-01-31,2023-24,Clausura,4,False,Pumas UNAM,Necaxa,2.0,2.0,1.0,0.0,footballcsv,1836,1524.4156094948091,1452.0485776303908,72.36703186441832,1,0,4,3.0,10.0,5,4,1,5,13.0,16.0,10,2.0,6.0,5.0,4.0,1.0,1.6666666666666667,1.3333333333333333,2.0,7.0,6.0,6.0,0.0,1.2,1.2,5.0,17.0,14.0,8.0,6.0,1.4,0.8,0.3333333333333333,0.2,0.4,204,3.0,0.8,1.6,0.4,2.0,7.0,4.0,2.0,2.0,1.3333333333333333,0.6666666666666666,3.0,11.0,8.0,2.0,6.0,1.6,0.4,4.0,14.0,11.0,14.0,-3.0,1.1,1.4,0.3333333333333333,0.6,0.4,193,4.0,0.2,0.6,1.8,D,4.0
2024-02-02,2023-24,Clausura,5,False,Querétaro,Cruz Azul,1.0,3.0,1.0,3.0,footballcsv,1838,1447.078344395221,1484.9974928333095,-37.91914843808854,1,1,3,6.0,8.0,5,3,2,5,12.0,16.0,10,0.0,2.0,2.0,4.0,-2.0,0.6666666666666666,1.3333333333333333,0.0,4.0,4.0,6.0,-2.0,0.8,1.2,2.0,10.0,10.0,14.0,-4.0,1.0,1.4,0.0,0.2,0.3,189,5.0,0.2,1.0,1.0,2.0,7.0,3.0,1.0,2.0,1.0,0.3333333333333333,2.0,7.0,4.0,4.0,0.0,0.8,0.8,4.0,13.0,9.0,11.0,-2.0,0.9,1.1,0.6666666666666666,0.4,0.4,211,3.0,0.4,1.2,1.0,A,4.0
2024-02-02,2023-24,Clausura,5,False,Puebla,Mazatlán FC,3.0,2.0,1.0,1.0,footballcsv,1839,1470.4495915383668,1418.8092761275195,51.64031541084728,2,1,2,10.0,8.0,5,5,1,2,19.0,10.0,8,0.0,1.0,2.0,6.0,-4.0,0.6666666666666666,2.0,0.0,1.0,2.0,11.0,-9.0,0.4,2.2,3.0,12.0,13.0,19.0,-6.0,1.3,1.9,0.0,0.0,0.1,204,3.0,0.2,1.8,2.2,0.0,1.0,4.0,8.0,-4.0,1.3333333333333333,2.6666666666666665,0.0,1.0,5.0,11.0,-6.0,1.0,2.2,4.0,13.0,15.0,17.0,-2.0,1.5,1.7,0.0,0.0,0.2,125,3.0,0.2,1.2,2.6,H,5.0
2024-02-03,2023-24,Clausura,5,False,Toluca,León,4.0,1.0,3.0,0.0,footballcsv,1840,1543.0728169754304,1526.479256701016,16.593560274414358,1,3,1,5.0,5.0,5,1,5,4,10.0,18.0,10,1.0,4.0,7.0,5.0,2.0,2.3333333333333335,1.6666666666666667,1.0,5.0,9.0,8.0,1.0,1.8,1.6,3.0,11.0,16.0,15.0,1.0,1.6,1.5,0.0,0.0,0.0,201,4.0,0.6,2.2,1.0,1.0,4.0,6.0,6.0,0.0,2.0,2.0,1.0,5.0,8.0,10.0,-2.0,1.6,2.0,3.0,12.0,20.0,22.0,-2.0,2.0,2.2,0.0,0.0,0.0,211,4.0,0.0,1.6,2.6,H,5.0
2024-02-03,2023-24,Clausura,5,False,FC Juárez,Necaxa,2.0,2.0,1.0,1.0,footballcsv,1841,1386.4494746090888,1456.1729756585967,-69.72350104950783,1,2,2,4.0,5.0,5,3,3,3,7.0,7.0,9,0.0,1.0,1.0,4.0,-3.0,0.3333333333333333,1.3333333333333333,0.0,1.0,2.0,7.0,-5.0,0.4,1.4,1.0,4.0,6.0,20.0,-14.0,0.6,2.0,0.3333333333333333,0.2,0.1,152,6.0,0.2,0.6,1.6,1.0,5.0,4.0,3.0,1.0,1.3333333333333333,1.0,2.0,9.0,6.0,4.0,2.0,1.2,0.8,4.0,15.0,12.0,13.0,-1.0,1.2,1.3,0.3333333333333333,0.4,0.4,194,3.0,0.2,0.8,2.0,D,4.0
2024-02-03,2023-24,Clausura,5,False,Tigres UANL,Pumas UNAM,2.0,2.0,1.0,0.0,footballcsv,1842,1634.7065790416475,1520.2912114666033,114.41536757504423,2,2,1,8.0,6.0,5,4,5,1,14.0,8.0,10,2.0,7.0,4.0,2.0,2.0,1.3333333333333333,0.6666666666666666,3.0,11.0,6.0,3.0,3.0,1.2,0.6,5.0,20.0,14.0,7.0,7.0,1.4,0.7,0.3333333333333333,0.4,0.4,223,6.0,0.4,1.2,0.4,1.0,4.0,6.0,6.0,0.0,2.0,2.0,2.0,8.0,8.0,7.0,1.0,1.6,1.4,5.0,17.0,15.0,9.0,6.0,1.5,0.9,0.0,0.2,0.4,205,3.0,0.0,0.6,1.4,D,4.0
2024-02-03,2023-24,Clausura,5,False,Pachuca,Tijuana,3.0,2.0,2.0,1.0,footballcsv,1843,1569.1151844518538,1430.060428284101,139.05475616775288,2,1,2,11.0,8.0,5,6,1,3,25.0,13.0,10,2.0,6.0,6.0,6.0,0.0,2.0,2.0,3.0,9.0,9.0,10.0,-1.0,1.8,2.0,5.0,17.0,14.0,16.0,-2.0,1.4,1.6,0.3333333333333333,0.2,0.3,207,3.0,0.2,1.4,1.6,0.0,2.0,1.0,2.0,-1.0,0.3333333333333333,0.6666666666666666,0.0,2.0,3.0,7.0,-4.0,0.6,1.4,2.0,8.0,8.0,14.0,-6.0,0.8,1.4,0.3333333333333333,0.2,0.3,187,4.0,0.0,0.2,1.6,H,5.0
2024-02-03,2023-24,Clausura,5,False,América,Monterrey,1.0,1.0,1.0,1.0,footballcsv,1844,1696.1278187523137,1637.9204084838946,58.20741026841915,2,1,2,8.0,6.0,5,4,1,5,13.0,13.0,10,2.0,7.0,4.0,0.0,4.0,1.3333333333333333,0.0,3.0,11.0,6.0,0.0,6.0,1.2,0.0,5.0,19.0,16.0,5.0,11.0,1.6,0.5,1.0,1.0,0.7,224,7.0,0.6,1.4,0.4,2.0,7.0,6.0,2.0,4.0,2.0,0.6666666666666666,3.0,11.0,9.0,3.0,6.0,1.8,0.6,6.0,21.0,17.0,4.0,13.0,1.7,0.4,0.3333333333333333,0.4,0.6,216,7.0,0.6,1.0,0.2,D,2.0
2024-02-04,2023-24,Clausura,5,False,Atlas,Santos Laguna,3.0,0.0,2.0,0.0,footballcsv,1845,1472.9267157090567,1493.9108952013933,-20.98417949233658,1,3,1,5.0,5.0,5,2,5,3,8.0,9.0,10,1.0,4.0,5.0,5.0,0.0,1.6666666666666667,1.6666666666666667,1.0,5.0,6.0,7.0,-1.0,1.2,1.4,1.0,6.0,8.0,18.0,-10.0,0.8,1.8,0.3333333333333333,0.4,0.2,201,4.0,0.2,0.6,1.2,1.0,3.0,5.0,5.0,0.0,1.6666666666666667,1.6666666666666667,1.0,4.0,8.0,9.0,-1.0,1.6,1.8,4.0,13.0,16.0,17.0,-1.0,1.6,1.7,0.3333333333333333,0.2,0.2,207,5.0,0.2,1.4,2.0,H,3.0
2024-02-04,2023-24,Clausura,5,False,Atlético San Luis,Guadalajara,0.0,2.0,0.0,1.0,footballcsv,1846,1514.621323443953,1553.66242211308,-39.041098669126995,2,2,1,6.0,6.0,5,3,3,3,12.0,14.0,9,1.0,3.0,5.0,6.0,-1.0,1.6666666666666667,2.0,3.0,9.0,8.0,6.0,2.0,1.6,1.2,5.0,16.0,13.0,16.0,-3.0,1.3,1.6,0.0,0.4,0.3,163,8.0,0.6,1.6,2.0,1.0,4.0,4.0,4.0,0.0,1.3333333333333333,1.3333333333333333,1.0,5.0,5.0,8.0,-3.0,1.0,1.6,4.0,14.0,9.0,14.0,-5.0,0.9,1.4,0.0,0.0,0.2,204,5.0,0.2,0.6,1.4,A,2.0
2024-02-07,2023-24,Clausura,2,False,Pachuca,León,3.0,2.0,1.0,2.0,footballcsv,1847,1571.899007493168,1516.7991608819382,55.09984661122985,3,0,2,7.0,6.0,5,3,1,6,9.0,15.0,10,2.0,6.0,8.0,8.0,0.0,2.6666666666666665,2.6666666666666665,4.0,12.0,12.0,10.0,2.0,2.4,2.0,6.0,20.0,17.0,14.0,3.0,1.7,1.4,0.0,0.2,0.3,208,4.0,0.4,1.8,1.8,1.0,4.0,6.0,8.0,-2.0,2.0,2.6666666666666665,1.0,4.0,7.0,12.0,-5.0,1.4,2.4,3.0,11.0,20.0,25.0,-5.0,2.0,2.5,0.0,0.0,0.0,212,4.0,0.0,1.8,3.2,H,5.0
2024-02-09,2023-24,Clausura,6,False,Tijuana,Querétaro,1.0,1.0,1.0,1.0,footballcsv,1848,1427.2766052427867,1434.7680682287644,-7.491462985977705,0,2,3,4.0,8.0,5,1,4,5,10.0,16.0,10,0.0,1.0,3.0,5.0,-2.0,1.0,1.6666666666666667,0.0,2.0,3.0,7.0,-4.0,0.6,1.4,2.0,8.0,10.0,16.0,-6.0,1.0,1.6,0.0,0.2,0.3,188,6.0,0.4,1.4,1.2,0.0,2.0,3.0,5.0,-2.0,1.0,1.6666666666666667,0.0,3.0,5.0,9.0,-4.0,1.0,1.8,2.0,10.0,10.0,14.0,-4.0,1.0,1.4,0.0,0.0,0.3,190,7.0,0.2,1.0,1.8,D,2.0
2024-02-09,2023-24,Clausura,6,False,Mazatlán FC,Atlas,2.0,0.0,0.0,0.0,footballcsv,1849,1414.6349984119745,1484.1560413852537,-69.52104297327924,4,0,1,8.0,4.0,5,4,2,1,9.0,5.0,7,0.0,1.0,5.0,7.0,-2.0,1.6666666666666667,2.3333333333333335,0.0,1.0,6.0,12.0,-6.0,1.2,2.4,3.0,10.0,14.0,19.0,-5.0,1.4,1.9,0.0,0.0,0.2,126,7.0,0.6,1.8,0.8,2.0,6.0,8.0,5.0,3.0,2.6666666666666665,1.6666666666666667,2.0,7.0,9.0,7.0,2.0,1.8,1.4,2.0,9.0,10.0,15.0,-5.0,1.0,1.5,0.3333333333333333,0.4,0.3,202,5.0,0.0,1.0,2.4,H,2.0
2024-02-10,2023-24,Clausura,6,False,Cruz Azul,Atlético San Luis,3.0,0.0,1.0,0.0,footballcsv,1855,1497.307768999766,1502.346022127647,-5.038253127881035,2,2,1,3.0,2.0,5,5,2,2,13.0,8.0,9,3.0,9.0,6.0,2.0,4.0,2.0,0.6666666666666666,3.0,10.0,6.0,3.0,3.0,1.2,0.6,5.0,16.0,11.0,8.0,3.0,1.1,0.8,0.3333333333333333,0.4,0.4,212,8.0,0.6,1.2,0.8,0.0,0.0,2.0,7.0,-5.0,0.6666666666666666,2.3333333333333335,2.0,6.0,6.0,8.0,-2.0,1.2,1.6,5.0,16.0,13.0,16.0,-3.0,1.3,1.6,0.0,0.2,0.3,164,6.0,0.4,1.4,1.2,H,3.0
2024-02-10,2023-24,Clausura,6,False,Santos Laguna,Tigres UANL,0.0,3.0,0.0,2.0,footballcsv,1854,1482.6815695251962,1629.629977951069,-146.94840842587269,0,1,4,3.0,10.0,5,3,2,5,10.0,15.0,10,1.0,3.0,5.0,6.0,-1.0,1.6666666666666667,2.0,1.0,4.0,6.0,9.0,-3.0,1.2,1.8,4.0,13.0,15.0,17.0,-2.0,1.5,1.7,0.3333333333333333,0.2,0.2,208,6.0,0.8,2.6,1.0,1.0,5.0,5.0,4.0,1.0,1.6666666666666667,1.3333333333333333,3.0,11.0,8.0,5.0,3.0,1.6,1.0,5.0,20.0,14.0,7.0,7.0,1.4,0.7,0.0,0.2,0.4,224,7.0,0.6,1.2,0.6,A,3.0
2024-02-10,2023-24,Clausura,6,False,Monterrey,Pachuca,3.0,2.0,2.0,0.0,footballcsv,1853,1641.7009975118306,1576.010788980709,65.69020853112147,2,1,2,6.0,7.0,5,4,2,4,13.0,15.0,10,1.0,5.0,5.0,3.0,2.0,1.6666666666666667,1.0,3.0,11.0,9.0,3.0,6.0,1.8,0.6,5.0,19.0,15.0,5.0,10.0,1.5,0.5,0.0,0.4,0.5,217,7.0,0.6,2.0,0.6,3.0,9.0,10.0,7.0,3.0,3.3333333333333335,2.3333333333333335,4.0,12.0,12.0,10.0,2.0,2.4,2.0,7.0,22.0,19.0,15.0,4.0,1.9,1.5,0.0,0.2,0.3,209,3.0,0.8,1.6,1.0,H,5.0
2024-02-10,2023-24,Clausura,6,False,Necaxa,Toluca,3.0,3.0,2.0,1.0,footballcsv,1851,1456.4686708485021,1552.7529127945083,-96.2842419460062,0,2,3,2.0,8.0,5,2,4,4,10.0,16.0,10,0.0,3.0,4.0,4.0,0.0,1.3333333333333333,1.3333333333333333,2.0,9.0,8.0,6.0,2.0,1.6,1.2,4.0,16.0,13.0,13.0,0.0,1.3,1.3,0.3333333333333333,0.2,0.4,195,7.0,0.6,1.6,0.6,1.0,4.0,7.0,5.0,2.0,2.3333333333333335,1.6666666666666667,2.0,8.0,13.0,8.0,5.0,2.6,1.6,3.0,11.0,17.0,15.0,2.0,1.7,1.5,0.0,0.0,0.0,202,7.0,0.0,1.2,2.0,D,6.0
2024-02-10,2023-24,Clausura,6,False,León,América,0.0,1.0,0.0,0.0,footballcsv,1850,1512.687379394397,1692.3472297243777,-179.6598503299806,1,3,1,8.0,9.0,5,2,5,3,13.0,16.0,10,0.0,1.0,5.0,9.0,-4.0,1.6666666666666667,3.0,1.0,4.0,9.0,13.0,-4.0,1.8,2.6,3.0,11.0,18.0,23.0,-5.0,1.8,2.3,0.0,0.0,0.0,213,3.0,0.6,2.2,1.8,1.0,5.0,3.0,1.0,2.0,1.0,0.3333333333333333,3.0,11.0,7.0,1.0,6.0,1.4,0.2,5.0,19.0,15.0,4.0,11.0,1.5,0.4,0.6666666666666666,0.8,0.7,225,7.0,0.6,2.0,0.2,A,1.0
2024-02-10,2023-24,Clausura,6,False,Guadalajara,FC Juárez,2.0,1.0,1.0,0.0,footballcsv,1852,1565.937723429386,1386.1537794191834,179.78394401020273,2,3,0,8.0,5.0,5,5,3,1,15.0,8.0,9,2.0,7.0,6.0,3.0,3.0,2.0,1.0,2.0,8.0,7.0,5.0,2.0,1.4,1.0,5.0,17.0,11.0,10.0,1.0,1.1,1.0,0.3333333333333333,0.2,0.3,205,6.0,0.6,1.2,1.4,0.0,1.0,3.0,6.0,-3.0,1.0,2.0,0.0,2.0,3.0,7.0,-4.0,0.6,1.4,1.0,5.0,8.0,21.0,-13.0,0.8,2.1,0.0,0.2,0.1,153,7.0,0.0,0.6,2.4,H,3.0
2024-02-11,2023-24,Clausura,6,False,Pumas UNAM,Puebla,3.0,0.0,0.0,0.0,footballcsv,1856,1525.3678125571819,1474.6238692539118,50.74394330327004,2,1,2,9.0,8.0,5,3,4,3,16.0,13.0,10,1.0,5.0,7.0,5.0,2.0,2.3333333333333335,1.6666666666666667,2.0,8.0,9.0,8.0,1.0,1.8,1.6,4.0,15.0,14.0,11.0,3.0,1.4,1.1,0.0,0.2,0.3,206,8.0,0.6,1.8,0.8,1.0,4.0,4.0,6.0,-2.0,1.3333333333333333,2.0,1.0,4.0,5.0,10.0,-5.0,1.0,2.0,4.0,14.0,15.0,20.0,-5.0,1.5,2.0,0.0,0.0,0.1,205,9.0,0.4,0.6,1.8,H,3.0
2024-02-14,2023-24,Clausura,9,False,Atlas,Pumas UNAM,0.0,0.0,0.0,0.0,footballcsv,1857,1473.5516793035463,1533.7489479506262,-60.19726864707991,0,3,2,2.0,6.0,5,1,5,4,5.0,13.0,10,1.0,3.0,6.0,6.0,0.0,2.0,2.0,2.0,7.0,8.0,7.0,1.0,1.6,1.4,2.0,8.0,9.0,16.0,-7.0,0.9,1.6,0.3333333333333333,0.4,0.3,203,5.0,0.4,1.0,0.6,1.0,5.0,7.0,4.0,3.0,2.3333333333333335,1.3333333333333333,2.0,8.0,11.0,8.0,3.0,2.2,1.6,4.0,15.0,16.0,11.0,5.0,1.6,1.1,0.3333333333333333,0.2,0.3,207,3.0,0.0,1.0,1.6,D,0.0
2024-02-16,2023-24,Clausura,7,False,Querétaro,Necaxa,1.0,1.0,1.0,0.0,footballcsv,1858,1436.82525174311,1456.9370261004017,-20.11177435729178,2,1,2,6.0,4.0,5,3,2,5,11.0,13.0,10,0.0,2.0,3.0,5.0,-2.0,1.0,1.6666666666666667,0.0,3.0,4.0,8.0,-4.0,0.8,1.6,1.0,8.0,10.0,15.0,-5.0,1.0,1.5,0.0,0.0,0.2,191,7.0,0.0,1.0,1.6,0.0,3.0,7.0,7.0,0.0,2.3333333333333335,2.3333333333333335,1.0,7.0,9.0,8.0,1.0,1.8,1.6,4.0,17.0,16.0,12.0,4.0,1.6,1.2,0.0,0.2,0.4,196,6.0,0.2,1.2,1.6,D,2.0
2024-02-16,2023-24,Clausura,7,False,Mazatlán FC,Guadalajara,2.0,2.0,0.0,1.0,footballcsv,1859,1425.239360493682,1568.2080400181565,-142.9686795244745,2,0,3,6.0,10.0,5,2,1,4,8.0,13.0,7,1.0,4.0,6.0,5.0,1.0,2.0,1.6666666666666667,1.0,4.0,8.0,11.0,-3.0,1.6,2.2,3.0,10.0,13.0,19.0,-6.0,1.3,1.9,0.3333333333333333,0.2,0.2,127,7.0,0.6,1.6,0.8,3.0,9.0,7.0,3.0,4.0,2.3333333333333335,1.0,3.0,10.0,8.0,5.0,3.0,1.6,1.0,5.0,17.0,11.0,10.0,1.0,1.1,1.0,0.3333333333333333,0.2,0.3,206,6.0,0.2,0.6,1.2,D,4.0
2024-02-17,2023-24,Clausura,7,False,Pachuca,América,2.0,1.0,0.0,0.0,footballcsv,1860,1572.0865882355395,1697.1267324887574,-125.04014425321793,2,1,2,7.0,8.0,5,4,2,4,16.0,17.0,10,2.0,6.0,8.0,7.0,1.0,2.6666666666666665,2.3333333333333335,3.0,9.0,13.0,13.0,0.0,2.6,2.6,6.0,19.0,20.0,18.0,2.0,2.0,1.8,0.0,0.0,0.2,210,7.0,0.6,2.2,2.0,1.0,5.0,2.0,1.0,1.0,0.6666666666666666,0.3333333333333333,3.0,11.0,6.0,1.0,5.0,1.2,0.2,5.0,19.0,14.0,4.0,10.0,1.4,0.4,0.6666666666666666,0.8,0.7,226,7.0,0.6,1.2,0.2,H,3.0
2024-02-17,2023-24,Clausura,7,False,Cruz Azul,Tigres UANL,1.0,0.0,0.0,0.0,footballcsv,1861,1507.8655064927493,1640.522729341589,-132.65722284883964,2,0,3,5.0,6.0,5,4,2,4,13.0,11.0,10,3.0,9.0,7.0,1.0,6.0,2.3333333333333335,0.3333333333333333,4.0,13.0,9.0,2.0,7.0,1.8,0.4,6.0,19.0,13.0,6.0,7.0,1.3,0.6,0.6666666666666666,0.6,0.5,213,7.0,0.6,1.4,0.8,1.0,5.0,6.0,3.0,3.0,2.0,1.0,3.0,11.0,9.0,4.0,5.0,1.8,0.8,5.0,20.0,14.0,7.0,7.0,1.4,0.7,0.3333333333333333,0.4,0.4,225,7.0,0.6,1.6,0.6,H,1.0
2024-02-17,2023-24,Clausura,7,False,Atlético San Luis,Tijuana,3.0,3.0,1.0,2.0,footballcsv,1862,1491.7882846346638,1425.2194217284411,66.56886290622265,1,2,2,6.0,5.0,5,2,3,3,12.0,10.0,8,0.0,0.0,1.0,8.0,-7.0,0.3333333333333333,2.6666666666666665,1.0,3.0,5.0,11.0,-6.0,1.0,2.2,4.0,13.0,10.0,17.0,-7.0,1.0,1.7,0.0,0.0,0.3,165,7.0,0.4,1.0,2.0,0.0,1.0,3.0,5.0,-2.0,1.0,1.6666666666666667,0.0,3.0,4.0,6.0,-2.0,0.8,1.2,2.0,9.0,10.0,14.0,-4.0,1.0,1.4,0.0,0.2,0.3,189,8.0,0.0,0.6,2.0,D,6.0
2024-02-18,2023-24,Clausura,7,False,Monterrey,Toluca,0.0,0.0,0.0,0.0,footballcsv,1863,1645.6251982570002,1552.2845575426088,93.34064071439138,2,2,1,7.0,5.0,5,5,2,3,15.0,14.0,10,2.0,7.0,7.0,4.0,3.0,2.3333333333333335,1.3333333333333333,3.0,11.0,10.0,5.0,5.0,2.0,1.0,5.0,19.0,16.0,7.0,9.0,1.6,0.7,0.0,0.2,0.4,218,8.0,0.6,2.0,1.0,1.0,4.0,9.0,7.0,2.0,3.0,2.3333333333333335,2.0,8.0,14.0,9.0,5.0,2.8,1.8,3.0,12.0,20.0,17.0,3.0,2.0,1.7,0.0,0.0,0.0,203,8.0,0.0,1.6,2.0,D,0.0
2024-02-18,2023-24,Clausura,7,False,Atlas,León,0.0,1.0,0.0,0.0,footballcsv,1864,1472.982327284812,1507.9078766300174,-34.925549345205354,1,2,2,5.0,7.0,5,2,3,5,12.0,16.0,10,1.0,4.0,3.0,2.0,1.0,1.0,0.6666666666666666,2.0,7.0,8.0,7.0,1.0,1.6,1.4,2.0,9.0,9.0,14.0,-5.0,0.9,1.4,0.6666666666666666,0.4,0.4,204,4.0,0.4,1.0,0.2,0.0,0.0,3.0,8.0,-5.0,1.0,2.6666666666666665,1.0,4.0,8.0,12.0,-4.0,1.6,2.4,2.0,8.0,16.0,23.0,-7.0,1.6,2.3,0.0,0.0,0.0,214,8.0,0.0,1.4,2.8,A,1.0
2024-02-18,2023-24,Clausura,7,False,Pumas UNAM,Santos Laguna,3.0,0.0,2.0,0.0,footballcsv,1865,1534.3182999693604,1471.7888181346761,62.52948183468425,0,0,5,4.0,16.0,5,3,1,6,12.0,23.0,10,1.0,5.0,5.0,2.0,3.0,1.6666666666666667,0.6666666666666666,2.0,9.0,10.0,5.0,5.0,2.0,1.0,4.0,16.0,16.0,10.0,6.0,1.6,1.0,0.6666666666666666,0.4,0.4,208,4.0,0.6,1.8,0.8,1.0,3.0,3.0,6.0,-3.0,1.0,2.0,1.0,3.0,5.0,11.0,-6.0,1.0,2.2,3.0,10.0,12.0,19.0,-7.0,1.2,1.9,0.3333333333333333,0.2,0.2,209,8.0,0.2,1.4,2.0,H,3.0
2024-02-20,2023-24,Clausura,9,False,Puebla,Pachuca,1.0,4.0,1.0,1.0,footballcsv,1867,1466.2427338604675,1579.9116280006697,-113.66889414020216,0,2,3,5.0,11.0,5,1,3,6,9.0,19.0,10,1.0,3.0,3.0,8.0,-5.0,1.0,2.6666666666666665,1.0,4.0,5.0,11.0,-6.0,1.0,2.2,3.0,11.0,14.0,23.0,-9.0,1.4,2.3,0.0,0.0,0.0,206,9.0,0.4,2.4,2.2,2.0,6.0,7.0,6.0,1.0,2.3333333333333335,2.0,4.0,12.0,14.0,11.0,3.0,2.8,2.2,7.0,21.0,21.0,18.0,3.0,2.1,1.8,0.0,0.0,0.2,211,3.0,0.6,1.8,1.6,A,5.0
2024-02-20,2023-24,Clausura,9,False,Necaxa,Guadalajara,1.0,0.0,1.0,0.0,footballcsv,1866,1458.643876446553,1566.4152424424642,-107.77136599591131,0,0,5,1.0,10.0,5,1,2,7,9.0,19.0,10,0.0,3.0,6.0,6.0,0.0,2.0,2.0,0.0,5.0,8.0,8.0,0.0,1.6,1.6,3.0,15.0,16.0,13.0,3.0,1.6,1.3,0.0,0.2,0.3,197,4.0,0.6,2.0,0.8,2.0,7.0,6.0,3.0,3.0,2.0,1.0,3.0,11.0,10.0,6.0,4.0,2.0,1.2,4.0,15.0,12.0,12.0,0.0,1.2,1.2,0.3333333333333333,0.2,0.2,207,4.0,0.2,1.0,1.4,H,1.0
2024-02-21,2023-24,Clausura,9,False,León,Cruz Azul,2.0,3.0,0.0,2.0,footballcsv,1870,1515.7335894378564,1515.8395394196784,-0.10594998182205018,0,1,4,1.0,5.0,5,2,1,7,4.0,9.0,10,1.0,3.0,3.0,4.0,-1.0,1.0,1.3333333333333333,1.0,4.0,6.0,10.0,-4.0,1.2,2.0,3.0,11.0,15.0,20.0,-5.0,1.5,2.0,0.3333333333333333,0.2,0.1,215,3.0,0.4,1.8,1.8,3.0,9.0,7.0,1.0,6.0,2.3333333333333335,0.3333333333333333,5.0,15.0,10.0,2.0,8.0,2.0,0.4,6.0,19.0,13.0,6.0,7.0,1.3,0.6,0.6666666666666666,0.6,0.5,214,4.0,0.4,1.4,1.0,A,5.0
2024-02-21,2023-24,Clausura,9,False,Toluca,Santos Laguna,1.0,0.0,0.0,0.0,footballcsv,1868,1556.8971877010579,1463.8296343897587,93.0675533112992,4,0,1,14.0,8.0,5,5,2,3,23.0,18.0,10,1.0,5.0,7.0,4.0,3.0,2.3333333333333335,1.3333333333333333,1.0,6.0,10.0,8.0,2.0,2.0,1.6,2.0,10.0,17.0,16.0,1.0,1.7,1.6,0.3333333333333333,0.2,0.1,204,3.0,0.8,2.8,1.0,0.0,0.0,0.0,9.0,-9.0,0.0,3.0,1.0,3.0,5.0,12.0,-7.0,1.0,2.4,3.0,10.0,12.0,19.0,-7.0,1.2,1.9,0.0,0.2,0.2,210,3.0,0.0,1.0,2.6,H,1.0
2024-02-21,2023-24,Clausura,9,False,América,Mazatlán FC,2.0,2.0,0.0,1.0,footballcsv,1869,1689.3016927236272,1427.0321580693742,262.269534654253,4,0,1,14.0,4.0,5,6,0,1,18.0,5.0,7,1.0,4.0,3.0,3.0,0.0,1.0,1.0,2.0,8.0,5.0,3.0,2.0,1.0,0.6,4.0,16.0,10.0,6.0,4.0,1.0,0.6,0.3333333333333333,0.6,0.6,227,4.0,0.4,1.0,0.6,1.0,4.0,6.0,5.0,1.0,2.0,1.6666666666666667,1.0,5.0,9.0,9.0,0.0,1.8,1.8,2.0,8.0,12.0,20.0,-8.0,1.2,2.0,0.3333333333333333,0.2,0.2,128,5.0,0.0,1.0,3.0,D,4.0
2024-02-23,2023-24,Clausura,8,False,FC Juárez,Monterrey,0.0,3.0,0.0,0.0,footballcsv,1871,1383.883462830413,1641.0125680985511,-257.1291052681381,1,0,4,4.0,11.0,5,2,1,6,8.0,20.0,9,0.0,1.0,4.0,6.0,-2.0,1.3333333333333333,2.0,0.0,2.0,4.0,8.0,-4.0,0.8,1.6,0.0,2.0,6.0,21.0,-15.0,0.6,2.1,0.0,0.2,0.1,154,13.0,0.2,1.0,1.8,1.0,5.0,4.0,3.0,1.0,1.3333333333333333,1.0,2.0,9.0,8.0,5.0,3.0,1.6,1.0,4.0,17.0,13.0,7.0,6.0,1.3,0.7,0.3333333333333333,0.2,0.4,219,5.0,0.4,1.0,0.4,A,3.0
2024-02-23,2023-24,Clausura,8,False,Necaxa,Pachuca,1.0,1.0,1.0,0.0,footballcsv,1872,1466.1282205770408,1592.2465722338516,-126.11835165681077,1,1,3,5.0,7.0,5,2,3,5,13.0,19.0,10,1.0,5.0,5.0,4.0,1.0,1.6666666666666667,1.3333333333333333,1.0,7.0,9.0,8.0,1.0,1.8,1.6,4.0,18.0,17.0,10.0,7.0,1.7,1.0,0.3333333333333333,0.2,0.4,198,3.0,0.6,2.0,0.8,2.0,6.0,8.0,5.0,3.0,2.6666666666666665,1.6666666666666667,4.0,12.0,14.0,9.0,5.0,2.8,1.8,7.0,21.0,23.0,19.0,4.0,2.3,1.9,0.0,0.0,0.1,212,3.0,0.6,2.2,1.8,D,2.0
2024-02-23,2023-24,Clausura,8,False,Puebla,Querétaro,0.0,2.0,0.0,0.0,footballcsv,1873,1453.9077896272856,1435.1184013969587,18.78938823032695,3,2,0,7.0,2.0,5,4,5,1,13.0,8.0,10,1.0,3.0,4.0,9.0,-5.0,1.3333333333333333,3.0,1.0,4.0,5.0,13.0,-8.0,1.0,2.6,2.0,8.0,10.0,23.0,-13.0,1.0,2.3,0.0,0.0,0.0,207,3.0,0.2,1.6,2.2,0.0,2.0,3.0,5.0,-2.0,1.0,1.6666666666666667,0.0,4.0,5.0,7.0,-2.0,1.0,1.4,1.0,9.0,11.0,13.0,-2.0,1.1,1.3,0.0,0.0,0.2,192,7.0,0.2,1.0,1.4,A,2.0
2024-02-24,2023-24,Clausura,8,False,León,Atlético San Luis,1.0,0.0,0.0,0.0,footballcsv,1874,1507.235713931706,1487.8033299760134,19.432383955692558,2,0,3,7.0,10.0,5,4,1,5,13.0,16.0,10,1.0,3.0,3.0,4.0,-1.0,1.0,1.3333333333333333,1.0,3.0,6.0,11.0,-5.0,1.2,2.2,2.0,8.0,14.0,21.0,-7.0,1.4,2.1,0.3333333333333333,0.2,0.1,216,3.0,0.2,1.6,2.0,0.0,1.0,3.0,8.0,-5.0,1.0,2.6666666666666665,0.0,1.0,5.0,13.0,-8.0,1.0,2.6,3.0,11.0,12.0,20.0,-8.0,1.2,2.0,0.0,0.0,0.2,166,7.0,0.4,1.0,1.4,H,1.0
2024-02-24,2023-24,Clausura,8,False,Guadalajara,Pumas UNAM,3.0,1.0,0.0,0.0,footballcsv,1875,1558.9308983119763,1542.2774837142779,16.65341459769843,3,0,2,6.0,6.0,5,6,2,2,17.0,11.0,10,1.0,4.0,4.0,4.0,0.0,1.3333333333333333,1.3333333333333333,3.0,10.0,9.0,6.0,3.0,1.8,1.2,4.0,15.0,12.0,12.0,0.0,1.2,1.2,0.0,0.2,0.2,208,4.0,0.8,1.6,0.8,2.0,7.0,6.0,0.0,6.0,2.0,0.0,2.0,9.0,10.0,4.0,6.0,2.0,0.8,4.0,16.0,16.0,10.0,6.0,1.6,1.0,1.0,0.6,0.4,209,6.0,0.0,0.8,1.4,H,4.0
2024-02-24,2023-24,Clausura,8,False,Tigres UANL,Atlas,1.0,1.0,1.0,0.0,footballcsv,1876,1632.5486964146598,1465.1566144769731,167.39208193768673,3,0,2,7.0,7.0,5,4,3,3,12.0,11.0,10,1.0,4.0,5.0,3.0,2.0,1.6666666666666667,1.0,2.0,8.0,8.0,5.0,3.0,1.6,1.0,4.0,17.0,13.0,8.0,5.0,1.3,0.8,0.3333333333333333,0.2,0.3,226,7.0,0.4,1.6,0.8,0.0,1.0,0.0,3.0,-3.0,0.0,1.0,1.0,4.0,6.0,7.0,-1.0,1.2,1.4,2.0,9.0,9.0,13.0,-4.0,0.9,1.3,0.3333333333333333,0.4,0.4,205,6.0,0.0,0.8,2.6,D,2.0
2024-02-24,2023-24,Clausura,8,False,América,Cruz Azul,1.0,0.0,1.0,0.0,footballcsv,1877,1681.74890807326,1524.3374149258289,157.4114931474312,3,1,1,14.0,5.0,5,3,3,4,17.0,13.0,10,1.0,4.0,4.0,4.0,0.0,1.3333333333333333,1.3333333333333333,1.0,6.0,5.0,5.0,0.0,1.0,1.0,4.0,17.0,12.0,6.0,6.0,1.2,0.6,0.3333333333333333,0.4,0.6,228,3.0,0.2,1.0,1.0,3.0,9.0,7.0,2.0,5.0,2.3333333333333335,0.6666666666666666,5.0,15.0,11.0,3.0,8.0,2.2,0.6,6.0,19.0,14.0,8.0,6.0,1.4,0.8,0.6666666666666666,0.6,0.4,215,3.0,0.4,1.4,1.2,H,1.0
2024-02-25,2023-24,Clausura,8,False,Toluca,Tijuana,2.0,0.0,0.0,0.0,footballcsv,1878,1560.363067855824,1429.2043763870915,131.1586914687325,2,1,2,10.0,8.0,5,4,2,4,17.0,14.0,10,1.0,5.0,4.0,3.0,1.0,1.3333333333333333,1.0,2.0,8.0,10.0,7.0,3.0,2.0,1.4,3.0,13.0,18.0,15.0,3.0,1.8,1.5,0.6666666666666666,0.4,0.2,205,4.0,0.8,2.4,0.8,0.0,2.0,6.0,7.0,-1.0,2.0,2.3333333333333335,0.0,3.0,7.0,9.0,-2.0,1.4,1.8,1.0,7.0,11.0,17.0,-6.0,1.1,1.7,0.0,0.0,0.2,190,8.0,0.0,1.0,2.0,H,2.0
2024-02-25,2023-24,Clausura,8,False,Santos Laguna,Mazatlán FC,1.0,0.0,0.0,0.0,footballcsv,1879,1460.3637542349925,1434.5849427197413,25.778811515251164,3,0,2,8.0,6.0,5,5,1,2,13.0,6.0,8,0.0,0.0,0.0,7.0,-7.0,0.0,2.3333333333333335,1.0,3.0,3.0,10.0,-7.0,0.6,2.0,2.0,7.0,10.0,20.0,-10.0,1.0,2.0,0.0,0.2,0.1,211,4.0,0.6,1.6,1.4,1.0,5.0,6.0,4.0,2.0,2.0,1.3333333333333333,1.0,6.0,10.0,9.0,1.0,2.0,1.8,2.0,9.0,14.0,18.0,-4.0,1.4,1.8,0.3333333333333333,0.2,0.2,129,4.0,0.0,1.4,2.6,H,1.0
2024-02-27,2023-24,Clausura,9,False,Querétaro,Atlético San Luis,4.0,1.0,2.0,0.0,footballcsv,1880,1449.1467562463095,1483.01935039438,-33.87259414807045,1,2,2,5.0,9.0,5,3,2,4,10.0,13.0,9,1.0,5.0,4.0,2.0,2.0,1.3333333333333333,0.6666666666666666,1.0,6.0,6.0,6.0,0.0,1.2,1.2,2.0,12.0,12.0,11.0,1.0,1.2,1.1,0.3333333333333333,0.2,0.3,193,4.0,0.0,1.0,1.4,0.0,1.0,3.0,7.0,-4.0,1.0,2.3333333333333335,0.0,1.0,4.0,12.0,-8.0,0.8,2.4,3.0,10.0,11.0,20.0,-9.0,1.1,2.0,0.0,0.0,0.2,167,3.0,0.4,0.8,1.4,H,5.0
2024-02-28,2023-24,Clausura,9,False,Tigres UANL,FC Juárez,1.0,0.0,0.0,0.0,footballcsv,1881,1626.4290788435792,1377.081065857002,249.34801298657726,3,2,0,8.0,3.0,5,6,3,0,17.0,9.0,9,1.0,4.0,4.0,2.0,2.0,1.3333333333333333,0.6666666666666666,1.0,6.0,7.0,5.0,2.0,1.4,1.0,4.0,17.0,13.0,8.0,5.0,1.3,0.8,0.3333333333333333,0.2,0.3,227,4.0,0.2,1.2,1.0,0.0,1.0,3.0,7.0,-4.0,1.0,2.3333333333333335,0.0,1.0,4.0,11.0,-7.0,0.8,2.2,0.0,2.0,5.0,19.0,-14.0,0.5,1.9,0.0,0.0,0.1,155,5.0,0.0,0.6,1.8,H,1.0
2024-02-28,2023-24,Clausura,9,False,Tijuana,Monterrey,1.0,1.0,0.0,0.0,footballcsv,1882,1424.618903665622,1647.8149650719622,-223.19606140634028,0,1,4,3.0,14.0,5,2,2,6,7.0,23.0,10,0.0,2.0,4.0,6.0,-2.0,1.3333333333333333,2.0,0.0,2.0,6.0,10.0,-4.0,1.2,2.0,0.0,4.0,9.0,19.0,-10.0,0.9,1.9,0.0,0.0,0.1,191,3.0,0.2,1.2,1.4,2.0,7.0,6.0,2.0,4.0,2.0,0.6666666666666666,3.0,11.0,10.0,4.0,6.0,2.0,0.8,5.0,19.0,16.0,7.0,9.0,1.6,0.7,0.6666666666666666,0.4,0.4,220,5.0,0.4,1.2,0.4,D,2.0
2024-03-01,2023-24,Clausura,10,False,Mazatlán FC,Necaxa,2.0,1.0,0.0,0.0,footballcsv,1884,1429.9249809877479,1467.4478719009119,-37.52289091316402,0,2,3,3.0,9.0,5,1,2,4,6.0,12.0,7,0.0,2.0,4.0,5.0,-1.0,1.3333333333333333,1.6666666666666667,1.0,5.0,8.0,8.0,0.0,1.6,1.6,1.0,6.0,13.0,19.0,-6.0,1.3,1.9,0.0,0.2,0.1,130,5.0,0.4,1.4,1.0,1.0,5.0,3.0,2.0,1.0,1.0,0.6666666666666666,1.0,7.0,8.0,7.0,1.0,1.6,1.4,3.0,16.0,14.0,11.0,3.0,1.4,1.1,0.3333333333333333,0.2,0.3,199,7.0,0.2,1.4,1.2,H,3.0
2024-03-01,2023-24,Clausura,10,False,Querétaro,Santos Laguna,0.0,1.0,0.0,0.0,footballcsv,1885,1460.9328016467136,1465.023715966986,-4.090914320272304,2,2,1,10.0,7.0,5,3,2,5,13.0,17.0,10,2.0,7.0,7.0,2.0,5.0,2.3333333333333335,0.6666666666666666,2.0,8.0,9.0,6.0,3.0,1.8,1.2,2.0,12.0,13.0,12.0,1.0,1.3,1.2,0.3333333333333333,0.2,0.2,194,3.0,0.2,1.8,1.6,1.0,3.0,1.0,4.0,-3.0,0.3333333333333333,1.3333333333333333,1.0,3.0,1.0,10.0,-9.0,0.2,2.0,2.0,7.0,9.0,19.0,-10.0,0.9,1.9,0.3333333333333333,0.2,0.2,212,5.0,0.0,0.6,2.2,A,1.0
2024-03-01,2023-24,Clausura,10,False,Atlético San Luis,Puebla,4.0,0.0,2.0,0.0,footballcsv,1883,1471.2333049939757,1439.8794347779349,31.353870216040832,3,2,0,8.0,4.0,5,4,2,3,12.0,11.0,9,0.0,1.0,4.0,8.0,-4.0,1.3333333333333333,2.6666666666666665,0.0,1.0,4.0,13.0,-9.0,0.8,2.6,3.0,10.0,12.0,19.0,-7.0,1.2,1.9,0.0,0.0,0.2,168,3.0,0.2,1.4,2.6,0.0,0.0,1.0,9.0,-8.0,0.3333333333333333,3.0,1.0,3.0,4.0,14.0,-10.0,0.8,2.8,1.0,5.0,8.0,24.0,-16.0,0.8,2.4,0.0,0.0,0.0,208,7.0,0.2,0.4,2.4,H,4.0
2024-03-02,2023-24,Clausura,10,False,Pachuca,FC Juárez,3.0,2.0,0.0,0.0,footballcsv,1886,1590.9269209099805,1375.5066067966143,215.4203141133662,3,1,1,9.0,5.0,5,3,3,2,11.0,8.0,8,2.0,7.0,7.0,3.0,4.0,2.3333333333333335,1.0,3.0,10.0,12.0,8.0,4.0,2.4,1.6,7.0,22.0,24.0,18.0,6.0,2.4,1.8,0.0,0.0,0.1,213,8.0,0.8,2.4,2.0,0.0,0.0,1.0,6.0,-5.0,0.3333333333333333,2.0,0.0,1.0,4.0,10.0,-6.0,0.8,2.0,0.0,2.0,5.0,18.0,-13.0,0.5,1.8,0.0,0.0,0.1,156,3.0,0.0,0.6,1.6,H,5.0
2024-03-02,2023-24,Clausura,10,False,Atlas,América,1.0,5.0,1.0,2.0,footballcsv,1887,1471.2762320480538,1684.2909975078614,-213.01476545980768,1,3,1,5.0,4.0,5,2,3,5,9.0,12.0,10,0.0,2.0,1.0,2.0,-1.0,0.3333333333333333,0.6666666666666666,1.0,5.0,4.0,4.0,0.0,0.8,0.8,2.0,10.0,10.0,11.0,-1.0,1.0,1.1,0.3333333333333333,0.4,0.4,206,7.0,0.4,1.0,0.4,1.0,4.0,4.0,4.0,0.0,1.3333333333333333,1.3333333333333333,2.0,8.0,6.0,5.0,1.0,1.2,1.0,5.0,19.0,12.0,5.0,7.0,1.2,0.5,0.3333333333333333,0.4,0.7,229,7.0,0.6,1.2,0.4,A,6.0
2024-03-02,2023-24,Clausura,10,False,Toluca,Tigres UANL,2.0,1.0,0.0,1.0,footballcsv,1888,1564.9485405772937,1628.0035379039668,-63.054997326673174,2,1,2,10.0,12.0,5,5,1,4,18.0,20.0,10,2.0,7.0,3.0,0.0,3.0,1.0,0.0,3.0,11.0,10.0,4.0,6.0,2.0,0.8,4.0,16.0,19.0,12.0,7.0,1.9,1.2,1.0,0.6,0.3,206,6.0,0.8,2.2,0.6,1.0,4.0,2.0,2.0,0.0,0.6666666666666666,0.6666666666666666,2.0,8.0,7.0,4.0,3.0,1.4,0.8,5.0,19.0,13.0,7.0,6.0,1.3,0.7,0.3333333333333333,0.4,0.4,228,3.0,0.6,1.6,0.8,H,3.0
2024-03-02,2023-24,Clausura,10,False,Cruz Azul,Guadalajara,3.0,0.0,3.0,0.0,footballcsv,1889,1521.7953254912275,1566.6003131395719,-44.80498764834442,1,1,3,4.0,6.0,5,4,2,4,10.0,9.0,10,2.0,6.0,4.0,3.0,1.0,1.3333333333333333,1.0,4.0,12.0,10.0,4.0,6.0,2.0,0.8,6.0,19.0,14.0,8.0,6.0,1.4,0.8,0.3333333333333333,0.4,0.4,216,7.0,0.8,1.4,0.4,1.0,4.0,5.0,4.0,1.0,1.6666666666666667,1.3333333333333333,3.0,10.0,9.0,5.0,4.0,1.8,1.0,4.0,15.0,14.0,13.0,1.0,1.4,1.3,0.0,0.2,0.1,209,7.0,0.2,1.0,1.0,H,3.0
2024-03-03,2023-24,Clausura,10,False,Tijuana,León,1.0,1.0,0.0,0.0,footballcsv,1890,1428.521882447093,1512.0196935133395,-83.49781106624641,0,3,2,4.0,6.0,5,1,3,6,10.0,15.0,10,0.0,2.0,4.0,6.0,-2.0,1.3333333333333333,2.0,0.0,3.0,7.0,10.0,-3.0,1.4,2.0,0.0,5.0,10.0,17.0,-7.0,1.0,1.7,0.0,0.0,0.1,192,4.0,0.0,1.0,1.6,2.0,6.0,4.0,3.0,1.0,1.3333333333333333,1.0,2.0,6.0,6.0,7.0,-1.0,1.2,1.4,3.0,10.0,13.0,19.0,-6.0,1.3,1.9,0.6666666666666666,0.4,0.2,217,8.0,0.2,1.2,2.2,D,2.0
2024-03-03,2023-24,Clausura,10,False,Monterrey,Pumas UNAM,3.0,0.0,0.0,0.0,footballcsv,1891,1643.911986290491,1534.6080688866823,109.30391740380878,3,1,1,8.0,4.0,5,5,3,2,13.0,7.0,10,1.0,5.0,4.0,1.0,3.0,1.3333333333333333,0.3333333333333333,2.0,9.0,8.0,4.0,4.0,1.6,0.8,5.0,20.0,17.0,7.0,10.0,1.7,0.7,0.6666666666666666,0.4,0.4,221,4.0,0.6,1.8,0.8,1.0,4.0,4.0,3.0,1.0,1.3333333333333333,1.0,2.0,8.0,9.0,5.0,4.0,1.8,1.0,4.0,16.0,17.0,12.0,5.0,1.7,1.2,0.6666666666666666,0.6,0.4,210,8.0,0.0,1.0,1.8,H,3.0
2024-03-08,2023-24,Clausura,11,False,Necaxa,Atlético San Luis,3.0,1.0,2.0,1.0,footballcsv,1893,1461.4749609964776,1481.8040145213363,-20.329053524858637,3,0,2,10.0,10.0,5,5,1,3,15.0,13.0,9,1.0,4.0,3.0,3.0,0.0,1.0,1.0,1.0,6.0,7.0,7.0,0.0,1.4,1.4,3.0,15.0,15.0,13.0,2.0,1.5,1.3,0.3333333333333333,0.2,0.2,200,7.0,0.4,1.4,1.0,1.0,3.0,5.0,5.0,0.0,1.6666666666666667,1.6666666666666667,1.0,4.0,8.0,11.0,-3.0,1.6,2.2,3.0,10.0,14.0,19.0,-5.0,1.4,1.9,0.3333333333333333,0.2,0.2,169,7.0,0.2,0.6,2.2,H,4.0
2024-03-08,2023-24,Clausura,11,False,FC Juárez,Toluca,1.0,1.0,1.0,1.0,footballcsv,1892,1373.6196857355085,1571.4918227850815,-197.87213704957298,2,2,1,7.0,7.0,5,5,2,2,12.0,10.0,9,0.0,0.0,2.0,7.0,-5.0,0.6666666666666666,2.3333333333333335,0.0,1.0,5.0,11.0,-6.0,1.0,2.2,0.0,2.0,7.0,18.0,-11.0,0.7,1.8,0.0,0.0,0.1,157,6.0,0.0,0.4,2.0,3.0,9.0,5.0,1.0,4.0,1.6666666666666667,0.3333333333333333,3.0,11.0,8.0,4.0,4.0,1.6,0.8,5.0,19.0,21.0,12.0,9.0,2.1,1.2,0.6666666666666666,0.6,0.3,207,6.0,0.0,1.6,1.8,D,2.0
2024-03-08,2023-24,Clausura,11,False,Puebla,Atlas,2.0,2.0,1.0,2.0,footballcsv,1894,1429.3087252505743,1461.6416770153483,-32.33295176477395,2,2,1,6.0,8.0,5,5,2,3,9.0,10.0,10,0.0,0.0,1.0,10.0,-9.0,0.3333333333333333,3.3333333333333335,1.0,3.0,4.0,15.0,-11.0,0.8,3.0,1.0,4.0,6.0,26.0,-20.0,0.6,2.6,0.0,0.0,0.0,209,7.0,0.2,1.2,2.2,0.0,1.0,2.0,7.0,-5.0,0.6666666666666666,2.3333333333333335,0.0,2.0,2.0,9.0,-7.0,0.4,1.8,2.0,9.0,11.0,16.0,-5.0,1.1,1.6,0.0,0.2,0.3,207,6.0,0.0,1.0,2.4,D,4.0
2024-03-09,2023-24,Clausura,11,False,Santos Laguna,Cruz Azul,3.0,0.0,1.0,0.0,footballcsv,1895,1473.445957254259,1534.0624982692063,-60.616541014947416,2,2,1,11.0,7.0,5,3,3,4,13.0,14.0,10,2.0,6.0,2.0,1.0,1.0,0.6666666666666666,0.3333333333333333,2.0,6.0,2.0,7.0,-5.0,0.4,1.4,3.0,10.0,8.0,16.0,-8.0,0.8,1.6,0.6666666666666666,0.4,0.3,213,8.0,0.6,1.2,1.2,2.0,6.0,6.0,3.0,3.0,2.0,1.0,4.0,12.0,10.0,3.0,7.0,2.0,0.6,7.0,22.0,16.0,6.0,10.0,1.6,0.6,0.3333333333333333,0.6,0.5,217,7.0,0.4,1.2,1.0,H,3.0
2024-03-09,2023-24,Clausura,11,False,Pachuca,Querétaro,1.0,2.0,0.0,1.0,footballcsv,1896,1592.8138419710863,1452.5105603594407,140.30328161164562,3,2,0,8.0,3.0,5,5,3,2,15.0,9.0,10,2.0,7.0,8.0,4.0,4.0,2.6666666666666665,1.3333333333333333,3.0,10.0,12.0,8.0,4.0,2.4,1.6,7.0,22.0,24.0,18.0,6.0,2.4,1.8,0.0,0.0,0.1,214,7.0,1.0,3.0,2.0,2.0,6.0,6.0,2.0,4.0,2.0,0.6666666666666666,2.0,8.0,8.0,4.0,4.0,1.6,0.8,2.0,11.0,13.0,13.0,0.0,1.3,1.3,0.3333333333333333,0.2,0.1,195,8.0,0.4,1.4,0.8,A,3.0
2024-03-09,2023-24,Clausura,11,False,América,Tigres UANL,2.0,0.0,1.0,0.0,footballcsv,1897,1693.925552540567,1621.460255696179,72.46529684438792,2,3,0,5.0,2.0,5,7,3,0,15.0,4.0,10,2.0,7.0,8.0,3.0,5.0,2.6666666666666665,1.0,3.0,10.0,10.0,5.0,5.0,2.0,1.0,6.0,21.0,17.0,6.0,11.0,1.7,0.6,0.3333333333333333,0.4,0.6,230,7.0,0.4,1.2,0.6,1.0,4.0,3.0,3.0,0.0,1.0,1.0,2.0,7.0,6.0,4.0,2.0,1.2,0.8,5.0,18.0,14.0,9.0,5.0,1.4,0.9,0.3333333333333333,0.4,0.3,229,7.0,0.4,1.4,1.0,H,2.0
2024-03-09,2023-24,Clausura,11,False,Guadalajara,León,1.0,2.0,0.0,1.0,footballcsv,1898,1554.333140361593,1511.9190218192607,42.41411854233229,2,1,2,5.0,6.0,5,4,3,3,11.0,9.0,10,1.0,3.0,3.0,5.0,-2.0,1.0,1.6666666666666667,2.0,7.0,7.0,8.0,-1.0,1.4,1.6,4.0,15.0,14.0,13.0,1.0,1.4,1.3,0.0,0.0,0.1,210,7.0,0.8,2.0,1.0,1.0,4.0,4.0,4.0,0.0,1.3333333333333333,1.3333333333333333,2.0,7.0,5.0,5.0,0.0,1.0,1.0,3.0,11.0,14.0,18.0,-4.0,1.4,1.8,0.3333333333333333,0.4,0.2,218,6.0,0.2,1.4,2.0,A,3.0
2024-03-10,2023-24,Clausura,11,False,Monterrey,Mazatlán FC,2.0,1.0,2.0,0.0,footballcsv,1900,1650.3369343202303,1435.897891892182,214.4390424280482,3,2,0,8.0,2.0,5,5,2,0,11.0,3.0,7,2.0,7.0,7.0,1.0,6.0,2.3333333333333335,0.3333333333333333,3.0,11.0,10.0,3.0,7.0,2.0,0.6,6.0,22.0,19.0,6.0,13.0,1.9,0.6,0.6666666666666666,0.6,0.5,222,7.0,0.6,2.0,0.8,1.0,4.0,4.0,4.0,0.0,1.3333333333333333,1.3333333333333333,2.0,8.0,8.0,6.0,2.0,1.6,1.2,2.0,9.0,14.0,18.0,-4.0,1.4,1.8,0.0,0.2,0.1,131,9.0,0.0,1.2,2.4,H,3.0
2024-03-10,2023-24,Clausura,11,False,Pumas UNAM,Tijuana,3.0,3.0,2.0,1.0,footballcsv,1899,1528.183120856943,1428.6225541411718,99.5605667157713,2,2,1,7.0,5.0,5,5,3,2,12.0,6.0,10,1.0,3.0,4.0,6.0,-2.0,1.3333333333333333,2.0,2.0,7.0,7.0,6.0,1.0,1.4,1.2,4.0,15.0,16.0,14.0,2.0,1.6,1.4,0.3333333333333333,0.6,0.4,211,7.0,0.8,2.4,0.6,0.0,2.0,2.0,4.0,-2.0,0.6666666666666666,1.3333333333333333,0.0,4.0,6.0,8.0,-2.0,1.2,1.6,0.0,6.0,9.0,15.0,-6.0,0.9,1.5,0.0,0.0,0.1,193,7.0,0.0,1.0,1.8,D,6.0
2024-03-15,2023-24,Clausura,12,False,Tijuana,Santos Laguna,2.0,2.0,0.0,1.0,footballcsv,1902,1433.3749493350103,1486.4219603730573,-53.047011038047,1,0,4,5.0,12.0,5,2,1,7,9.0,21.0,10,0.0,3.0,5.0,5.0,0.0,1.6666666666666667,1.6666666666666667,0.0,4.0,8.0,10.0,-2.0,1.6,2.0,0.0,7.0,12.0,16.0,-4.0,1.2,1.6,0.0,0.0,0.1,194,5.0,0.0,0.8,1.2,3.0,9.0,5.0,0.0,5.0,1.6666666666666667,0.0,3.0,9.0,5.0,4.0,1.0,1.0,0.8,4.0,12.0,10.0,15.0,-5.0,1.0,1.5,1.0,0.6,0.4,214,6.0,0.2,0.6,2.0,D,4.0
2024-03-15,2023-24,Clausura,12,False,Querétaro,FC Juárez,1.0,0.0,1.0,0.0,footballcsv,1901,1463.32960240209,1376.8878809851958,86.4417214168941,2,3,0,10.0,3.0,5,4,3,1,13.0,4.0,8,2.0,6.0,6.0,3.0,3.0,2.0,1.0,3.0,10.0,9.0,4.0,5.0,1.8,0.8,3.0,13.0,13.0,12.0,1.0,1.3,1.2,0.0,0.2,0.1,196,6.0,0.2,1.4,1.4,0.0,1.0,3.0,5.0,-2.0,1.0,1.6666666666666667,0.0,1.0,4.0,10.0,-6.0,0.8,2.0,0.0,3.0,7.0,17.0,-10.0,0.7,1.7,0.0,0.0,0.1,158,7.0,0.0,0.8,1.8,H,1.0
2024-03-16,2023-24,Clausura,12,False,Cruz Azul,Necaxa,1.0,2.0,1.0,2.0,footballcsv,1903,1521.086495150408,1470.3518197293172,50.73467542109074,2,1,2,6.0,5.0,5,6,2,2,15.0,7.0,10,1.0,3.0,3.0,4.0,-1.0,1.0,1.3333333333333333,3.0,9.0,7.0,6.0,1.0,1.4,1.2,7.0,22.0,16.0,8.0,8.0,1.6,0.8,0.3333333333333333,0.4,0.5,218,7.0,1.0,2.0,0.2,1.0,4.0,5.0,4.0,1.0,1.6666666666666667,1.3333333333333333,2.0,8.0,7.0,5.0,2.0,1.4,1.0,3.0,15.0,16.0,13.0,3.0,1.6,1.3,0.0,0.2,0.2,201,8.0,0.2,1.6,1.6,A,3.0
2024-03-16,2023-24,Clausura,12,False,León,Puebla,2.0,1.0,1.0,0.0,footballcsv,1904,1521.1964207078713,1427.945301160393,93.25111954747831,2,1,2,9.0,7.0,5,4,1,5,15.0,13.0,10,2.0,7.0,4.0,2.0,2.0,1.3333333333333333,0.6666666666666666,3.0,10.0,7.0,5.0,2.0,1.4,1.0,4.0,14.0,15.0,17.0,-2.0,1.5,1.7,0.3333333333333333,0.4,0.2,219,7.0,0.4,1.4,1.6,0.0,1.0,2.0,8.0,-6.0,0.6666666666666666,2.6666666666666665,0.0,1.0,3.0,15.0,-12.0,0.6,3.0,1.0,5.0,8.0,25.0,-17.0,0.8,2.5,0.0,0.0,0.0,210,8.0,0.0,0.0,3.0,H,3.0
2024-03-16,2023-24,Clausura,12,False,Tigres UANL,Mazatlán FC,5.0,1.0,2.0,0.0,footballcsv,1905,1615.426013052515,1434.001194401,181.4248186515149,4,0,1,12.0,7.0,5,4,1,2,14.0,10.0,7,1.0,3.0,2.0,4.0,-2.0,0.6666666666666666,1.3333333333333333,1.0,4.0,3.0,6.0,-3.0,0.6,1.2,4.0,15.0,12.0,10.0,2.0,1.2,1.0,0.3333333333333333,0.2,0.3,230,7.0,0.4,1.2,0.8,1.0,3.0,3.0,4.0,-1.0,1.0,1.3333333333333333,1.0,5.0,7.0,8.0,-1.0,1.4,1.6,2.0,9.0,15.0,19.0,-4.0,1.5,1.9,0.0,0.0,0.1,132,6.0,0.0,1.2,2.0,H,6.0
2024-03-16,2023-24,Clausura,12,False,Guadalajara,América,0.0,0.0,0.0,0.0,footballcsv,1906,1545.0557414729824,1699.959795184231,-154.9040537112487,1,0,4,6.0,12.0,5,3,2,5,9.0,16.0,10,1.0,3.0,4.0,6.0,-2.0,1.3333333333333333,2.0,1.0,4.0,6.0,9.0,-3.0,1.2,1.8,4.0,14.0,14.0,14.0,0.0,1.4,1.4,0.0,0.0,0.1,211,7.0,0.6,2.0,1.4,3.0,9.0,8.0,1.0,7.0,2.6666666666666665,0.3333333333333333,3.0,10.0,11.0,5.0,6.0,2.2,1.0,6.0,21.0,17.0,6.0,11.0,1.7,0.6,0.6666666666666666,0.4,0.6,231,7.0,0.6,1.8,0.6,D,0.0
2024-03-17,2023-24,Clausura,12,False,Toluca,Pumas UNAM,3.0,0.0,2.0,0.0,footballcsv,1907,1568.2236275353941,1523.4307256631046,44.792901872289576,0,2,3,5.0,13.0,5,2,2,6,11.0,20.0,10,2.0,7.0,5.0,2.0,3.0,1.6666666666666667,0.6666666666666666,3.0,11.0,6.0,2.0,4.0,1.2,0.4,5.0,19.0,20.0,11.0,9.0,2.0,1.1,0.3333333333333333,0.6,0.3,208,9.0,1.0,2.6,0.6,0.0,1.0,4.0,9.0,-5.0,1.3333333333333333,3.0,1.0,5.0,7.0,9.0,-2.0,1.4,1.8,3.0,13.0,18.0,17.0,1.0,1.8,1.7,0.0,0.4,0.3,212,7.0,0.0,0.8,2.2,H,3.0
2024-03-17,2023-24,Clausura,12,False,Atlas,Monterrey,1.0,2.0,0.0,1.0,footballcsv,1908,1463.0051011055295,1652.2336318114124,-189.2285307058828,0,2,3,1.0,6.0,5,1,4,5,4.0,12.0,10,0.0,2.0,4.0,8.0,-4.0,1.3333333333333333,2.6666666666666665,0.0,3.0,4.0,9.0,-5.0,0.8,1.8,2.0,10.0,12.0,16.0,-4.0,1.2,1.6,0.0,0.2,0.3,208,9.0,0.4,1.2,1.4,2.0,7.0,6.0,2.0,4.0,2.0,0.6666666666666666,3.0,11.0,9.0,2.0,7.0,1.8,0.4,6.0,22.0,19.0,7.0,12.0,1.9,0.7,0.3333333333333333,0.6,0.4,223,7.0,0.4,1.4,0.6,A,3.0
2024-03-17,2023-24,Clausura,12,False,Atlético San Luis,Pachuca,2.0,1.0,1.0,0.0,footballcsv,1909,1472.9271557884967,1581.994799928437,-109.06764413994028,1,1,3,8.0,9.0,5,2,2,6,12.0,19.0,10,1.0,3.0,6.0,7.0,-1.0,2.0,2.3333333333333335,1.0,4.0,9.0,11.0,-2.0,1.8,2.2,2.0,7.0,14.0,22.0,-8.0,1.4,2.2,0.3333333333333333,0.2,0.1,170,9.0,0.4,2.2,1.6,1.0,4.0,5.0,5.0,0.0,1.6666666666666667,1.6666666666666667,3.0,10.0,11.0,7.0,4.0,2.2,1.4,6.0,19.0,24.0,20.0,4.0,2.4,2.0,0.0,0.0,0.0,215,8.0,0.4,1.8,1.6,H,3.0
2024-03-23,2023-24,Clausura,7,False,FC Juárez,Puebla,4.0,3.0,1.0,1.0,footballcsv,1910,1373.3146365446476,1424.4823629349762,-51.16772639032865,0,2,3,3.0,8.0,5,1,2,5,5.0,14.0,8,0.0,1.0,3.0,5.0,-2.0,1.0,1.6666666666666667,0.0,1.0,3.0,9.0,-6.0,0.6,1.8,0.0,3.0,7.0,17.0,-10.0,0.7,1.7,0.0,0.0,0.1,159,8.0,0.0,0.6,1.6,0.0,1.0,3.0,8.0,-5.0,1.0,2.6666666666666665,0.0,1.0,4.0,14.0,-10.0,0.8,2.8,1.0,5.0,9.0,25.0,-16.0,0.9,2.5,0.0,0.0,0.0,211,7.0,0.0,0.2,2.8,H,7.0
2024-03-29,2023-24,Clausura,13,False,Puebla,Tigres UANL,2.0,3.0,1.0,0.0,footballcsv,1911,1418.2070309791204,1620.653484108439,-202.44645312931857,0,2,3,3.0,8.0,5,2,4,4,10.0,13.0,10,0.0,1.0,6.0,8.0,-2.0,2.0,2.6666666666666665,0.0,1.0,6.0,14.0,-8.0,1.2,2.8,1.0,5.0,11.0,27.0,-16.0,1.1,2.7,0.0,0.0,0.0,212,6.0,0.2,1.4,2.2,1.0,3.0,6.0,5.0,1.0,2.0,1.6666666666666667,2.0,7.0,8.0,6.0,2.0,1.6,1.2,4.0,15.0,16.0,11.0,5.0,1.6,1.1,0.0,0.2,0.2,231,13.0,0.2,1.0,1.2,A,5.0
2024-03-29,2023-24,Clausura,13,False,Mazatlán FC,Tijuana,2.0,0.0,1.0,0.0,footballcsv,1912,1428.773723345076,1432.6007324556524,-3.827009110576455,1,2,2,4.0,5.0,5,3,2,2,8.0,7.0,7,1.0,3.0,4.0,8.0,-4.0,1.3333333333333333,2.6666666666666665,1.0,4.0,6.0,11.0,-5.0,1.2,2.2,2.0,9.0,15.0,20.0,-5.0,1.5,2.0,0.0,0.0,0.1,133,13.0,0.4,1.6,1.2,0.0,3.0,6.0,6.0,0.0,2.0,2.0,0.0,4.0,7.0,9.0,-2.0,1.4,1.8,0.0,7.0,14.0,18.0,-4.0,1.4,1.8,0.0,0.0,0.0,195,14.0,0.0,1.6,2.4,H,2.0
2024-03-29,2023-24,Clausura,13,False,América,Atlético San Luis,2.0,1.0,0.0,0.0,footballcsv,1913,1697.836675629109,1480.4371888647672,217.39948676434187,3,0,2,10.0,5.0,5,7,0,3,21.0,10.0,10,2.0,7.0,7.0,1.0,6.0,2.3333333333333335,0.3333333333333333,3.0,11.0,10.0,3.0,7.0,2.0,0.6,5.0,19.0,15.0,6.0,9.0,1.5,0.6,0.6666666666666666,0.6,0.6,232,13.0,0.6,1.6,0.6,2.0,6.0,7.0,4.0,3.0,2.3333333333333335,1.3333333333333333,2.0,6.0,8.0,9.0,-1.0,1.6,1.8,2.0,7.0,13.0,22.0,-9.0,1.3,2.2,0.3333333333333333,0.2,0.1,171,12.0,0.0,0.6,2.8,H,3.0
2024-03-30,2023-24,Clausura,13,False,Pachuca,Toluca,2.0,3.0,1.0,3.0,footballcsv,1914,1574.4847668521666,1576.823074040174,-2.3383071880075477,3,0,2,13.0,10.0,5,5,1,4,19.0,14.0,10,1.0,3.0,5.0,6.0,-1.0,1.6666666666666667,2.0,2.0,7.0,10.0,8.0,2.0,2.0,1.6,6.0,19.0,24.0,19.0,5.0,2.4,1.9,0.0,0.0,0.0,216,13.0,0.8,2.4,1.8,2.0,7.0,6.0,2.0,4.0,2.0,0.6666666666666666,4.0,13.0,9.0,2.0,7.0,1.8,0.4,5.0,19.0,19.0,10.0,9.0,1.9,1.0,0.3333333333333333,0.6,0.4,209,13.0,0.0,1.4,1.6,A,5.0
2024-03-30,2023-24,Clausura,13,False,Monterrey,Guadalajara,0.0,2.0,0.0,0.0,footballcsv,1915,1656.8269622036253,1547.1788610281044,109.64810117552088,2,1,2,5.0,4.0,5,3,3,4,11.0,11.0,10,3.0,9.0,7.0,2.0,5.0,2.3333333333333335,0.6666666666666666,4.0,13.0,11.0,3.0,8.0,2.2,0.6,6.0,22.0,19.0,8.0,11.0,1.9,0.8,0.3333333333333333,0.4,0.3,224,13.0,0.8,2.2,0.8,0.0,1.0,1.0,5.0,-4.0,0.3333333333333333,1.6666666666666667,1.0,4.0,4.0,7.0,-3.0,0.8,1.4,4.0,15.0,14.0,13.0,1.0,1.4,1.3,0.3333333333333333,0.2,0.2,212,14.0,0.2,1.0,1.4,A,2.0
2024-03-30,2023-24,Clausura,13,False,Pumas UNAM,Cruz Azul,0.0,0.0,0.0,0.0,footballcsv,1916,1514.8312791583246,1511.6633217596511,3.1679573986734795,2,0,3,10.0,9.0,5,4,1,5,17.0,16.0,10,0.0,1.0,3.0,9.0,-6.0,1.0,3.0,1.0,4.0,7.0,12.0,-5.0,1.4,2.4,3.0,13.0,17.0,17.0,0.0,1.7,1.7,0.0,0.2,0.3,213,13.0,0.6,2.8,1.2,1.0,3.0,4.0,5.0,-1.0,1.3333333333333333,1.6666666666666667,2.0,6.0,7.0,8.0,-1.0,1.4,1.6,7.0,21.0,17.0,10.0,7.0,1.7,1.0,0.3333333333333333,0.2,0.4,219,14.0,0.4,1.2,1.4,D,0.0
2024-03-31,2023-24,Clausura,13,False,Necaxa,León,1.0,2.0,0.0,0.0,footballcsv,1919,1479.774993120074,1524.659358933288,-44.88436581321412,1,1,3,5.0,9.0,5,1,1,8,10.0,22.0,10,2.0,6.0,6.0,4.0,2.0,2.0,1.3333333333333333,3.0,10.0,8.0,5.0,3.0,1.6,1.0,3.0,15.0,16.0,13.0,3.0,1.6,1.3,0.0,0.2,0.2,202,15.0,0.4,1.6,1.0,2.0,7.0,5.0,3.0,2.0,1.6666666666666667,1.0,3.0,10.0,8.0,6.0,2.0,1.6,1.2,4.0,14.0,14.0,16.0,-2.0,1.4,1.6,0.0,0.2,0.2,220,15.0,0.4,1.4,1.8,A,3.0
2024-03-31,2023-24,Clausura,13,False,FC Juárez,Santos Laguna,2.0,1.0,0.0,0.0,footballcsv,1917,1379.5899685005033,1487.1961772524153,-107.60620875191194,1,1,3,4.0,10.0,5,1,2,6,8.0,19.0,9,1.0,4.0,5.0,5.0,0.0,1.6666666666666667,1.6666666666666667,1.0,4.0,7.0,9.0,-2.0,1.4,1.8,1.0,5.0,11.0,20.0,-9.0,1.1,2.0,0.0,0.0,0.0,160,8.0,0.2,1.4,2.2,2.0,7.0,6.0,2.0,4.0,2.0,0.6666666666666666,3.0,10.0,7.0,3.0,4.0,1.4,0.6,4.0,13.0,12.0,15.0,-3.0,1.2,1.5,0.6666666666666666,0.6,0.4,215,16.0,0.2,0.6,1.8,H,3.0
2024-03-31,2023-24,Clausura,13,False,Atlas,Querétaro,2.0,3.0,2.0,1.0,footballcsv,1918,1458.4117707133166,1466.9028468426382,-8.491076129321527,3,1,1,10.0,6.0,5,6,2,1,15.0,7.0,9,0.0,1.0,4.0,9.0,-5.0,1.3333333333333333,3.0,0.0,2.0,5.0,11.0,-6.0,1.0,2.2,2.0,9.0,13.0,18.0,-5.0,1.3,1.8,0.0,0.0,0.2,209,14.0,0.2,1.0,1.6,2.0,6.0,3.0,2.0,1.0,1.0,0.6666666666666666,4.0,12.0,9.0,3.0,6.0,1.8,0.6,4.0,16.0,14.0,10.0,4.0,1.4,1.0,0.3333333333333333,0.4,0.2,197,16.0,0.4,1.2,1.0,A,5.0
2024-04-05,2023-24,Clausura,14,False,Mazatlán FC,Pumas UNAM,0.0,4.0,0.0,1.0,footballcsv,1920,1437.1007589626427,1512.4822105765702,-75.38145161392754,0,4,1,5.0,6.0,5,0,5,2,5.0,9.0,7,1.0,3.0,4.0,7.0,-3.0,1.3333333333333333,2.3333333333333335,2.0,6.0,6.0,9.0,-3.0,1.2,1.8,3.0,12.0,16.0,18.0,-2.0,1.6,1.8,0.3333333333333333,0.2,0.2,134,7.0,0.6,2.0,1.0,0.0,2.0,3.0,6.0,-3.0,1.0,2.0,0.0,2.0,4.0,12.0,-8.0,0.8,2.4,2.0,11.0,14.0,16.0,-2.0,1.4,1.6,0.3333333333333333,0.2,0.4,214,6.0,0.0,0.6,2.2,A,4.0
2024-04-05,2023-24,Clausura,14,False,Tijuana,Necaxa,2.0,3.0,1.0,1.0,footballcsv,1921,1424.2736968380857,1472.145326895261,-47.87163005717525,0,4,1,4.0,7.0,5,3,4,3,10.0,13.0,10,0.0,2.0,5.0,7.0,-2.0,1.6666666666666667,2.3333333333333335,0.0,4.0,7.0,9.0,-2.0,1.4,1.8,0.0,6.0,13.0,19.0,-6.0,1.3,1.9,0.0,0.0,0.0,196,7.0,0.0,1.2,1.2,2.0,6.0,6.0,4.0,2.0,2.0,1.3333333333333333,2.0,7.0,8.0,7.0,1.0,1.6,1.4,3.0,14.0,17.0,15.0,2.0,1.7,1.5,0.0,0.0,0.1,203,5.0,0.2,1.6,1.6,A,5.0
2024-04-06,2023-24,Clausura,14,False,Tigres UANL,Pachuca,0.0,3.0,0.0,0.0,footballcsv,1922,1624.9967238786162,1566.0292141665902,58.96750971202596,2,1,2,7.0,6.0,5,3,2,5,12.0,12.0,10,2.0,6.0,8.0,5.0,3.0,2.6666666666666665,1.6666666666666667,3.0,9.0,10.0,7.0,3.0,2.0,1.4,4.0,15.0,17.0,12.0,5.0,1.7,1.2,0.0,0.2,0.2,232,8.0,0.6,2.0,0.8,0.0,0.0,4.0,7.0,-3.0,1.3333333333333333,2.3333333333333335,1.0,4.0,8.0,10.0,-2.0,1.6,2.0,5.0,16.0,22.0,19.0,3.0,2.2,1.9,0.0,0.0,0.0,217,7.0,0.2,1.8,2.0,A,3.0
2024-04-06,2023-24,Clausura,14,False,Guadalajara,Puebla,3.0,2.0,1.0,0.0,footballcsv,1923,1563.6295281614873,1413.8637912089432,149.7657369525441,2,1,2,6.0,5.0,5,3,4,3,12.0,10.0,10,1.0,4.0,3.0,2.0,1.0,1.0,0.6666666666666666,2.0,7.0,6.0,6.0,0.0,1.2,1.2,5.0,17.0,15.0,12.0,3.0,1.5,1.2,0.6666666666666666,0.4,0.3,213,7.0,0.6,1.8,1.2,0.0,0.0,6.0,9.0,-3.0,2.0,3.0,0.0,1.0,8.0,15.0,-7.0,1.6,3.0,1.0,4.0,12.0,29.0,-17.0,1.2,2.9,0.0,0.0,0.0,213,8.0,0.0,0.8,3.2,H,5.0
2024-04-06,2023-24,Clausura,14,False,Cruz Azul,Monterrey,2.0,1.0,0.0,0.0,footballcsv,1924,1514.0123903414055,1640.3762950702423,-126.36390472883681,1,1,3,6.0,10.0,5,2,3,5,11.0,18.0,10,0.0,1.0,1.0,5.0,-4.0,0.3333333333333333,1.6666666666666667,1.0,4.0,4.0,6.0,-2.0,0.8,1.2,6.0,19.0,15.0,9.0,6.0,1.5,0.9,0.3333333333333333,0.4,0.5,220,7.0,0.8,1.8,0.4,2.0,6.0,4.0,4.0,0.0,1.3333333333333333,1.3333333333333333,3.0,10.0,8.0,5.0,3.0,1.6,1.0,6.0,21.0,18.0,9.0,9.0,1.8,0.9,0.0,0.2,0.3,225,7.0,0.6,1.8,0.6,H,3.0
2024-04-06,2023-24,Clausura,14,False,Santos Laguna,América,1.0,1.0,0.0,0.0,footballcsv,1925,1479.7151072328109,1699.7040084457885,-219.98890121297768,0,2,3,11.0,14.0,5,1,4,5,16.0,21.0,10,1.0,4.0,6.0,4.0,2.0,2.0,1.3333333333333333,3.0,10.0,8.0,4.0,4.0,1.6,0.8,4.0,13.0,11.0,14.0,-3.0,1.1,1.4,0.3333333333333333,0.6,0.4,216,6.0,0.6,1.4,1.0,2.0,7.0,4.0,1.0,3.0,1.3333333333333333,0.3333333333333333,4.0,13.0,10.0,2.0,8.0,2.0,0.4,5.0,19.0,15.0,7.0,8.0,1.5,0.7,0.6666666666666666,0.6,0.5,233,8.0,0.4,1.4,0.6,D,2.0
2024-04-06,2023-24,Clausura,14,False,León,Querétaro,0.0,2.0,0.0,1.0,footballcsv,1926,1532.2890251581011,1475.2411396557252,57.04788550237595,3,2,0,9.0,3.0,5,8,2,0,25.0,7.0,10,3.0,9.0,6.0,3.0,3.0,2.0,1.0,4.0,13.0,8.0,4.0,4.0,1.6,0.8,5.0,16.0,14.0,15.0,-1.0,1.4,1.5,0.0,0.2,0.2,221,6.0,0.6,1.6,1.4,3.0,9.0,6.0,3.0,3.0,2.0,1.0,4.0,12.0,10.0,5.0,5.0,2.0,1.0,5.0,18.0,16.0,11.0,5.0,1.6,1.1,0.3333333333333333,0.2,0.2,198,6.0,0.6,1.8,1.0,A,2.0
2024-04-07,2023-24,Clausura,14,False,Toluca,Atlas,4.0,1.0,2.0,0.0,footballcsv,1927,1585.2786267257504,1450.0734779002296,135.20514882552084,1,3,1,5.0,6.0,5,4,4,2,12.0,10.0,10,2.0,7.0,7.0,3.0,4.0,2.3333333333333335,1.0,4.0,13.0,11.0,4.0,7.0,2.2,0.8,6.0,21.0,21.0,11.0,10.0,2.1,1.1,0.3333333333333333,0.4,0.4,210,8.0,1.0,2.4,0.4,0.0,1.0,5.0,7.0,-2.0,1.6666666666666667,2.3333333333333335,0.0,2.0,7.0,13.0,-6.0,1.4,2.6,1.0,6.0,13.0,20.0,-7.0,1.3,2.0,0.0,0.0,0.2,210,7.0,0.0,1.4,2.2,H,5.0
2024-04-08,2023-24,Clausura,14,False,Atlético San Luis,FC Juárez,2.0,3.0,2.0,2.0,footballcsv,1928,1478.5698560480878,1387.0710385201078,91.49881752798001,1,1,3,5.0,6.0,5,2,2,5,9.0,13.0,9,1.0,3.0,4.0,6.0,-2.0,1.3333333333333333,2.0,2.0,6.0,9.0,10.0,-1.0,1.8,2.0,2.0,7.0,13.0,22.0,-9.0,1.3,2.2,0.0,0.2,0.1,172,10.0,0.4,2.0,1.6,2.0,6.0,6.0,5.0,1.0,2.0,1.6666666666666667,2.0,7.0,9.0,9.0,0.0,1.8,1.8,2.0,8.0,13.0,19.0,-6.0,1.3,1.9,0.0,0.0,0.0,161,8.0,0.0,0.8,1.8,A,5.0
2024-04-12,2023-24,Clausura,15,False,Necaxa,Santos Laguna,2.0,0.0,1.0,0.0,footballcsv,1930,1479.7159510666538,1483.5395575595885,-3.8236064929346867,2,1,2,10.0,9.0,5,5,1,4,19.0,16.0,10,2.0,6.0,6.0,5.0,1.0,2.0,1.6666666666666667,3.0,9.0,10.0,8.0,2.0,2.0,1.6,4.0,16.0,18.0,15.0,3.0,1.8,1.5,0.0,0.0,0.1,204,7.0,0.4,1.8,1.4,0.0,2.0,4.0,5.0,-1.0,1.3333333333333333,1.6666666666666667,2.0,8.0,8.0,5.0,3.0,1.6,1.0,3.0,11.0,9.0,15.0,-6.0,0.9,1.5,0.0,0.4,0.3,217,6.0,0.2,0.8,1.6,H,2.0
2024-04-12,2023-24,Clausura,15,False,Querétaro,Mazatlán FC,0.0,2.0,0.0,1.0,footballcsv,1929,1490.349200108426,1420.792445820943,69.55675428748305,1,2,2,5.0,7.0,5,1,3,3,6.0,11.0,7,3.0,9.0,6.0,2.0,4.0,2.0,0.6666666666666666,4.0,12.0,8.0,4.0,4.0,1.6,0.8,6.0,20.0,17.0,10.0,7.0,1.7,1.0,0.6666666666666666,0.4,0.3,199,6.0,0.4,1.4,1.2,1.0,3.0,3.0,9.0,-6.0,1.0,3.0,2.0,6.0,6.0,12.0,-6.0,1.2,2.4,3.0,11.0,14.0,20.0,-6.0,1.4,2.0,0.3333333333333333,0.2,0.2,135,7.0,0.0,1.2,2.6,A,2.0
2024-04-12,2023-24,Clausura,15,False,Puebla,Cruz Azul,0.0,1.0,0.0,0.0,footballcsv,1931,1411.2230997008078,1521.863387855806,-110.64028815499819,2,2,1,9.0,8.0,5,3,5,2,13.0,14.0,10,0.0,0.0,7.0,10.0,-3.0,2.3333333333333335,3.3333333333333335,0.0,1.0,10.0,14.0,-4.0,2.0,2.8,1.0,4.0,14.0,29.0,-15.0,1.4,2.9,0.0,0.0,0.0,214,6.0,0.2,1.6,2.6,1.0,4.0,3.0,3.0,0.0,1.0,1.0,2.0,7.0,6.0,6.0,0.0,1.2,1.2,6.0,19.0,16.0,10.0,6.0,1.6,1.0,0.3333333333333333,0.4,0.4,221,6.0,0.4,1.2,1.4,A,1.0
2024-04-13,2023-24,Clausura,15,False,Pachuca,Guadalajara,0.0,1.0,0.0,1.0,footballcsv,1934,1585.1591392363664,1566.2702196696227,18.888919566743652,1,3,1,3.0,3.0,5,3,6,1,12.0,8.0,10,1.0,3.0,6.0,5.0,1.0,2.0,1.6666666666666667,2.0,6.0,10.0,9.0,1.0,2.0,1.8,5.0,16.0,22.0,17.0,5.0,2.2,1.7,0.3333333333333333,0.2,0.1,218,7.0,0.6,2.2,2.0,2.0,7.0,5.0,2.0,3.0,1.6666666666666667,0.6666666666666666,2.0,7.0,6.0,7.0,-1.0,1.2,1.4,5.0,17.0,15.0,12.0,3.0,1.5,1.2,0.6666666666666666,0.4,0.3,214,7.0,0.4,1.2,1.2,A,1.0
2024-04-13,2023-24,Clausura,15,False,Monterrey,Tigres UANL,3.0,3.0,1.0,2.0,footballcsv,1933,1632.525297555842,1605.86679880884,26.658498747001886,1,2,2,2.0,5.0,5,2,2,6,5.0,13.0,10,1.0,3.0,3.0,5.0,-2.0,1.0,1.6666666666666667,3.0,9.0,8.0,6.0,2.0,1.6,1.2,5.0,18.0,16.0,10.0,6.0,1.6,1.0,0.0,0.2,0.3,226,7.0,0.6,1.6,1.0,2.0,6.0,8.0,6.0,2.0,2.6666666666666665,2.0,2.0,6.0,9.0,10.0,-1.0,1.8,2.0,4.0,14.0,16.0,14.0,2.0,1.6,1.4,0.0,0.0,0.2,233,7.0,0.4,1.4,1.4,D,6.0
2024-04-13,2023-24,Clausura,15,False,América,Toluca,5.0,1.0,3.0,1.0,footballcsv,1932,1695.8795581190109,1590.9520326419547,104.92752547705618,1,3,1,6.0,6.0,5,3,4,3,13.0,13.0,10,1.0,5.0,3.0,2.0,1.0,1.0,0.6666666666666666,3.0,11.0,10.0,3.0,7.0,2.0,0.6,5.0,19.0,16.0,8.0,8.0,1.6,0.8,0.3333333333333333,0.4,0.4,234,7.0,0.6,1.6,0.8,3.0,9.0,10.0,3.0,7.0,3.3333333333333335,1.0,4.0,13.0,13.0,5.0,8.0,2.6,1.0,7.0,24.0,23.0,9.0,14.0,2.3,0.9,0.3333333333333333,0.2,0.4,211,6.0,0.2,1.8,1.8,H,6.0
2024-04-14,2023-24,Clausura,15,False,Pumas UNAM,León,1.0,0.0,0.0,0.0,footballcsv,1935,1528.79052371827,1517.1809647054004,11.609559012869568,3,2,0,12.0,7.0,5,3,3,4,14.0,16.0,10,1.0,4.0,4.0,3.0,1.0,1.3333333333333333,1.0,1.0,5.0,7.0,9.0,-2.0,1.4,1.8,3.0,13.0,16.0,14.0,2.0,1.6,1.4,0.6666666666666666,0.4,0.5,215,9.0,0.4,2.2,1.0,2.0,6.0,4.0,4.0,0.0,1.3333333333333333,1.3333333333333333,3.0,10.0,7.0,6.0,1.0,1.4,1.2,5.0,16.0,13.0,13.0,0.0,1.3,1.3,0.0,0.0,0.2,222,8.0,0.6,1.6,1.2,H,1.0
2024-04-14,2023-24,Clausura,15,False,FC Juárez,Tijuana,0.0,1.0,0.0,0.0,footballcsv,1936,1397.1707442211482,1416.7030726666928,-19.532328445544636,2,1,2,7.0,7.0,5,3,2,3,11.0,9.0,8,3.0,9.0,9.0,6.0,3.0,3.0,2.0,3.0,10.0,10.0,8.0,2.0,2.0,1.6,3.0,11.0,15.0,19.0,-4.0,1.5,1.9,0.0,0.0,0.0,162,6.0,0.4,1.8,2.0,0.0,1.0,4.0,7.0,-3.0,1.3333333333333333,2.3333333333333335,0.0,3.0,8.0,11.0,-3.0,1.6,2.2,0.0,6.0,15.0,21.0,-6.0,1.5,2.1,0.0,0.0,0.0,197,9.0,0.0,1.6,2.6,A,1.0
2024-04-14,2023-24,Clausura,15,False,Atlas,Atlético San Luis,2.0,1.0,1.0,1.0,footballcsv,1937,1444.4000719840253,1468.4701503470474,-24.07007836302205,2,1,2,8.0,7.0,5,3,2,3,13.0,11.0,8,0.0,0.0,4.0,9.0,-5.0,1.3333333333333333,3.0,0.0,1.0,7.0,16.0,-9.0,1.4,3.2,1.0,6.0,11.0,20.0,-9.0,1.1,2.0,0.0,0.0,0.2,211,7.0,0.0,0.8,2.2,1.0,3.0,5.0,6.0,-1.0,1.6666666666666667,2.0,2.0,6.0,10.0,9.0,1.0,2.0,1.8,2.0,7.0,14.0,22.0,-8.0,1.4,2.2,0.0,0.2,0.1,173,6.0,0.0,0.6,2.6,H,3.0
2024-04-19,2023-24,Clausura,16,False,Mazatlán FC,FC Juárez,0.0,2.0,0.0,0.0,footballcsv,1938,1436.2356912899036,1389.0449537357106,47.19073755419299,2,1,2,9.0,8.0,5,3,1,3,12.0,11.0,7,2.0,6.0,4.0,4.0,0.0,1.3333333333333333,1.3333333333333333,2.0,6.0,6.0,11.0,-5.0,1.2,2.2,4.0,14.0,14.0,17.0,-3.0,1.4,1.7,0.6666666666666666,0.4,0.3,136,7.0,0.6,1.6,1.4,2.0,6.0,5.0,4.0,1.0,1.6666666666666667,1.3333333333333333,3.0,9.0,9.0,8.0,1.0,1.8,1.6,3.0,10.0,13.0,18.0,-5.0,1.3,1.8,0.0,0.0,0.0,163,5.0,0.2,1.2,1.8,A,2.0
2024-04-19,2023-24,Clausura,16,False,Atlético San Luis,Toluca,1.0,5.0,1.0,2.0,footballcsv,1939,1462.7893823935035,1583.3374520047257,-120.54806961122222,2,0,3,4.0,7.0,5,2,1,5,7.0,13.0,8,0.0,0.0,4.0,7.0,-3.0,1.3333333333333333,2.3333333333333335,1.0,3.0,7.0,11.0,-4.0,1.4,2.2,2.0,7.0,15.0,22.0,-7.0,1.5,2.2,0.0,0.0,0.1,174,5.0,0.4,2.2,1.8,2.0,6.0,8.0,8.0,0.0,2.6666666666666665,2.6666666666666665,3.0,10.0,12.0,9.0,3.0,2.4,1.8,6.0,21.0,20.0,13.0,7.0,2.0,1.3,0.0,0.2,0.4,212,6.0,0.2,1.6,2.2,A,6.0
2024-04-19,2023-24,Clausura,16,False,Tijuana,Puebla,3.0,1.0,0.0,1.0,footballcsv,1940,1424.8288631521305,1404.9881698272914,19.840693324839094,0,2,3,7.0,15.0,5,4,2,4,16.0,17.0,10,1.0,3.0,3.0,5.0,-2.0,1.0,1.6666666666666667,1.0,5.0,8.0,10.0,-2.0,1.6,2.0,1.0,9.0,14.0,18.0,-4.0,1.4,1.8,0.3333333333333333,0.2,0.1,198,5.0,0.0,1.4,1.6,0.0,0.0,4.0,7.0,-3.0,1.3333333333333333,2.3333333333333335,0.0,0.0,8.0,13.0,-5.0,1.6,2.6,0.0,1.0,11.0,28.0,-17.0,1.1,2.8,0.0,0.0,0.0,215,7.0,0.0,1.2,3.2,H,4.0
2024-04-20,2023-24,Clausura,16,False,León,Monterrey,2.0,0.0,1.0,0.0,footballcsv,1941,1512.2416074384546,1629.5483541041874,-117.30674666573282,1,2,2,4.0,9.0,5,3,4,3,13.0,16.0,10,1.0,3.0,2.0,4.0,-2.0,0.6666666666666666,1.3333333333333333,3.0,9.0,6.0,6.0,0.0,1.2,1.2,5.0,16.0,11.0,11.0,0.0,1.1,1.1,0.0,0.0,0.2,223,6.0,0.4,1.0,1.4,0.0,1.0,4.0,7.0,-3.0,1.3333333333333333,2.3333333333333335,2.0,7.0,8.0,9.0,-1.0,1.6,1.8,5.0,18.0,18.0,12.0,6.0,1.8,1.2,0.0,0.0,0.3,227,7.0,0.4,1.6,1.0,H,2.0
2024-04-20,2023-24,Clausura,16,False,Pumas UNAM,América,2.0,1.0,1.0,1.0,footballcsv,1942,1533.7298809852157,1703.4941387562399,-169.76425777102418,1,2,2,4.0,6.0,5,1,5,4,9.0,14.0,10,2.0,7.0,5.0,0.0,5.0,1.6666666666666667,0.0,2.0,8.0,8.0,6.0,2.0,1.6,1.2,4.0,15.0,15.0,12.0,3.0,1.5,1.2,1.0,0.6,0.6,216,6.0,0.6,2.0,0.6,2.0,7.0,8.0,3.0,5.0,2.6666666666666665,1.0,3.0,11.0,10.0,3.0,7.0,2.0,0.6,6.0,21.0,20.0,8.0,12.0,2.0,0.8,0.0,0.4,0.4,235,7.0,0.4,1.6,0.8,H,3.0
2024-04-20,2023-24,Clausura,16,False,Tigres UANL,Necaxa,5.0,2.0,0.0,1.0,footballcsv,1943,1608.8437422604945,1488.0428750871843,120.80086717331028,3,1,1,6.0,2.0,5,6,3,1,16.0,6.0,10,1.0,4.0,6.0,8.0,-2.0,2.0,2.6666666666666665,2.0,7.0,11.0,11.0,0.0,2.2,2.2,4.0,14.0,17.0,15.0,2.0,1.7,1.5,0.0,0.0,0.2,234,7.0,0.4,1.8,1.4,2.0,6.0,6.0,4.0,2.0,2.0,1.3333333333333333,4.0,12.0,11.0,6.0,5.0,2.2,1.2,5.0,18.0,18.0,13.0,5.0,1.8,1.3,0.3333333333333333,0.2,0.2,205,8.0,0.4,1.8,1.6,H,7.0
2024-04-20,2023-24,Clausura,16,False,Guadalajara,Querétaro,2.0,0.0,0.0,0.0,footballcsv,1944,1575.1229594128606,1474.9059546394653,100.21700477339527,1,3,1,6.0,6.0,5,2,7,1,13.0,12.0,10,3.0,9.0,6.0,2.0,4.0,2.0,0.6666666666666666,3.0,10.0,7.0,4.0,3.0,1.4,0.8,5.0,17.0,14.0,12.0,2.0,1.4,1.2,0.6666666666666666,0.6,0.3,215,7.0,0.6,1.8,1.2,2.0,6.0,5.0,4.0,1.0,1.6666666666666667,1.3333333333333333,4.0,12.0,8.0,5.0,3.0,1.6,1.0,6.0,20.0,16.0,9.0,7.0,1.6,0.9,0.3333333333333333,0.4,0.3,200,8.0,0.8,2.0,0.8,H,2.0
2024-04-20,2023-24,Clausura,16,False,Santos Laguna,Pachuca,0.0,2.0,0.0,0.0,footballcsv,1945,1475.212633539058,1576.3063994931285,-101.09376595407048,1,1,3,10.0,14.0,5,1,3,6,12.0,21.0,10,0.0,1.0,2.0,5.0,-3.0,0.6666666666666666,1.6666666666666667,1.0,5.0,7.0,7.0,0.0,1.4,1.4,3.0,11.0,9.0,14.0,-5.0,0.9,1.4,0.0,0.2,0.3,218,8.0,0.6,1.6,0.8,1.0,3.0,5.0,4.0,1.0,1.6666666666666667,1.3333333333333333,1.0,3.0,7.0,8.0,-1.0,1.4,1.6,4.0,13.0,19.0,16.0,3.0,1.9,1.6,0.3333333333333333,0.2,0.1,219,7.0,0.4,2.2,1.4,A,2.0
2024-04-21,2023-24,Clausura,16,False,Cruz Azul,Atlas,2.0,2.0,1.0,2.0,footballcsv,1946,1528.0983177293224,1450.0808399375692,78.01747779175321,2,0,3,4.0,6.0,5,4,1,5,11.0,12.0,10,2.0,7.0,3.0,1.0,2.0,1.0,0.3333333333333333,2.0,7.0,4.0,6.0,-2.0,0.8,1.2,6.0,19.0,14.0,9.0,5.0,1.4,0.9,0.6666666666666666,0.4,0.5,222,9.0,0.8,2.0,0.6,1.0,3.0,5.0,8.0,-3.0,1.6666666666666667,2.6666666666666665,1.0,4.0,8.0,12.0,-4.0,1.6,2.4,1.0,6.0,10.0,21.0,-11.0,1.0,2.1,0.0,0.0,0.1,212,7.0,0.0,1.4,2.6,D,4.0
2024-04-26,2023-24,Clausura,17,False,Querétaro,Pumas UNAM,1.0,1.0,0.0,0.0,footballcsv,1947,1469.592211013211,1542.4133731044578,-72.82116209124683,1,1,3,3.0,11.0,5,4,1,5,11.0,16.0,10,1.0,3.0,2.0,4.0,-2.0,0.6666666666666666,1.3333333333333333,3.0,9.0,6.0,6.0,0.0,1.2,1.2,6.0,19.0,15.0,10.0,5.0,1.5,1.0,0.3333333333333333,0.4,0.3,201,6.0,0.4,1.2,1.0,3.0,9.0,7.0,1.0,6.0,2.3333333333333335,0.3333333333333333,3.0,10.0,7.0,4.0,3.0,1.4,0.8,4.0,15.0,14.0,13.0,1.0,1.4,1.3,0.6666666666666666,0.6,0.5,217,6.0,0.2,1.0,1.8,D,2.0
2024-04-26,2023-24,Clausura,17,False,Puebla,América,1.0,2.0,1.0,2.0,footballcsv,1948,1397.418475734747,1694.8106466369977,-297.39217090225065,0,1,4,5.0,18.0,5,0,3,7,9.0,26.0,10,0.0,0.0,3.0,7.0,-4.0,1.0,2.3333333333333335,0.0,0.0,8.0,14.0,-6.0,1.6,2.8,0.0,1.0,12.0,28.0,-16.0,1.2,2.8,0.0,0.0,0.0,216,7.0,0.0,1.0,2.4,1.0,4.0,7.0,4.0,3.0,2.3333333333333335,1.3333333333333333,2.0,8.0,9.0,5.0,4.0,1.8,1.0,5.0,18.0,20.0,10.0,10.0,2.0,1.0,0.0,0.2,0.3,236,6.0,0.2,1.6,1.2,A,3.0
2024-04-27,2023-24,Clausura,17,False,FC Juárez,León,1.0,1.0,1.0,0.0,footballcsv,1953,1403.8823939930567,1524.4028791805836,-120.5204851875269,1,1,3,2.0,4.0,5,1,2,6,4.0,13.0,9,2.0,6.0,5.0,3.0,2.0,1.6666666666666667,1.0,4.0,12.0,11.0,7.0,4.0,2.2,1.4,4.0,13.0,14.0,16.0,-2.0,1.4,1.6,0.3333333333333333,0.2,0.1,164,8.0,0.4,1.4,1.8,1.0,3.0,2.0,3.0,-1.0,0.6666666666666666,1.0,3.0,9.0,6.0,5.0,1.0,1.2,1.0,6.0,19.0,13.0,10.0,3.0,1.3,1.0,0.3333333333333333,0.2,0.3,224,7.0,0.6,1.2,0.8,D,2.0
2024-04-27,2023-24,Clausura,17,False,Pachuca,Mazatlán FC,1.0,1.0,0.0,0.0,footballcsv,1952,1586.5283344068791,1421.3982510325575,165.13008337432166,2,2,1,9.0,7.0,5,3,2,2,13.0,11.0,7,2.0,6.0,5.0,1.0,4.0,1.6666666666666667,0.3333333333333333,2.0,6.0,8.0,6.0,2.0,1.6,1.2,5.0,16.0,19.0,13.0,6.0,1.9,1.3,0.6666666666666666,0.4,0.2,220,7.0,0.4,1.6,1.8,1.0,3.0,2.0,6.0,-4.0,0.6666666666666666,2.0,2.0,6.0,5.0,11.0,-6.0,1.0,2.2,3.0,11.0,12.0,19.0,-7.0,1.2,1.9,0.3333333333333333,0.4,0.2,137,8.0,0.2,1.2,2.0,D,2.0
2024-04-27,2023-24,Clausura,17,False,Toluca,Cruz Azul,0.0,1.0,0.0,1.0,footballcsv,1949,1597.3045634980585,1523.8398627466345,73.46470075142406,3,0,2,9.0,11.0,5,5,1,4,19.0,21.0,10,2.0,6.0,10.0,7.0,3.0,3.3333333333333335,2.3333333333333335,4.0,12.0,16.0,9.0,7.0,3.2,1.8,7.0,23.0,22.0,11.0,11.0,2.2,1.1,0.0,0.2,0.4,213,8.0,1.0,2.4,0.4,2.0,7.0,5.0,3.0,2.0,1.6666666666666667,1.0,2.0,8.0,6.0,5.0,1.0,1.2,1.0,5.0,17.0,13.0,11.0,2.0,1.3,1.1,0.3333333333333333,0.4,0.4,223,6.0,0.4,0.8,1.2,A,1.0
2024-04-27,2023-24,Clausura,17,False,Tigres UANL,Tijuana,4.0,1.0,1.0,0.0,footballcsv,1950,1614.9264781952354,1432.3985572446747,182.52792095056066,3,1,1,6.0,4.0,5,6,3,1,14.0,7.0,10,1.0,4.0,8.0,8.0,0.0,2.6666666666666665,2.6666666666666665,3.0,10.0,16.0,11.0,5.0,3.2,2.2,4.0,14.0,19.0,17.0,2.0,1.9,1.7,0.0,0.0,0.1,235,7.0,0.6,2.4,1.4,2.0,6.0,6.0,4.0,2.0,2.0,1.3333333333333333,2.0,7.0,8.0,8.0,0.0,1.6,1.6,2.0,11.0,16.0,18.0,-2.0,1.6,1.8,0.3333333333333333,0.2,0.1,199,8.0,0.2,1.4,2.0,H,5.0
2024-04-27,2023-24,Clausura,17,False,Atlas,Guadalajara,0.0,1.0,0.0,0.0,footballcsv,1951,1454.339294920257,1580.436703039115,-126.09740811885786,1,2,2,6.0,9.0,5,3,4,3,11.0,13.0,10,1.0,4.0,5.0,7.0,-2.0,1.6666666666666667,2.3333333333333335,1.0,4.0,8.0,12.0,-4.0,1.6,2.4,1.0,7.0,12.0,21.0,-9.0,1.2,2.1,0.0,0.0,0.1,213,6.0,0.2,1.2,2.4,3.0,9.0,6.0,2.0,4.0,2.0,0.6666666666666666,4.0,13.0,8.0,2.0,6.0,1.6,0.4,5.0,17.0,14.0,11.0,3.0,1.4,1.1,0.6666666666666666,0.8,0.4,216,7.0,0.4,1.0,1.2,A,1.0
2024-04-28,2023-24,Clausura,17,False,Santos Laguna,Atlético San Luis,0.0,3.0,0.0,2.0,footballcsv,1954,1464.9906986253075,1448.8222709001707,16.16842772513678,4,1,0,12.0,3.0,5,6,2,1,17.0,7.0,9,0.0,1.0,1.0,5.0,-4.0,0.3333333333333333,1.6666666666666667,0.0,2.0,4.0,9.0,-5.0,0.8,1.8,3.0,11.0,9.0,13.0,-4.0,0.9,1.3,0.0,0.0,0.3,219,8.0,0.4,1.0,1.2,0.0,0.0,4.0,10.0,-6.0,1.3333333333333333,3.3333333333333335,1.0,3.0,7.0,13.0,-6.0,1.4,2.6,2.0,7.0,16.0,24.0,-8.0,1.6,2.4,0.0,0.0,0.1,175,9.0,0.0,0.8,2.4,A,3.0
2024-04-28,2023-24,Clausura,17,False,Necaxa,Monterrey,2.0,5.0,0.0,0.0,footballcsv,1955,1481.9601391524434,1617.3870823620584,-135.42694320961505,1,0,4,3.0,11.0,5,1,3,6,8.0,18.0,10,2.0,6.0,7.0,7.0,0.0,2.3333333333333335,2.3333333333333335,3.0,9.0,10.0,10.0,0.0,2.0,2.0,5.0,17.0,17.0,15.0,2.0,1.7,1.5,0.3333333333333333,0.2,0.2,206,8.0,0.6,1.6,0.8,0.0,1.0,4.0,7.0,-3.0,1.3333333333333333,2.3333333333333335,1.0,4.0,6.0,10.0,-4.0,1.2,2.0,4.0,15.0,15.0,12.0,3.0,1.5,1.2,0.0,0.0,0.3,228,8.0,0.4,1.4,1.2,A,7.0
2024-05-02,2023-24,Clausura - Liguilla,Play-in round 1,True,Pachuca,Pumas UNAM,0.0,0.0,0.0,0.0,footballcsv,1956,1580.4496028623444,1542.6199672690957,37.82963559324867,1,2,2,4.0,6.0,5,1,6,3,8.0,11.0,10,1.0,4.0,3.0,2.0,1.0,1.0,0.6666666666666666,2.0,7.0,8.0,5.0,3.0,1.6,1.0,4.0,14.0,18.0,13.0,5.0,1.8,1.3,0.3333333333333333,0.4,0.2,221,5.0,0.2,1.4,1.8,2.0,7.0,4.0,2.0,2.0,1.3333333333333333,0.6666666666666666,3.0,11.0,8.0,2.0,6.0,1.6,0.4,4.0,15.0,15.0,14.0,1.0,1.5,1.4,0.3333333333333333,0.6,0.4,218,6.0,0.2,1.2,2.0,D,0.0
2024-05-02,2023-24,Clausura - Liguilla,Play-in round 1,True,Necaxa,Querétaro,1.0,1.0,0.0,0.0,footballcsv,1957,1470.5769877760117,1469.3856168485731,1.1913709274385837,2,2,1,5.0,4.0,5,4,3,3,11.0,12.0,10,1.0,3.0,6.0,10.0,-4.0,2.0,3.3333333333333335,2.0,6.0,10.0,14.0,-4.0,2.0,2.8,5.0,16.0,18.0,19.0,-1.0,1.8,1.9,0.3333333333333333,0.2,0.2,207,4.0,0.4,1.8,1.8,0.0,1.0,1.0,5.0,-4.0,0.3333333333333333,1.6666666666666667,2.0,7.0,6.0,7.0,-1.0,1.2,1.4,6.0,19.0,15.0,10.0,5.0,1.5,1.0,0.0,0.2,0.3,202,6.0,0.8,1.8,1.0,D,2.0
2024-05-05,2023-24,Clausura - Liguilla,Play-in round 2,True,Pachuca,Necaxa,2.0,1.0,0.0,0.0,footballcsv,1958,1577.1825002857263,1468.2817419736023,108.90075831212403,2,2,1,7.0,6.0,5,4,4,2,14.0,12.0,10,1.0,5.0,3.0,1.0,2.0,1.0,0.3333333333333333,2.0,8.0,6.0,2.0,4.0,1.2,0.4,3.0,12.0,14.0,12.0,2.0,1.4,1.2,0.6666666666666666,0.6,0.3,222,3.0,0.0,0.8,1.4,0.0,1.0,5.0,11.0,-6.0,1.6666666666666667,3.6666666666666665,2.0,7.0,10.0,13.0,-3.0,2.0,2.6,4.0,14.0,18.0,20.0,-2.0,1.8,2.0,0.0,0.2,0.1,208,3.0,0.4,1.8,2.2,H,3.0
2024-05-08,2023-24,Clausura - Liguilla,Quarterfinals,True,Pachuca,América,1.0,1.0,1.0,1.0,footballcsv,1959,1580.4010997094485,1697.6172140563576,-117.21611434690908,3,0,2,8.0,8.0,5,5,2,3,18.0,16.0,10,1.0,5.0,3.0,2.0,1.0,1.0,0.6666666666666666,2.0,8.0,5.0,3.0,2.0,1.0,0.6,4.0,14.0,15.0,12.0,3.0,1.5,1.2,0.3333333333333333,0.4,0.3,223,3.0,0.2,1.0,1.2,2.0,6.0,8.0,4.0,4.0,2.6666666666666665,1.3333333333333333,3.0,10.0,11.0,6.0,5.0,2.2,1.2,6.0,21.0,21.0,9.0,12.0,2.1,0.9,0.0,0.0,0.3,237,12.0,0.4,1.8,1.0,D,2.0
2024-05-08,2023-24,Clausura - Liguilla,Quarterfinals,True,Guadalajara,Toluca,1.0,0.0,0.0,0.0,footballcsv,1960,1586.3303804214986,1587.496126776477,-1.1657463549784097,1,3,1,6.0,6.0,5,3,5,2,14.0,11.0,10,3.0,9.0,4.0,0.0,4.0,1.3333333333333333,0.0,5.0,15.0,9.0,2.0,7.0,1.8,0.4,6.0,19.0,13.0,9.0,4.0,1.3,0.9,1.0,0.8,0.5,217,11.0,0.6,1.8,1.0,1.0,3.0,6.0,7.0,-1.0,2.0,2.3333333333333335,3.0,9.0,13.0,10.0,3.0,2.6,2.0,7.0,22.0,22.0,12.0,10.0,2.2,1.2,0.0,0.0,0.3,214,11.0,0.4,2.0,1.8,H,1.0
2024-05-09,2023-24,Clausura - Liguilla,Quarterfinals,True,Tigres UANL,Monterrey,1.0,2.0,1.0,1.0,footballcsv,1961,1619.4038205366603,1628.77023373849,-9.3664132018298,2,2,1,8.0,5.0,5,5,3,2,14.0,8.0,10,2.0,7.0,12.0,6.0,6.0,4.0,2.0,3.0,10.0,15.0,11.0,4.0,3.0,2.2,5.0,17.0,23.0,17.0,6.0,2.3,1.7,0.0,0.0,0.1,236,12.0,0.8,3.0,1.4,1.0,4.0,8.0,7.0,1.0,2.6666666666666665,2.3333333333333335,1.0,4.0,9.0,11.0,-2.0,1.8,2.2,5.0,17.0,20.0,14.0,6.0,2.0,1.4,0.0,0.0,0.2,229,11.0,0.4,1.8,1.6,A,3.0
2024-05-09,2023-24,Clausura - Liguilla,Quarterfinals,True,Pumas UNAM,Cruz Azul,0.0,2.0,0.0,1.0,footballcsv,1962,1545.8870698457138,1533.648299468216,12.238770377497758,1,1,3,6.0,6.0,5,4,1,5,16.0,15.0,10,1.0,5.0,3.0,2.0,1.0,1.0,0.6666666666666666,3.0,11.0,8.0,2.0,6.0,1.6,0.4,3.0,13.0,12.0,14.0,-2.0,1.2,1.4,0.3333333333333333,0.6,0.4,219,7.0,0.6,1.8,0.8,2.0,7.0,4.0,2.0,2.0,1.3333333333333333,0.6666666666666666,3.0,11.0,6.0,3.0,3.0,1.2,0.6,5.0,17.0,13.0,11.0,2.0,1.3,1.1,0.6666666666666666,0.6,0.4,224,12.0,0.4,0.4,0.8,A,2.0
2024-05-11,2023-24,Clausura - Liguilla,Quarterfinals,True,América,Pachuca,1.0,1.0,0.0,1.0,footballcsv,1963,1696.55012630339,1581.4681874624162,115.08193884097386,2,1,2,9.0,6.0,5,3,3,4,16.0,16.0,10,1.0,4.0,4.0,4.0,0.0,1.3333333333333333,1.3333333333333333,2.0,8.0,10.0,6.0,4.0,2.0,1.2,6.0,21.0,20.0,8.0,12.0,2.0,0.8,0.0,0.0,0.3,238,3.0,0.8,2.4,0.8,1.0,5.0,3.0,2.0,1.0,1.0,0.6666666666666666,2.0,9.0,6.0,3.0,3.0,1.2,0.6,3.0,12.0,13.0,11.0,2.0,1.3,1.1,0.3333333333333333,0.4,0.3,224,3.0,0.6,2.2,0.8,D,2.0
2024-05-11,2023-24,Clausura - Liguilla,Quarterfinals,True,Toluca,Guadalajara,0.0,0.0,0.0,0.0,footballcsv,1964,1582.297275660731,1591.5292315372446,-9.231955876513666,1,2,2,5.0,6.0,5,2,5,3,10.0,12.0,10,1.0,3.0,5.0,3.0,2.0,1.6666666666666667,1.0,2.0,6.0,10.0,9.0,1.0,2.0,1.8,6.0,19.0,21.0,13.0,8.0,2.1,1.3,0.0,0.0,0.2,215,3.0,0.8,2.2,0.6,3.0,9.0,4.0,0.0,4.0,1.3333333333333333,0.0,5.0,15.0,8.0,2.0,6.0,1.6,0.4,7.0,22.0,14.0,8.0,6.0,1.4,0.8,1.0,0.8,0.6,218,3.0,0.6,0.8,0.8,D,0.0
2024-05-12,2023-24,Clausura - Liguilla,Quarterfinals,True,Cruz Azul,Pumas UNAM,2.0,2.0,0.0,0.0,footballcsv,1966,1547.4844225299564,1532.0509467839734,15.43347574598306,3,1,1,6.0,5.0,5,6,1,3,16.0,14.0,10,2.0,7.0,5.0,2.0,3.0,1.6666666666666667,0.6666666666666666,4.0,13.0,8.0,3.0,5.0,1.6,0.6,5.0,17.0,12.0,9.0,3.0,1.2,0.9,0.6666666666666666,0.6,0.5,225,3.0,0.6,1.8,1.0,0.0,2.0,1.0,3.0,-2.0,0.3333333333333333,1.0,2.0,8.0,4.0,4.0,0.0,0.8,0.8,3.0,13.0,11.0,13.0,-2.0,1.1,1.3,0.3333333333333333,0.4,0.4,220,3.0,0.2,1.0,1.4,D,4.0
2024-05-12,2023-24,Clausura - Liguilla,Quarterfinals,True,Monterrey,Tigres UANL,1.0,1.0,0.0,1.0,footballcsv,1965,1637.0917740854215,1611.0822801897289,26.009493895692685,1,2,2,6.0,9.0,5,3,3,4,10.0,13.0,10,2.0,6.0,7.0,5.0,2.0,2.3333333333333335,1.6666666666666667,2.0,7.0,11.0,10.0,1.0,2.2,2.0,5.0,17.0,19.0,15.0,4.0,1.9,1.5,0.0,0.0,0.1,230,3.0,0.4,1.6,1.2,2.0,6.0,10.0,5.0,5.0,3.3333333333333335,1.6666666666666667,2.0,7.0,13.0,11.0,2.0,2.6,2.2,5.0,16.0,23.0,18.0,5.0,2.3,1.8,0.0,0.0,0.1,237,3.0,0.2,1.4,2.0,D,2.0
2024-05-15,2023-24,Clausura - Liguilla,Semifinals,True,Guadalajara,América,0.0,0.0,0.0,0.0,footballcsv,1967,1593.538390589049,1691.4592980781124,-97.92090748906344,1,1,3,5.0,10.0,5,2,3,5,8.0,16.0,10,2.0,7.0,2.0,0.0,2.0,0.6666666666666666,0.0,4.0,13.0,5.0,0.0,5.0,1.0,0.0,6.0,20.0,11.0,7.0,4.0,1.1,0.7,1.0,1.0,0.7,219,4.0,0.6,1.4,0.8,1.0,5.0,4.0,3.0,1.0,1.3333333333333333,1.0,2.0,8.0,10.0,6.0,4.0,2.0,1.2,5.0,19.0,20.0,9.0,11.0,2.0,0.9,0.0,0.0,0.2,239,4.0,0.2,1.0,1.0,D,0.0
2024-05-16,2023-24,Clausura - Liguilla,Semifinals,True,Monterrey,Cruz Azul,0.0,1.0,0.0,1.0,footballcsv,1968,1634.1318645022752,1544.8046841590951,89.32718034318009,2,1,2,8.0,6.0,5,4,3,3,18.0,13.0,10,2.0,7.0,8.0,4.0,4.0,2.6666666666666665,1.3333333333333333,2.0,8.0,11.0,9.0,2.0,2.2,1.8,5.0,17.0,19.0,15.0,4.0,1.9,1.5,0.0,0.0,0.1,231,4.0,0.4,1.8,1.4,2.0,7.0,5.0,2.0,3.0,1.6666666666666667,0.6666666666666666,3.0,11.0,8.0,4.0,4.0,1.6,0.8,5.0,18.0,14.0,10.0,4.0,1.4,1.0,0.6666666666666666,0.6,0.5,226,4.0,0.6,0.8,0.6,A,1.0
2024-05-18,2023-24,Clausura - Liguilla,Semifinals,True,América,Guadalajara,1.0,0.0,0.0,0.0,footballcsv,1969,1690.943949853149,1594.0537388140124,96.8902110391366,2,2,1,6.0,3.0,5,5,4,1,15.0,6.0,10,0.0,3.0,2.0,2.0,0.0,0.6666666666666666,0.6666666666666666,1.0,6.0,5.0,5.0,0.0,1.0,1.0,4.0,17.0,15.0,8.0,7.0,1.5,0.8,0.3333333333333333,0.2,0.3,240,3.0,0.8,2.2,0.6,1.0,5.0,1.0,0.0,1.0,0.3333333333333333,0.0,3.0,11.0,4.0,0.0,4.0,0.8,0.0,6.0,21.0,11.0,4.0,7.0,1.1,0.4,1.0,1.0,0.8,220,3.0,0.6,0.8,0.6,H,1.0
2024-05-19,2023-24,Clausura - Liguilla,Semifinals,True,Cruz Azul,Monterrey,1.0,2.0,0.0,0.0,footballcsv,1970,1554.870018654063,1624.0665300073074,-69.19651135324443,3,0,2,7.0,8.0,5,3,3,4,13.0,18.0,10,2.0,7.0,5.0,2.0,3.0,1.6666666666666667,0.6666666666666666,3.0,11.0,8.0,4.0,4.0,1.6,0.8,5.0,18.0,12.0,10.0,2.0,1.2,1.0,0.6666666666666666,0.6,0.5,227,3.0,0.4,2.0,1.4,1.0,4.0,3.0,3.0,0.0,1.0,1.0,2.0,7.0,8.0,7.0,1.0,1.6,1.4,4.0,14.0,16.0,16.0,0.0,1.6,1.6,0.0,0.0,0.0,232,3.0,0.6,2.0,1.6,A,3.0
2024-05-23,2023-24,Clausura - Liguilla,Final,True,Cruz Azul,América,1.0,1.0,1.0,1.0,footballcsv,1971,1547.72308258865,1694.3489289817617,-146.62584639311171,0,1,4,3.0,14.0,5,3,3,4,12.0,18.0,10,1.0,4.0,4.0,4.0,0.0,1.3333333333333333,1.3333333333333333,3.0,10.0,7.0,4.0,3.0,1.4,0.8,5.0,18.0,13.0,9.0,4.0,1.3,0.9,0.3333333333333333,0.6,0.5,228,4.0,0.2,1.6,1.8,1.0,5.0,2.0,1.0,1.0,0.6666666666666666,0.3333333333333333,2.0,9.0,5.0,3.0,2.0,1.0,0.6,4.0,17.0,14.0,8.0,6.0,1.4,0.8,0.6666666666666666,0.4,0.3,241,5.0,0.2,1.0,1.0,D,2.0
2024-05-26,2023-24,Clausura - Liguilla,Final,True,América,Cruz Azul,1.0,0.0,0.0,0.0,footballcsv,1972,1692.4544485677409,1549.6175630026707,142.83688556507013,4,1,0,15.0,4.0,5,4,4,2,17.0,8.0,10,1.0,5.0,2.0,1.0,1.0,0.6666666666666666,0.3333333333333333,1.0,7.0,4.0,3.0,1.0,0.8,0.6,4.0,17.0,15.0,9.0,6.0,1.5,0.9,0.6666666666666666,0.4,0.2,242,3.0,0.8,2.2,0.6,1.0,4.0,3.0,3.0,0.0,1.0,1.0,2.0,8.0,7.0,5.0,2.0,1.4,1.0,5.0,19.0,13.0,8.0,5.0,1.3,0.8,0.3333333333333333,0.4,0.5,229,3.0,0.8,1.0,0.0,H,1.0
2024-07-05,2024-25,Apertura,1,False,Puebla,Santos Laguna,1.0,0.0,0.0,0.0,footballcsv,1973,1394.6119083153872,1447.3856449785812,-52.773736663194086,1,1,3,7.0,11.0,5,2,3,5,9.0,17.0,10,0.0,0.0,2.0,6.0,-4.0,0.6666666666666666,2.0,0.0,0.0,6.0,12.0,-6.0,1.2,2.4,0.0,1.0,12.0,26.0,-14.0,1.2,2.6,0.0,0.0,0.0,217,70.0,0.0,1.0,2.0,0.0,0.0,0.0,7.0,-7.0,0.0,2.3333333333333335,0.0,1.0,2.0,10.0,-8.0,0.4,2.0,3.0,11.0,9.0,13.0,-4.0,0.9,1.3,0.0,0.0,0.3,220,68.0,0.2,0.8,1.4,H,1.0
2024-07-05,2024-25,Apertura,1,False,Querétaro,Tijuana,1.0,2.0,0.0,1.0,footballcsv,1974,1471.6808626509826,1427.9212149032498,43.75964774773274,3,2,0,8.0,4.0,5,4,5,1,16.0,11.0,10,0.0,2.0,2.0,4.0,-2.0,0.6666666666666666,1.3333333333333333,1.0,5.0,4.0,6.0,-2.0,0.8,1.2,5.0,17.0,14.0,11.0,3.0,1.4,1.1,0.0,0.2,0.2,203,64.0,0.4,1.2,1.0,2.0,6.0,5.0,5.0,0.0,1.6666666666666667,1.6666666666666667,2.0,6.0,7.0,10.0,-3.0,1.4,2.0,2.0,10.0,14.0,19.0,-5.0,1.4,1.9,0.3333333333333333,0.2,0.1,200,69.0,0.2,1.0,2.2,A,3.0
2024-07-05,2024-25,Apertura,1,False,FC Juárez,Atlas,2.0,2.0,1.0,0.0,footballcsv,1975,1405.0434080622686,1448.4456175378734,-43.40220947560488,1,1,3,5.0,7.0,5,1,1,7,5.0,13.0,9,1.0,4.0,3.0,2.0,1.0,1.0,0.6666666666666666,3.0,10.0,8.0,5.0,3.0,1.6,1.0,4.0,14.0,15.0,14.0,1.0,1.5,1.4,0.3333333333333333,0.2,0.1,165,69.0,0.4,1.6,1.4,1.0,4.0,4.0,4.0,0.0,1.3333333333333333,1.3333333333333333,1.0,4.0,7.0,11.0,-4.0,1.4,2.2,1.0,6.0,12.0,22.0,-10.0,1.2,2.2,0.0,0.0,0.0,214,69.0,0.0,1.2,2.2,D,4.0
2024-07-06,2024-25,Apertura,1,False,Atlético San Luis,América,2.0,1.0,1.0,1.0,footballcsv,1976,1466.427324546897,1695.187060563983,-228.7597360170862,2,0,3,5.0,9.0,5,3,0,7,10.0,21.0,10,1.0,3.0,5.0,7.0,-2.0,1.6666666666666667,2.3333333333333335,1.0,3.0,8.0,12.0,-4.0,1.6,2.4,3.0,9.0,16.0,21.0,-5.0,1.6,2.1,0.3333333333333333,0.2,0.2,176,69.0,0.4,2.4,2.4,2.0,7.0,3.0,1.0,2.0,1.0,0.3333333333333333,2.0,9.0,4.0,2.0,2.0,0.8,0.4,4.0,17.0,14.0,8.0,6.0,1.4,0.8,0.6666666666666666,0.6,0.3,243,41.0,0.2,1.0,1.0,H,3.0
2024-07-06,2024-25,Apertura,1,False,Tigres UANL,Necaxa,1.0,0.0,1.0,0.0,footballcsv,1977,1614.0421897728752,1465.06314254988,148.97904722299518,4,1,0,11.0,2.0,5,6,3,1,18.0,6.0,10,1.0,4.0,6.0,4.0,2.0,2.0,1.3333333333333333,2.0,8.0,14.0,9.0,5.0,2.8,1.8,4.0,14.0,23.0,19.0,4.0,2.3,1.9,0.0,0.0,0.0,238,55.0,0.6,3.0,1.8,0.0,1.0,4.0,8.0,-4.0,1.3333333333333333,2.6666666666666665,1.0,4.0,8.0,13.0,-5.0,1.6,2.6,4.0,13.0,18.0,21.0,-3.0,1.8,2.1,0.0,0.2,0.1,209,62.0,0.4,1.8,2.4,H,1.0
2024-07-06,2024-25,Apertura,1,False,Guadalajara,Toluca,0.0,0.0,0.0,0.0,footballcsv,1978,1590.6487596853997,1580.2881166089267,10.360643076473025,2,2,1,6.0,5.0,5,3,5,2,10.0,8.0,10,0.0,2.0,0.0,1.0,-1.0,0.0,0.3333333333333333,2.0,8.0,2.0,1.0,1.0,0.4,0.2,6.0,21.0,10.0,3.0,7.0,1.0,0.3,0.6666666666666666,0.8,0.8,221,49.0,0.6,1.2,0.4,0.0,1.0,0.0,2.0,-2.0,0.0,0.6666666666666666,1.0,4.0,6.0,8.0,-2.0,1.2,1.6,5.0,17.0,19.0,13.0,6.0,1.9,1.3,0.3333333333333333,0.2,0.2,216,56.0,0.4,2.0,2.0,D,0.0
2024-07-06,2024-25,Apertura,1,False,Cruz Azul,Mazatlán FC,1.0,0.0,0.0,0.0,footballcsv,1979,1546.8849510064285,1427.4769825770923,119.40796842933628,2,2,1,8.0,7.0,5,4,2,2,12.0,11.0,8,0.0,1.0,2.0,4.0,-2.0,0.6666666666666666,1.3333333333333333,1.0,5.0,5.0,6.0,-1.0,1.0,1.2,5.0,18.0,13.0,9.0,4.0,1.3,0.9,0.0,0.2,0.4,230,41.0,0.2,1.6,1.6,1.0,4.0,3.0,3.0,0.0,1.0,1.0,2.0,7.0,5.0,7.0,-2.0,1.0,1.4,3.0,11.0,11.0,18.0,-7.0,1.1,1.8,0.3333333333333333,0.4,0.2,138,70.0,0.2,1.0,1.8,H,1.0
2024-07-07,2024-25,Apertura,1,False,Pumas UNAM,León,4.0,1.0,2.0,1.0,footballcsv,1981,1534.7306851548346,1523.2418651113717,11.488820043462965,3,2,0,11.0,6.0,5,4,3,3,14.0,13.0,10,0.0,2.0,2.0,4.0,-2.0,0.6666666666666666,1.3333333333333333,1.0,6.0,5.0,6.0,-1.0,1.0,1.2,3.0,14.0,13.0,12.0,1.0,1.3,1.2,0.3333333333333333,0.2,0.4,221,56.0,0.4,1.2,1.2,1.0,4.0,3.0,2.0,1.0,1.0,0.6666666666666666,2.0,7.0,5.0,5.0,0.0,1.0,1.0,5.0,17.0,13.0,11.0,2.0,1.3,1.1,0.3333333333333333,0.2,0.2,225,71.0,0.4,1.2,1.0,H,5.0
2024-07-07,2024-25,Apertura,1,False,Pachuca,Monterrey,0.0,1.0,0.0,1.0,footballcsv,1980,1586.5590156876938,1631.2134660727204,-44.65445038502662,2,0,3,9.0,9.0,5,4,2,4,15.0,13.0,10,1.0,5.0,4.0,3.0,1.0,1.3333333333333333,1.0,1.0,7.0,5.0,4.0,1.0,1.0,0.8,3.0,13.0,13.0,10.0,3.0,1.3,1.0,0.0,0.2,0.3,225,57.0,0.2,0.8,0.8,1.0,4.0,3.0,3.0,0.0,1.0,1.0,3.0,10.0,10.0,6.0,4.0,2.0,1.2,4.0,14.0,16.0,16.0,0.0,1.6,1.6,0.0,0.0,0.0,233,49.0,0.6,2.0,1.6,A,1.0
2024-07-12,2024-25,Apertura,2,False,América,Querétaro,3.0,1.0,2.0,1.0,footballcsv,1982,1685.456753457229,1462.3797260151237,223.07702744210542,3,2,0,6.0,2.0,5,5,4,1,13.0,10.0,10,1.0,4.0,3.0,3.0,0.0,1.0,1.0,2.0,8.0,4.0,3.0,1.0,0.8,0.6,4.0,16.0,14.0,9.0,5.0,1.4,0.9,0.3333333333333333,0.6,0.3,244,6.0,0.8,2.0,0.6,0.0,2.0,3.0,4.0,-1.0,1.0,1.3333333333333333,0.0,2.0,3.0,8.0,-5.0,0.6,1.6,4.0,14.0,11.0,12.0,-1.0,1.1,1.2,0.0,0.0,0.2,204,7.0,0.6,1.6,1.2,H,4.0
2024-07-12,2024-25,Apertura,2,False,Mazatlán FC,Atlético San Luis,2.0,2.0,0.0,0.0,footballcsv,1983,1424.4152516758252,1476.157631653651,-51.74237997782575,0,1,4,4.0,8.0,5,1,2,5,11.0,13.0,8,0.0,1.0,1.0,4.0,-3.0,0.3333333333333333,1.3333333333333333,1.0,4.0,3.0,8.0,-5.0,0.6,1.6,3.0,10.0,9.0,17.0,-8.0,0.9,1.7,0.0,0.2,0.2,139,6.0,0.4,1.2,1.8,2.0,6.0,6.0,6.0,0.0,2.0,2.0,2.0,6.0,9.0,11.0,-2.0,1.8,2.2,4.0,12.0,18.0,21.0,-3.0,1.8,2.1,0.3333333333333333,0.2,0.2,177,6.0,0.2,1.4,2.2,D,4.0
2024-07-12,2024-25,Apertura,2,False,Tijuana,Guadalajara,4.0,2.0,1.0,0.0,footballcsv,1984,1437.2223515391088,1588.105066983175,-150.8827154440662,0,1,4,4.0,8.0,5,1,3,6,5.0,11.0,10,2.0,6.0,6.0,6.0,0.0,2.0,2.0,3.0,9.0,9.0,9.0,0.0,1.8,1.8,3.0,13.0,16.0,18.0,-2.0,1.6,1.8,0.0,0.2,0.1,201,7.0,0.2,1.8,1.6,0.0,2.0,0.0,1.0,-1.0,0.0,0.3333333333333333,1.0,6.0,1.0,1.0,0.0,0.2,0.2,6.0,21.0,10.0,3.0,7.0,1.0,0.3,0.6666666666666666,0.8,0.8,222,6.0,0.6,0.8,0.2,H,6.0
2024-07-12,2024-25,Apertura,2,False,Atlas,Tigres UANL,1.0,1.0,1.0,0.0,footballcsv,1985,1449.495107825154,1616.6931946632433,-167.19808683808924,1,1,3,5.0,8.0,5,3,3,4,11.0,12.0,10,0.0,2.0,4.0,5.0,-1.0,1.3333333333333333,1.6666666666666667,1.0,5.0,7.0,10.0,-3.0,1.4,2.0,1.0,7.0,14.0,23.0,-9.0,1.4,2.3,0.0,0.0,0.0,215,7.0,0.2,1.2,2.4,1.0,4.0,3.0,3.0,0.0,1.0,1.0,3.0,10.0,12.0,6.0,6.0,2.4,1.2,5.0,17.0,23.0,17.0,6.0,2.3,1.7,0.3333333333333333,0.2,0.1,239,6.0,0.2,1.6,2.0,D,2.0
2024-07-13,2024-25,Apertura,2,False,Necaxa,Puebla,4.0,1.0,2.0,0.0,footballcsv,1986,1462.412137659512,1400.9232089869786,61.48892867253335,2,2,1,7.0,6.0,5,3,2,5,9.0,12.0,10,0.0,1.0,2.0,4.0,-2.0,0.6666666666666666,1.3333333333333333,0.0,1.0,6.0,14.0,-8.0,1.2,2.8,4.0,13.0,17.0,20.0,-3.0,1.7,2.0,0.0,0.0,0.1,210,7.0,0.4,1.8,1.8,1.0,3.0,3.0,5.0,-2.0,1.0,1.6666666666666667,1.0,3.0,5.0,9.0,-4.0,1.0,1.8,1.0,4.0,13.0,24.0,-11.0,1.3,2.4,0.3333333333333333,0.2,0.1,218,8.0,0.0,1.4,3.2,H,5.0
2024-07-13,2024-25,Apertura,2,False,Monterrey,Cruz Azul,0.0,4.0,0.0,2.0,footballcsv,1987,1638.8476723548706,1549.9466819076956,88.90099044717499,2,0,3,7.0,8.0,5,5,2,3,19.0,13.0,10,2.0,6.0,3.0,2.0,1.0,1.0,0.6666666666666666,3.0,10.0,6.0,4.0,2.0,1.2,0.8,4.0,14.0,15.0,15.0,0.0,1.5,1.5,0.3333333333333333,0.2,0.1,234,6.0,0.2,1.2,1.6,1.0,4.0,2.0,2.0,0.0,0.6666666666666666,0.6666666666666666,2.0,7.0,4.0,4.0,0.0,0.8,0.8,5.0,18.0,12.0,8.0,4.0,1.2,0.8,0.3333333333333333,0.4,0.5,231,7.0,0.8,1.0,0.2,A,4.0
2024-07-13,2024-25,Apertura,2,False,Santos Laguna,Pumas UNAM,1.0,1.0,1.0,1.0,footballcsv,1988,1441.0743443069898,1544.6142385932562,-103.53989428626642,4,0,1,13.0,7.0,5,5,1,4,18.0,13.0,10,0.0,0.0,0.0,6.0,-6.0,0.0,2.0,0.0,1.0,1.0,9.0,-8.0,0.2,1.8,3.0,11.0,9.0,13.0,-4.0,0.9,1.3,0.0,0.0,0.3,221,8.0,0.4,1.0,1.2,1.0,4.0,6.0,5.0,1.0,2.0,1.6666666666666667,1.0,6.0,7.0,6.0,1.0,1.4,1.2,4.0,16.0,14.0,10.0,4.0,1.4,1.0,0.0,0.2,0.4,222,6.0,0.2,1.4,1.2,D,2.0
2024-07-13,2024-25,Apertura,2,False,León,Pachuca,0.0,0.0,0.0,0.0,footballcsv,1989,1513.35831167295,1578.9248094055436,-65.56649773259346,2,0,3,8.0,6.0,5,5,1,4,15.0,11.0,10,1.0,4.0,4.0,5.0,-1.0,1.3333333333333333,1.6666666666666667,1.0,4.0,4.0,8.0,-4.0,0.8,1.6,5.0,17.0,12.0,12.0,0.0,1.2,1.2,0.3333333333333333,0.2,0.2,226,6.0,0.6,1.4,1.2,0.0,2.0,2.0,3.0,-1.0,0.6666666666666666,1.0,1.0,6.0,4.0,4.0,0.0,0.8,0.8,3.0,13.0,12.0,9.0,3.0,1.2,0.9,0.0,0.2,0.3,226,6.0,0.4,1.6,0.8,D,0.0
2024-07-13,2024-25,Apertura,2,False,Toluca,FC Juárez,3.0,2.0,2.0,0.0,footballcsv,1990,1582.8318093111513,1403.993917774988,178.8378915361634,1,3,1,8.0,7.0,5,2,3,5,11.0,13.0,10,0.0,2.0,0.0,1.0,-1.0,0.0,0.3333333333333333,1.0,5.0,5.0,3.0,2.0,1.0,0.6,4.0,15.0,17.0,12.0,5.0,1.7,1.2,0.6666666666666666,0.4,0.3,217,7.0,0.6,1.8,0.6,1.0,5.0,5.0,3.0,2.0,1.6666666666666667,1.0,2.0,8.0,8.0,6.0,2.0,1.6,1.2,4.0,15.0,17.0,15.0,2.0,1.7,1.5,0.3333333333333333,0.2,0.1,166,8.0,0.4,1.4,1.4,H,5.0
2024-07-16,2024-25,Apertura,3,False,Querétaro,Guadalajara,0.0,2.0,0.0,1.0,footballcsv,1991,1459.5076150375444,1574.9081778973023,-115.40056285975788,0,3,2,5.0,8.0,5,1,6,3,11.0,14.0,10,0.0,1.0,3.0,6.0,-3.0,1.0,2.0,0.0,2.0,4.0,9.0,-5.0,0.8,1.8,4.0,14.0,12.0,14.0,-2.0,1.2,1.4,0.0,0.0,0.2,205,4.0,0.2,0.6,1.2,0.0,1.0,2.0,5.0,-3.0,0.6666666666666666,1.6666666666666667,0.0,3.0,2.0,5.0,-3.0,0.4,1.0,5.0,18.0,10.0,7.0,3.0,1.0,0.7,0.3333333333333333,0.6,0.7,223,4.0,0.4,0.8,1.0,A,2.0
2024-07-16,2024-25,Apertura,3,False,Atlas,Santos Laguna,1.0,0.0,0.0,0.0,footballcsv,1992,1451.9534693224387,1441.7508420891947,10.202627233243902,2,2,1,7.0,4.0,5,2,5,3,10.0,9.0,10,0.0,2.0,3.0,4.0,-1.0,1.0,1.3333333333333333,1.0,6.0,7.0,7.0,0.0,1.4,1.4,1.0,7.0,14.0,23.0,-9.0,1.4,2.3,0.0,0.0,0.0,216,4.0,0.2,1.2,1.6,0.0,1.0,1.0,5.0,-4.0,0.3333333333333333,1.6666666666666667,0.0,1.0,1.0,9.0,-8.0,0.2,1.8,2.0,9.0,9.0,14.0,-5.0,0.9,1.4,0.0,0.0,0.2,222,3.0,0.2,0.8,1.4,H,1.0
2024-07-16,2024-25,Apertura,3,False,Pachuca,Atlético San Luis,2.0,0.0,1.0,0.0,footballcsv,1993,1579.340000174704,1476.9691627290842,102.37083744561983,3,0,2,8.0,8.0,5,6,2,2,20.0,12.0,10,0.0,2.0,1.0,2.0,-1.0,0.3333333333333333,0.6666666666666666,1.0,6.0,4.0,4.0,0.0,0.8,0.8,3.0,14.0,10.0,6.0,4.0,1.0,0.6,0.3333333333333333,0.2,0.4,227,3.0,0.2,0.8,0.8,2.0,7.0,7.0,3.0,4.0,2.3333333333333335,1.0,2.0,7.0,9.0,10.0,-1.0,1.8,2.0,4.0,13.0,19.0,19.0,0.0,1.9,1.9,0.3333333333333333,0.2,0.2,178,4.0,0.2,1.6,1.8,H,2.0
2024-07-16,2024-25,Apertura,3,False,Puebla,León,2.0,2.0,1.0,1.0,footballcsv,1994,1392.9273327282983,1512.9431209037896,-120.01578817549125,2,1,2,8.0,9.0,5,4,1,5,12.0,16.0,10,1.0,3.0,3.0,6.0,-3.0,1.0,2.0,1.0,3.0,4.0,10.0,-6.0,0.8,2.0,1.0,4.0,14.0,24.0,-10.0,1.4,2.4,0.3333333333333333,0.2,0.1,219,3.0,0.2,1.2,1.6,0.0,2.0,2.0,5.0,-3.0,0.6666666666666666,1.6666666666666667,1.0,5.0,4.0,6.0,-2.0,0.8,1.2,4.0,15.0,11.0,12.0,-1.0,1.1,1.2,0.3333333333333333,0.4,0.2,227,3.0,0.4,1.2,1.6,D,4.0
2024-07-16,2024-25,Apertura,3,False,Cruz Azul,Tijuana,3.0,0.0,2.0,0.0,footballcsv,1995,1573.30194924247,1450.4192406249815,122.88270861748856,2,1,2,6.0,5.0,5,5,2,3,16.0,12.0,10,2.0,6.0,5.0,1.0,4.0,1.6666666666666667,0.3333333333333333,2.0,7.0,7.0,4.0,3.0,1.4,0.8,5.0,18.0,15.0,8.0,7.0,1.5,0.8,0.6666666666666666,0.4,0.5,232,3.0,0.2,1.4,1.4,2.0,6.0,7.0,7.0,0.0,2.3333333333333335,2.3333333333333335,4.0,12.0,11.0,8.0,3.0,2.2,1.6,4.0,15.0,19.0,19.0,0.0,1.9,1.9,0.0,0.2,0.1,202,4.0,0.4,1.4,2.0,H,3.0
2024-07-17,2024-25,Apertura,3,False,Necaxa,Monterrey,0.0,1.0,0.0,0.0,footballcsv,1999,1470.4080139181922,1615.4924050200962,-145.08439110190398,0,0,5,4.0,16.0,5,1,3,6,9.0,21.0,10,1.0,3.0,5.0,4.0,1.0,1.6666666666666667,1.3333333333333333,1.0,4.0,8.0,10.0,-2.0,1.6,2.0,4.0,13.0,18.0,20.0,-2.0,1.8,2.0,0.0,0.0,0.1,211,4.0,0.4,2.0,1.8,2.0,6.0,3.0,5.0,-2.0,1.0,1.6666666666666667,2.0,7.0,4.0,7.0,-3.0,0.8,1.4,4.0,14.0,15.0,17.0,-2.0,1.5,1.7,0.3333333333333333,0.2,0.1,235,4.0,0.8,2.0,1.2,A,1.0
2024-07-17,2024-25,Apertura,3,False,Tigres UANL,América,1.0,0.0,0.0,0.0,footballcsv,1998,1614.2348331659587,1688.3288644348083,-74.09403126884968,0,3,2,1.0,5.0,5,0,3,7,4.0,16.0,10,1.0,5.0,3.0,2.0,1.0,1.0,0.6666666666666666,2.0,8.0,8.0,5.0,3.0,1.6,1.0,5.0,18.0,24.0,16.0,8.0,2.4,1.6,0.3333333333333333,0.2,0.1,240,5.0,0.6,2.2,1.6,2.0,6.0,5.0,3.0,2.0,1.6666666666666667,1.0,3.0,10.0,7.0,4.0,3.0,1.4,0.8,4.0,16.0,12.0,9.0,3.0,1.2,0.9,0.3333333333333333,0.4,0.3,245,5.0,0.2,1.0,1.0,H,1.0
2024-07-17,2024-25,Apertura,3,False,Toluca,Mazatlán FC,3.0,0.0,2.0,0.0,footballcsv,1997,1585.1131207709795,1423.6037206003919,161.5094001705877,3,1,1,11.0,5.0,5,4,2,2,18.0,10.0,8,1.0,5.0,3.0,2.0,1.0,1.0,0.6666666666666666,1.0,5.0,3.0,4.0,-1.0,0.6,0.8,5.0,17.0,19.0,13.0,6.0,1.9,1.3,0.6666666666666666,0.4,0.3,218,4.0,0.6,2.0,0.8,0.0,2.0,3.0,4.0,-1.0,1.0,1.3333333333333333,1.0,5.0,5.0,6.0,-1.0,1.0,1.2,3.0,11.0,11.0,18.0,-7.0,1.1,1.8,0.0,0.2,0.2,140,5.0,0.2,1.0,1.8,H,3.0
2024-07-17,2024-25,Apertura,3,False,FC Juárez,Pumas UNAM,1.0,2.0,1.0,0.0,footballcsv,1996,1401.7126063151597,1543.9377408110513,-142.22513449589155,2,0,3,8.0,6.0,5,2,4,4,15.0,14.0,10,0.0,2.0,5.0,6.0,-1.0,1.6666666666666667,2.0,1.0,5.0,7.0,7.0,0.0,1.4,1.4,4.0,15.0,17.0,15.0,2.0,1.7,1.5,0.0,0.2,0.1,167,4.0,0.4,1.8,1.6,1.0,5.0,7.0,4.0,3.0,2.3333333333333335,1.3333333333333333,1.0,6.0,7.0,6.0,1.0,1.4,1.2,4.0,17.0,15.0,8.0,7.0,1.5,0.8,0.0,0.2,0.4,223,4.0,0.2,1.6,0.8,A,3.0
2024-07-19,2024-25,Apertura,4,False,Puebla,Atlas,1.0,2.0,0.0,2.0,footballcsv,2000,1394.07401385103,1456.921059417164,-62.84704556613406,1,3,1,7.0,10.0,5,4,3,3,10.0,12.0,10,1.0,4.0,4.0,6.0,-2.0,1.3333333333333333,2.0,1.0,4.0,6.0,11.0,-5.0,1.2,2.2,1.0,4.0,14.0,24.0,-10.0,1.4,2.4,0.3333333333333333,0.2,0.1,220,3.0,0.2,1.2,1.6,1.0,5.0,4.0,3.0,1.0,1.3333333333333333,1.0,1.0,6.0,6.0,6.0,0.0,1.2,1.2,2.0,10.0,14.0,18.0,-4.0,1.4,1.8,0.3333333333333333,0.2,0.1,217,3.0,0.0,1.6,2.2,A,3.0
2024-07-19,2024-25,Apertura,4,False,Atlético San Luis,Tijuana,1.0,1.0,1.0,1.0,footballcsv,2001,1471.708679478259,1444.3969971845831,27.311682293675858,0,3,2,5.0,7.0,5,2,4,3,15.0,13.0,9,1.0,4.0,4.0,5.0,-1.0,1.3333333333333333,1.6666666666666667,2.0,7.0,8.0,10.0,-2.0,1.6,2.0,3.0,10.0,15.0,21.0,-6.0,1.5,2.1,0.0,0.2,0.1,179,3.0,0.6,2.2,2.0,2.0,6.0,6.0,6.0,0.0,2.0,2.0,3.0,9.0,10.0,11.0,-1.0,2.0,2.2,4.0,14.0,18.0,21.0,-3.0,1.8,2.1,0.0,0.0,0.1,203,3.0,0.4,0.8,2.0,D,2.0
2024-07-20,2024-25,Apertura,4,False,FC Juárez,América,1.0,2.0,1.0,1.0,footballcsv,2002,1396.1663164881768,1681.5334501015573,-285.3671336133805,1,0,4,3.0,9.0,5,2,2,6,9.0,16.0,10,0.0,1.0,5.0,7.0,-2.0,1.6666666666666667,2.3333333333333335,1.0,5.0,8.0,8.0,0.0,1.6,1.6,4.0,14.0,17.0,16.0,1.0,1.7,1.6,0.0,0.2,0.1,168,3.0,0.2,1.2,1.4,1.0,3.0,4.0,4.0,0.0,1.3333333333333333,1.3333333333333333,2.0,7.0,6.0,5.0,1.0,1.2,1.0,4.0,16.0,11.0,8.0,3.0,1.1,0.8,0.0,0.2,0.3,246,3.0,0.0,0.6,1.0,A,3.0
2024-07-20,2024-25,Apertura,4,False,Cruz Azul,Toluca,1.0,1.0,0.0,1.0,footballcsv,2003,1579.3241926828684,1590.09402716849,-10.769834485621459,2,0,3,8.0,9.0,5,5,0,5,19.0,16.0,10,3.0,9.0,8.0,0.0,8.0,2.6666666666666665,0.0,3.0,10.0,9.0,2.0,7.0,1.8,0.4,6.0,20.0,16.0,6.0,10.0,1.6,0.6,1.0,0.6,0.6,233,4.0,0.4,1.6,1.0,2.0,7.0,6.0,2.0,4.0,2.0,0.6666666666666666,2.0,8.0,6.0,3.0,3.0,1.2,0.6,5.0,17.0,19.0,13.0,6.0,1.9,1.3,0.6666666666666666,0.6,0.3,219,3.0,0.4,1.8,1.8,D,2.0
2024-07-20,2024-25,Apertura,4,False,Guadalajara,Mazatlán FC,2.0,0.0,0.0,0.0,footballcsv,2004,1584.622457274702,1418.6228142028815,165.9996430718204,2,1,2,11.0,8.0,5,4,2,2,15.0,10.0,8,1.0,4.0,4.0,4.0,0.0,1.3333333333333333,1.3333333333333333,1.0,5.0,4.0,5.0,-1.0,0.8,1.0,5.0,18.0,9.0,5.0,4.0,0.9,0.5,0.6666666666666666,0.6,0.8,224,4.0,0.6,1.2,0.4,0.0,1.0,2.0,6.0,-4.0,0.6666666666666666,2.0,0.0,2.0,3.0,9.0,-6.0,0.6,1.8,2.0,8.0,9.0,20.0,-11.0,0.9,2.0,0.0,0.0,0.2,141,3.0,0.2,0.8,2.0,H,2.0
2024-07-20,2024-25,Apertura,4,False,Santos Laguna,Tigres UANL,0.0,3.0,0.0,0.0,footballcsv,2005,1436.7832519944693,1621.0302474992097,-184.24699550474043,0,1,4,3.0,12.0,5,2,2,6,8.0,17.0,10,0.0,1.0,1.0,3.0,-2.0,0.3333333333333333,1.0,0.0,1.0,1.0,8.0,-7.0,0.2,1.6,1.0,6.0,8.0,15.0,-7.0,0.8,1.5,0.0,0.0,0.1,223,4.0,0.2,1.0,1.4,2.0,7.0,3.0,1.0,2.0,1.0,0.3333333333333333,2.0,8.0,5.0,4.0,1.0,1.0,0.8,5.0,18.0,20.0,15.0,5.0,2.0,1.5,0.6666666666666666,0.4,0.2,241,3.0,0.2,1.6,1.8,A,3.0
2024-07-20,2024-25,Apertura,4,False,Monterrey,Querétaro,2.0,1.0,1.0,0.0,footballcsv,2006,1620.978108666946,1449.7933356601447,171.18477300680115,2,3,0,6.0,1.0,5,4,3,3,12.0,8.0,10,2.0,6.0,2.0,4.0,-2.0,0.6666666666666666,1.3333333333333333,3.0,9.0,4.0,6.0,-2.0,0.8,1.2,5.0,17.0,15.0,15.0,0.0,1.5,1.5,0.6666666666666666,0.4,0.2,236,3.0,0.0,0.8,2.2,0.0,0.0,2.0,7.0,-5.0,0.6666666666666666,2.3333333333333335,0.0,2.0,4.0,9.0,-5.0,0.8,1.8,3.0,11.0,10.0,15.0,-5.0,1.0,1.5,0.0,0.0,0.2,206,4.0,0.4,1.4,1.6,H,3.0
2024-07-21,2024-25,Apertura,4,False,León,Necaxa,1.0,1.0,0.0,1.0,footballcsv,2007,1511.7964397810579,1464.9223102713424,46.87412950971543,3,1,1,8.0,6.0,5,8,1,1,22.0,10.0,10,0.0,2.0,3.0,6.0,-3.0,1.0,2.0,1.0,6.0,6.0,7.0,-1.0,1.2,1.4,4.0,15.0,12.0,13.0,-1.0,1.2,1.3,0.3333333333333333,0.4,0.2,228,5.0,0.6,1.0,0.6,1.0,3.0,4.0,3.0,1.0,1.3333333333333333,1.0,1.0,4.0,6.0,6.0,0.0,1.2,1.2,3.0,10.0,16.0,20.0,-4.0,1.6,2.0,0.0,0.0,0.1,212,4.0,0.4,1.6,2.2,D,2.0
2024-07-21,2024-25,Apertura,4,False,Pumas UNAM,Pachuca,2.0,0.0,1.0,0.0,footballcsv,2008,1549.4840306380343,1584.6004834255293,-35.116452787495064,1,3,1,4.0,4.0,5,3,6,1,10.0,7.0,10,2.0,7.0,7.0,3.0,4.0,2.3333333333333335,1.0,2.0,8.0,9.0,7.0,2.0,1.8,1.4,5.0,19.0,17.0,9.0,8.0,1.7,0.9,0.0,0.0,0.3,224,4.0,0.6,1.4,0.8,1.0,4.0,2.0,1.0,1.0,0.6666666666666666,0.3333333333333333,1.0,6.0,4.0,3.0,1.0,0.8,0.6,3.0,14.0,9.0,6.0,3.0,0.9,0.6,0.6666666666666666,0.4,0.4,228,5.0,0.4,1.4,0.6,H,2.0
2024-08-16,2024-25,Apertura,16,False,Puebla,Monterrey,1.0,2.0,0.0,1.0,footballcsv,2009,1386.800611857137,1623.349965200584,-236.5493533434469,1,1,3,3.0,6.0,5,1,4,5,9.0,15.0,10,0.0,1.0,4.0,8.0,-4.0,1.3333333333333333,2.6666666666666665,1.0,4.0,6.0,10.0,-4.0,1.2,2.0,1.0,4.0,14.0,24.0,-10.0,1.4,2.4,0.0,0.2,0.1,221,28.0,0.2,1.0,1.4,2.0,6.0,3.0,5.0,-2.0,1.0,1.6666666666666667,4.0,12.0,6.0,6.0,0.0,1.2,1.2,6.0,19.0,14.0,13.0,1.0,1.4,1.3,0.3333333333333333,0.4,0.2,237,27.0,1.0,2.2,0.8,A,3.0
2024-08-18,2024-25,Apertura,13,False,Atlético San Luis,Querétaro,4.0,0.0,2.0,0.0,footballcsv,2010,1468.7146116010817,1447.4214791265067,21.29313247457503,2,1,2,9.0,8.0,5,4,2,4,14.0,14.0,10,0.0,2.0,3.0,5.0,-2.0,1.0,1.6666666666666667,2.0,8.0,8.0,6.0,2.0,1.6,1.2,3.0,11.0,15.0,19.0,-4.0,1.5,1.9,0.0,0.2,0.1,180,30.0,0.4,1.6,2.2,0.0,0.0,2.0,7.0,-5.0,0.6666666666666666,2.3333333333333335,0.0,1.0,4.0,10.0,-6.0,0.8,2.0,2.0,8.0,10.0,17.0,-7.0,1.0,1.7,0.0,0.0,0.1,207,29.0,0.2,1.0,1.6,H,4.0
2024-08-18,2024-25,Apertura,8,False,Tijuana,Santos Laguna,3.0,1.0,2.0,1.0,footballcsv,2011,1447.3910650617604,1427.403799925574,19.987265136186352,0,1,4,5.0,13.0,5,2,1,7,10.0,22.0,10,1.0,4.0,5.0,6.0,-1.0,1.6666666666666667,2.0,2.0,7.0,8.0,11.0,-3.0,1.6,2.2,4.0,14.0,16.0,19.0,-3.0,1.6,1.9,0.0,0.0,0.1,204,30.0,0.4,2.4,1.8,0.0,1.0,1.0,5.0,-4.0,0.3333333333333333,1.6666666666666667,0.0,1.0,1.0,9.0,-8.0,0.2,1.8,0.0,3.0,5.0,18.0,-13.0,0.5,1.8,0.0,0.0,0.0,224,29.0,0.0,0.6,1.6,H,4.0
2024-08-23,2024-25,Apertura,5,False,Tijuana,Monterrey,2.0,2.0,1.0,2.0,footballcsv,2014,1454.956190872904,1627.0877461555071,-172.13155528260313,0,1,4,2.0,13.0,5,2,3,5,8.0,21.0,10,1.0,4.0,4.0,5.0,-1.0,1.3333333333333333,1.6666666666666667,3.0,10.0,10.0,8.0,2.0,2.0,1.6,5.0,16.0,17.0,18.0,-1.0,1.7,1.8,0.0,0.0,0.1,205,5.0,0.6,2.8,1.8,3.0,9.0,5.0,2.0,3.0,1.6666666666666667,0.6666666666666666,4.0,12.0,6.0,6.0,0.0,1.2,1.2,7.0,22.0,16.0,12.0,4.0,1.6,1.2,0.3333333333333333,0.4,0.2,238,7.0,1.0,1.6,0.6,D,4.0
2024-08-23,2024-25,Apertura,5,False,Mazatlán FC,Pachuca,3.0,0.0,3.0,0.0,footballcsv,2013,1414.763689735937,1575.2171967407548,-160.45350700481777,0,3,2,6.0,9.0,5,2,3,3,12.0,14.0,8,0.0,1.0,2.0,7.0,-5.0,0.6666666666666666,2.3333333333333335,0.0,2.0,3.0,9.0,-6.0,0.6,1.8,2.0,8.0,8.0,20.0,-12.0,0.8,2.0,0.0,0.0,0.2,142,34.0,0.4,1.2,1.8,1.0,4.0,2.0,2.0,0.0,0.6666666666666666,0.6666666666666666,1.0,5.0,3.0,4.0,-1.0,0.6,0.8,3.0,14.0,9.0,7.0,2.0,0.9,0.7,0.6666666666666666,0.4,0.4,229,33.0,0.4,1.2,0.6,H,3.0
2024-08-23,2024-25,Apertura,5,False,Querétaro,Cruz Azul,0.0,2.0,0.0,1.0,footballcsv,2012,1436.39829529872,1577.35754806534,-140.95925276662,1,1,3,7.0,9.0,5,3,1,6,12.0,18.0,10,0.0,0.0,1.0,8.0,-7.0,0.3333333333333333,2.6666666666666665,0.0,0.0,3.0,13.0,-10.0,0.6,2.6,1.0,5.0,7.0,19.0,-12.0,0.7,1.9,0.0,0.0,0.1,208,5.0,0.2,0.6,1.4,2.0,7.0,8.0,1.0,7.0,2.6666666666666665,0.3333333333333333,3.0,10.0,9.0,2.0,7.0,1.8,0.4,5.0,18.0,16.0,7.0,9.0,1.6,0.7,0.6666666666666666,0.6,0.5,234,34.0,0.8,1.6,0.2,A,2.0
2024-08-24,2024-25,Apertura,5,False,Tigres UANL,Guadalajara,1.0,1.0,0.0,0.0,footballcsv,2015,1630.409699568105,1588.4815817416463,41.928117826458674,2,2,1,8.0,4.0,5,5,3,2,18.0,10.0,10,2.0,7.0,5.0,1.0,4.0,1.6666666666666667,0.3333333333333333,3.0,11.0,7.0,2.0,5.0,1.4,0.4,5.0,18.0,20.0,13.0,7.0,2.0,1.3,0.6666666666666666,0.6,0.3,242,35.0,0.8,2.4,1.0,2.0,6.0,6.0,4.0,2.0,2.0,1.3333333333333333,2.0,7.0,6.0,5.0,1.0,1.2,1.0,5.0,18.0,10.0,5.0,5.0,1.0,0.5,0.6666666666666666,0.6,0.8,225,35.0,0.4,1.0,1.0,D,2.0
2024-08-24,2024-25,Apertura,5,False,Atlas,Pumas UNAM,2.0,1.0,1.0,0.0,footballcsv,2016,1464.194461411057,1558.8673173228087,-94.67285591175164,0,4,1,2.0,5.0,5,1,6,3,4.0,8.0,10,2.0,7.0,4.0,2.0,2.0,1.3333333333333333,0.6666666666666666,2.0,8.0,6.0,5.0,1.0,1.2,1.0,3.0,12.0,14.0,17.0,-3.0,1.4,1.7,0.3333333333333333,0.2,0.1,218,36.0,0.4,1.2,1.2,2.0,7.0,5.0,2.0,3.0,1.6666666666666667,0.6666666666666666,3.0,11.0,11.0,5.0,6.0,2.2,1.0,5.0,19.0,15.0,9.0,6.0,1.5,0.9,0.3333333333333333,0.2,0.3,225,34.0,0.2,1.2,1.0,H,3.0
2024-08-24,2024-25,Apertura,5,False,Necaxa,FC Juárez,3.0,0.0,1.0,0.0,footballcsv,2017,1468.41993504744,1393.190994807677,75.228940239763,1,3,1,6.0,6.0,5,3,4,3,9.0,9.0,10,1.0,4.0,5.0,3.0,2.0,1.6666666666666667,1.0,1.0,4.0,6.0,6.0,0.0,1.2,1.2,3.0,11.0,16.0,19.0,-3.0,1.6,1.9,0.0,0.0,0.1,213,34.0,0.4,1.8,1.6,0.0,0.0,4.0,7.0,-3.0,1.3333333333333333,2.3333333333333335,0.0,2.0,7.0,10.0,-3.0,1.4,2.0,4.0,14.0,18.0,17.0,1.0,1.8,1.7,0.0,0.0,0.1,169,35.0,0.4,1.8,1.8,H,3.0
2024-08-24,2024-25,Apertura,5,False,América,Puebla,0.0,1.0,0.0,0.0,footballcsv,2018,1684.508771782057,1383.0628309022138,301.4459408798432,4,1,0,18.0,5.0,5,7,3,0,27.0,10.0,10,2.0,6.0,5.0,3.0,2.0,1.6666666666666667,1.0,3.0,9.0,7.0,5.0,2.0,1.4,1.0,4.0,16.0,11.0,8.0,3.0,1.1,0.8,0.0,0.2,0.3,247,35.0,0.8,2.2,0.6,0.0,1.0,4.0,6.0,-2.0,1.3333333333333333,2.0,1.0,4.0,6.0,10.0,-4.0,1.2,2.0,1.0,4.0,12.0,22.0,-10.0,1.2,2.2,0.0,0.2,0.1,222,8.0,0.0,1.6,3.2,A,1.0
2024-08-24,2024-25,Apertura,5,False,León,Santos Laguna,1.0,1.0,1.0,1.0,footballcsv,2019,1508.2988150049603,1419.8386741144304,88.46014089052983,4,0,1,13.0,7.0,5,6,2,2,21.0,14.0,10,0.0,3.0,3.0,3.0,0.0,1.0,1.0,0.0,4.0,5.0,8.0,-3.0,1.0,1.6,3.0,13.0,11.0,13.0,-2.0,1.1,1.3,0.3333333333333333,0.2,0.2,229,34.0,0.4,1.0,0.8,0.0,0.0,1.0,7.0,-6.0,0.3333333333333333,2.3333333333333335,0.0,1.0,2.0,9.0,-7.0,0.4,1.8,0.0,2.0,4.0,19.0,-15.0,0.4,1.9,0.0,0.0,0.0,225,6.0,0.0,0.4,1.8,D,2.0
2024-08-25,2024-25,Apertura,5,False,Toluca,Atlético San Luis,2.0,1.0,1.0,1.0,footballcsv,2020,1592.0606717860182,1479.7377954288684,112.32287635714988,4,0,1,11.0,3.0,5,6,1,2,18.0,8.0,9,2.0,7.0,7.0,3.0,4.0,2.3333333333333335,1.0,2.0,9.0,7.0,3.0,4.0,1.4,0.6,4.0,15.0,17.0,12.0,5.0,1.7,1.2,0.3333333333333333,0.6,0.3,220,36.0,0.6,2.0,0.8,1.0,4.0,5.0,3.0,2.0,1.6666666666666667,1.0,2.0,8.0,9.0,6.0,3.0,1.8,1.2,3.0,11.0,17.0,18.0,-1.0,1.7,1.8,0.3333333333333333,0.2,0.2,181,7.0,0.2,1.4,1.6,H,3.0
2024-08-30,2024-25,Apertura,6,False,Tijuana,León,2.0,1.0,1.0,1.0,footballcsv,2021,1457.5474943734857,1503.7974834165734,-46.24998904308768,0,4,1,4.0,5.0,5,1,4,5,10.0,13.0,10,1.0,5.0,6.0,4.0,2.0,2.0,1.3333333333333333,2.0,8.0,10.0,9.0,1.0,2.0,1.8,5.0,17.0,19.0,18.0,1.0,1.9,1.8,0.0,0.0,0.1,206,7.0,0.6,2.8,1.8,0.0,3.0,4.0,4.0,0.0,1.3333333333333333,1.3333333333333333,0.0,4.0,5.0,8.0,-3.0,1.0,1.6,2.0,11.0,10.0,13.0,-3.0,1.0,1.3,0.0,0.2,0.2,230,6.0,0.2,1.2,1.8,H,3.0
2024-08-30,2024-25,Apertura,6,False,Atlético San Luis,Atlas,2.0,1.0,1.0,0.0,footballcsv,2022,1476.5709200599151,1471.4184883550054,5.152431704909759,2,1,2,6.0,4.0,5,3,2,4,12.0,15.0,9,1.0,4.0,6.0,3.0,3.0,2.0,1.0,1.0,5.0,8.0,7.0,1.0,1.6,1.4,3.0,11.0,17.0,18.0,-1.0,1.7,1.8,0.3333333333333333,0.2,0.2,182,5.0,0.4,2.0,2.0,3.0,9.0,5.0,2.0,3.0,1.6666666666666667,0.6666666666666666,3.0,11.0,8.0,5.0,3.0,1.6,1.0,4.0,15.0,15.0,16.0,-1.0,1.5,1.6,0.3333333333333333,0.2,0.1,219,6.0,0.2,1.8,2.2,H,3.0
2024-08-30,2024-25,Apertura,6,False,Mazatlán FC,Puebla,1.0,1.0,1.0,1.0,footballcsv,2023,1431.7806157843556,1395.5376759415797,36.24293984277597,1,1,3,8.0,12.0,5,2,1,6,12.0,22.0,9,1.0,3.0,3.0,5.0,-2.0,1.0,1.6666666666666667,1.0,4.0,5.0,8.0,-3.0,1.0,1.6,3.0,11.0,10.0,15.0,-5.0,1.0,1.5,0.3333333333333333,0.2,0.3,143,7.0,0.4,1.4,1.6,1.0,3.0,3.0,4.0,-1.0,1.0,1.3333333333333333,1.0,4.0,6.0,10.0,-4.0,1.2,2.0,2.0,7.0,11.0,19.0,-8.0,1.1,1.9,0.3333333333333333,0.2,0.2,223,6.0,0.2,1.6,2.8,D,2.0
2024-08-31,2024-25,Apertura,6,False,Cruz Azul,América,4.0,1.0,2.0,1.0,footballcsv,2024,1586.1908810771338,1672.0339267426912,-85.84304566555738,0,1,4,4.0,9.0,5,1,4,5,7.0,18.0,10,2.0,7.0,6.0,1.0,5.0,2.0,0.3333333333333333,4.0,13.0,11.0,1.0,10.0,2.2,0.2,5.0,18.0,16.0,7.0,9.0,1.6,0.7,0.6666666666666666,0.8,0.5,235,8.0,0.4,1.4,0.8,1.0,3.0,2.0,3.0,-1.0,0.6666666666666666,1.0,2.0,6.0,6.0,6.0,0.0,1.2,1.2,4.0,15.0,10.0,8.0,2.0,1.0,0.8,0.0,0.0,0.3,248,7.0,0.2,0.8,1.0,H,5.0
2024-08-31,2024-25,Apertura,6,False,Guadalajara,FC Juárez,5.0,0.0,4.0,0.0,footballcsv,2025,1591.8536473155068,1385.670743828731,206.18290348677579,3,2,0,8.0,4.0,5,6,3,1,17.0,9.0,10,2.0,7.0,5.0,1.0,4.0,1.6666666666666667,0.3333333333333333,2.0,8.0,7.0,5.0,2.0,1.4,1.0,4.0,16.0,9.0,6.0,3.0,0.9,0.6,0.6666666666666666,0.6,0.7,226,7.0,0.6,1.0,0.0,0.0,0.0,2.0,7.0,-5.0,0.6666666666666666,2.3333333333333335,0.0,1.0,6.0,12.0,-6.0,1.2,2.4,3.0,11.0,14.0,17.0,-3.0,1.4,1.7,0.0,0.0,0.1,170,7.0,0.4,1.4,1.8,H,5.0
2024-08-31,2024-25,Apertura,6,False,Monterrey,Toluca,1.0,2.0,0.0,1.0,footballcsv,2026,1624.4964426549254,1595.2275471549715,29.268895499953942,1,3,1,5.0,5.0,5,5,3,2,14.0,9.0,10,2.0,7.0,6.0,4.0,2.0,2.0,1.3333333333333333,3.0,10.0,7.0,8.0,-1.0,1.4,1.6,6.0,20.0,13.0,12.0,1.0,1.3,1.2,0.0,0.2,0.2,239,8.0,0.2,1.2,2.0,2.0,7.0,6.0,2.0,4.0,2.0,0.6666666666666666,3.0,11.0,9.0,4.0,5.0,1.8,0.8,4.0,15.0,15.0,12.0,3.0,1.5,1.2,0.3333333333333333,0.4,0.3,221,6.0,0.2,1.4,1.6,A,3.0
2024-08-31,2024-25,Apertura,6,False,Pachuca,Querétaro,1.0,1.0,0.0,1.0,footballcsv,2027,1558.2002706923363,1427.5649622869264,130.6353084054099,2,2,1,7.0,5.0,5,4,3,3,13.0,11.0,10,1.0,3.0,2.0,5.0,-3.0,0.6666666666666666,1.6666666666666667,1.0,4.0,2.0,6.0,-4.0,0.4,1.2,2.0,11.0,7.0,10.0,-3.0,0.7,1.0,0.3333333333333333,0.4,0.3,230,8.0,0.4,1.0,0.6,0.0,0.0,1.0,8.0,-7.0,0.3333333333333333,2.6666666666666665,0.0,0.0,2.0,13.0,-11.0,0.4,2.6,0.0,2.0,5.0,21.0,-16.0,0.5,2.1,0.0,0.0,0.0,209,8.0,0.0,0.6,2.4,D,2.0
2024-09-01,2024-25,Apertura,6,False,Pumas UNAM,Tigres UANL,1.0,3.0,1.0,2.0,footballcsv,2029,1551.6432903788605,1627.0376339942445,-75.39434361538406,1,2,2,7.0,9.0,5,1,6,3,10.0,13.0,10,2.0,6.0,5.0,3.0,2.0,1.6666666666666667,1.0,3.0,10.0,10.0,5.0,5.0,2.0,1.0,4.0,16.0,15.0,11.0,4.0,1.5,1.1,0.3333333333333333,0.2,0.2,226,8.0,0.8,1.8,0.8,2.0,7.0,5.0,1.0,4.0,1.6666666666666667,0.3333333333333333,3.0,11.0,7.0,2.0,5.0,1.4,0.4,5.0,19.0,21.0,11.0,10.0,2.1,1.1,0.6666666666666666,0.6,0.3,243,8.0,0.4,2.2,1.4,A,4.0
2024-09-01,2024-25,Apertura,6,False,Santos Laguna,Necaxa,3.0,2.0,0.0,1.0,footballcsv,2028,1424.3400057028173,1475.940186026386,-51.60018032356879,1,1,3,6.0,12.0,5,4,1,5,15.0,19.0,10,0.0,1.0,2.0,7.0,-5.0,0.6666666666666666,2.3333333333333335,0.0,2.0,3.0,9.0,-6.0,0.6,1.8,0.0,3.0,4.0,18.0,-14.0,0.4,1.8,0.0,0.0,0.0,226,8.0,0.0,0.4,2.0,1.0,4.0,4.0,2.0,2.0,1.3333333333333333,0.6666666666666666,2.0,7.0,8.0,4.0,4.0,1.6,0.8,3.0,11.0,16.0,17.0,-1.0,1.6,1.7,0.3333333333333333,0.2,0.2,214,8.0,0.2,1.4,2.2,H,5.0
2024-09-13,2024-25,Apertura,7,False,Puebla,Querétaro,2.0,1.0,1.0,0.0,footballcsv,2030,1398.763923736654,1432.9798327592591,-34.21590902260505,2,2,1,6.0,4.0,5,3,5,2,12.0,10.0,10,1.0,4.0,3.0,3.0,0.0,1.0,1.0,1.0,5.0,6.0,7.0,-1.0,1.2,1.4,2.0,8.0,10.0,17.0,-7.0,1.0,1.7,0.3333333333333333,0.2,0.2,224,14.0,0.2,1.2,1.6,0.0,1.0,1.0,7.0,-6.0,0.3333333333333333,2.3333333333333335,0.0,1.0,2.0,11.0,-9.0,0.4,2.2,0.0,3.0,6.0,20.0,-14.0,0.6,2.0,0.0,0.0,0.0,210,13.0,0.0,0.8,2.2,H,3.0
2024-09-13,2024-25,Apertura,7,False,Tigres UANL,Atlético San Luis,1.0,0.0,0.0,0.0,footballcsv,2031,1638.169381985347,1481.6405620037167,156.52881998163025,3,2,0,9.0,4.0,5,5,5,0,18.0,7.0,10,2.0,7.0,7.0,2.0,5.0,2.3333333333333335,0.6666666666666666,3.0,11.0,9.0,3.0,6.0,1.8,0.6,6.0,21.0,21.0,9.0,12.0,2.1,0.9,0.3333333333333333,0.4,0.3,244,12.0,0.6,1.6,0.8,2.0,6.0,7.0,3.0,4.0,2.3333333333333335,1.0,2.0,7.0,8.0,6.0,2.0,1.6,1.2,4.0,14.0,17.0,16.0,1.0,1.7,1.6,0.3333333333333333,0.2,0.2,183,14.0,0.2,1.4,1.6,H,1.0
2024-09-13,2024-25,Apertura,7,False,Necaxa,Pumas UNAM,2.0,0.0,0.0,0.0,footballcsv,2032,1469.6551761066644,1540.511542387758,-70.85636628109364,3,1,1,9.0,5.0,5,5,2,3,15.0,10.0,10,1.0,4.0,6.0,4.0,2.0,2.0,1.3333333333333333,2.0,7.0,10.0,6.0,4.0,2.0,1.2,2.0,8.0,16.0,20.0,-4.0,1.6,2.0,0.3333333333333333,0.2,0.1,215,12.0,0.4,2.0,1.6,1.0,3.0,4.0,5.0,-1.0,1.3333333333333333,1.6666666666666667,2.0,7.0,7.0,7.0,0.0,1.4,1.4,3.0,13.0,14.0,13.0,1.0,1.4,1.3,0.3333333333333333,0.2,0.2,227,12.0,0.2,1.2,1.2,H,2.0
2024-09-13,2024-25,Apertura,7,False,FC Juárez,Mazatlán FC,1.0,0.0,0.0,0.0,footballcsv,2033,1380.5507954777406,1428.5543679892812,-48.0035725115406,3,1,1,9.0,6.0,5,4,1,3,13.0,12.0,8,0.0,0.0,1.0,10.0,-9.0,0.3333333333333333,3.3333333333333335,0.0,0.0,4.0,15.0,-11.0,0.8,3.0,2.0,8.0,12.0,21.0,-9.0,1.2,2.1,0.0,0.0,0.1,171,13.0,0.0,1.0,1.6,1.0,4.0,4.0,3.0,1.0,1.3333333333333333,1.0,1.0,5.0,6.0,8.0,-2.0,1.2,1.6,2.0,9.0,9.0,16.0,-7.0,0.9,1.6,0.3333333333333333,0.2,0.2,144,14.0,0.2,0.6,1.4,H,1.0
2024-09-13,2024-25,Apertura,7,False,Atlas,Pachuca,2.0,0.0,2.0,0.0,footballcsv,2034,1466.3488464112038,1552.7854002200036,-86.43655380879977,1,0,4,9.0,12.0,5,4,0,6,13.0,14.0,10,2.0,6.0,5.0,4.0,1.0,1.6666666666666667,1.3333333333333333,3.0,10.0,7.0,5.0,2.0,1.4,1.0,4.0,15.0,14.0,15.0,-1.0,1.4,1.5,0.0,0.2,0.1,220,14.0,0.6,1.2,0.8,0.0,1.0,1.0,6.0,-5.0,0.3333333333333333,2.0,1.0,5.0,3.0,6.0,-3.0,0.6,1.2,2.0,11.0,7.0,10.0,-3.0,0.7,1.0,0.0,0.4,0.3,231,13.0,0.2,0.6,1.2,H,2.0
2024-09-14,2024-25,Apertura,7,False,Toluca,Tijuana,4.0,0.0,1.0,0.0,footballcsv,2035,1604.269835226579,1463.7131635735993,140.55667165297973,2,1,2,10.0,8.0,5,5,2,3,19.0,12.0,10,2.0,7.0,5.0,3.0,2.0,1.6666666666666667,1.0,4.0,13.0,11.0,5.0,6.0,2.2,1.0,5.0,18.0,16.0,8.0,8.0,1.6,0.8,0.0,0.2,0.3,222,14.0,0.6,1.6,0.8,2.0,7.0,7.0,4.0,3.0,2.3333333333333335,1.3333333333333333,2.0,8.0,8.0,8.0,0.0,1.6,1.6,6.0,20.0,19.0,16.0,3.0,1.9,1.6,0.0,0.0,0.1,207,15.0,0.4,1.0,1.8,H,4.0
2024-09-14,2024-25,Apertura,7,False,Santos Laguna,Monterrey,0.0,2.0,0.0,1.0,footballcsv,2036,1430.625015622539,1615.4541545833179,-184.8291389607789,1,1,3,2.0,8.0,5,3,2,5,10.0,16.0,10,1.0,4.0,5.0,6.0,-1.0,1.6666666666666667,2.0,1.0,4.0,5.0,10.0,-5.0,1.0,2.0,1.0,5.0,6.0,19.0,-13.0,0.6,1.9,0.0,0.0,0.0,227,13.0,0.2,0.8,2.2,1.0,4.0,5.0,5.0,0.0,1.6666666666666667,1.6666666666666667,3.0,10.0,8.0,6.0,2.0,1.6,1.2,5.0,17.0,12.0,13.0,-1.0,1.2,1.3,0.0,0.2,0.2,240,14.0,0.8,1.6,0.8,A,2.0
2024-09-14,2024-25,Apertura,7,False,León,Cruz Azul,1.0,2.0,1.0,1.0,footballcsv,2037,1497.6318142164598,1600.2869446684333,-102.65513045197349,0,1,4,3.0,7.0,5,1,1,8,4.0,12.0,10,0.0,2.0,3.0,4.0,-1.0,1.0,1.3333333333333333,0.0,4.0,5.0,6.0,-1.0,1.0,1.2,1.0,8.0,9.0,14.0,-5.0,0.9,1.4,0.0,0.2,0.2,231,15.0,0.2,0.8,0.8,2.0,7.0,7.0,2.0,5.0,2.3333333333333335,0.6666666666666666,4.0,13.0,14.0,2.0,12.0,2.8,0.4,6.0,20.0,18.0,6.0,12.0,1.8,0.6,0.3333333333333333,0.6,0.5,236,14.0,0.8,1.8,0.2,A,3.0
2024-09-14,2024-25,Apertura,7,False,América,Guadalajara,1.0,0.0,1.0,0.0,footballcsv,2038,1657.9378631513916,1596.9735956664972,60.964267484894435,2,2,1,6.0,3.0,5,5,4,1,13.0,6.0,10,1.0,3.0,3.0,6.0,-3.0,1.0,2.0,2.0,6.0,6.0,8.0,-2.0,1.2,1.6,4.0,14.0,10.0,11.0,-1.0,1.0,1.1,0.0,0.0,0.3,249,14.0,0.6,1.2,0.6,2.0,7.0,8.0,1.0,7.0,2.6666666666666665,0.3333333333333333,3.0,10.0,12.0,5.0,7.0,2.4,1.0,4.0,16.0,13.0,6.0,7.0,1.3,0.6,0.6666666666666666,0.6,0.7,227,14.0,0.2,1.0,1.2,H,1.0
2024-09-17,2024-25,Apertura,8,False,Querétaro,Tigres UANL,1.0,0.0,1.0,0.0,footballcsv,2043,1427.0793155938136,1640.722703994834,-213.6433884010205,0,2,3,2.0,9.0,5,0,3,7,3.0,20.0,10,0.0,1.0,2.0,5.0,-3.0,0.6666666666666666,1.6666666666666667,0.0,1.0,3.0,11.0,-8.0,0.6,2.2,0.0,3.0,7.0,20.0,-13.0,0.7,2.0,0.0,0.0,0.0,211,4.0,0.0,0.4,1.8,2.0,7.0,5.0,2.0,3.0,1.6666666666666667,0.6666666666666666,4.0,13.0,9.0,2.0,7.0,1.8,0.4,6.0,21.0,17.0,7.0,10.0,1.7,0.7,0.3333333333333333,0.6,0.4,245,4.0,0.4,2.2,1.2,H,1.0
2024-09-17,2024-25,Apertura,8,False,Atlético San Luis,Cruz Azul,3.0,1.0,2.0,1.0,footballcsv,2039,1479.0872399942295,1606.7010266784853,-127.61378668425573,1,1,3,2.0,6.0,5,2,2,6,8.0,16.0,10,1.0,3.0,3.0,4.0,-1.0,1.0,1.3333333333333333,2.0,7.0,8.0,5.0,3.0,1.6,1.0,4.0,14.0,16.0,15.0,1.0,1.6,1.5,0.0,0.2,0.2,184,4.0,0.6,2.0,1.6,3.0,9.0,8.0,2.0,6.0,2.6666666666666665,0.6666666666666666,4.0,13.0,12.0,3.0,9.0,2.4,0.6,6.0,20.0,19.0,7.0,12.0,1.9,0.7,0.3333333333333333,0.4,0.4,237,3.0,0.8,1.8,0.4,H,4.0
2024-09-17,2024-25,Apertura,8,False,Pachuca,Toluca,2.0,2.0,0.0,1.0,footballcsv,2040,1541.59577289848,1610.6862485978384,-69.09047569935842,2,0,3,11.0,12.0,5,5,1,4,21.0,15.0,10,0.0,1.0,1.0,6.0,-5.0,0.3333333333333333,2.0,1.0,4.0,3.0,8.0,-5.0,0.6,1.6,2.0,10.0,7.0,12.0,-5.0,0.7,1.2,0.0,0.2,0.2,232,4.0,0.4,1.2,0.8,3.0,9.0,8.0,2.0,6.0,2.6666666666666665,0.6666666666666666,4.0,13.0,12.0,3.0,9.0,2.4,0.6,5.0,18.0,15.0,7.0,8.0,1.5,0.7,0.3333333333333333,0.4,0.4,223,3.0,0.4,1.6,0.8,D,4.0
2024-09-17,2024-25,Apertura,8,False,América,Atlas,3.0,0.0,1.0,0.0,footballcsv,2041,1661.9450724707815,1477.5384737327274,184.40659873805407,1,3,1,8.0,6.0,5,5,3,2,14.0,10.0,10,1.0,3.0,2.0,5.0,-3.0,0.6666666666666666,1.6666666666666667,2.0,6.0,4.0,7.0,-3.0,0.8,1.4,5.0,16.0,11.0,11.0,0.0,1.1,1.1,0.3333333333333333,0.2,0.3,250,3.0,0.8,1.2,0.4,2.0,6.0,5.0,3.0,2.0,1.6666666666666667,1.0,4.0,12.0,8.0,4.0,4.0,1.6,0.8,5.0,18.0,15.0,11.0,4.0,1.5,1.1,0.3333333333333333,0.4,0.2,221,4.0,0.2,1.6,2.2,H,3.0
2024-09-17,2024-25,Apertura,8,False,Pumas UNAM,Puebla,1.0,0.0,0.0,0.0,footballcsv,2042,1529.8587550692048,1404.6644409020996,125.19431416710518,2,1,2,10.0,8.0,5,4,3,3,17.0,11.0,10,0.0,0.0,2.0,7.0,-5.0,0.6666666666666666,2.3333333333333335,2.0,6.0,6.0,8.0,-2.0,1.2,1.6,3.0,12.0,13.0,14.0,-1.0,1.3,1.4,0.0,0.2,0.2,228,4.0,0.6,1.8,1.4,2.0,7.0,4.0,2.0,2.0,1.3333333333333333,0.6666666666666666,2.0,7.0,6.0,6.0,0.0,1.2,1.2,3.0,11.0,12.0,17.0,-5.0,1.2,1.7,0.3333333333333333,0.2,0.2,225,4.0,0.2,1.2,2.2,H,1.0
2024-09-18,2024-25,Apertura,8,False,Guadalajara,León,2.0,0.0,1.0,0.0,footballcsv,2046,1592.9663863471073,1491.2177322064078,101.7486541406995,2,1,2,6.0,5.0,5,3,3,4,10.0,11.0,10,1.0,4.0,6.0,2.0,4.0,2.0,0.6666666666666666,3.0,10.0,10.0,2.0,8.0,2.0,0.4,3.0,13.0,12.0,7.0,5.0,1.2,0.7,0.3333333333333333,0.6,0.6,228,4.0,0.6,1.6,0.0,0.0,1.0,3.0,5.0,-2.0,1.0,1.6666666666666667,0.0,3.0,6.0,8.0,-2.0,1.2,1.6,1.0,8.0,10.0,14.0,-4.0,1.0,1.4,0.0,0.0,0.2,232,4.0,0.0,1.0,2.0,H,2.0
2024-09-18,2024-25,Apertura,8,False,Mazatlán FC,Necaxa,0.0,0.0,0.0,0.0,footballcsv,2044,1422.3496784913443,1480.3079634252176,-57.9582849338733,1,2,2,4.0,8.0,5,2,2,4,8.0,13.0,8,1.0,4.0,4.0,2.0,2.0,1.3333333333333333,0.6666666666666666,1.0,4.0,4.0,7.0,-3.0,0.8,1.4,2.0,9.0,9.0,13.0,-4.0,0.9,1.3,0.3333333333333333,0.2,0.2,145,5.0,0.2,1.2,1.8,2.0,6.0,7.0,3.0,4.0,2.3333333333333335,1.0,2.0,7.0,8.0,5.0,3.0,1.6,1.0,3.0,11.0,16.0,15.0,1.0,1.6,1.5,0.6666666666666666,0.4,0.2,216,5.0,0.0,1.2,2.4,D,0.0
2024-09-18,2024-25,Apertura,8,False,Monterrey,FC Juárez,3.0,2.0,1.0,0.0,footballcsv,2045,1622.8692459692863,1386.7554849756775,236.11376099360882,5,0,0,13.0,1.0,5,7,1,2,23.0,8.0,10,1.0,4.0,5.0,4.0,1.0,1.6666666666666667,1.3333333333333333,3.0,10.0,9.0,6.0,3.0,1.8,1.2,6.0,19.0,13.0,12.0,1.0,1.3,1.2,0.3333333333333333,0.2,0.3,241,4.0,0.2,0.8,1.8,1.0,3.0,1.0,8.0,-7.0,0.3333333333333333,2.6666666666666665,1.0,3.0,3.0,12.0,-9.0,0.6,2.4,2.0,8.0,10.0,19.0,-9.0,1.0,1.9,0.3333333333333333,0.2,0.2,172,5.0,0.4,1.4,2.6,H,5.0
2026-07-17,2026-2027,,1,False,Necaxa,Atlante,2.0,1.0,,,thesportsdb,2047,1480.941525227548,1500.0,-19.058474772451973,0,0,0,0.0,0.0,0,0,0,0,0.0,0.0,0,1.0,4.0,4.0,3.0,1.0,1.3333333333333333,1.0,2.0,8.0,8.0,4.0,4.0,1.6,0.8,3.0,12.0,14.0,10.0,4.0,1.4,1.0,0.6666666666666666,0.6,0.3,217,667.0,0.6,2.0,0.6,,,,,,,,,,,,,,,,,,,,,,,,,0,,,,,H,3.0
2026-07-17,2026-2027,,1,False,Tijuana,Tigres UANL,3.0,1.0,,,thesportsdb,2048,1457.29675020234,1631.2491522916805,-173.95240208934047,1,1,3,4.0,8.0,5,1,3,6,8.0,17.0,10,1.0,4.0,4.0,7.0,-3.0,1.3333333333333333,2.3333333333333335,2.0,8.0,8.0,9.0,-1.0,1.6,1.8,5.0,17.0,18.0,20.0,-2.0,1.8,2.0,0.0,0.0,0.0,208,671.0,0.8,2.8,1.4,2.0,6.0,4.0,2.0,2.0,1.3333333333333333,0.6666666666666666,3.0,10.0,8.0,3.0,5.0,1.6,0.6,5.0,18.0,13.0,7.0,6.0,1.3,0.7,0.3333333333333333,0.4,0.4,246,668.0,0.4,1.6,0.8,H,4.0
2026-07-18,2026-2027,,1,False,FC Juárez,Puebla,0.0,1.0,,,thesportsdb,2049,1385.0649297432858,1401.686639316245,-16.621709572959162,1,2,2,7.0,9.0,5,2,2,5,9.0,17.0,9,1.0,3.0,3.0,8.0,-5.0,1.0,2.6666666666666665,1.0,3.0,4.0,13.0,-9.0,0.8,2.6,2.0,8.0,12.0,21.0,-9.0,1.2,2.1,0.3333333333333333,0.2,0.2,173,668.0,0.2,1.2,1.4,1.0,4.0,3.0,3.0,0.0,1.0,1.0,2.0,7.0,5.0,5.0,0.0,1.0,1.0,3.0,11.0,11.0,15.0,-4.0,1.1,1.5,0.0,0.2,0.2,226,669.0,0.2,0.8,1.8,A,1.0
2026-07-18,2026-2027,,1,False,León,Atlas,2.0,3.0,,,thesportsdb,2050,1485.941902964894,1473.104045681296,12.837857283598169,3,2,0,8.0,4.0,5,6,2,2,16.0,11.0,10,0.0,0.0,2.0,6.0,-4.0,0.6666666666666666,2.0,0.0,2.0,4.0,8.0,-4.0,0.8,1.6,1.0,8.0,10.0,15.0,-5.0,1.0,1.5,0.0,0.0,0.2,233,668.0,0.2,1.0,0.8,1.0,3.0,3.0,5.0,-2.0,1.0,1.6666666666666667,3.0,9.0,7.0,7.0,0.0,1.4,1.4,4.0,15.0,13.0,13.0,0.0,1.3,1.3,0.3333333333333333,0.2,0.2,222,669.0,0.2,1.4,2.0,A,5.0
2026-07-18,2026-2027,,1,False,Atlético San Luis,Cruz Azul,2.0,3.0,,,thesportsdb,2051,1491.569584451451,1594.2186822212639,-102.6490977698129,1,1,3,4.0,7.0,5,3,2,5,10.0,14.0,10,2.0,6.0,5.0,3.0,2.0,1.6666666666666667,1.0,3.0,9.0,10.0,5.0,5.0,2.0,1.0,5.0,17.0,18.0,11.0,7.0,1.8,1.1,0.0,0.2,0.2,185,669.0,0.8,2.4,0.8,2.0,6.0,7.0,5.0,2.0,2.3333333333333335,1.6666666666666667,3.0,10.0,10.0,6.0,4.0,2.0,1.2,6.0,20.0,19.0,8.0,11.0,1.9,0.8,0.0,0.2,0.4,238,669.0,0.6,1.8,1.0,A,5.0
2026-07-22,2026-2027,,2,False,Toluca,Pumas UNAM,1.0,2.0,,,thesportsdb,2052,1611.0001467903733,1532.8365566550594,78.16359013531383,1,2,2,7.0,11.0,5,3,2,5,13.0,18.0,10,2.0,7.0,8.0,3.0,5.0,2.6666666666666665,1.0,3.0,11.0,11.0,5.0,6.0,2.2,1.0,5.0,19.0,17.0,8.0,9.0,1.7,0.8,0.3333333333333333,0.2,0.4,224,673.0,0.8,2.4,0.6,1.0,3.0,2.0,5.0,-3.0,0.6666666666666666,1.6666666666666667,2.0,6.0,5.0,7.0,-2.0,1.0,1.4,4.0,14.0,14.0,14.0,0.0,1.4,1.4,0.3333333333333333,0.4,0.2,229,673.0,0.2,1.2,1.6,A,3.0
2026-07-22,2026-2027,,2,False,Cruz Azul,Puebla,2.0,1.0,,,thesportsdb,2053,1600.6329002632417,1409.8686912699986,190.76420899324307,2,1,2,8.0,8.0,5,2,5,3,12.0,13.0,10,2.0,6.0,6.0,6.0,0.0,2.0,2.0,4.0,12.0,12.0,7.0,5.0,2.4,1.4,7.0,22.0,21.0,9.0,12.0,2.1,0.9,0.0,0.2,0.4,239,4.0,0.6,2.0,0.6,2.0,6.0,3.0,2.0,1.0,1.0,0.6666666666666666,3.0,10.0,5.0,3.0,2.0,1.0,0.6,4.0,14.0,11.0,13.0,-2.0,1.1,1.3,0.3333333333333333,0.4,0.3,227,4.0,0.4,0.8,1.2,H,3.0
2026-07-25,2026-2027,,2,False,Tijuana,León,1.0,0.0,,,thesportsdb,2056,1471.183347737846,1477.2011385794121,-6.017790841566239,1,3,1,5.0,5.0,5,2,4,4,11.0,12.0,10,2.0,6.0,5.0,6.0,-1.0,1.6666666666666667,2.0,3.0,10.0,10.0,9.0,1.0,2.0,1.8,5.0,17.0,18.0,20.0,-2.0,1.8,2.0,0.0,0.0,0.0,209,8.0,0.8,2.8,1.4,0.0,0.0,3.0,7.0,-4.0,1.0,2.3333333333333335,0.0,1.0,5.0,10.0,-5.0,1.0,2.0,0.0,5.0,10.0,18.0,-8.0,1.0,1.8,0.0,0.0,0.1,234,7.0,0.0,1.0,2.2,H,1.0
2026-07-25,2026-2027,,2,False,Atlante,América,1.0,1.0,,,thesportsdb,2054,1494.4264099205138,1666.379500522213,-171.95309060169916,0,0,0,0.0,0.0,0,0,0,0,0.0,0.0,0,0.0,0.0,1.0,2.0,-1.0,1.0,2.0,0.0,0.0,1.0,2.0,-1.0,1.0,2.0,0.0,0.0,1.0,2.0,-1.0,1.0,2.0,0.0,0.0,0.0,1,8.0,,,,2.0,6.0,5.0,4.0,1.0,1.6666666666666667,1.3333333333333333,3.0,9.0,7.0,6.0,1.0,1.4,1.2,5.0,16.0,13.0,11.0,2.0,1.3,1.1,0.6666666666666666,0.4,0.3,251,676.0,0.2,1.0,1.8,D,2.0
2026-07-25,2026-2027,,2,False,Guadalajara,FC Juárez,1.0,0.0,,,thesportsdb,2055,1598.242215588621,1376.8828777895321,221.35933779908896,3,2,0,10.0,3.0,5,6,3,1,20.0,8.0,10,2.0,6.0,7.0,1.0,6.0,2.3333333333333335,0.3333333333333333,3.0,10.0,10.0,2.0,8.0,2.0,0.4,4.0,15.0,14.0,7.0,7.0,1.4,0.7,0.6666666666666666,0.6,0.6,229,675.0,0.6,1.8,0.0,1.0,3.0,3.0,4.0,-1.0,1.0,1.3333333333333333,1.0,3.0,3.0,12.0,-9.0,0.6,2.4,1.0,5.0,10.0,22.0,-12.0,1.0,2.2,0.3333333333333333,0.2,0.1,174,7.0,0.2,1.2,2.8,H,1.0
2026-08-01,2026-2027,,3,False,Atlético San Luis,Tijuana,0.0,0.0,,,thesportsdb,2058,1485.1553664094731,1476.482554033274,8.67281237619909,0,3,2,5.0,7.0,5,2,5,3,16.0,14.0,10,1.0,3.0,5.0,5.0,0.0,1.6666666666666667,1.6666666666666667,2.0,6.0,8.0,8.0,0.0,1.6,1.6,4.0,14.0,17.0,14.0,3.0,1.7,1.4,0.0,0.0,0.1,186,14.0,0.6,2.4,1.2,2.0,6.0,4.0,5.0,-1.0,1.3333333333333333,1.6666666666666667,3.0,10.0,8.0,8.0,0.0,1.6,1.6,6.0,20.0,18.0,16.0,2.0,1.8,1.6,0.3333333333333333,0.2,0.1,210,7.0,0.2,0.8,2.6,D,0.0
2026-08-01,2026-2027,,3,False,FC Juárez,Pumas UNAM,1.0,5.0,,,thesportsdb,2059,1375.0542166578402,1542.7221504764336,-167.66793381859338,2,0,3,9.0,7.0,5,2,3,5,15.0,15.0,10,0.0,0.0,2.0,5.0,-3.0,0.6666666666666666,1.6666666666666667,1.0,3.0,3.0,10.0,-7.0,0.6,2.0,1.0,4.0,9.0,22.0,-13.0,0.9,2.2,0.0,0.2,0.1,175,7.0,0.2,1.0,1.4,2.0,6.0,3.0,3.0,0.0,1.0,1.0,2.0,6.0,5.0,8.0,-3.0,1.0,1.6,5.0,17.0,16.0,13.0,3.0,1.6,1.3,0.3333333333333333,0.2,0.2,230,10.0,0.4,1.2,1.4,A,6.0
2026-08-01,2026-2027,,3,False,Querétaro,Tigres UANL,3.0,2.0,,,thesportsdb,2057,1436.5528672969672,1617.3625547561746,-180.80968745920745,1,2,2,3.0,8.0,5,1,3,6,3.0,16.0,10,1.0,4.0,3.0,3.0,0.0,1.0,1.0,1.0,4.0,3.0,9.0,-6.0,0.6,1.8,1.0,5.0,7.0,19.0,-12.0,0.7,1.9,0.3333333333333333,0.2,0.1,212,683.0,0.2,0.6,1.4,1.0,3.0,2.0,4.0,-2.0,0.6666666666666666,1.3333333333333333,2.0,7.0,6.0,6.0,0.0,1.2,1.2,5.0,18.0,13.0,8.0,5.0,1.3,0.8,0.3333333333333333,0.2,0.4,247,15.0,0.4,1.6,1.2,H,5.0
2026-08-01,2026-2027,,3,False,Puebla,Guadalajara,1.0,1.0,,,thesportsdb,2060,1407.7228391251413,1600.070876720313,-192.34803759517172,1,1,3,4.0,7.0,5,3,3,4,11.0,14.0,10,1.0,3.0,2.0,3.0,-1.0,0.6666666666666666,1.0,2.0,7.0,5.0,5.0,0.0,1.0,1.0,3.0,11.0,11.0,15.0,-4.0,1.1,1.5,0.3333333333333333,0.2,0.2,228,10.0,0.4,1.4,1.4,2.0,6.0,3.0,1.0,2.0,1.0,0.3333333333333333,3.0,10.0,9.0,2.0,7.0,1.8,0.4,5.0,17.0,15.0,7.0,8.0,1.5,0.7,0.6666666666666666,0.6,0.6,230,7.0,0.2,1.0,1.4,D,2.0
2026-08-02,2026-2027,,3,False,Atlas,Monterrey,0.0,2.0,,,thesportsdb,2061,1481.8448100667779,1624.559801201678,-142.71499113490017,0,1,4,1.0,7.0,5,1,4,5,5.0,12.0,10,2.0,6.0,5.0,5.0,0.0,1.6666666666666667,1.6666666666666667,3.0,9.0,8.0,8.0,0.0,1.6,1.6,5.0,17.0,14.0,13.0,1.0,1.4,1.3,0.3333333333333333,0.2,0.2,223,15.0,0.6,1.2,0.6,2.0,6.0,6.0,4.0,2.0,2.0,1.3333333333333333,3.0,10.0,10.0,7.0,3.0,2.0,1.4,7.0,22.0,16.0,13.0,3.0,1.6,1.3,0.3333333333333333,0.2,0.3,242,683.0,0.8,1.6,0.6,A,2.0
2026-08-03,2026-2027,,3,False,Toluca,Necaxa,3.0,1.0,,,thesportsdb,2062,1601.114552968999,1486.5151153070342,114.59943766196488,3,2,0,10.0,4.0,5,4,4,2,18.0,12.0,10,1.0,4.0,7.0,4.0,3.0,2.3333333333333335,1.3333333333333333,3.0,10.0,11.0,6.0,5.0,2.2,1.2,5.0,19.0,18.0,9.0,9.0,1.8,0.9,0.3333333333333333,0.2,0.4,225,12.0,0.8,2.6,1.0,2.0,7.0,4.0,1.0,3.0,1.3333333333333333,0.3333333333333333,3.0,10.0,9.0,4.0,5.0,1.8,0.8,4.0,14.0,15.0,10.0,5.0,1.5,1.0,0.6666666666666666,0.6,0.3,218,17.0,0.0,0.8,1.4,H,4.0
